#vocacurve-langpack	en	ko	term	meanings	ipa	pos	example
it	기술정보 | 술래	/ˈɪt/	명사	
be	있다 | 이다 | 야	/ˈbi/	동사	I may be an hour
in	화학제품 | 에 | 타다	/ˈɪn/	부사	Took the in bus
me	나 | 나를 | 나에게	/ˈmi/	명사	
he	그 | 그사람	/ˈhi/	명사	
on	위에 | 통하여 | 진행하여	/ˈɑn/	부사	Left the oven on
have	당하다 | 유산자 | 취하다	/ˈhæv/	동사	Have an assistant
do	하다 | 이러다 | 소용되다	/ˈdu/	동사	Do my room in blue
wa		/ˈwɑ/	명사	
no	아니 | 아니요 | 아니야	/ˈnoʊ/	형용사	No, you are wrong
not	아니 | 나트 | 역논리	/ˈnɑt/	부사	She is not going
are	아르	/ˈɑɹ/	명사	
don	능수꾼 | 명사	/ˈdɑn/	명사	
know	알다 | 숙지 | 빈틈이 없다	/ˈnoʊ/	동사	I know it's time
can	통조림 | 양철통 | 한깡통	/ˈkæn/	명사	
but	하지만 | 다만뿐	/ˈbət/	부사	Hopes that last but a moment
all	전부 | 다 | 온	/ˈɔɫ/	형용사	Ate all the food
so	하였다 | 할 만큼 | 그와 같이	/ˈsoʊ/	부사	He did so do it!
just	마침 | 만 | 에누리없는	/ˈdʒəst/	부사	A kind and just man
there	거기 | 저기 | 그곳에	/ˈðɛɹ/	부사	Go there around noon!
here	여기 | 이곳 | 세상	/ˈhiɹ/	부사	Is everyone here?
like	같이 | 똑같이 | 대로	/ˈɫaɪk/	동사	I like my nephews
get	얻다 | 타다 | 그럭저럭하다	/ˈɡɛt/	동사	We'll get them!
go	가다 | 가기 | 기력	/ˈɡoʊ/	동사	Ready, set, go!
right	바로 | 예 | 우파	/ˈɹaɪt/	명사	Do right by him
out	나가 | 훨씬 | 꺼져	/ˈaʊt/	형용사	The fire is out
about	주위에 | 경에 | 여기저기에	/əˈbaʊt/	부사	In just about a minute
up	올라간 | 고저 | 상하	/ˈəp/	부사	The anchor is up
at	하여 | 에접하여 | 으로	/ˈæt/	명사	
now	지금 | 이제 | 현재	/ˈnaʊ/	부사	Told me just now
oh	어 | 오 | 아! 앗!	/ˈoʊ/	명사	
one	하나 | 일 | 일이	/ˈwən/	형용사	He is the best one
come	오다 | 되면 | 오면	/ˈkəm/	동사	Come down here!
well	잘 | 자 | 어머	/ˈwɛɫ/	부사	She dances well
yeah	정말이냐?	/ˈjæ/	부사	
will	의지 | 의욕 | 일 것이다	/ˈwɪɫ/	명사	God wills our existence
want	싶다 | 없어 | 원하다	/ˈwɑnt/	동사	I want my own room
think	생각하다 | 여기다 | 라고 여기다	/ˈθɪŋk/	동사	Think good thoughts
as	로서 | 처럼 | 하면서	/ˈæz/	부사	Sang as sweetly as a nightingale
see	보다 | 뵈다 | 보이다	/ˈsi/	동사	See whether it works
good	양호 | 선량한 | 훌륭한	/ˈɡʊd/	형용사	A good mechanic
who	누구	/ˈhu/	명사	
why	왜 | 어마 | 어	/ˈhwaɪ/	명사	
let	그만두다 | 날리다 | 흘리다	/ˈɫɛt/	동사	This let me in for a big surprise
yes	네 | 예 | 얘	/ˈjɛs/	명사	I was hoping for a yes
going	진행중의 | 가기	/ˈɡoʊɪn/	명사	A going concern
time	시간 | 시 | 시절	/ˈtaɪm/	명사	It is time to go
an		/ˈæn/	명사	
okay		/ˌoʊˈkeɪ/	형용사	Things are okay
back	도로 | 뒤쪽으로 | 뒤로	/ˈbæk/	부사	The wind backed
look	인상 | 표정 | 한눈	/ˈɫʊk/	동사	A look of triumph
us		/ˈəs/	명사	
take	쓰다 | 되다 | 걸리다	/ˈteɪk/	동사	Take the plunge
then	그제서야 | 그당시 | 그위에	/ˈðɛn/	부사	I was young then
or	전화기 | 또는 | 제안	/ˈɔɹ/	명사	
tell	고하다 | 이르다 | 고자질하다	/ˈtɛɫ/	동사	Tell what happened
really	정말 | 정말로 | 사실	/ˈɹiɫi/	부사	A really enjoyable evening
man	어른 | 남 | 인간	/ˈmæn/	명사	We cannot man all the desks
some	어느 | 약간 | 잠시	/ˈsəm/	형용사	She is some skier
say	결정권 | 발언하다 | 그렇다	/ˈseɪ/	동사	The clock says noon
by	의해 | 관해서는 | 까지에는	/ˈbaɪ/	부사	Put something by for her old age
need	필요하다 | 필요 | 군핍	/ˈnid/	동사	Always needing friends and money
ha	어머! | 하아! | 하하!	/ˈhɑ/	명사	
too	또한 | 대변 | 는 커녕	/ˈtu/	부사	He has a Mercedes, too
more	더 | 그이외의 | 더큰	/ˈmɔɹ/	부사	More interesting
way	방법 | 도로 | 수	/ˈweɪ/	명사	If I had my way
down	밑으로 | 가라앉아 | 배내털	/ˈdaʊn/	부사	Prices are down
make	만들다 | 시키다 | 피우다	/ˈmeɪk/	동사	Make revolution
very	매우 | 얼마나 | 참말로	/ˈvɛɹi/	부사	On this very spot
never	결코 않다	/ˈnɛvɝ/	부사	Never on Sunday
only	오직 | 불과 | 다만	/ˈoʊnɫi/	부사	He was only a child
people	인사 | 인민 | 민족	/ˈpipəɫ/	명사	The Spanish people
over	하여 | 그 밖에 | 끝에서 끝까지	/ˈoʊvɝ/	부사	She ached all over
little	조금 | 좀 | 약간	/ˈɫɪtəɫ/	형용사	A nice little job
please	제발 | 부디 | 마음에 들다	/ˈpɫiz/	동사	Please pay attention
love	사랑 | 사랑하다 | 연애	/ˈɫəv/	동사	I love French food
mean	의미하다 | 야하다 | 얄밉다	/ˈmin/	동사	Taking a mean advantage
said	전기하다	/ˈsɛd/	형용사	I said to him to go home
sorry	미안한 | 딱한 | 가엾은	/ˈsɑɹi/	형용사	A sorry state of affairs
give	주다 | 자선하다 | 탄력성	/ˈɡɪv/	동사	Give one's name
off	나가서 | 떨어져서 | 우전방	/ˈɔf/	부사	The oven is off
am		/ˈæm/	명사	
thank	고맙다 | 감사하다 | 아니오	/ˈθæŋk/	동사	
any	아무것도 | 누구든 | 얼마든지	/ˈɛni/	부사	Beyond any doubt
two	이 | 일이 | 삼삼오오	/ˈtu/	형용사	He received two messages
even	심지어 | 규칙적인 | 수평의	/ˈivɪn/	부사	Even out the surface
much	많다 | 다액의	/ˈmətʃ/	부사	I don't drink much
sure		/ˈʃʊɹ/	형용사	Sure he'll come
thing	물건 | 무생물 | 바	/ˈθɪŋ/	명사	Things of the heart
help	도움 | 도와주다 | 협조	/ˈhɛɫp/	동사	There's no help for it
first	먼저 | 처음 | 첫째	/ˈfɝst/	형용사	The first verse
still	아직 | 여전히 | 조용하다	/ˈstɪɫ/	부사	Still the fears
find	공급하 | 쓰이게하다	/ˈfaɪnd/	동사	Find someone guilty
life	인생 | 생명 | 목숨	/ˈɫaɪf/	명사	Pottery was his life
nothing	무가치의 | 무 | 아무일도 아님	/ˈnəθɪŋ/	명사	He looks nothing like his father
sir	아저씨 | 각위 | 나리	/ˈsɝ/	명사	
day	하루 | 날 | 주간	/ˈdeɪ/	명사	Those were the days
god	하느님 | 하나님 | 신	/ˈɡɑd/	명사	Money was his god
work	작업 | 일 | 일하다	/ˈwɝk/	동사	Work the phones
again	다시 | 대답하여 | 또	/əˈɡeɪn/	부사	She tried again
maybe		/ˈmeɪbi/	부사	
must	새 포도주 | 운나쁘게 했다 | 임에 틀림없다	/ˈməst/	명사	A book that is must reading
before	전 | 앞 | 앞서	/ˌbiˈfɔɹ/	부사	As I said before
other	일전에 | 딴 | 여느	/ˈəðɝ/	형용사	The other evening
wait	기다리다 | 섬기다 | 에게 시중들다	/ˈweɪt/	동사	He is waiting to be drafted
stop	멈추다 | 정류장 | 정지	/ˈstɑp/	동사	Stop the project
call	부르다 | 들름 | 모집하다	/ˈkɔɫ/	동사	The call of duty
after	후 | 하고나서 | 하였으므로	/ˈæftɝ/	부사	Two hours after that
won		/ˈwɑn/	명사	Our home team won
talk	이야기 | 이야기하다 | 회화	/ˈtɔk/	동사	We often talk business
away	없어져 | 부재하여 | 점점 소멸하여	/əˈweɪ/	부사	Put the toys away
thought	생각 | 사고 | 염두	/ˈθɔt/	명사	Darwinian thought
home	집으로 | 결승점 | 유도되다	/ˈhoʊm/	명사	I'll take her home
night	밤 | 노령 | 맹목	/ˈnaɪt/	명사	I had a restless night
put	넣다 | 놓다 | 전진하다	/ˈpʊt/	동사	Put your things here
great	대단한 | 근사한 | 잘 하는	/ˈɡɹeɪt/	형용사	A great old oak
last	마지막 | 마지막으로 | 나중	/ˈɫæs/	형용사	Had the last word
better	선배-더좋게더욱 | 오히려-개선하다 | 손윗 사람	/ˈbɛtɝ/	형용사	A better type of car
new	새 | 근세의 | 새로워진	/ˈnju/	형용사	New experiences
things	세월 | 사물	/ˈθɪŋz/	명사	Things of the heart
always	항상 | 언제나 | 늘	/ˈɔɫˌweɪz/	부사	Always arrives on time
keep	있다 | 보양 | 아성	/ˈkip/	동사	Keep on working!
long	오래 | 이상 | 사모하다	/ˈɫɔŋ/	형용사	A long distance
years		/ˈjɪɹz/	명사	In his final years
leave	작별 | 허가 | 남기다	/ˈɫiv/	동사	He took his leave
doe		/ˈdoʊ/	명사	
money	돈 | 부귀 | 금전	/ˈməni/	명사	All his money is in real estate
around	둘레에 | 흩다	/ɝˈaʊn/	부사	She sleeps around
name	이름 | 명의 | 인명	/ˈneɪm/	명사	Name your accomplices!
place	장소 | 곳 | 놓다	/ˈpɫeɪs/	명사	Grosvenor Place
ever	일찌기	/ˈɛvɝ/	부사	Did you ever smoke?
feel	느껴지다 | 느끼다 | 느낌	/ˈfiɫ/	동사	The sheets feel soft
guy	버팀밧줄	/ˈɡaɪ/	명사	The guy's only doing it for some doll
father	아버지 | 아버님 | 부친	/ˈfɑðɝ/	명사	His father was born in Atlanta
made	성공자 | 그러모은 | 모듬 요리	/ˈmeɪd/	형용사	Harry made Sally
old	그리운 | 옛 | 헌	/ˈoʊɫd/	형용사	Old friendships
isn			명사	
big	잔난체하는 | 뽐내는-뽐내며 | 공해	/ˈbɪɡ/	형용사	Was a big tipper
lot	많이 | 제비 | 일생일대	/ˈɫɑt/	명사	Has a happy lot
done		/ˈdən/	형용사	It's a done deed
hello	안녕 | 안녕하세요	/həˈɫoʊ/	명사	Every morning they exchanged polite hellos
nice	니스 | 청천백일 | 기분좋은	/ˈnaɪs/	형용사	A nice bit of craft
believe	믿다 | 신앙하다 | 신용하다	/bɪˈɫiv/	동사	I believed his report
girl	숫처녀 | 여 | 계집아이	/ˈɡɝɫ/	명사	The baby was a girl
someone		/ˈsəmˌwən/	명사	
fine	벌금 | 과태료 | 섬세한	/ˈfaɪn/	형용사	A fine gentleman
thanks	감사 | 사례	/ˈθæŋks/	명사	Thanks to hard work it was a great success
wanted		/ˈwɔntɪd/	형용사	A wanted poster
kind	거의 | 종류 | 일종	/ˈkaɪnd/	명사	Kind to sick patients
coming	당도	/ˈkəmɪŋ/	명사	This coming Thursday
house	주택 | 집 | 사옥	/ˈhaʊs/	명사	The House of York
every	각마다 | 전 | 어느이나 다	/ˈɛvɝi/	형용사	Every two hours
ok	틀림없어 | 승인필	/ˈoʊˈkeɪ/	명사	
through	끝난 | 동안 | 통해서	/ˈθɹu/	부사	Through traffic
being	생존 | 현재 분사-존재	/ˈbiɪŋ/	명사	A point of view gradually coming into being
course	코스 | 몰게하다 | 진로	/ˈkɔɹs/	명사	A course of bricks
stay	체제하다 | 막아내다 | 버팀줄	/ˈsteɪ/	동사	Stay with me, please
left	좌 | 좌의 | 왼쪽에	/ˈɫɛft/	형용사	Left center field
dad	아빠	/ˈdæd/	명사	
enough	충분히 | 족한 | 충분한	/iˈnəf/	부사	Have I eaten enough?
happen	생기다	/ˈhæpən/	동사	What is happening?
may	오월 | 할수 있다 | 하기 위하여	/ˈmeɪ/	명사	
mother	어머님 | 수녀원장 | 어머니로서 돌보다	/ˈməðɝ/	명사	The mother of three children
wrong	잘못 | 뒤집어서 | 틀려서	/ˈɹɔŋ/	형용사	Cheating is wrong
world	세계 | 세상 | 저승	/ˈwɝɫd/	명사	The Western world
bad	악운 | 심한 | 나쁘게 된	/ˈbæd/	형용사	A bad little boy
might	권불십년 | 위력	/ˈmaɪt/	명사	
three	삼 | 세 | 셋	/ˈθɹi/	형용사	
today	오늘 | 오늘따라 | 이날	/təˈdeɪ/	명사	The world of today
listen	경청하다 | 도청하다 | 따르다	/ˈɫɪsən/	동사	Listen to your father
another		/əˈnəðɝ/	형용사	Put it off to another (or some other) day
understand	이해하다 | 정통하다 | 깨치다	/ˌəndɝˈstænd/	동사	She understands French
hear	방청하다 | 들어주다 | 들리다	/ˈhiɹ/	동사	The jury had heard all the evidence
remember	생각나다 | 기억나다 | 회고하다	/ɹiˈmɛmbɝ/	동사	Remember the Alamo
ask	묻다 | 물어보다 | 사정	/ˈæsk/	동사	She asked him for a loan
own	모조리자백하다 | 자기 자신의 | 혼자 힘으로	/ˈoʊn/	형용사	For your own use
same	마찬가지 | 동 | 동일인	/ˈseɪm/	형용사	The same amount
show	쇼 | 나타내다 | 보이다	/ˈʃoʊ/	동사	A show of impatience
kill	죽이다 | 살생 | 잡은 것	/ˈkɪɫ/	동사	Cigarettes kill
talking	담화	/ˈtɔkɪŋ/	명사	
found	녹이다 | 만들다 | 숙식	/ˈfaʊnd/	동사	The arrow found its mark
next	다음 | 그다음 | 이다음	/ˈnɛks/	형용사	In the next room
getting	섭취	/ˈɡɛtɪŋ/	명사	It must be getting more serious
care	조심 | 상관하다 | 근심하다	/ˈkɛɹ/	동사	Care had aged him
car	자동차 | 차량 | 님수레	/ˈkɑɹ/	명사	The car was on the top floor
looking	보이는	/ˈɫʊkɪŋ/	형용사	He gave it a good looking at
son	아들 | 개자식 | 자제	/ˈsən/	명사	Their son became a famous judge
try	보다 | 시도하다 | 심리하다	/ˈtɹaɪ/	동사	Try the yak butter
woman	여자 | 부인 | 여	/ˈwʊmən/	명사	He was faithful to his woman
hi	야아	/ˈhaɪ/	명사	
dead	쓸모없이된 | 지쳐버린	/ˈdɛd/	형용사	The fire is dead
many	여러 | 많다 | 많은	/ˈmɛni/	형용사	Many directions
mind	정신 | 발달 | 혼신	/ˈmaɪnd/	명사	It came to mind
friend	친구 | 자기편 | 친구가 되다	/ˈfɹɛnd/	명사	We are friends of the family
best	최고 | 최선 | 가장좋은	/ˈbɛst/	형용사	The best solution
mom	어머니	/ˈmɑm/	명사	
hell	마굴 | 지옥 | 나락	/ˈhɛɫ/	명사	The hell of battle
morning	아침 | 오전 | 주간	/ˈmɔɹnɪŋ/	명사	The morning of the world
trying	지치는	/ˈtɹaɪɪŋ/	형용사	Fell upon trying times
boy	남자 | 소년 | 사내아이	/ˈbɔɪ/	명사	The baby was a boy
together	같이 | 함께 | 동시에	/təˈɡɛðɝ/	부사	She's really together
job	일자리 | 도급으로 | 노릇	/ˈdʒɑb/	명사	He gave it up as a bad job
saw	속단 | 톱 | 톱질하다	/ˈsɔ/	명사	He saw action in Viet Nam
family	가족 | 가구 | 시집	/ˈfæməɫi/	명사	He moved his family to Virginia
real	진짜 | 레알 | 실상의	/ˈɹiɫ/	형용사	The real reason
baby	아기 | 아들 | 애	/ˈbeɪbi/	명사	Stop being a baby!
room	방 | 동거하다 | 실	/ˈɹum/	명사	Room for improvement
already	벌써 | 이미 | 기왕	/ɔˈɹɛdi/	부사	She has already graduated
move	옮기다 | 움직이다 | 활약하다	/ˈmuv/	동사	We must move quickly
most	가장 | 대부분 | 그중	/ˈmoʊs/	부사	Most everyone agrees
live	살다 | 생활하다 | 남다	/ˈɫaɪv/	동사	Live ammunition
miss	미스 | 잃다 | 놓치다	/ˈmɪs/	동사	I missed that remark
actually	사실 | 사실상 | 막상	/ˈækˌtʃuəɫi/	부사	She actually spoke Latin
shit	염병할 | 똥	/ˈʃɪt/	명사	
both	둘다 | 다같이 | 쌍방의	/ˈboʊθ/	형용사	Both girls are pretty
heard		/ˈhɝd/	형용사	The jury had heard all the evidence
once	한번 | 옛날 | 번만	/ˈwəns/	부사	Once I ran into her
ready	거총 | 준비하여 | 준비시키다	/ˈɹɛdi/	형용사	Dinner is ready
head	머리 | 원장 | 결구하다	/ˈhɛd/	명사	A head of steam
used	익숙하여 | 중고 | 하곤 했다	/ˈjuzd/	형용사	Bought a secondhand (or used) car
idea	아이디어 | 이념 | 개념	/aɪˈdiə/	명사	It was not a good idea
hold	갖다 | 안다 | 쥐다	/ˈhoʊɫd/	동사	Hold one's nose
happy	음식인 | 즐거운 | 경사롭다	/ˈhæpi/	형용사	A happy outcome
door	문 | 집안에서 | 문짝	/ˈdɔɹ/	명사	The office next door
such	이런 | 그것만으로 | 따위	/ˈsətʃ/	부사	He is such a baby
fuck	더러워 | 성교하다 | 말썽부리다	/ˈfək/	명사	
brother	동지	/ˈbɹəðɝ/	명사	A Benedictine Brother
also	또한 | 담판	/ˈɔɫsoʊ/	부사	
pretty	예쁘다 | 예쁜 | 아름다운	/ˈpɹɪti/	부사	A pretty kettle of fish
bit	비트 | 소량 | 도막	/ˈbɪt/	명사	He had a bit of good luck
haven	피난처	/ˈheɪvən/	명사	
yet	당장은 | 우선은 | 더한층	/ˈjɛt/	부사	A yet sadder tale
men		/ˈmɛn/	명사	Two men stood sentry duty
whole	전체 | 날조한 | 온	/ˈhoʊɫ/	형용사	A whole new idea
start	시작하다 | 시작되다 | 운전시키다	/ˈstɑɹt/	동사	Who will start?
use	이용 | 사용 | 사용하다	/ˈjus/	동사	I can't use this tool
while	하면서 | 그 동안 | 빈둥 빈둥보내다	/ˈhwaɪɫ/	명사	He was here for a little while
wife	아내 | 주부 | 여편네	/ˈwaɪf/	명사	
days	낮에 | 시일	/ˈdeɪz/	명사	Those were the days
guess	짐작 | 추측 | 짐작하다	/ˈɡɛs/	동사	I guess she is angry at me for standing her up
tomorrow	내일	/təˈmɑˌɹoʊ/	명사	Tomorrow's world
matter	물질	/ˈmætɝ/	명사	Is anything the matter?
meet	만나다 | 모이다 | 뵙다	/ˈmit/	동사	Meet a violent death
bring	데리고오다 | 제기하다 | 초래하다	/ˈbɹɪŋ/	동사	Could you bring the wine?
tonight	오늘밤	/təˈnaɪt/	부사	Drop by tonight
run	통하다 | 달리기 | 달려가다	/ˈɹən/	동사	Run a temperature
hard	격렬히 | 괴로운 | 단단한	/ˈhɑɹd/	형용사	Took a hard look
alone	혼자 | 홀로 | 단	/əˈɫoʊn/	부사	I want to be alone
school	학교 | 수업 | 떼를	/ˈskuɫ/	명사	Stay after school
gone	사랑하여 | 지나간 | 가망 없는	/ˈɡɔn/	형용사	We are gone geese
end	끝내 | 끝 | 말	/ˈɛnd/	명사	The end of town
saying	속담 | 격언	/ˈseɪɪŋ/	명사	
phone	단음	/ˈfoʊn/	명사	
play	놀다 | 놀이 | 플레이	/ˈpɫeɪ/	동사	Play it again, Sam
fucking	상간 | 지독히 | 지독하다	/ˈfəkɪŋ/	명사	What took you so fucking long?
problem	문제 | 과제 | 문제의	/ˈpɹɑbɫəm/	명사	What's the problem?
few	몇 | 소수	/ˈfju/	형용사	A few weeks ago
ago	지금부터 전에	/əˈɡoʊ/	부사	`agone' is an archaic word for `ago'
open	열다 | 열린 | 개	/ˈoʊpən/	동사	Open a business
hope	싶다 | 희망 | 희망하다	/ˈhoʊp/	동사	He was their best hope for a victory
face	얼굴 | 대하다 | 향하다	/ˈfeɪs/	명사	He washed his face
lost	죽인 | 놓친 | 길잃은	/ˈɫɔst/	형용사	Lost in thought
police	검찰 | 공안	/pəˈɫis/	명사	
excuse	핑계 | 보아주다 | 구실	/ɪkˈskjus/	명사	Excuse someone's behavior
turn	순번 | 굼틀대다 | 변하다	/ˈtɝn/	동사	Turn towards me
business	사업 | 볼일 | 장사	/ˈbɪznəs/	명사	Mind your own business
case	문제 | 상자 | 배역	/ˈkeɪs/	명사	That was not the case
true	진정한 | 정확히 | 참다운	/ˈtɹu/	형용사	His aim was true
die	죽다 | 거푸집 | 나사틀	/ˈdaɪ/	동사	Their anger died
heart	마음 | 심장 | 맘	/ˈhɑɹt/	명사	Hearts were trumps
soon	이번 | 곧 | 조만간	/ˈsun/	부사	The doctor will soon be here
each	제각기의 | 매사 | 씩	/ˈitʃ/	부사	Each person is mortal
worry	걱정 | 염려하다 | 염려	/ˈwɝi/	동사	It's a major worry
later	나중에 | 추후에 | 더 늦은	/ˈɫeɪtɝ/	부사	I'll see you later
year	년도 | 년 | 해	/ˈjɪɹ/	명사	In the year 1920
watch	목도하다 | 감시하다 | 조심하다	/ˈwɑtʃ/	동사	Watch a basketball game
music	음악 | 묘음 | 음악적인 음향	/ˈmjuzɪk/	명사	You have to face the music
hand	손	/ˈhænd/	명사	All hands on deck
probably	아마 | 아마도	/ˈpɹɑbəˌbɫi/	부사	He is probably out of the country
beautiful	곱다 | 아름다운	/ˈbjutəfəɫ/	형용사	A beautiful child
doctor	의사 | 박사 | 의원	/ˈdɑktɝ/	명사	I felt so bad I went to see my doctor
sit	맞다 | 개회하다 | 착석하다	/ˈsɪt/	동사	When does the court of law sit?
eat	먹다 | 잡수시다 | 잡시다	/ˈit/	동사	What's eating you?
thinking	염두 | 정관 | 내성	/ˈθɪŋkɪŋ/	명사	Thinking always made him frown
young	아직이른 | 나이어린쪽의 | 미숙한	/ˈjəŋ/	형용사	A young industry
second	순간 | 초 | 둘째	/ˈsɛkənd/	형용사	The second violins
working	효과 | 조작	/ˈwɝkɪŋ/	형용사	A working draft
water	물 | 근해 | 광택도	/ˈwɔtɝ/	명사	Water the fields
person	사람 | 인간 | 이	/ˈpɝsən/	명사	A weapon was hidden on his person
part	부분 | 일부 | 역할	/ˈpɑɹt/	명사	I felt partly to blame
kid	키드 | 애기 | 새끼염소	/ˈkɪd/	명사	They're just kids
late	늦은 | 고 | 근년	/ˈɫeɪt/	형용사	Her late husband
stuff	재료 | 게걸스럽게먹다 | 틀어막다	/ˈstəf/	명사	Stuff a bearskin
exactly	정확히 | 그렇소 | 마침	/ɪɡˈzæktɫi/	부사	He was doing precisely (or exactly) what she had told him to do
under	아래에 | 미만 | 종속하여	/ˈəndɝ/	부사	An under secretary
death	죽음 | 사망 | 사지	/ˈdɛθ/	명사	She stayed until his death
minute	미소 | 오밀조밀	/ˈmɪnət/	명사	He ran a 4 minute mile
pay	지불하다 | 임금 | 대음하다	/ˈpeɪ/	동사	Pay up, please!
crazy	반한 | 흥분해 있는 | 발광하다	/ˈkɹeɪzi/	형용사	Wore a crazy hat
forget	잊다 | 잊어버리다 | 망각하다	/fɝˈɡɛt/	동사	Don't forget to call the chairman of the board to the meeting!
change	변하다 | 변화 | 바꾸다	/ˈtʃeɪndʒ/	동사	He changed his name
damn	빌어 먹을 | 저주하다 | 파멸시키다	/ˈdæm/	형용사	Oh, damn (or goddamn)!
five	오	/ˈfaɪv/	형용사	
drink	마시다 | 음료 | 잡수시다	/ˈdɹɪŋk/	동사	Drink was his downfall
far	극동의	/ˈfɑɹ/	부사	He traveled far
whatever	무엇 | 조금의 도 | 어떤 이라도	/ˌhwəˈtɛvɝ/	형용사	Give me whatever peaches you don't want
eyes	눈	/ˈaɪz/	명사	In the eyes of the law
shut	닫히다 | 휴업하다 | 닫다	/ˈʃət/	동사	Shut the window
hit	적중하다 | 주사하다 | 맞히다	/ˈhɪt/	동사	He hit a home run
taking	전염하는 | 포획고 | 취득	/ˈteɪkɪŋ/	명사	Clothing could be had for the taking
easy	편안한 | 무난하다 | 안락하다	/ˈizi/	형용사	An easy problem
times	이전 | 현대 | 세월	/ˈtaɪmz/	명사	He called four times
check	수표 | 확인 | 체크	/ˈtʃɛk/	동사	The dog checked
hands		/ˈhændz/	명사	All hands on deck
minutes	분	/ˈmɪnəts/	명사	Its just 10 minutes away
deal	도르다 | 한 판 | 전나무 재목	/ˈdiɫ/	동사	A deal of trouble
different	변별적	/ˈdɪfɝənt/	형용사	Came to a different conclusion
means	수단 | 방도	/ˈminz/	명사	A means of control
point	포인트 | 지점 | 데	/ˈpɔɪnt/	명사	A row of points
inside	속 | 안쪽 | 이내에	/ˈɪnˌsaɪd/	부사	The inside lane
somebody	누가 | 누군가	/ˈsəmˌbɑdi/	명사	
mine	광산 | 자가 | 광	/ˈmaɪn/	명사	Mine ores and metals
making	만들기 | 제조 | 하여금	/ˈmeɪkɪŋ/	명사	The making of measurements
body	신체 | 몸 | 모습	/ˈbɑdi/	명사	The student body
afraid		/əˈfɹeɪd/	형용사	Afraid of snakes
sleep	자다 | 잠 | 주무시다	/ˈsɫip/	동사	This tent sleeps six people
chance	시기 | 성산 | 복권	/ˈtʃæns/	명사	Now is your chance
dear	사랑스레 | 귀중한 | 귀여운 사람	/ˈdɪɹ/	형용사	One's dearest wish
quite	제법 | 어찌나 | 어지간히	/ˈkwaɪt/	부사	You're quite right
four	사 | 네	/ˈfɔɹ/	형용사	
anyway	어떻게 해서든	/ˈɛniˌweɪ/	부사	Get it done anyway you can
close	가깝다 | 닫다 | 감다	/ˈkɫoʊs/	동사	A close contest
ain			형용사	`ain' is Scottish
party	파티 | 모임 | 일행	/ˈpɑɹti/	명사	The party of the first part
fun	재미있다 | 재밌다 | 응	/ˈfən/	명사	He was fun to be with
word	단어 | 낱말 | 마디	/ˈwɝd/	명사	He gave his word
important	소중한 | 대수롭다 | 유력하다	/ˌɪmˈpɔɹtənt/	형용사	Important people
set	세트 | 지다 | 벌	/ˈsɛt/	동사	The moon is set
story	얘기 | 일화 | 꾸미다	/ˈstɔɹi/	명사	The story of exposure to lead
number	번호 | 숫자 | 번	/ˈnəmbɝ/	명사	A number 13 shoe
daughter	딸아이 | 딸들 | 딸애	/ˈdɔtɝ/	명사	Her daughter cared for her in her old age
least	가장 않다 | 가장적게	/ˈɫist/	부사	It is the least I can do
waiting	시중듦 | 절치부심 | 오래간만에	/ˈweɪtɪŋ/	명사	He is waiting to be drafted
hurt	아프다 | 다치다	/ˈhɝt/	동사	This exercise will hurt your back
wish	희망 | 바람 | 바라다	/ˈwɪʃ/	동사	He got his wish
moment	순간 | 이때 | 모멘트	/ˈmoʊmənt/	명사	Wait just a moment
fight	싸우다 | 싸움 | 전투력	/ˈfaɪt/	동사	Don't fight it!
week	매주마다 | 취업일 | 주	/ˈwik/	명사	It rained for a week
husband	남편 | 서방 | 남편이 되다	/ˈhəzbənd/	명사	
rest	나머지 | 휴식 | 준비금	/ˈɹɛst/	명사	He rested his bad leg
married	기혼	/ˈmɛɹid/	형용사	A married couple
fire	불 | 화재 | 불거지	/ˈfaɪɝ/	명사	Oil fires the furnace
game	게임 | 놀이 | 장난	/ˈɡeɪm/	명사	The game is 6 all
nobody	무명인 | 아무도 않다	/ˈnoʊˌbɑˌdi/	명사	
mr	군	/ˈmɪstɝ/	명사	
child	아이 | 어린이 | 걔	/ˈtʃaɪɫd/	명사	He remained a child in practical matters as long as he lived
side	곁에 | 면 | 내부	/ˈsaɪd/	명사	He never left my side
stand	서다 | 곁에 서다 | 오래가다	/ˈstænd/	동사	A bedside stand
read	읽다 | 강독하다 | 독서하다	/ˈɹɛd/	동사	Can you read Greek?
though	그래도 | 하긴 | 이지만	/ˈðoʊ/	부사	It might be unpleasant, though
cut	목판화 | 자르다 | 재단하다	/ˈkət/	동사	Cut paper dolls
sister	누이 | 수녀 | 자매어	/ˈsɪstɝ/	명사	My sister married a musician
supposed	상상된 | 가정의	/səˈpoʊzd/	형용사	I'm supposed to be there at ten
between	사이에 | 중간으로 | 끼리	/bitˈwin/	부사	Two houses with a tree between
hours		/ˈaʊɝz/	명사	They work long hours
speak	말씀하다 | 말하다 | 말씀드리다	/ˈspik/	동사	The prisoner won't speak
behind	늦어서 | 뒤에 | 나중-의 나중에	/bɪˈhaɪnd/	부사	He followed behind
almost	대충 | 뻔하다 | 얼추	/ˈɔɫˌmoʊst/	부사	We're almost finished
truth	사실 | 실제 | 진실	/ˈtɹuθ/	명사	He told the truth
blood	혈액 | 피 | 살육	/ˈbɫəd/	명사	A person of hot blood
able	자격이 있는	/ˈeɪbəɫ/	형용사	We were at last able to buy a car
lady	숙녀 | 부인 | 여자 변소	/ˈɫeɪdi/	명사	A nice lady at the library helped me
anymore	이제는 | 더 이상	/ˌɛniˈmɔɹ/	부사	Alice doesn't live here anymore
playing	장난	/ˈpɫeɪɪŋ/	명사	The tape was playing for hours
shot	주사 | 포환 | 촬영거리	/ˈʃɑt/	명사	He is a crack shot
reason	이유 | 까닭 | 도리	/ˈɹizən/	명사	They had good reason to rejoice
trouble	검거되어 | 귀찮음 | 애먹다	/ˈtɹəbəɫ/	명사	What is the trouble?
break	깨지다 | 돌발하다 | 터뜨리다	/ˈbɹeɪk/	동사	Break a promise
war	전쟁 | 난리 | 전란	/ˈwɔɹ/	명사	The war on poverty
city	도시 | 시내 | 시	/ˈsɪti/	명사	The city raised the tax rate
walk	걷다 | 산책 | 동행하다	/ˈwɑk/	동사	Walk in sadness
town	마을 | 소도시 | 시민측과 대학측	/ˈtaʊn/	명사	The whole town cheered the team
trust	신용 | 신탁 | 털어놓다	/ˈtɹəst/	동사	We can trust in God
office	사무실 | 사무소 | 임무	/ˈɔfɪs/	명사	The offices of the mass
question	문제 | 질문 | 물음	/ˈkwɛstʃən/	명사	He asked a direct question
welcome	환영 | 환영하다 | 어서 오십쇼!	/ˈwɛɫkəm/	동사	A welcome guest
high	높다 | 높이 | 높이의	/ˈhaɪ/	형용사	A high mountain
wow	대히트 | 이거 참 | 야아	/ˈwaʊ/	명사	The speaker wowed the audience
couple	두개 | 커플 | 두어	/ˈkəpəɫ/	명사	The engaged couple
half	절반 | 반 | 어지간히	/ˈhæf/	명사	Lasted a half hour
cool	쿨한 | 냉정히 | 정미	/ˈkuɫ/	형용사	A cool reception
free	공짜 | 무료 | 자유로운	/ˈfɹi/	형용사	Free enterprise
either	어느것인가	/ˈaɪðɝ/	부사	I don't know either
seem	보이다	/ˈsim/	동사	She seems to be sleeping
power	힘 | 공률 | 작업률	/ˈpaʊɝ/	명사	The power of the president
bye		/ˈbaɪ/	명사	They said their good-byes
buy	사다 | 사들이다 | 물건사기-윙윙 거리다	/ˈbaɪ/	동사	I can't buy this story
telling	드러내는 | 감정을 나타내는	/ˈtɛɫɪŋ/	형용사	A telling smile
honey	벌꿀 | 화밀 | 발림말하다	/ˈhəni/	명사	
tried	시험이 끝난	/ˈtɹaɪd/	형용사	He tried to shake off his fears
front	으로 | 앞쪽 | 앞의	/ˈfɹənt/	명사	The front lines
team	팀 | 팀이 되다	/ˈtim/	명사	We teamed up for this new project
answer	대답 | 답장 | 답변	/ˈænsɝ/	동사	Answer the door
gun	소총 | 총 | 충	/ˈɡən/	명사	A twenty gun salute
line	금 | 줄 | 정돈하다	/ˈɫaɪn/	명사	Line the gloves
send	보내다 | 부치다 | 송치하다	/ˈsɛnd/	동사	Send me your latest results
news	뉴스 | 소식 | 보도	/ˈnjuz/	명사	It was news to me
stupid	멍청한 | 구차 | 투미한	/ˈstupəd/	형용사	The economy, stupid!
bed	침대 | 잠자리 | 침상	/ˈbɛd/	명사	He worked in the coal beds
hurry	급함 | 서두름 | 쉽사리	/ˈhɝi/	동사	Hurry--it's late!
full	가득 | 가득히 | 만	/ˈfʊɫ/	형용사	Gives full measure
month	달 | 월 | 사주	/ˈmənθ/	명사	He paid the bill last month
save	오래가다 | 면케하다 | 덜다	/ˈseɪv/	동사	This will save money
sometimes	가끔 | 혹시 | 외국어	/ˈsəmˌtaɪmz/	부사	Sometimes her photography is breathtaking
become	어두워지다 | 해지다 | 되다	/bɪˈkəm/	동사	Mourning becomes Electra
along		/əˈɫɔŋ/	부사	Pass the word along
hate	싫다 | 타기 | 좋아하지 않다	/ˈheɪt/	동사	I hate Mexican food
food	음식 | 식물 | 먹이	/ˈfud/	명사	
outside	바깥 | 밖 | 바깥쪽	/ˈaʊtˈsaɪd/	형용사	An outside door
light	가볍다 | 빛 | 켜다	/ˈɫaɪt/	명사	Light housework
needs		/ˈnidz/	부사	We must needs by objective
dog	개 | 수캐 | 허세	/ˈdɔɡ/	명사	She's a real dog
country	나라 | 조국 | 전원	/ˈkəntɹi/	명사	The whole country worshipped him
clear	낡다 | 열린 | 돌파하다	/ˈkɫɪɹ/	형용사	Clear your desk
order	명령 | 차례 | 질서	/ˈɔɹdɝ/	명사	Order these files
em	전각 | 전자 현미경	/ˈɛm/	명사	Since `em quad' is hard to distinguish from `en quad', printers sometimes called it a `mutton quad'
fact	사실 | 실제 | 진리	/ˈfækt/	명사	Your fears have no basis in fact
lord	귀족임 | 영주 | 군주	/ˈɫɔɹd/	명사	
captain	선장 | 캡틴 | 함장	/ˈkæptən/	명사	A captain of industry
six	여섯 | 오십보 백보다	/ˈsɪks/	형용사	
hot	더운 | 뜨겁다 | 따갑다	/ˈhɑt/	형용사	Was hot for her
funny	우습게 | 만화란 | 재미있게	/ˈfəni/	형용사	She made a funny
black	검은색 | 까만색 | 흑색	/ˈbɫæk/	형용사	Rich black soil
alive	살아서 | 혈기왕성하여	/əˈɫaɪv/	형용사	Keep hope alive
pick	우비다 | 정선품 | 쥐어뜯다	/ˈpɪk/	동사	Pick up the tab
feeling	속마음 | 감각이 있는 | 정조 情調	/ˈfiɫɪŋ/	명사	He had a queasy feeling
living	살림 | 생지옥 | 생계의	/ˈɫɪvɪŋ/	명사	A living language
cause	원인 | 대의 | 기인	/ˈkɑz/	동사	Cause a commotion
ahead	이겨 | 나아가 | 앞서서	/əˈhɛd/	부사	Ahead by two pawns
lose	잃어버리다 | 잃다 | 쇠하다	/ˈɫuz/	동사	
king	왕 | 임금 | 킹	/ˈkɪŋ/	명사	The lion is the king of beasts
plan	플랜 | 배포 | 마련하다	/ˈpɫæn/	동사	A plan for seating guests
dinner	만찬 | 오찬 | 정찬	/ˈdɪnɝ/	명사	Dinner will be at 8
sigh	탄식	/ˈsaɪ/	동사	She sighed sadly
sort	일종의 | 종류 | 일종	/ˈsɔɹt/	명사	He's a good sort
leaving	잔물	/ˈɫivɪŋ/	명사	
running	뛰기 | 주루 | 경마용의	/ˈɹənɪŋ/	명사	A running start
boss	보스 | 상권 | 실장	/ˈbɑs/	명사	He is his own boss now
alright		/ˌɔɫˈɹaɪt/	부사	
promise	약속 | 촉망 | 희망의 땅	/ˈpɹɑməs/	동사	I promise you my best effort
taken		/ˈteɪkən/	형용사	A word taken literally
safe	안전한 | 무사 | 몹시 조심하는	/ˈseɪf/	형용사	You will be safe here
ma	엄마	/ˈmɑ/	명사	
book	책 | 전적	/ˈbʊk/	명사	The book of Isaiah
sent		/ˈsɛnt/	명사	She sent her children to camp
white	흰색 | 하얀색 | 하얗다	/ˈhwaɪt/	형용사	A white Christmas
hour	한시간	/ˈaʊɝ/	명사	The hour is getting late
small	조그만 | 작게 | 조그맣다	/ˈsmɔɫ/	형용사	A small business
perfect	완벽하다	/ˈpɝˌfɪkt/	형용사	Perfect manners
special	임시 | 특별시험 | 특성	/ˈspɛʃəɫ/	형용사	A special occasion
parent	모체 | 어버이	/ˈpɛɹənt/	명사	
john		/ˈdʒɑn/	명사	
perhaps		/pɝˈhæps/	부사	Perhaps she will call tomorrow
sound	소리 | 음향 | 군호하다	/ˈsaʊnd/	명사	Sound the alarm
serious	엄격하다 | 엄숙하다 | 중후하다	/ˈsɪɹiəs/	형용사	A serious wound
sick	그리워하는 | 넌더리 나는 | 욕지기가 나는	/ˈsɪk/	형용사	Sick to death of flattery
company	회사 | 반 | 무리	/ˈkəmpəˌni/	명사	He missed their company
scared	혼나다	/ˈskɛɹd/	형용사	Too shocked and scared to move
uncle	숙부 | 백부	/ˈəŋkəɫ/	명사	He played uncle to lonely students
poor	가난 | 서툴다 | 가엽다	/ˈpuɹ/	형용사	Oh, you poor thing
red	적색 | 빨강 | 빨간	/ˈɹɛd/	형용사	Red-faced and violent
past	과거 | 수상쩍은 | 그전	/ˈpæst/	명사	Forget the past
earth	지구 | 흙 | 지면	/ˈɝθ/	명사	Earth the circuit
possible		/ˈpɑsəbəɫ/	형용사	Anything is possible
shoot	사출하다 | 슈트하다 | 발사하다	/ˈʃut/	동사	Shoot a golf ball
touch	느낌 | 만지다 | 터치	/ˈtətʃ/	동사	Their hands touched
top	꼭대기 | 정상 | 완성하다	/ˈtɑp/	명사	Top trees and bushes
ass	마보 | 외집쟁이 | 당나귀	/ˈæs/	명사	
laugh	웃다 | 조모하다 | 까르르하다	/ˈɫæf/	동사	Thanks for the laugh
asking	청구	/ˈæskɪŋ/	명사	He is asking $200 for the table
win	이기다 | 승리하다 | 되다	/ˈwɪn/	동사	He was happy to get the win
glad	글라디올러스	/ˈɡɫæd/	형용사	A glad occasion
control	통제 | 컨트롤 | 조정	/kənˈtɹoʊɫ/	명사	Control the lever
human	인간적인	/ˈhjumən/	형용사	The experiment was conducted on 6 monkeys and 2 human subjects
drive	운전하다 | 추진 | 몰다	/ˈdɹaɪv/	동사	He drives me mad
hair	머리칼 | 털 | 머리털	/ˈhɛɹ/	명사	He combed his hair
jack	수컷 | 공기놀이 | 선수기	/ˈdʒæk/	명사	You don't know jack
bitch	개년	/ˈbɪtʃ/	명사	This problem is a real bitch
luck	재수 | 운 | 복	/ˈɫək/	명사	The luck of the Irish
murder	살인 | 모살 | 고살망치다	/ˈmɝdɝ/	명사	The tourists murdered the French language
air	공기 | 선율 | 정화기	/ˈɛɹ/	명사	An air of mystery
ten	열 | 열 개 | 십중 팔구	/ˈtɛn/	형용사	
daddy	최연장자	/ˈdædi/	명사	
finally	마침내 | 최후로 | 궁극	/ˈfaɪnəɫi/	부사	
chuckle	꼬꼬! | 고꼬 울다 | 킬킬 웃다	/ˈtʃəkəɫ/	동사	
fast	얼른 | 단단한 | 고감도	/ˈfæst/	형용사	Set a fast pace
cold	감기 | 차갑다 | 추위	/ˈkoʊɫd/	형용사	A cold audience
laughing	웃는	/ˈɫæfɪŋ/	형용사	Laughing children
words	말 | 글 | 언사	/ˈwɝdz/	명사	He has a gift for words
hospital	병원	/ˈhɑˌspɪtəɫ/	명사	
street	길거리 | 차도 | 항간	/ˈstɹit/	명사	He lives on Nassau Street
hang	달다 | 달리다 | 걸림새	/ˈhæŋ/	동사	This dress hangs well
dance	추다 | 춤 | 춤추다	/ˈdæns/	동사	The children danced with joy
meeting	회의 | 미팅 | 만남	/ˈmitɪŋ/	명사	There was no meeting of minds
till	까지 | 귀중품함	/ˈtɪɫ/	명사	
catch	맞다 | 정지 | 잡다	/ˈkætʃ/	동사	Catch a glimpse
follow	따라 | 뒤따르다 | 계속하다	/ˈfɑɫoʊ/	동사	Follow the road
sense	의미 | 어이가 | 감수력	/ˈsɛns/	명사	A sense of self
sex	섹스 | 성 | 성교	/ˈsɛks/	명사	The war between the sexes
lie	있다 | 위치 | 누워있다	/ˈɫaɪ/	동사	Don't lie to your parents
evening	저녁 | 해질녁	/ˈivnɪŋ/	명사	An evening at the opera
master	석사 | 숙달하다 | 승자	/ˈmæstɝ/	명사	A master switch
known	알려진	/ˈnoʊn/	형용사	A known quantity
dream	꿈 | 꿈꾸다 | 공상하다	/ˈdɹim/	명사	This dessert is a dream
write	쓰다 | 게시하다 | 써두다	/ˈɹaɪt/	동사	Write her soon, please!
million	백만 | 수백만 | 훌륭하여	/ˈmɪɫjən/	형용사	There were millions of flies
voice	목소리 | 음성 | 태	/ˈvɔɪs/	명사	He lost his voice
sweet	달게 | 달콤하다 | 맛이좋은	/ˈswit/	형용사	A sweet disposition
rather	차라리 | 오히려 | 반대로	/ˈɹæðɝ/	부사	It was rather cold
felt	펠트	/ˈfɛɫt/	동사	He felt the wind
sign	서명하다 | 사인 | 표시	/ˈsaɪn/	동사	Please sign here
lucky	행운아 | 상서로운 | 운이좋은	/ˈɫəki/	형용사	
somewhere	어딘가 | 어디론가 | 어느땐가	/ˈsəmˌwɛɹ/	부사	She must be somewhere
bet	내기 | 걸다 | 건돈-내기를 하다	/ˈbɛt/	동사	He did it on a bet
jesus	예수	/ˈdʒizəs/	명사	
longer		/ˈɫɔŋɡɝ/	부사	A longer for money
calling	직업 | 소명 | 부름	/ˈkɔɫɪŋ/	명사	Hawaii is calling!
quiet	평온히 | 정격주의 | 조용함	/ˈkwaɪət/	형용사	A quiet reprimand
less	덜 | 보다적은	/ˈɫɛs/	부사	Less interesting
pull	끌다 | 잡아당기다 | 당기다	/ˈpʊɫ/	동사	Pull the car over
beat	순찰 | 특종기사 | 지게 하다	/ˈbit/	동사	Beat the rhythm
careful	정성들인 | 주의깊은	/ˈkɛɹfəɫ/	형용사	Careful with money
coffee	커피 | 커피색 | 커피 열매	/ˈkɑfi/	명사	He ordered a cup of coffee
return	돌아가는 | 답례 | 답례하다	/ɹiˈtɝn/	동사	Return her love
secret	비밀 | 신비스러운 | 내밀	/ˈsikɹət/	형용사	Secret missions
date	날짜 | 데이트 | 대충	/ˈdeɪt/	명사	They are up to date
seeing		/ˈsiɪŋ/	명사	Did you know that she is seeing an older man?
fall	넘어오다 | 쓰러지다 | 온도가 내리다	/ˈfɑɫ/	동사	Fall into a trap
given	주어진 | 경향을 띠어	/ˈɡɪvən/	형용사	Given the engine's condition, it is a wonder that it started
ooh		/ˈu/	동사	They oohed and aahed when they unwrapped the presents
fault	탓 | 단층 | 테니스 폴트	/ˈfɔɫt/	명사	It was John's fault
straight	솔직하게 | 수직적 | 곧게	/ˈstɹeɪt/	부사	A straight line
song	노래 | 가요 | 이야기	/ˈsɔŋ/	명사	The song of the wind
future	미래 | 장래 | 미래시제	/ˈfjutʃɝ/	명사	Future auxiliary
gentleman	신사 | 해적 | 남자분	/ˈdʒɛnəɫmən/	명사	
loved		/ˈɫəvd/	형용사	His loved companion of many years
changed		/ˈtʃeɪndʒd/	형용사	Changed attitudes
road	길 | 도로 | 가도	/ˈɹoʊd/	명사	The road to fame
calm	무풍 | 뱃심좋은 | 조용한	/ˈkɑɫm/	형용사	Spoke in a calm voice
wonderful	신통	/ˈwəndɝfəɫ/	형용사	
mad	뿔나다 | 노엽다	/ˈmæd/	형용사	Mad at his friend
turned		/ˈtɝnd/	형용사	He turned traitor
drop	방울 | 한방울 | 눈깔사탕	/ˈdɹɑp/	동사	Shop til you drop
learn	배우다 | 암기하다	/ˈɫɝn/	동사	I learned Sanskrit
step	일보 | 단계 | 스텝	/ˈstɛp/	명사	Step on the brake
absolutely	절대로 | 맹세코 | 단연	/ˌæbsəˈɫutɫi/	부사	Iron is absolutely necessary
early	일찍 | 일찍이 | 어릴때의	/ˈɝɫi/	형용사	Early diagnosis
explain	설명하다 | 덧붙이기 | 변명하다	/ɪksˈpɫeɪn/	동사	He explained the laws of physics to his students
clean	청소하다 | 맑다 | 세탁하다	/ˈkɫin/	동사	A clean getaway
piece	조각 | 부분품 | 단편	/ˈpis/	명사	She pieced a quilt
yesterday	어제 | 어저께	/ˈjɛstɝˌdeɪ/	명사	We shared many yesterdays
throw	던지다 | 연결 | 빠뜨리다	/ˈθɹoʊ/	동사	Throw a frisbee
picture	사진 | 그림 | 초상화	/ˈpɪktʃɝ/	명사	She was the picture of despair
land	상륙하다 | 하차시키다 | 국토	/ˈɫænd/	명사	A land of make-believe
foot	발 | 꼴찌 | 발부분	/ˈfʊt/	명사	He followed on foot
wonder	아닐까 생각하다 | 놀라움 | 불가사의	/ˈwəndɝ/	동사	The wonders of modern science
speaking	말 | 논지 | 정치적 집회	/ˈspikɪŋ/	명사	A speaking part in the play
worth	보람 | 어치 | 고하	/ˈwɝθ/	형용사	Not worth his salt
darling		/ˈdɑɹɫɪŋ/	명사	
dude		/ˈdud/	명사	
giving	제안	/ˈɡɪvɪŋ/	명사	Saturday's child is loving and giving
president	대통령 | 사회자 | 회장	/ˈpɹɛzəˌdɛnt/	명사	A President is elected every four years
eye	안식 | 보는눈 | 잘 보다	/ˈaɪ/	명사	He has an artist's eye
quick	빠르다 | 살아 있는 | 중요 부분	/ˈkwɪk/	형용사	Come here, quick!
moving	이전 | 원동력의 | 이탈	/ˈmuvɪŋ/	형용사	She is always moving
figure	숫자 | 도해 | 자릿수	/ˈfɪɡjɝ/	명사	A heroic figure
state	상태 | 현상 | 국사범	/ˈsteɪt/	명사	State your name
strong	강경 | 격하다 | 튼실하다	/ˈstɹɔŋ/	형용사	Strong medicine
sam		/ˈsæm/	명사	
none		/ˈnən/	명사	None too prosperous
amazing	굉장한 | 괄목하다 | 신령하다	/əˈmeɪzɪŋ/	형용사	New York is an amazing city
works		/ˈwɝks/	명사	A hotdog with the works
act	행동하다 | 행위 | 출연하다	/ˈækt/	동사	She's just acting
needed		/ˈnidəd/	형용사	
weird	운명의 | 기묘한 | 초자연의	/ˈwɪɹd/	형용사	The three weird sisters
law	법률 | 법칙 | 법	/ˈɫɑ/	명사	He studied law at Yale
worried	걱정스런 | 조이다 | 당혹한	/ˈwɝid/	형용사	Worried parents
report	보고서 | 보고 | 리포트	/ɹiˈpɔɹt/	동사	The report of his speech
goodbye	안녕	/ˌɡʊdˈbaɪ/	명사	
missing	없어진 | 행방 불명인	/ˈmɪsɪŋ/	형용사	A missing person
choice	선택 | 선택권 | 상등육	/ˈtʃɔɪs/	명사	My only choice is to refuse
happening	우발사 | 해프닝	/ˈhæpənɪŋ/	명사	What is happening?
chief	원장 | 상관 | 국장	/ˈtʃif/	형용사	The chief aim of living
wedding	결혼식 | 혼례 | 결혼 기념식	/ˈwɛdɪŋ/	명사	
strange	묘하게 | 괴이 | 눈에 선	/ˈstɹeɪndʒ/	형용사	Used many strange words
general	장군 | 일반적 | 총회장	/ˈdʒɛnɝəɫ/	형용사	General studies
pain	아픔 | 통증 | 고뇌	/ˈpeɪn/	명사	The pain of loneliness
decided		/ˌdɪˈsaɪdɪd/	형용사	The case was decided
pass	지내다 | 지나가다 | 지나다	/ˈpæs/	동사	Pass a kidney stone
tired	세상이 싫어져서 | 고달프다 | 싫증난	/ˈtaɪɝd/	형용사	Too tired to eat
class	학급 | 클래스 | 최고급	/ˈkɫæs/	명사	The class of '97
officer	장교 | 간사 | 홍보관	/ˈɔfəsɝ/	명사	It was an accident, officer
kept		/ˈkæpt/	형용사	The student was kept after school
wake	눈뜨다 | 깨닫다 | 경야	/ˈweɪk/	동사	Please wake me at 6 AM.
worse	더욱 나쁜 | 더욱 나쁘게	/ˈwɝs/	형용사	Her cold is worse
busy	바쁘다 | 통화중인 | 번화하다	/ˈbɪzi/	형용사	A busy painting
mistake	실수 | 잘못	/mɪˈsteɪk/	명사	He made a bad mistake
kiss	키스 | 입맞춤 | 키스하다	/ˈkɪs/	동사	The newly married couple kissed
court	코트 | 모텔 | 궁정	/ˈkɔɹt/	명사	John is courting Mary
building	건물 | 빌딩 | 조영	/ˈbɪɫdɪŋ/	명사	Workers in the building trades
finish	마무리 | 끝내다 | 다하다	/ˈfɪnɪʃ/	동사	He finished the dishes
age	나이 | 시대 | 연세	/ˈeɪdʒ/	명사	She aged gracefully
ship	설비하다 | 함 | 전열함	/ˈʃɪp/	명사	Ship the cargo in the hold of the vessel
marry	결혼하다 | 결혼하다 결혼하다	/ˈmɛɹi/	동사	
sell	팔다 | 판매하다 | 초만원	/ˈsɛɫ/	동사	It was a hard sell
dark	침침 | 암흑 | 어두운	/ˈdɑɹk/	형용사	A dark gloomy day
watching		/ˈwɑtʃɪŋ/	명사	The world is watching Sarajevo
system	시스템 | 질서 | 제도	/ˈsɪstəm/	명사	He bought a new stereo system
suppose	만일 | 상정하다	/səˈpoʊz/	동사	Scientists supposed that large dinosaurs lived in swamps
evidence	증거 | 증 | 증언하다	/ˈɛvədəns/	명사	His trembling was evidence of his fear
movie	영화	/ˈmuvi/	명사	They went to a movie every Saturday night
ride	타다 | 정박하다 | 기마여행	/ˈɹaɪd/	동사	Shorts that ride up
completely	완전히 | 전혀 | 바싹	/kəmˈpɫitɫi/	부사	Was completely at fault
mouth	입 | 구강 | 말문	/ˈmaʊθ/	명사	The jar had a wide mouth
totally	영	/ˈtoʊtəɫi/	부사	A totally new situation
birthday	생일 | 생신	/ˈbɝθˌdeɪ/	명사	
tv	티브이 | 최종가속도 | 유료	/ˈtiˈvi/	명사	The British call a tv set a telly
forgive	용서하다 | 삭히다	/fɝˈɡɪv/	동사	I forgive you your debt
born		/ˈbɔɹn/	형용사	A born musician
imagine	상상하다 | 추상하다 | 추측하다꾀하다	/ˌɪˈmædʒən/	동사	I imagine she earned a lot of money with her new novel
information	보고 | 정보 | 소식	/ˌɪnfɝˈmeɪʃən/	명사	The signal contained thousands of bits of information
instead	대신에	/ˌɪnˈstɛd/	부사	Felix became a herpetologist instead
definitely	절대로아니다 | 명확히 | 단연	/ˈdɛfənətɫi/	부사	
security	채권 | 확보 | 보장	/sɪkˈjʊɹəti/	명사	The head of security was a former policeman
certainly	확실히 | 물론이죠 | 알았습니다	/ˈsɝtənɫi/	부사	She certainly is a hard worker
film	필름 | 피막	/ˈfɪɫm/	명사	The coronation was filmed
lying	거짓말의 | 거짓말쟁이의	/ˈɫaɪɪŋ/	명사	The books are lying on the shelf
train	기차 | 열차 | 꼬리	/ˈtɹeɪn/	동사	Train of mourners
seven	일곱 | 칠	/ˈsɛvən/	형용사	
wear	쓰다 | 입다 | 신다	/ˈwɛɹ/	동사	He always wears a smile
clothes	옷 | 세탁물 | 의관	/ˈkɫoʊðz/	명사	He always bought his clothes at the same store
michael	미가엘	/ˈmaɪkəɫ/	명사	
hotel	호텔 | 여관 | 숙박인	/hoʊˈtɛɫ/	명사	
christmas	크리스마스 | 성탄절	/ˈkɹɪsməs/	명사	
attack	공격 | 공격하다 | 치다	/əˈtæk/	동사	An attack of diarrhea
round	둥글다 | 순회 | 한판	/ˈɹaʊnd/	명사	Round the edges
expect	예상되다 | 예상하다 | 예기하다	/ɪkˈspɛkt/	동사	She is expecting in March
sing	노래하다 | 출연하다 | 픽픽하다	/ˈsɪŋ/	동사	Sing Christmas carols
terrible		/ˈtɛɹəbəɫ/	형용사	A terrible curse
george	보석상 | 자동조종장치	/ˈdʒɔɹdʒ/	명사	
bag	가방 | 봉지 | 손지갑	/ˈbæɡ/	명사	Bag a few pheasants
history	역사 | 사극 | 사학	/ˈhɪstɝi/	명사	A history of France
blue	파란색 | 블루 | 검푸른	/ˈbɫu/	형용사	A ragged blue line
near	가깝게 | 근접하여 | 접근하다	/ˈnɪɹ/	형용사	A near likeness
broke	무일푼	/ˈbɹoʊk/	형용사	The ranks broke
station	정류장 | 파출소 방송국 | 주둔지	/ˈsteɪʃən/	명사	A sentry station
seriously	소중히	/ˈsɪɹiəsɫi/	부사	Was seriously ill
forever	영원히 | 무상 | 영원	/fɝˈɛvɝ/	부사	No one can live forever
david	다윗	/ˈdeɪvɪd/	명사	
frank	단적 | 프랑크족의 사람 | 개방적	/ˈfɹæŋk/	형용사	Frank enjoyment
except	이외 | 외	/ɪkˈsɛpt/	동사	
message	메시지 | 전언	/ˈmɛsədʒ/	명사	She messaged the committee
entire	온전한 | 온 | 총	/ɪnˈtaɪɝ/	형용사	An entire horse
table	테이블 | 탁자 | 묵살하다	/ˈteɪbəɫ/	명사	It was a sturdy table
across	건너서 | 저쪽에 | 교차되어	/əˈkɹɔs/	부사	The marble slabs were cut across
rock	바위 | 암벽 | 달러지폐	/ˈɹɑk/	명사	Rock the cradle
lovely	예쁘다 | 사랑스럽다 | 멋진	/ˈɫəvɫi/	형용사	
handle	손잡이 | 손대다 | 대우하다	/ˈhændəɫ/	동사	Don't handle the merchandise
middle	중 | 중명사몸통	/ˈmɪdəɫ/	명사	In the middle years
buddy		/ˈbədi/	명사	
paid	현금으로 치른 | 지불필의	/ˈpeɪd/	형용사	A paid official
protect	지키다 | 보호하다 | 예방하다	/pɹəˈtɛkt/	동사	Weatherbeater protects your roof from the rain
using		/ˈjuzɪŋ/	명사	
floor	바닥 | 층 | 마루	/ˈfɫɔɹ/	명사	He is a floor trader
swear	선서하다 | 맹세하다 | 다짐하다	/ˈswɛɹ/	동사	Before God I swear I am innocent
spend	들이다 | 다써버리다 | 돈을 쓰다	/ˈspɛnd/	동사	I spend my pocket money in two days
situation	형편 | 장면 | 입장	/ˌsɪtʃuˈeɪʃən/	명사	That's quite a situation
ring	반지 | 연륜 | 울리다	/ˈɹɪŋ/	동사	It has the ring of sincerity
anywhere	어디에나 | 어디에든 | 어디엔가	/ˈɛniˌwɛɹ/	부사	You can find this food anywhere
dangerous	위독한 | 위험한 | 험하다	/ˈdeɪndʒɝəs/	형용사	A dangerous bridge
bill	계산서 | 환어음 | 외상값	/ˈbɪɫ/	명사	He paid his bill and left
york	요크가	/ˈjɔɹk/	명사	
army	육군 | 군 | 군대군	/ˈɑɹmi/	명사	
lead	도선 | 통하다 | 꾀다	/ˈɫɛd/	동사	A good lead for a job
finished		/ˈfɪnɪʃt/	형용사	Are you finished?
fair	품평회 | 금발의 | 견본시	/ˈfɛɹ/	형용사	On a fair footing
sun	태양 | 양지쪽 | 해	/ˈsən/	명사	The Earth revolves around the Sun
letter	편지 | 글자 | 신용장	/ˈɫɛtɝ/	명사	He won letters in three sports
fool	머저리 | 우롱하다 | 희롱하다	/ˈfuɫ/	명사	You can't fool me!
attention	주의 | 주의력 | 보살핌	/əˈtɛnʃən/	명사	The troops stood at attention
club	클럽 | 클럽실 | 클럽의 빡	/ˈkɫəb/	명사	Clubs were trumps
simple	단지 | 소박하다 | 순연한	/ˈsɪmpəɫ/	형용사	A simple design
interesting	재미있다 | 재밌다 | 임신하여	/ˈɪntɝəstɪŋ/	형용사	
space	스페이스 | 여백 | 대기권밖	/ˈspeɪs/	명사	The space between his teeth
test	시험 | 테스트 | 검사	/ˈtɛst/	동사	Test this recipe
box	박스 | 상자 | 따귀	/ˈbɑks/	명사	I'll box your ears!
group	그룹 | 모임 | 반	/ˈɡɹup/	명사	Can you group these shapes together?
single	싱글 | 한 | 외겹의	/ˈsɪŋɡəɫ/	형용사	A single serving
sitting	단숨에 | 착석 | 회가	/ˈsɪtɪŋ/	명사	A sitting target
marriage	결혼 | 이성지합 | 혼사	/ˈmɛɹɪdʒ/	명사	A marriage of ideas
join	가입하다 | 입회하다 | 접합점	/ˈdʒɔɪn/	동사	Our paths joined
fear	경외 | 경외하다 | 무서워하다	/ˈfɪɹ/	명사	The fear of God
peace	평화 | 평화로운 | 사이좋게	/ˈpis/	명사	Peace came on November 11th
force	떠맡기다 | 강제하다 | 지배력	/ˈfɔɹs/	명사	Don't force it!
short	짧다 | 무르게 | 바닥나다	/ˈʃɔɹt/	형용사	A short holiday
normal	보통 | 법선 | 정상의	/ˈnɔɹməɫ/	형용사	Normal curiosity
present	선물 | 소개하다 | 제시하다	/ˈpɹɛzənt/	동사	The present topic
enjoy	누리다 | 향유하다	/ˌɛnˈdʒɔɪ/	동사	Enjoy privileges
mike	마이크	/ˈmaɪk/	명사	
crime	범죄 | 부끄러운짓 | 죄	/ˈkɹaɪm/	명사	Crimes of the heart
horse	말 | 승마하다 | 암내나다	/ˈhɔɹs/	명사	500 horse led the attack
ground	좌초하다 | 지반 | 바다밑	/ˈɡɹaʊnd/	명사	The storm grounded the ship
american	미합중국의 | 미 | 아메리카의	/əˈmɛɹəkən/	형용사	American English
count	세다 | 카운트 | 논점	/ˈkaʊnt/	동사	Count your change
area	지역 | 지구 | 범위	/ˈɛɹiə/	명사	The area of a rectangle
charge	장전 | 담당 | 담임	/ˈtʃɑɹdʒ/	동사	He charged me $15
honor	명예 | 작위 | 정절	/ˈɑnɝ/	동사	Honor your parents!
lunch	점심 | 점심을 먹다	/ˈɫəntʃ/	명사	She lunched us well
mile	마일	/ˈmaɪɫ/	명사	He missed by a mile
radio	무전 | 라디오 | 라디오의	/ˈɹeɪdiˌoʊ/	명사	He radioed for help
idiot		/ˈɪˌdiət/	명사	
ball	공 | 포환 | 공놀이	/ˈbɔɫ/	명사	The ball at the base of the thumb
surprise	불시의 공격 | 기습 | 놀람	/səˈpɹaɪz/	동사	She surprised the couple
paper	종이 | 도배지 | 용지	/ˈpeɪpɝ/	명사	He has written many scientific papers
key	키 | 중요 지점 | 기조	/ˈki/	명사	He spoke in a low key
boat	배 | 보트 | 조종	/ˈboʊt/	명사	
quickly	빨리 | 얼른 | 어느새	/ˈkwɪkɫi/	부사	He works quickly
gold	금 | 황금 | 금빛	/ˈɡoʊɫd/	명사	She has a heart of gold
bar	바 | 차단봉 | 관문	/ˈbɑɹ/	명사	A bar of chocolate
fish	물고기 | 어류 | 어육	/ˈfɪʃ/	명사	Fish for compliments
mark	골라내다 | 구획하다 | 형	/ˈmɑɹk/	동사	Mark off the units
tom	동물의 수컷	/ˈtɑm/	명사	
wearing	닳은 | 착용	/ˈwɛɹɪŋ/	명사	She was wearing yellow that day
crying	울음 | 골짝골짝 | 애잔하다	/ˈkɹaɪɪŋ/	형용사	The cat was crying
accident	사고 | 어쩌다 | 어쩌다가	/ˈæksədənt/	명사	It was due to an accident or fortuity
government	정부 | 정체 | 경륜	/ˈɡəvɝmənt/	명사	Tyrannical government
eight	여덟 | 팔 | 에이트	/ˈeɪt/	형용사	
fell	공그르기	/ˈfɛɫ/	동사	Adam and Eve fell
cover	표지 | 담보물 | 덮다	/ˈkəvɝ/	동사	Cover your head!
certain	어느 | 몇개 | 확실하다	/ˈsɝtən/	형용사	To a certain degree
interested	흥미를 가진	/ˈɪntɝəstəd/	형용사	Interested in sports
deep	깊다 | 진하다 | 속검은	/ˈdip/	형용사	In a deep sleep
star	스타 | 별 | 별모양	/ˈstɑɹ/	명사	A star figure skater
sea	바다 | 대양 | 큰물결	/ˈsi/	명사	
agree	동의하다 | 합의에 달하다	/əˈɡɹi/	동사	I can't agree with you!
detective	탐정의	/dɪˈtɛktɪv/	명사	
prison	감옥 | 형무소 | 구치소	/ˈpɹɪzən/	명사	
major	주요 | 상사 | 큰쪽의	/ˈmeɪdʒɝ/	형용사	A major illness
stick	붙다 | 나무토막 | 물거리	/ˈstɪk/	명사	Cinnamon sticks
offer	제공 | 신청 | 제공하다	/ˈɔfɝ/	동사	Offer resistance
difficult	어렵다 | 힘들다 | 두렵다	/ˈdɪfəkəɫt/	형용사	Difficult times
smart	꾀많은 | 똑똑한 | 분개하다	/ˈsmɑɹt/	형용사	A smart new dress
personal	인간적 | 용모의 | 인치의	/ˈpɝsɪnəɫ/	형용사	Personal papers
record	녹음하다 | 전과 | 레코드	/ˈɹɛkɝd/	명사	They recorded her singing
stopped	중단되다 | 폐지되다	/ˈstɑpt/	형용사	The car stopped
hide	숨기다 | 숨다 | 피혁	/ˈhaɪd/	동사	Muslim women hide their faces
bank	은행 | 제방 | 부제목	/ˈbæŋk/	명사	A huge bank of earth
trip	여행 | 실족 | 실족하다	/ˈtɹɪp/	명사	He trips every weekend
relax	쉬다 | 풀게하다 | 느른해지다	/ɹiˈɫæks/	동사	The rope relaxed
america	미국 | 아메리카 | 미합중국	/əˈmɛɹəkə/	명사	
public	공공적 | 공립의 | 공영의	/ˈpəbɫɪk/	형용사	The public good
list	리스트 | 명부 | 명세서	/ˈɫɪst/	명사	Erosion listed the old tree
afternoon	오후 | 석간	/ˌæftɝˈnun/	명사	He spent a quiet afternoon in the park
brain	두뇌 | 뇌리	/ˈbɹeɪn/	명사	He's got plenty of brains but no common sense
fix	고정하다 | 고치다 | 달다	/ˈfɪks/	동사	Fix the variables
bastard	서자 | 가짜-서출의 | 비정상인	/ˈbæstɝd/	명사	The architecture was a kind of bastard suggesting Gothic but not true Gothic
proud	자랑하고 있는 | 거만한 | 자랑으로 생각하는	/ˈpɹaʊd/	형용사	Proud alpine peaks
tea	차 | 홍차 | 저녁식사	/ˈti/	명사	Iced tea is a cooling drink
service	서비스 | 마음대로 | 공헌	/ˈsɝvəs/	명사	Service my truck
screaming	킥킥거리는 | 깔깔 웃는 | 삑삑 우는	/ˈskɹimɪŋ/	형용사	A screaming rage
forward	앞에 | 급진적인 | 회송하다	/ˈfɔɹwɝd/	부사	Forward my mail
angry	골나다 | 노여움 | 뿔나다	/ˈæŋɡɹi/	형용사	Angry customers
park	공원 | 주차하다 | 큰 정원	/ˈpɑɹk/	명사	Park the car in the yard
soul	영혼 | 단연코 | 기백	/ˈsoʊɫ/	명사	The soul of honor
fighting	아귀다툼 | 전투 | 투기	/ˈfaɪtɪŋ/	명사	Review the fighting forces
peter	베드로 | 점점 소멸하다	/ˈpitɝ/	명사	
rich	돈많은 | 윤택하다 | 얼토당토않은	/ˈɹɪtʃ/	형용사	A rich ruby port
agent	작인 | 주선인 | 대리인	/ˈeɪdʒənt/	명사	Their research uncovered new disease agents
blow	불다 | 강타 | 타격	/ˈbɫoʊ/	명사	Blow one's nose
paul	바울	/ˈpɔɫ/	명사	Paul's name was Saul prior to his conversion to Christianity
dress	원피스 | 의상 | 드레스	/ˈdɹɛs/	동사	Dress the salads
mary		/ˈmɛɹi/	명사	
missed		/ˈmɪst/	형용사	I missed that remark
scene	장면 | 경치 | 실황	/ˈsin/	명사	He made a scene
killing	죽이는 | 뇌쇄적인 | 도살	/ˈkɪɫɪŋ/	명사	These new shoes are killing me!
standing	서있는 | 영구적인 | 선채로의	/ˈstændɪŋ/	명사	A standing lamp
saved		/ˈseɪvd/	형용사	She saved the old family photographs in a drawer
mm		/m/	명사	
respect	존경하다 | 개소 | 공경하다	/ɹiˈspɛkt/	명사	He inspires respect
killer	살인자 | 죽이는 사람	/ˈkɪɫɝ/	명사	That exam was a real killer
ice	얼음	/ˈaɪs/	명사	An iced summer drink
mess	엉망 | 한끼분 | 혼합식	/ˈmɛs/	명사	A mess of porridge
tough	강인한 | 괴로운 | 꼬들꼬들	/ˈtəf/	형용사	A tough character
church	교권 | 교회조직 | 그리스도교도	/ˈtʃɝtʃ/	명사	The church was empty
sad	설구워진 | 구슬프다 | 착찹	/ˈsæd/	형용사	It was a very sad story
cell	암자 | 작은 공동 | 비트의 기억소자	/ˈsɛɫ/	명사	The cells of a honeycomb
drunk	고주망태 | 주정뱅이 | 술취한	/ˈdɹəŋk/	형용사	Drunk with excitement
share	분배하다 | 할당 | 몫	/ˈʃɛɹ/	동사	We shared the cake
camera	카메라 | 사진기 | 판사의 사실	/ˈkæmɝə/	명사	
within	안쪽에 | 이내 | 안에	/wɪˈðɪn/	부사	
card	카드 | 안내장 | 목록표	/ˈkɑɹd/	명사	They sent us a card from Miami
fly	파리 | 날다 | 프라이	/ˈfɫaɪ/	동사	Fly into a rage
ben		/ˈbɛn/	명사	They were climbing the ben
girlfriend	여자친구	/ˈɡɝɫˌfɹɛnd/	명사	His girlfriend kicked him out
smell	냄새 | 맡다 | 냄새맡다	/ˈsmɛɫ/	동사	I smell trouble
broken	고장 | 끊어진 | 깨진	/ˈbɹoʊkən/	형용사	A broken mirror
mum	말 마라! | 무언극을 하다	/ˈməm/	명사	
honest	섞지않은 | 정직한 | 참되다	/ˈɑnəst/	형용사	Honest reporting
often	흔히 | 빈번히	/ˈɔfən/	부사	We often met over a cup of coffee
starting		/ˈstɑɹtɪŋ/	명사	The starting point
spent	지쳐버린 | 다 써버린	/ˈspɛnt/	형용사	
third	셋째 | 세번째 | 제	/ˈθɝd/	형용사	A distant third
english	영국사람	/ˈɪŋɡɫɪʃ/	형용사	English history
visit	방문 | 방문하다 | 문병하다	/ˈvɪzɪt/	동사	A visit to the dentist
mama	엄마=	/ˈmɑmə/	명사	
judge	판사 | 법관 | 사사	/ˈdʒədʒ/	동사	I cannot judge some works of modern art
window	창문 | 창구 | 창	/ˈwɪndoʊ/	명사	The ball shattered the window
hungry	공복의 | 메마른 | 굶주린	/ˈhəŋɡɹi/	형용사	Hungry for recognition
dare	도전하다	/ˈdɛɹ/	동사	I don't dare call him
relationship	친척관계 | 상권 | 돈독하다	/ɹiˈɫeɪʃənˌʃɪp/	명사	The relationship between mothers and their children
moved	동하다	/ˈmuvd/	형용사	Too moved to speak
prove	검산하다 | 증명하다 | 실증하다	/ˈpɹuv/	동사	She proved to be right
private	사립 | 군사 | 자가	/ˈpɹaɪvət/	형용사	A private place
wall	벽 | 담 | 벽으로 막다	/ˈwɔɫ/	명사	A wall of water
seat	좌석 | 자리 | 의석	/ˈsit/	명사	Seat a concert hall
position	위치 | 자세 | 입장	/pəˈzɪʃən/	명사	The cars were in position
lieutenant	대위 | 해군 대위	/ɫuˈtɛnənt/	명사	
realize	실감하다 | 실현되다 | 실현하다	/ˈɹiəˌɫaɪz/	동사	Does she realize how important this decision is?
especially	특히 | 특별히 | 별로	/əˈspɛʃəɫi/	부사	An especially (or specially) cautious approach to the danger
machine	지도부 | 인쇄기계	/məˈʃin/	명사	The war machine
walking	걷기 | 보행 | 행보	/ˈwɔkɪŋ/	형용사	Walking distance
art	예술 | 미술 | 인공	/ˈɑɹt/	명사	An art exhibition
pleasure	즐거움 | 쾌락	/ˈpɫɛʒɝ/	명사	The pleasure of his company
bloody	피의 | 피투성이의 | 심한	/ˈbɫədi/	형용사	Bloody your hands
college	교사 | 단과대학 | 교수진	/ˈkɑɫɪdʒ/	명사	
french	프랑스어 | 프랑스인 | 가늘게 자르다	/ˈfɹɛntʃ/	명사	French the potatoes
involved	말려든 | 깊이 관련된 | 뒤얽힌	/ˌɪnˈvɑɫvd/	형용사	The involved muscles
cry	울다 | 통곡 | 부르짖다	/ˈkɹaɪ/	동사	The cat was crying
impossible	불가능하다 | 불가능 | 무리	/ˌɪmˈpɑsəbəɫ/	형용사	An impossible dream
obviously	분명히	/ˈɑbviəsɫi/	부사	The answer is obviously wrong
neither	어느쪽도 아니다	/ˈnaɪðɝ/	형용사	
accept	용인하다 | 감수하다 | 떠맡다	/ækˈsɛpt/	동사	Accept an argument
boyfriend	남자친구	/ˈbɔɪˌfɹɛnd/	명사	If I'd known he was her boyfriend I wouldn't have asked
besides	더욱이 | 이외에 | 게다가-더하여	/ˌbiˈsaɪdz/	부사	I don't want to go to a restaurant; besides, we can't afford it
queen	여왕 | 왕비 | 면	/ˈkwin/	명사	Her pawn queened
teacher	선생님 | 선생 | 스승	/ˈtitʃɝ/	명사	Books were his teachers
cop	포박하다 | 형사	/ˈkɑp/	명사	
sake	위함	/ˈseɪk/	명사	For the sake of argument
carry	지다 | 캐리 | 감당하다	/ˈkæɹi/	동사	I always carry money
teach	가르치다 | 교수하다 | 선생질하다	/ˈtitʃ/	동사	
apartment	아파트	/əˈpɑɹtmənt/	명사	
upset	지게하다 | 몸을해치다 | 뒤집힌	/ˈəpˌsɛt/	동사	An upset stomach
green	녹색 | 초록색 | 녹색 안료	/ˈɡɹin/	형용사	Fried green tomatoes
la	라	/ˈɫɑ/	명사	
liked		/ˈɫaɪkt/	형용사	A well-liked teacher
cute	눈꼴신 | 귀여운 | 기민한	/ˈkjut/	형용사	A cute little apartment
evil	불행하게 | 해악 | 해롭게	/ˈivəɫ/	명사	An evil influence
professor	지휘자 | 공언자 | 신앙 고백자	/pɹəˈfɛsɝ/	명사	
contact	접촉 | 연락하다 | 교신하다	/ˈkɑnˌtækt/	명사	They kept in daily contact
joke	농담 | 농	/ˈdʒoʊk/	명사	He told a very funny joke
huge	거창하다 | 어마어마하다	/ˈhjudʒ/	형용사	Huge country estates
holy	지성소 | 거룩하다 | 성스럽다	/ˈhoʊɫi/	명사	
store	가게 | 점 | 저장	/ˈstɔɹ/	명사	Store grain for the winter
jail	교도소 | 구치소 | 영창	/ˈdʒeɪɫ/	명사	
lawyer	변호사 | 법률가	/ˈɫɔɪɝ/	명사	
doubt	의심 | 회의 | 의심하다	/ˈdaʊt/	명사	I doubt these reports
continue	계속되다 | 계속하다 | 게속자	/kənˈtɪnju/	동사	Continue the family tradition
appreciate	존중하다 | 시세가오르다 | 음미하다	/əˈpɹiʃiˌeɪt/	동사	The yen appreciated again!
cat	쌍동선 | 육각기 | 재즈연주가	/ˈkæt/	명사	What a cat she is!
shop	엉망으로 | 상가 | 매장	/ˈʃɑp/	명사	I built a birdhouse in shop
driving	운전 | 혹사하는 | 정력적인	/ˈdɹaɪvɪŋ/	형용사	What are you driving at?
congratulations		/kənˌɡɹætʃəˈɫeɪʃənz/	명사	I sent them my sincere congratulations on their marriage
village	촌	/ˈvɪɫədʒ/	명사	
quit	면하여 | 처신하다 | 자유로와	/ˈkwɪt/	동사	Quit teasing your little brother
field	밭 | 영상면 | 산지	/ˈfiɫd/	명사	He planted a field of wheat
james	야곱 | 야고보서	/ˈdʒeɪmz/	명사	
wine	와인 | 기운을 돋우는것	/ˈwaɪn/	명사	Our relatives in Italy wined and dined us for a week
decision	확정 | 원심 | 판별	/dɪˈsɪʒən/	명사	The burden of decision was his
south	남 | 남으로 | 남쪽에서의	/ˈsaʊθ/	명사	The south entrance
sleeping	자고	/ˈsɫipɪŋ/	명사	
slow	늦은 | 더디게 하다 | 지둔	/ˈsɫoʊ/	형용사	He spoke slowly
laughter	웃음 | 웃음기	/ˈɫæftɝ/	명사	He enjoyed the laughter of the crowd
island	섬 | 수동형 | 세포군	/ˈaɪɫənd/	명사	
glass	현미경 | 글라스 | 유리면	/ˈɡɫæs/	명사	Glass in a porch
beginning	시작 | 초급 | 개시	/bɪˈɡɪnɪŋ/	명사	The beginning of the war
cash	현금 | 현찰 | 엽전	/ˈkæʃ/	명사	There is a desperate shortage of hard cash
dying	죽어가는 | 임종 | 꺼져가는	/ˈdaɪɪŋ/	형용사	A dying of old hopes
hundred	백의 | 백달러 | 백사람	/ˈhəndɝd/	형용사	
difference	차이 | 다름 | 차	/ˈdɪfɝəns/	명사	The difference in her is amazing
plane	대패 | 평면 | 추락	/ˈpɫeɪn/	명사	A plane surface
push	일당 | 밀다 | 궁박케 하다	/ˈpʊʃ/	동사	She is pushing fifty
singing	고창 | 성악 | 노래하기	/ˈsɪŋɪŋ/	명사	The kettle was singing
eating	먹기 | 식용의 | 좀먹어 들어가는	/ˈitɪŋ/	명사	What's eating you?
north	북 | 북쪽에 | 북으로	/ˈnɔɹθ/	명사	Let's go north!
mrs	여사	/ˈmɪsɪz/	명사	
tree	나무 | 목본 | 목제품	/ˈtɹi/	명사	Genealogical tree
madam	아씨	/ˈmædəm/	명사	
gift	선물 | 천분	/ˈɡɪft/	명사	
truck	트럭 | 물물교환 | 현물 지급	/ˈtɹək/	명사	Truck fresh vegetables across the mountains
putting		/ˈpətɪŋ/	명사	His putting let him down today; he didn't sink a single putt over three feet
bear	곰 | 참다 | 배겨내다	/ˈbɛɹ/	동사	Bear a signature
board	판 | 위원회 | 널판	/ˈbɔɹd/	명사	The board has seven members
grab	움켜잡기 | 잡아채기 | 집 기계	/ˈɡɹæb/	동사	Grab the elevator door!
beer	맥주 | 맥주같은 | 삐루	/ˈbɪɹ/	명사	
stuck		/ˈstək/	형용사	Stuck in the mud
magic	기술	/ˈmædʒɪk/	명사	Magic signs that protect against adverse influence
support	지지 | 먹이다 | 받침	/səˈpɔɹt/	동사	They called for artillery support
rule	치세 | 해법 | 법칙	/ˈɹuɫ/	명사	Rule the margins
grunt	꿀꿀 거리다 | 불평의 소리 | 해병대원	/ˈɡɹənt/	동사	He grunted his reluctant approval
partner	파트너 | 협도자 | 공동 경영	/ˈpɑɹtnɝ/	명사	Sexual partners
reach	미치다 | 닿다 | 이르다	/ˈɹitʃ/	동사	Outside the reach of the law
wind	바람 | 가스 | 통풍하다	/ˈwaɪnd/	명사	Wind your watch
colonel	대령 | 연대장 | 단당	/ˈkɝnəɫ/	명사	
max		/ˈmæks/	명사	
immediately	당장 | 즉시 | 인접하여	/ˌɪˈmiˌdiətɫi/	부사	He answered immediately
thousand	천	/ˈθaʊzən/	명사	
experience	체험 | 경험담 | 체험하다	/ɪkˈspɪɹiəns/	명사	Experience vertigo
cheer	고맙소 | 응원하다 | 그럼안녕	/ˈtʃɪɹ/	명사	Everybody cheered the birthday boy
victim	산 재물	/ˈvɪktəm/	명사	
computer	컴퓨터 | 전자계산기	/kəmˈpjutɝ/	명사	
christ	제기랄	/ˈkɹaɪst/	명사	
planet	유성 | 혹성 | 운성	/ˈpɫænət/	명사	
bus	버스 | 버스에타고가다 | 여객기	/ˈbəs/	명사	He always rode the bus to work
henry	자기유도계수의 단위	/ˈhɛnɹi/	명사	
dirty	더럽다 | 지저분하다 | 누추	/ˈdɝti/	형용사	A dirty old man
search	찾다 | 알아보다 | 탐색하다	/ˈsɝtʃ/	동사	Right of search
arrest	체포하다 | 저지 | 구류	/ɝˈɛst/	동사	Arrest the progress
holding	파지 | 홀딩 | 파악	/ˈhoʊɫdɪŋ/	명사	What's holding that mirror?
suddenly	갑자기 | 문득 | 돌연히	/ˈsədənɫi/	부사	He stopped suddenly
usually	보통 | 평소에 | 자고로	/ˈjuʒəɫi/	부사	Usually she was late
lots	훨씬 더	/ˈɫɑts/	명사	They drew lots for it
shoes	신발 | 신	/ˈʃuz/	명사	
er	저어 | 에에	/ɝ/	명사	
jump	비약하다 | 움찔하다 | 급등시키다	/ˈdʒəmp/	동사	A jump in attendance
rid		/ˈɹɪd/	동사	Rid the house of pests
knock	노크 | 치기 | 두드리다	/ˈnɑk/	동사	Knock on the door
owe	빚이 있다 | 빚지고 있다 | 힘입다	/ˈoʊ/	동사	She owes me $200
harry	침략하다	/ˈhɛɹi/	동사	He is known to harry his staff when he is overworked
grow	나다 | 길다 | 발전하다	/ˈɡɹoʊ/	동사	We grow wheat here
worst	최악 | 무찌르다 | 최악의 것	/ˈwɝst/	형용사	She suffered worst of all
river	강 | 째는사람 | 하천	/ˈɹɪvɝ/	명사	The river was navigable for 50 miles
aunt	아주머니 | 숙모 | 백모	/ˈænt/	명사	
patient	환자	/ˈpeɪʃənt/	명사	A patient smile
kitchen	부엌 | 주방 | 취사실	/ˈkɪtʃən/	명사	
aah			동사	They oohed and aahed when they unwrapped the presents
fat	지방 | 기름기 | 살찌다	/ˈfæt/	형용사	Pizza has too much fat
final	마지막 | 최종 | 최종시험	/ˈfaɪnəɫ/	형용사	The final answer
summer	여름 | 피서하다 | 한창때	/ˈsəmɝ/	명사	We summered in Kashmir
bob	실링 | 휙움직임 | 짧게자르다	/ˈbɑb/	동사	Bernice bobs her hair these days!
listening	청음 | 청취	/ˈɫɪsənɪŋ/	명사	You can learn a lot by just listening
escape	도망 | 달아나다 | 도망가다	/ɪˈskeɪp/	동사	Their escape route
everywhere	곳곳 | 이곳저곳 | 어디에나	/ˈɛvɹiˌwɛɹ/	부사	He carried a gun everywhere he went
moon	달	/ˈmun/	명사	Moon the audience
arms	병기 | 팔짱	/ˈɑɹmz/	명사	
address	주소 | 제언 | 청원	/ˈæˌdɹɛs/	명사	He always addresses me with `Sir'
match	맞다 | 시합 | 승부	/ˈmætʃ/	동사	Match my sweater
gasp	헐떡거림 | 헐떡거리다 | 열망하다	/ˈɡæsp/	동사	She gave a gasp and fainted
grand	대단하다 | 멋진 | 주되는	/ˈɡɹænd/	형용사	A grand purpose
nervous	겁내는 | 안달복달하는 | 소심한	/ˈnɝvəs/	형용사	Nervous disease
de		/ˈdeɪ/	명사	
choose	선택하다 | 택하다 | 선정하다	/ˈtʃuz/	동사	Choose a good husband for your daughter
decide	결정하다 | 표결하다 | 결심시키다	/ˌdɪˈsaɪd/	동사	The case was decided
mate	항해사 | 마테차잎 | 배우자	/ˈmeɪt/	명사	Birds mate in the Spring
drinking	음주 | 마시기의 | 음용의	/ˈdɹɪŋkɪŋ/	명사	We were up drinking all night
press	인쇄술 | 강제모집 | 누름	/ˈpɹɛs/	동사	Pressed flowers
bother	귀찮게하다 | 괴롭히다 | 번민하다	/ˈbɑðɝ/	동사	A spot of bother
blame	책잡다 | 지탄 | 탓	/ˈbɫeɪm/	동사	It's a blamed shame
crap	배변 | 배변하다 | 배설물	/ˈkɹæp/	명사	
drug	마약 | 제 | 약제	/ˈdɹəɡ/	명사	
type	타입 | 혈액형 | 전형이 되다	/ˈtaɪp/	명사	The capable type
rings	조환	/ˈɹɪŋz/	명사	She had rings on every finger
mission	비행임무 | 천직 | 사명	/ˈmɪʃən/	명사	A confidential mission to London
heaven	천국 | 천당 | 상공	/ˈhɛvən/	명사	
paris	파리	/ˈpæɹɪs/	명사	
race	민족 | 레이스 | 경주하다	/ˈɹeɪs/	명사	The race is to the swift
risk	감행하다 | 모험하다 | 보험금	/ˈɹɪsk/	동사	Why risk your life?
further	그이상의 | 더먼 | 더멀리	/ˈfɝðɝ/	부사	If we further suppose
action	행동 | 동작 | 작용	/ˈækʃən/	명사	A man of action
allow	허용하다 | 지급하다 | 용납하다	/əˈɫaʊ/	동사	Allow for mistakes
learned	학자들	/ˈɫɝnd/	형용사	A learned jurist
price	가격 | 값 | 가치	/ˈpɹaɪs/	명사	What price glory?
arrive	도착하다 | 이르다 | 달하다	/ɝˈaɪv/	동사	She arrived home at 7 o'clock
nick	건강상태 | 깨진곳 | 새김눈	/ˈnɪk/	동사	He's in the nick
otherwise	다른 상태로 | 그렇지 않으면	/ˈəðɝˌwaɪz/	부사	She thought otherwise
fit	알맞다 | 조달하다 | 적합하다	/ˈfɪt/	동사	A fit of coughing
smoke	연기 | 끼다 | 덧없는 것	/ˈsmoʊk/	명사	We never smoked marijuana
favor	부탁 | 혜택	/ˈfeɪvɝ/	동사	The local team was favored
played		/ˈpɫeɪd/	형용사	Gielgud played Hamlet
notice	주의 | 총애 | 통보	/ˈnoʊtəs/	동사	An obituary notice
awesome	두려운	/ˈɑsəm/	형용사	The awesome complexity of the universe
smile	미소 | 웃음 | 웃다	/ˈsmaɪɫ/	동사	She smiled her thanks
director	감독 | 중역 | 지휘자	/daɪˈɹɛktɝ/	명사	
guard	경호원 | 경호관 | 근위대	/ˈɡɑɹd/	명사	Keep your guard up
begin	시작되다 | 시작하다 | 생겨나다	/bɪˈɡɪn/	동사	Her day begins with a workout
spot	자리 | 지점 | 점	/ˈspɑt/	명사	A leopard's spots
surprised	놀란	/səˈpɹaɪzd/	형용사	A surprised expression
innocent	죄없는 | 이없는 | 순결한	/ˈɪnəsənt/	형용사	An innocent child
narrator	서술자 | 나레이터	/ˈnɛɹeɪtɝ/	명사	
london		/ˈɫəndən/	명사	
feelings	감정 | 감 | 심경	/ˈfiɫɪŋz/	명사	The remark hurt his feelings
enemy	적 | 적군적함 | 원수	/ˈɛnəmi/	명사	The enemy attacked at dawn
battle	전투 | 교전	/ˈbætəɫ/	명사	They battled over the budget
dollar	달러	/ˈdɑɫɝ/	명사	He worships the almighty dollar
nine	아홉 | 야구팀	/ˈnaɪn/	형용사	
gay	화류계 | 화류 | 방탕하다	/ˈɡeɪ/	형용사	A gay sunny room
department	과장 | 국 | 부	/dɪˈpɑɹtmənt/	명사	Baking is not my department
guilty	죄가 있는 | 죄에 해당하는	/ˈɡɪɫti/	형용사	Guilty of murder
apart		/əˈpɑɹt/	부사	Born two years apart
earlier		/ˈɝɫiɝ/	부사	Came earlier than I expected
duty	업무 | 임무 | 의무	/ˈdjuti/	명사	We must instill a sense of duty in our children
suit	청원 | 어울리다 | 한 벌	/ˈsut/	명사	This time suits me
bell	방울 | 초인종 | 종	/ˈbɛɫ/	명사	Saved by the bell
west	서쪽 | 서쪽에서의 | 서미 북	/ˈwɛst/	명사	Situated west of Boston
legs	하지	/ˈɫɛɡz/	명사	That old Broadway play really has legs
hero	주인공 | 영웅 | 용사	/ˈhiɹoʊ/	명사	RAF pilots were the heroes of the Battle of Britain
destroy	멸하다 | 헐다	/dɪˈstɹɔɪ/	동사	The fire destroyed the house
stage	무대 | 배우업 | 활동무대	/ˈsteɪdʒ/	명사	All the world's a stage
bunch	송이	/ˈbəntʃ/	명사	A bunch of trees
according	의하면 | 따라.그에 따라서	/əˈkɔɹdɪŋ/	형용사	According to historians
chicken	닭 | 닭고기의 | 겁쟁이	/ˈtʃɪkən/	명사	
bigger		/ˈbɪɡɝ/	형용사	
low	낮게 | 저급한 | 푸대접하여	/ˈɫoʊ/	형용사	A low-down sneak
helping	지원 | 거들어줌 | 조력	/ˈhɛɫpɪŋ/	명사	The helpings were all small
admit	승인하다	/ədˈmɪt/	동사	This pipe admits air
closed	닫은 | 금렵중인 | 금지중인	/ˈkɫoʊzd/	형용사	A closed meeting
names		/ˈneɪmz/	명사	Those are two names for the same thing
witness	목격하다 | 서명하다 | 증언하다	/ˈwɪtnəs/	동사	She witnessed the accident and had to testify in court
upstairs	위층에 | 위층 | 상공에	/əpˈstɛɹz/	부사	An upstairs room
arm	팔 | 팔걸이 | 큰 가지	/ˈɑɹm/	명사	An arm of the sea
steal	훔치다 | 절취하다 | 날치다	/ˈstiɫ/	동사	
jimmy	쇠지렛대	/ˈdʒɪmi/	동사	In Britain they call a jimmy and jemmy
kick	차다 | 차기 | 자극성	/ˈkɪk/	동사	Kick the door down
twice	두번 | 갑절	/ˈtwaɪs/	부사	I called her twice
cross	거역하다 | 걸터타다 | 교배하다	/ˈkɹɔs/	동사	The trains crossed
ways		/ˈweɪz/	명사	He went a long ways
sergeant	중사	/ˈsɑɹdʒənt/	명사	
indeed	하긴 | 실로 | 설마	/ˌɪnˈdid/	부사	Was indeed grateful
gas	가스 | 가속하다 | 기체	/ˈɡæs/	명사	He stepped on the gas
keeping	유지	/ˈkipɪŋ/	명사	He left his car in my keeping
energy	에너지 | 원기 | 기	/ˈɛnɝdʒi/	명사	His writing conveys great energy
pregnant	임신 | 임신한 | 뜻깊은	/ˈpɹɛɡnənt/	형용사	A silence pregnant with suspense
waste	낭비 | 허비 | 낭비되다	/ˈweɪst/	동사	Waste not, want not
fired		/ˈfaɪɝd/	형용사	The soldiers were fired
favorite		/ˈfeɪvɝɪt/	명사	A favorite tourist attraction
taste	맛보다 | 취향 | 심미안	/ˈteɪst/	명사	This tastes of nutmeg
lock	열쇠 | 잠그다 | 자물쇠	/ˈɫɑk/	동사	Lock the bike to the fence
writing	글쓰기 | 문장 | 녹화	/ˈɹaɪtɪŋ/	명사	The doctor's writing was illegible
adam	아담	/ˈædəm/	명사	
prince	왕자 | 공자 | 세자	/ˈpɹɪns/	명사	
form	모양 | 방식 | 식	/ˈfɔɹm/	명사	They formed a company
sold		/ˈsoʊɫd/	형용사	Judas sold Jesus
silly	어리석은 | 천진한	/ˈsɪɫi/	형용사	Don't be a silly
mention	개시 | 이름을 들다 | 언급하다	/ˈmɛnʃən/	동사	There was no mention of it
build	피우다 | 짓다 | 치다	/ˈbɪɫd/	동사	Build detergents
throat	목 | 후문 | 기관	/ˈθɹoʊt/	명사	The throat of the vase
hole	구멍 | 토굴 감옥 | 굿	/ˈhoʊɫ/	명사	He played 18 holes
figured	무늬 있는	/ˈfɪɡjɝd/	형용사	My dress is richly figured
track	경주로 | 선로 | 지나간 자국	/ˈtɹæk/	명사	Track a missile
ringing	울림	/ˈɹɪŋɪŋ/	명사	The ringing of the telephone
leg	다리 | 걷다	/ˈɫɛɡ/	명사	
above	이상 | 위 | 보다 윗자리에	/əˈbəv/	부사	Flaws in the above interpretation
hiding	은닉	/ˈhaɪdɪŋ/	명사	He went into hiding
breakfast	조반	/ˈbɹɛkfəst/	명사	We breakfast at seven
engine	엔진 | 기관차	/ˈɛndʒən/	명사	An engine of change
written	문어 | 성문법 | 필기시험	/ˈɹɪtən/	형용사	Written evidence
complete	완결하다 | 마치다 | 완비한	/kəmˈpɫit/	형용사	A complete meal
video	비디오	/ˈvɪdioʊ/	명사	She is a star of screen and video
applause	박수 | 박수갈채 | 성원	/əˈpɫɔz/	명사	
however	그럴지라도 | 아무리 일지라도 | 금성철벽	/ˌhaʊˈɛvɝ/	부사	However he did it, it was very clever
pressure	압력 | 곤경하다 | 압	/ˈpɹɛʃɝ/	명사	He used pressure to stop the bleeding
fresh	신선하다 | 원기좋은 | 경험이없는	/ˈfɹɛʃ/	형용사	Fresh vegetables
weapon	무기 | 흉기 | 병기	/ˈwɛpən/	명사	He was licensed to carry a weapon
sky	하늘 | 몹시 칭찬하다	/ˈskaɪ/	명사	
stole	영대	/ˈstoʊɫ/	명사	Someone stole my wallet on the train
study	공부 | 공부하다 | 애씀	/ˈstədi/	명사	He is a quick study
burn	화상 | 소작하다 | 태우다	/ˈbɝn/	동사	My eyes are burning
reading	독서 | 낭독회 | 독서력	/ˈɹɛdɪŋ/	명사	Suggestions for further reading
crowd	떼쓰다 | 군중 | 많은 수	/ˈkɹaʊd/	명사	The students crowded the auditorium
treat	상담하다 | 향응하다 | 한턱	/ˈtɹit/	동사	Treat an oil spill
roll	굴러가다 | 굴리다 | 굽이치기	/ˈɹoʊɫ/	동사	Yarn rolls well
double	이중 | 표리가 있는 | 갑절	/ˈdəbəɫ/	동사	The dose is doubled
spirit	정신 | 영혼 | 유령	/ˈspɪɹət/	명사	His spirit rose
danger	위험 | 위험이 있다	/ˈdeɪndʒɝ/	명사	You are in no danger
cost	수가 | 대가 | 들게하다	/ˈkɑst/	명사	These shoes cost $100
empty	비우다 | 빈 | 골허하다	/ˈɛmpti/	형용사	Empty the water
level	수준 | 낮추다 | 돌리다	/ˈɫɛvəɫ/	명사	Level the ground
memory	기억 | 추억 | 기억력	/ˈmɛmɝi/	명사	He can do it from memory
acting	연기 | 대리의	/ˈæktɪŋ/	명사	She's just acting
interest	이자 | 흥미 | 득	/ˈɪntɝəst/	명사	An interest in music
nose	코 | 정보원 | 냄새맡다	/ˈnoʊz/	명사	Keep your nose out of it
following	후에 | 이어 | 문하	/ˈfɑɫoʊɪŋ/	형용사	A following wind
bathroom	화장실 | 욕실	/ˈbæˌθɹum/	명사	
built		/ˈbɪɫt/	형용사	The built liquid detergents
closer	최종회 | 폐색기 | 닫는 것	/ˈkɫoʊsɝ/	부사	Come closer, my dear!
ray	설상화 | 열선 | 복사선	/ˈɹeɪ/	명사	That tower rays a laser beam for miles across the sky
sarah	사라	/ˈsɛɹə/	명사	
band	밴드 | 무리 | 악대-단결하다	/ˈbænd/	명사	He noted that she wore a wedding band
groan	신음 | 신음하다 | 으르렁거리다	/ˈɡɹoʊn/	동사	The students groaned when the professor got out the exam booklets
apparently	명백히	/əˈpɛɹəntɫi/	부사	She has apparently been living here for some time
excited	흥분한	/ɪkˈsaɪtəd/	형용사	
animal	금수 | 동물 | 짐승	/ˈænəməɫ/	명사	Animal instincts
flight	도주 | 날기 | 쏘다	/ˈfɫaɪt/	명사	A flight of fancy
nature	자연 | 성질 | 성격	/ˈneɪtʃɝ/	명사	The laws of nature
raise	올림 | 높이다 | 승급	/ˈɹeɪz/	동사	Raise my salary
pop	전당 | 뻥하고 | 뻥 뽑다	/ˈpɑp/	동사	Everything went pop
client	의뢰인 | 클라이언트 | 예속 평민	/ˈkɫaɪənt/	명사	
bomb	폭탄 | 폭격하다 | 폭탄선언	/ˈbɑm/	명사	The Americans bombed Dresden
neck	목 | 네킹하다 | 마지막단	/ˈnɛk/	명사	The horse won by a neck
suspect	용의자 | 혐의자	/ˈsəsˌpɛkt/	동사	Her motives were suspect
warm	따뜻하다 | 몹시더운 | 흠분한	/ˈwɔɹm/	형용사	A warm greeting
extra	엑스트라 | 가외로 | 가외물건	/ˈɛkstɹə/	형용사	Need extra help
bottle	병 | 담기다 | 담다	/ˈbɑtəɫ/	명사	Bottle the mineral water
van	유개트럭 | 유개 화차	/ˈvæn/	명사	
heavy	무겁다 | 다액의 | 악인역	/ˈhɛvi/	형용사	Heavy artillery
mommy		/ˈmɑmi/	명사	
wild	미개지 | 야성 | 빗나간	/ˈwaɪɫd/	형용사	Wild with anger
ridiculous	터무니 없이 | 우스꽝스럽게 | 우스꽝스럽다	/ɹɪˈdɪkjəɫəs/	형용사	Her conceited assumption of universal interest in her rather dull children was ridiculous
simply	단순히 | 간략히 | 비단	/ˈsɪmpɫi/	부사	We are simply broke
lee	비호 | 찌끼	/ˈɫi/	명사	
billy	경찰봉	/ˈbɪɫi/	명사	
shooting	수렵 | 총사냥 | 발사	/ˈʃutɪŋ/	명사	His shooting was slow but accurate
camp	캠프 | 산장 | 천막생활	/ˈkæmp/	명사	The living room was pure camp
medical	개업의 | 내과적인 | 의료의	/ˈmɛdəkəɫ/	형용사	A medical student
shame	부끄러움 | 부끄럼 | 쪽팔리다	/ˈʃeɪm/	명사	She shamed him into making amends
bird	새 | 명금류	/ˈbɝd/	명사	
majesty	폐하 | 위엄 | 장엄	/ˈmædʒəsti/	명사	
flower	꽃 | 만개 | 화초	/ˈfɫaʊɝ/	명사	
famous	명과 | 당산 | 명기	/ˈfeɪməs/	형용사	
asleep	잠들어 | 마비되어 | 영면하여	/əˈsɫip/	형용사	My foot is asleep
beauty	여인 | 미 | 아름다움	/ˈbjuti/	명사	
driver	운전사 | 운전기사 | 운전자	/ˈdɹaɪvɝ/	명사	
rain	비 | 비가 오다 | 비오듯 하다	/ˈɹeɪn/	명사	A rain of bullets
awful	두려운 | 무서운	/ˈɑfəɫ/	형용사	I'm awful sorry
large	크다 | 대형 | 과대하게	/ˈɫɑɹdʒ/	형용사	A large sympathy
local	국부적인 | 소구간 | 소구간의	/ˈɫoʊkəɫ/	형용사	A local bus line
deserve		/dɪˈzɝv/	동사	You deserve a promotion after all the hard work you have done
goddamn	망할 | 빌어먹을	/ˈɡɑdˌdæm/	형용사	Oh, damn (or goddamn)!
stone	스톤 | 석재 | 막사기	/ˈstoʊn/	명사	He must have a heart of stone
grace	천혜 | 얌전함 | 은고	/ˈɡɹeɪs/	명사	Their youngest son said grace
consider	고찰하다 | 여기다 | 고려	/kənˈsɪdɝ/	동사	You must consider her age
weekend	주말	/ˈwiˌkɛnd/	명사	
wondering		/ˈwəndɝɪŋ/	형용사	
lay	꼬인자리 | 덤벼들다 | 저장하다	/ˈɫeɪ/	동사	The lay ministry
plenty	상당수 | 충분한 | 많음	/ˈpɫɛni/	명사	I've had plenty, thanks
willing	기꺼이 하는	/ˈwɪɫɪŋ/	형용사	Willing helpers
pants	바지 | 드로즈 | 팬츠	/ˈpænts/	명사	
sweetheart	연인 | 연애하다	/ˈswitˌhɑɹt/	명사	He's a sweetheart
skin	피부 | 살갗 | 살가죽	/ˈskɪn/	명사	The skin of an airplane
excellent	우수하다 | 위인 | 잘나다	/ˈɛksəɫənt/	형용사	Made an excellent speech
asshole		/ˈæshoʊɫ/	명사	
beach	바닷가 | 해변 | 호반	/ˈbitʃ/	명사	The ship beached near the port
faith	종교 | 신념 | 신심	/ˈfeɪθ/	명사	They broke faith with their investors
beg	구걸하다 | 애걸하다 | 보채다	/ˈbɛɡ/	동사	Beg the question
responsible	원인인 | 분별있는	/ɹiˈspɑnsəbəɫ/	형용사	A responsible adult
military	군용의 | 군인다운	/ˈmɪɫəˌtɛɹi/	형용사	Military police
cheering	성원	/ˈtʃɪɹɪŋ/	명사	
opportunity	기회 | 시기 | 계제	/ˌɑpɝˈtunəti/	명사	The holiday gave us the opportunity to visit Washington
common	일반 | 범상 | 서민의	/ˈkɑmən/	형용사	A common sailor
bottom	아래 | 밑 | 하단	/ˈbɑtəm/	명사	Bottom the chairs
german	독일어 | 독일사람	/ˈdʒɝmən/	명사	German literature
cook	요리하다 | 요리사 | 삶다	/ˈkʊk/	동사	Cook me dinner, please
papers	서류	/ˈpeɪpɝz/	명사	He has written many scientific papers
justice	적법 | 정의 | 법의 시행	/ˈdʒəstəs/	명사	
hall	조합본부 | 교사 | 저택	/ˈhɔɫ/	명사	Halls of learning
commander	부함장 | 경시장 | 사령관	/kəˈmændɝ/	명사	
main	큰길 | 본관 | 중요 부분	/ˈmeɪn/	형용사	By main strength
knife	칼 | 과도 | 나이프	/ˈnaɪf/	명사	The victim was knifed to death
devil	악마 | 짓찢다 | 악인	/ˈdɛvəɫ/	명사	
necessary	필수 | 필수적 | 필연적	/ˈnɛsəˌsɛɹi/	형용사	The necessary consequences of one's actions
princess	왕녀 | 왕자비 | 황녀	/ˈpɹɪnsɛs/	명사	
flying	나는 | 비행 | 솜나부랑이	/ˈfɫaɪɪŋ/	형용사	Fast-flying planes
dick	남성	/ˈdɪk/	명사	
rose	장미 | 명화 | 로제	/ˈɹoʊz/	명사	They rose early
knowing	알고 있는	/ˈnoʊɪŋ/	형용사	Knowing instructors
clearly	똑똑히 | 소상히 | 뚜럿하게	/ˈkɫɪɹɫi/	부사	They were clearly lost
hat	모자 | 공손히	/ˈhæt/	명사	He took off his politician's hat and talked frankly
agreed	동의하여 | 협정한 | 일치한	/əˈɡɹid/	형용사	He agreed to leave her alone
johnny	속칭 | 맵시꾼	/ˈdʒɑni/	명사	
corner	코너 | 모퉁이 | 길모퉁이	/ˈkɔɹnɝ/	명사	The car corners
code	코드 | 신호법 | 약호	/ˈkoʊd/	명사	Code the pieces with numbers so that you can identify them later
note	노트 | 곡조 | 단신	/ˈnoʊt/	동사	It ended on a sour note
due	당연할 | 돌여야할 | 마땅히	/ˈdju/	형용사	All due respect
correct	맞다 | 규정하다 | 옳다	/kɝˈɛkt/	동사	Correct behavior
apologize	사과하다 | 사죄하다	/əˈpɑɫəˌdʒaɪz/	동사	I apologized for being late
language	언어 | 언사	/ˈɫæŋɡwədʒ/	명사	He uttered harsh language
faster		/ˈfæstɝ/	부사	Grass courts are faster than clay
folks		/ˈfoʊks/	명사	He wrote to his folks every day
bullshit	별소리	/ˈbʊɫˌʃɪt/	동사	I put up with a lot of bullshit from that jerk
fellow	녀석 | 놈 | 동료	/ˈfɛɫoʊ/	명사	There's a fellow at the door
several	몇몇 | 몇몇의 | 몇개의	/ˈsɛvɝəɫ/	형용사	Three several times
grandma		/ˈɡɹændmɑ/	명사	
leader	지도자 | 영수 | 굴지	/ˈɫidɝ/	명사	
leaf	잎 | 한장 | 엽	/ˈɫif/	명사	Leaf a manuscript
restaurant	식당 | 음식점 | 요리점	/ˈɹɛsˌtɹɑnt/	명사	
east	동 | 동쪽 | 동족으로에	/ˈist/	명사	Located east of Rome
shouting	고함 소리 | 호통	/ˈʃaʊtɪŋ/	명사	It's all over but the shouting
blind	눈먼 | 맹목적 | 차일	/ˈbɫaɪnd/	형용사	Blind to a lover's faults
ghost	귀신 | 환영 | 유령	/ˈɡoʊst/	명사	He looked like he had seen a ghost
cup	컵 | 잔 | 깍정이	/ˈkəp/	명사	The cup of her bra
tight	아담한 | 타이츠 | 핍박한	/ˈtaɪt/	형용사	A tight drumhead
conversation	대화 | 이야기 | 좌담	/ˌkɑnvɝˈseɪʃən/	명사	
hanging	급경사 | 급경사의 | 걸린 것	/ˈhæŋɡɪŋ/	명사	The cold castle walls were covered with hangings
speed	속도 | 해나가다 | 속력	/ˈspid/	명사	I got a ticket for speeding
health	건강 | 건강 상태 | 건전	/ˈhɛɫθ/	명사	His delicate health
advice	충고 | 조언 | 통지	/ædˈvaɪs/	명사	
held		/ˈhɛɫd/	형용사	The bridge held
murdered		/ˈmɝdɝd/	형용사	The murdered woman
beyond	너머 | 넘어서 | 저쪽편에	/ˌbiˈɔnd/	부사	Through the valley and beyond
hardly	가혹하게 | 하자마자 | 고생하여	/ˈhɑɹdɫi/	부사	We hardly knew them
possibly	까딱하면	/ˈpɑsəbɫi/	부사	We may possibly run into them at the concert
inspector	경위 | 장학사 | 감정사	/ˌɪnˈspɛktɝ/	명사	
cousin	사촌 | 사촌간 | 종형	/ˈkəzən/	명사	
trial	재판 | 심리 | 시행 착오	/ˈtɹaɪəɫ/	명사	A sample for ten days free trial
emergency	긴급 | 비상 | 비상사태	/ˈimɝdʒənsi/	명사	He never knew what to do in an emergency
somehow	어쩐지 | 좌우간 | 어떻든지	/ˈsəmˌhaʊ/	부사	They managed somehow
hearing	청문회 | 가청거리 | 청위	/ˈhiɹɪŋ/	명사	His hearing was impaired
account	계좌 | 계산서 | 계정	/əˈkaʊnt/	명사	Don't do it on my account
spoke	가로장	/ˈspoʊk/	명사	The drums spoke
file	파일 | 서류철 | 정리카드	/ˈfaɪɫ/	동사	File for divorce
understood		/ˌəndɝˈstʊd/	형용사	The understood provisos of a custody agreement
angel	천사 | 재정적후원자	/ˈeɪndʒəɫ/	명사	
tape	테이프 | 끈 | 줄자	/ˈteɪp/	명사	He broke the tape in record time
milk	우유	/ˈmɪɫk/	명사	Cows need to be milked every morning
powerful	유세 | 강력한 | 유력	/ˈpaʊɝfəɫ/	형용사	A powerful bomb
practice	연습 | 연습하다 | 실천	/ˈpɹæktəs/	명사	Practice safe sex
manager	처리자 | 교섭 위원 | 관리인	/ˈmænədʒɝ/	명사	
pardon	용서 | 면죄부 | 용서하다	/ˈpɑɹdən/	동사	Ford pardoned Nixon
vote	투표 | 표결 | 부결하다	/ˈvoʊt/	동사	Vote one's conscience
national	전국적 | 국립의 | 국유의	/ˈnæʃənəɫ/	형용사	National anthem
career	전문적인 | 생애 | 이력도	/kɝˈɪɹ/	명사	He had a long career in the law
minister	공사 | 각료 | 정승	/ˈmɪnəstɝ/	명사	Minister of Finance
super	특급품의 | 특등품 | 여분의 것	/ˈsupɝ/	형용사	A super experiment
robert		/ˈɹɑbɝt/	명사	
natural	자연적 | 천연 | 자연적인	/ˈnætʃɝəɫ/	형용사	Natural science
dancing	무용 | 무도	/ˈdænsɪŋ/	명사	
copy	카피 | 광고문 | 복사하다	/ˈkɑpi/	명사	Copy that drawing
plus	더하기의	/ˈpɫəs/	명사	A grade of C plus
martin	흰털발제비	/ˈmɑɹtən/	명사	
cake	케이크 | 한개 | 뭉쳐지다	/ˈkeɪk/	명사	
freedom	자유 | 자유독립 | 자유사용권	/ˈfɹidəm/	명사	
breath	한숨 | 숨 | 호흡	/ˈbɹɛθ/	명사	His sour breath offended her
operation	가동 | 작동 | 군사행동	/ˌɑpɝˈeɪʃən/	명사	A multinational operation
crew	선원 | 크루 | 승무원	/ˈkɹu/	명사	
challenge	도전 | 수하하다 | 촉구하다	/ˈtʃæɫəndʒ/	동사	She challenged his claims
market	시장 | 시가 | 판로	/ˈmɑɹkət/	명사	We go marketing every Saturday
meat	고기 | 짬밥	/ˈmit/	명사	
bringing	관철	/ˈbɹɪŋɪŋ/	명사	
student	학생 | 학교생활 | 생도	/ˈstudənt/	명사	
lied	리드 | 가곡	/ˈɫaɪd/	명사	She lied when she told me she was only 29
strength	강하기 | 세기 | 농도	/ˈstɹɛŋkθ/	명사	The strength of the drinks
size	크기 | 사이즈 | 반수	/ˈsaɪz/	명사	Average-size house
breathe	쉬다 | 살아있다 | 선들거리다-불어넣다	/ˈbɹið/	동사	Not breathe a word
color	색깔 | 색 | 컬러	/ˈkəɫɝ/	명사	Fall colored the trees
monster	거수 | 괴수 | 마물	/ˈmɑnstɝ/	명사	
loud	불쾌히 | 극성스러운 | 소리가 큰	/ˈɫaʊd/	형용사	Loud sport shirts
photo		/ˈfoʊˌtoʊ/	명사	
nearly	하마터면 | 꼼꼼하게 | 대충	/ˈnɪɹɫi/	부사	He nearly fainted
sight	목격 | 힐끗봄 | 시각	/ˈsaɪt/	명사	Out of sight of land
greatest	최대	/ˈɡɹeɪtəst/	형용사	
bridge	다리 | 함교 | 브릿지	/ˈbɹɪdʒ/	명사	Her glasses left marks on the bridge of her nose
dressed		/ˈdɹɛst/	형용사	Neatly dressed workers
horrible	참담하다	/ˈhɔɹəbəɫ/	형용사	War is beyond all words horrible
coach	코치 | 공식마차 | 보통객차	/ˈkoʊtʃ/	명사	She is coaching the crew
planning	기획 | 계획화 | 마련	/ˈpɫænɪŋ/	명사	He is planning a trip with his family
checked	바둑판무늬의	/ˈtʃɛkt/	형용사	The dog checked
breaking	단선 | 파괴	/ˈbɹeɪkɪŋ/	명사	His voice is breaking--he should no longer sing in the choir
noticed		/ˈnoʊtəst/	형용사	An easily noticed effect on the rate of growth
fantastic	기묘한 | 상상의 | 원대	/fænˈtæstɪk/	형용사	The film was fantastic!
scream	비명 | 깔깔대다 | 치다	/ˈskɹim/	동사	He heard the scream of the brakes
serve	시중하다 | 접대하다 | 봉사하다	/ˈsɝv/	동사	May I serve you?
investigation	조사 | 수사 | 진찰	/ˌɪnˌvɛstəˈɡeɪʃən/	명사	
center	센터 | 중부 | 중	/ˈsɛnɝ/	명사	It is in the center of town
older		/ˈoʊɫdɝ/	형용사	The older soldiers
pack	팩 | 보따리 | 넣다	/ˈpæk/	동사	Pack the faucet
soldier	전사 | 병사 | 군사	/ˈsoʊɫdʒɝ/	명사	The soldiers stood at attention
nonsense	넌센스 | 넌센스시 | 의시	/ˈnɑnsɛns/	명사	Nonsense syllables
doc		/ˈdɑk/	명사	
project	프로젝트 | 영사하다 | 투영하다	/ˈpɹɑdʒɛkt/	동사	Project a missile
training	훈련 | 컨디션 | 트레이닝	/ˈtɹeɪnɪŋ/	명사	She is training to be a teacher
example	예 | 본 | 보기	/ɪɡˈzæmpəɫ/	명사	I profited from his example
trick	계교 | 요술부리다 | 속여서 시키다	/ˈtɹɪk/	명사	He played a trick on me
prepared	조제된	/pɹiˈpɛɹd/	형용사	A prepared statement
science	과학 | 기술 | 학술	/ˈsaɪəns/	명사	The science of genetics
united	결합한	/juˈnaɪtɪd/	형용사	Presented a united front
travel	여행하다 | 팔고다니다 | 이동하다	/ˈtɹævəɫ/	동사	Travel the oceans
incredible	놀라운 | 굉장한 | 믿어지지 않는	/ˌɪnˈkɹɛdəbəɫ/	형용사	At incredible speed
grandpa		/ˈɡɹændˌpɑ/	명사	
paying		/ˈpeɪɪŋ/	형용사	
character	캐릭터 | 글자 | 성격	/ˈkɛɹɪktɝ/	명사	A real character
teeth		/ˈtiθ/	명사	The treaty had no teeth in it
criminal	범인 | 죄인 | 형사	/ˈkɹɪmənəɫ/	명사	A criminal offense
charles		/ˈtʃɑɹəɫz/	명사	
chinese	중국어 | 중국말 | 중국 사람	/tʃaɪˈniz/	형용사	
truly	참 | 진실로 | 정확히	/ˈtɹuɫi/	부사	A truly awful book
honestly	진실로 | 정직하게	/ˈɑnəsɫi/	부사	Honestly, I don't believe it
survive	살아남다 | 잔존하다 | 후까지 생존하다	/sɝˈvaɪv/	동사	He survived the cancer against all odds
bobby	경관	/ˈbɑbi/	명사	
target	목표액 | 표적 | 대상자	/ˈtɑɹɡət/	명사	The target of a manhunt
feed	공급재료 | 먹이다 | 식사공급	/ˈfid/	동사	This dish feeds six
nurse	간호사 | 신장하다 | 빨다	/ˈnɝs/	동사	He nursed his cold with Chinese herbs
fake	가짜 | 엉터리 | 한사리	/ˈfeɪk/	형용사	He faked the signature
breathing	미풍 | 발성 | 숨결	/ˈbɹiðɪŋ/	명사	The heavy-breathing person on the telephone
sweetie	단 과자	/ˈswiti/	명사	
numbers	민수기	/ˈnəmbɝz/	명사	It was one of the best numbers he ever did
oil	오일 | 유류 | 녹다	/ˈɔɪɫ/	명사	Oil the wooden surface
suicide	자살 | 자살자 | 자멸	/ˈsuəˌsaɪd/	명사	It is a crime to commit suicide
belong	것이다 | 에속하다	/bɪˈɫɔŋ/	동사	This book belongs to me
perfectly	완전히	/ˈpɝfəkɫi/	부사	You're perfectly right
forgotten	황무지	/fɝˈɡɑtən/	형용사	He was scolded for his forgotten chores
remain	남다 | 유고 | 유족	/ɹiˈmeɪn/	동사	He remained unmoved by her tears
original	독창적 | 신기하다 | 원물	/ɝˈɪdʒənəɫ/	형용사	An original mind
papa		/ˈpɑˌpə/	명사	
concerned	관심을 가진 | 걱정스러운	/kənˈsɝnd/	형용사	Was concerned about the future
credit	신용하다 | 수료증명 | 신용장	/ˈkɹɛdət/	명사	Give her credit for trying
invite	초청하다 | 벌다 | 초래하다	/ˌɪnˈvaɪt/	동사	Invite criticism
discuss	논하다 | 토론하다 | 토의하다	/dɪˈskəs/	동사	We discussed our household budget
research	연구 | 연구하다 | 연구심	/ˈɹisɝtʃ/	명사	The student researched the history of that word
view	경관 | 공개하여 | 전망	/ˈvju/	명사	View an exhibition
chair	의자 | 체어 | 대학교수의 직	/ˈtʃɛɹ/	명사	He is second chair violin
strike	결산하다 | 맞히다 | 찌어내다	/ˈstɹaɪk/	동사	Strike a balance
fill	가득하다 | 담기다 | 담다	/ˈfɪɫ/	동사	Fill a container
condition	조건 | 컨디션 | 상태	/kənˈdɪʃən/	명사	A skin condition
mountain	산 | 뫼 | 당산	/ˈmaʊntən/	명사	
nowhere	아무짝에도 | 별볼일 없는 | 어디에도 없다	/ˈnoʊˌwɛɹ/	부사	I am going nowhere
sheriff	보안관 | 주 장관	/ˈʃɛɹəf/	명사	
turning	녹로세공 | 굴곡	/ˈtɝnɪŋ/	명사	The wheels are turning
brown	갈색 | 다갈색 | 밤색	/ˈbɹaʊn/	형용사	Brown the meat in the pan
recognize	표창하다 | 알아주다 | 인지하다	/ˈɹɛkəɡˌnaɪz/	동사	Recognize an academic degree
audience	과객 | 알현 | 독자	/ˈɑdiəns/	명사	The audience applauded
jealous		/ˈdʒɛɫəs/	형용사	A jealous lover
pretend	공상상의 | 체하다 | 광대짓	/pɹiˈtɛnd/	동사	It was just pretend
society	세상 | 사회 | 세인	/səˈsaɪəti/	명사	They formed a small lunch society
finding		/ˈfaɪndɪŋ/	명사	An area rich in archaeological findings
shirt	셔츠	/ˈʃɝt/	명사	
comfortable	안락하다 | 기분이 좋은 | 푸근하다	/ˈkəmfɝtəbəɫ/	형용사	Comfortable clothes
meaning	의미 | 주지 | 의의	/ˈminɪŋ/	명사	What is the meaning of this sentence
guest	내방자 | 빈객 | 나그네	/ˈɡɛst/	명사	
dry	가무는 | 널다 | 바싹마른	/ˈdɹaɪ/	동사	A dry river bed
letting	임대 | 셋집 | 전세아파트	/ˈɫɛtɪŋ/	명사	
female	여성 | 여자 | 암컷	/ˈfiˌmeɪɫ/	명사	Female suffrage
release	발매하다 | 방출하다 | 투하하다	/ɹiˈɫis/	동사	The plant releases a gas
ho	흥	/ˈhoʊ/	명사	
cards		/ˈkɑɹdz/	명사	He collected cards and traded them with the other boys
pray	기도하다 | 빌다 | 간원하다	/ˈpɹeɪ/	동사	Pray to the Lord
unfortunately	불행하게도	/ənˈfɔɹtʃənətɫi/	부사	Unfortunately it rained all day
destroyed	결딴나다	/dɪˈstɹɔɪd/	형용사	The fire destroyed the house
ended		/ˈɛndəd/	형용사	This sad scene ended the movie
universe	우주 | 전세계 | 만물	/ˈjunəˌvɝs/	명사	They study the evolution of the universe
prepare	준비하다 | 차리다 | 조리하다	/pɹiˈpɛɹ/	동사	Prepare for war
opinion	의견 | 좋게생각하다	/əˈpɪnjən/	명사	My opinion differs from yours
wash	씻다 | 씻어내다 | 감다	/ˈwɑʃ/	동사	Wash the towels, please!
program	프로그램 | 프로 | 예정	/ˈpɹoʊˌɡɹæm/	명사	Program the 80th birthday party
heat	더위 | 열 | 열기	/ˈhit/	명사	The sun heats the oceans
usual	일반 | 일상 | 언제나의	/ˈjuʒəwəɫ/	형용사	The usual greeting
ticket	승차권 | 게시표 | 셋집 표찰	/ˈtɪkət/	명사	Ticketed passengers can board now
prefer	선호하다	/pɹəˈfɝ/	동사	We prefer sleeping outside
aware	깨닫고 | 알아차리고	/əˈwɛɹ/	형용사	Became aware of her surroundings
surely	안전하게 | 기필코	/ˈʃʊɹɫi/	부사	The results are surely encouraging
male	남성 | 남성의 | 사나이	/ˈmeɪɫ/	명사	A male holly tree
base	염기 | 저음 | 기지	/ˈbeɪs/	동사	The base of the lamp
lift	올림 | 걷힘 | 승강기	/ˈɫɪft/	동사	Lift one's eyes
lab	노동 자문위원회	/ˈɫæb/	명사	
command	명령 | 지휘 | 명형하다	/kəˈmænd/	명사	An admiral in command
proof	증거 | 견디는 | 증언	/ˈpɹuf/	명사	Temptation-proof
cream	크림 | 편한 | 유지	/ˈkɹim/	명사	Cream the butter
selling	판매 | 팔리는 | 매업	/ˈsɛɫɪŋ/	명사	
create	창조하다 | 창성하다 | 창작하다	/kɹiˈeɪt/	동사	Create one a peer
afford	돌리다 | 여유가 있다	/əˈfɔɹd/	동사	Can you afford this car?
sunday	일요일 | 안식일	/ˈsənˌdeɪ/	명사	
total	누계 | 연 | 합계이 되다	/ˈtoʊtəɫ/	형용사	A total failure
dumb	말못하는 | 말이없는 | 말문이 막힌	/ˈdəm/	형용사	Dumb officials make some really dumb decisions
france	프랑스	/ˈfɹæns/	명사	
birth	탄생 | 가문 | 출생	/ˈbɝθ/	명사	They divorced after the birth of the child
realized		/ˈɹiəˌɫaɪzd/	형용사	The joy of a realized ambition overcame him
british	영국인의	/ˈbɹɪtɪʃ/	형용사	His wife is British
noise	소리 | 소음 | 엉터리말	/ˈnɔɪz/	명사	He enjoyed the street noises
nuts	시시해 | 제기랄	/ˈnəts/	형용사	
social	사회적인 | 친목회	/ˈsoʊʃəɫ/	형용사	A social director
brilliant	번쩍번쩍하는 | 찬란하게빛나는	/ˈbɹɪɫjənt/	형용사	A brilliant mind
tie	매다 | 동점 | 묶다	/ˈtaɪ/	동사	I am tied to UNIX
opened		/ˈoʊpənd/	형용사	The door opened
buck	수사슴 | 뛰어오르다	/ˈbək/	동사	The yung filly bucked
mister	형씨 | 여보시오 | 나리	/ˈmɪstɝ/	명사	
ugly	못생기다 | 추한 | 꾀 까다로운	/ˈəɡɫi/	형용사	An ugly frame of mind
focus	중심 | 병소 | 진원	/ˈfoʊkəs/	명사	The light focused
exist	존재하다 | 실재하다 | 실존하다	/ɪɡˈzɪst/	동사	He could barely exist on such a low wage
england	영국 | 잉글랜드	/ˈɪŋɡɫənd/	명사	
draw	그려지다 | 뽑다 | 뽑아내다	/ˈdɹɔ/	동사	Draw me a horse
purpose	목적 | 의사 | 셈	/ˈpɝpəs/	명사	He is a man of purpose
letters	문자	/ˈɫɛtɝz/	명사	He is a man of letters
daniel	명주암투 | 다니엘서 | 명재판관	/ˈdænjəɫ/	명사	A Daniel come to judgment
opening	개통 | 구경 | 시작의	/ˈoʊpənɪŋ/	명사	The play's opening scene
bullet	총탄 | 총탄환 | 소총탄	/ˈbʊɫət/	명사	
anna		/ˈænə/	명사	
lately	요새 | 최근에	/ˈɫeɪtɫi/	부사	Lately the rules have been enforced
falling	감퇴하는 | 하락하는 | 낙하	/ˈfɑɫɪŋ/	형용사	Falling incomes
season	시절 | 시즌 | 시기	/ˈsizən/	명사	It was the Christmas season
suggest	말을꺼내다 | 내비치다 | 암시하다	/səˈdʒɛst/	동사	The evidence suggests a need for more clarification
joy	신 | 기쁨거리 | 흥	/ˈdʒɔɪ/	명사	A joy to behold
distance	거리 | 앞 지르다	/ˈdɪstəns/	명사	Emotional distance
responsibility	책임 | 부담 | 책무	/ɹiˌspɑnsəˈbɪɫəti/	명사	He holds a position of great responsibility
issue	논점 | 발급 | 발행하다	/ˈɪʃu/	동사	A new issue of stamps
process	절차 | 방식 | 영장	/ˈpɹɑˌsɛs/	명사	The process of denial
sword	검	/ˈsɔɹd/	명사	
shower	샤워 | 쏟아짐 | 빗발 치듯함	/ˈʃaʊɝ/	명사	He was showered with praise
weak	내림세인 | 약세인 | 쇠락	/ˈwik/	형용사	A weak president
lonely	외따로 | 외로운 | 막막궁산	/ˈɫoʊnɫi/	형용사	A lonely existence
happiness	행복 | 복 | 좇다	/ˈhæpinəs/	명사	
tiny		/ˈtaɪni/	형용사	
desk	탁자 | 편집부	/ˈdɛsk/	명사	
pool	건돈 | 유층 | 천연가스층	/ˈpuɫ/	명사	A secretarial pool
property	재산 | 물성 | 소유지	/ˈpɹɑpɝti/	명사	That hat is my property
forced	불가불 | 억지의	/ˈfɔɹst/	형용사	A forced landing
settle	식민하다 | 정치하다 | 조용해지다	/ˈsɛtəɫ/	동사	He finally settled down
indistinct	은은하다 | 몽롱하다	/ˌɪndɪˈstɪŋkt/	형용사	An indistinct memory
weight	무게 | 형량 | 가중치	/ˈweɪt/	명사	His opinion carries great weight
received	받아들여진 | 믿어지고 있는 | 용인되다	/ɹəˈsivd/	형용사	He received Christ
gang	놀이친구 | 일당 | 한 벌	/ˈɡæŋ/	명사	Police tried to break up the gang
bite	물다 | 물어뜯다 | 부식하다	/ˈbaɪt/	동사	The bite of satire
friday	금요일 | 금요일에	/ˈfɹaɪˌdeɪ/	명사	
disappear	사라지다 | 소멸하다 | 소실하다	/ˌdɪsəˈpiɹ/	동사	He disappeared without a trace
interview	인터뷰 | 면접 | 면담	/ˈɪntɝvˌju/	동사	We interviewed the job candidates
kinda		/ˈkɪndə/	부사	
surgery	수술 | 외과 | 수술실	/ˈsɝdʒɝi/	명사	He died while undergoing surgery
mayor	시장	/ˈmeɪɝ/	명사	
babe	숫보기	/ˈbeɪb/	명사	
ancient	고래의 | 옛 | 서경	/ˈeɪnʃənt/	형용사	Ancient history
handsome	활수한	/ˈhænsəm/	형용사	A handsome allowance
thomas		/ˈtɑməs/	명사	
saturday	토요일 | 토요	/ˈsæˌtɪˌdeɪ/	명사	
staff	지탱 | 막대기 | 장대	/ˈstæf/	명사	This position is not always staffed
unit	한사람 | 학점 | 분단	/ˈjunət/	명사	The team is a unit
fan	선풍기 | 풍선 | 팬	/ˈfæn/	명사	
introduce	소개하다 | 선도하다 | 시작하다	/ˌɪntɹəˈdus/	동사	Introduce a rule
fate	운명 | 운 | 숙명	/ˈfeɪt/	명사	Deserved a better fate
split	반병 | 쪼개진 | 분단하다	/ˈspɫɪt/	동사	My friend and I split up
recently	최근 | 요즘 | 이번	/ˈɹisənɫi/	부사	He was in Paris recently
expected		/ɪkˈspɛktəd/	형용사	Prepared for the expected attack
add	가하다 | 더해지다	/ˈæd/	동사	Add insult to injury
ordered	질서 바른 | 정연한	/ˈɔɹdɝd/	형용사	An ordered sequence
slowly	천천히 | 서서히 | 느리게	/ˈsɫoʊɫi/	부사	He spoke slowly
alarm	경보기 | 경보 | 공보	/əˈɫɑɹm/	명사	The empty house alarmed him
member	의원 | 구성원 | 기관	/ˈmɛmbɝ/	명사	A member of the faculty
signed	서명된	/ˈsaɪnd/	형용사	A signed letter
enter	입학하다 | 들다 | 입사	/ˈɛnɝ/	동사	Enter an agreement
spanish		/ˈspænɪʃ/	명사	
garden	정원 | 마당	/ˈɡɑɹdən/	명사	My hobby is gardening
brave	용감하게 해내다 | 건실 | 용장	/ˈbɹeɪv/	형용사	Brave banners flying
pig	무쇠덩이 | 추접스러운 | 돼지	/ˈpɪɡ/	명사	
model	모델 | 마네킨 | 모범	/ˈmɑdəɫ/	명사	Model an airplane
finger	손가락 | 탄주하다	/ˈfɪŋɡɝ/	명사	Her fingers were long and thin
medicine	약 | 투여 | 내복약	/ˈmɛdəsən/	명사	Take your medicine
access		/ˈækˌsɛs/	명사	He gained access to the building
fail	실패하다 | 낙제하다 | 흉작이 되다	/ˈfeɪɫ/	동사	Did I fail the test?
flat	펀펀하다 | 편평한 | 공기가빠진	/ˈfɫæt/	형용사	Flat wall paint
easily	편히 | 쉽게 | 편안히	/ˈizəɫi/	부사	Was easily confused
discovered	들키다	/dɪˈskəvɝd/	형용사	Roentgen discovered X-rays
based	근거가 있는	/ˈbeɪst/	형용사	Firmly based ice
screw	나사 | 억지로 깍다	/ˈskɹu/	명사	Screw the bottle cap on
insane	광기의	/ˌɪnˈseɪn/	형용사	Insane laughter
weather	날씨 | 일기 | 황천	/ˈwɛðɝ/	명사	A weathered old hut
scott		/ˈskɑt/	명사	
path	진로 | 행로	/ˈpæθ/	명사	The path of virtue
soft	부드럽다 | 연하다 | 연한	/ˈsɑft/	형용사	The soft sciences
harm	된서리 맞다 | 괴로움을 당하다	/ˈhɑɹm/	명사	These pills won't harm your system
style	스타일 | 역법 | 호칭	/ˈstaɪɫ/	명사	Style the dress
community	공용 | 공중 | 공동사회	/kəmˈjunəti/	명사	They hoped to join the NATO community
basically	기본적으로	/ˈbeɪsɪkɫi/	부사	He is basically dishonest
al		/ˈæɫ/	명사	
signal	신호 | 표시 | 군호	/ˈsɪɡnəɫ/	명사	He awaited the signal to start
spare	검약하다 | 떼어두다 | 살리다	/ˈspɛɹ/	동사	Spare time on my hands
speech	말씀 | 대사 | 언론	/ˈspitʃ/	명사	His speech was garbled
covered	덮개를 씌운	/ˈkəvɝd/	형용사	A covered balcony
shake	흔들다 | 진동 | 댄스하다	/ˈʃeɪk/	동사	Shake one's head
loose	풀린 | 쏘다 | 매지않은	/ˈɫus/	형용사	Let loose mines
snow	눈 | 백발 | 순백	/ˈsnoʊ/	명사	It was snowing all night
russian		/ˈɹəʃən/	형용사	Russian dancing
lake	호수 | 레이크 | 다홍색	/ˈɫeɪk/	명사	
bright	화창한 | 찬란한 | 영악하다	/ˈbɹaɪt/	형용사	A bright sunlit room
roof	지붕 | 차의지붕 | 지붕으로덮다	/ˈɹuf/	명사	There was a roof on salaries
sending	송신 | 송별 | 송치	/ˈsɛndɪŋ/	명사	
paint	페인트 | 페인트칠 | 칠하다	/ˈpeɪnt/	동사	We painted the rooms yellow
remind	상기시키다	/ɹiˈmaɪnd/	동사	Remind me to call Mother
pal	짝패	/ˈpæɫ/	명사	
naked	맨	/ˈneɪkəd/	형용사	Naked to mine enemies
post	우편 | 배치하다 | 직분	/ˈpoʊst/	명사	She was opening her post
sugar	사탕 | 설탕 | 언당	/ˈʃʊɡɝ/	명사	
heading	비행방향 | 수평갱 | 순치기	/ˈhɛdɪŋ/	명사	Where is she heading
damage	피해 | 상하다 | 손해	/ˈdæmədʒ/	명사	How much is the damage?
silence	침묵 | 무소식 | 소음장치	/ˈsaɪɫəns/	명사	He gestured for silence
ed	환경 파괴 | 인용판 | 교육학 석사	/ˈɛd/	명사	
success	성공 | 출세	/səkˈsɛs/	명사	He is enjoying great success
wet	촉촉이 | 흠뻑 젖어서 | 젖음	/ˈwɛt/	형용사	A wet bathing suit
amount	총액 | 량 | 결같다-합계	/əˈmaʊnt/	명사	The bills amounted to $2,000
manage	조교하다 | 다루다 | 어겨하다	/ˈmænədʒ/	동사	I managed to carry the box upstairs
safety	안전 | 안부 | 안전성	/ˈseɪfti/	명사	He ran to safety
fbi		/ˈɛfˈbiˈaɪ/	명사	
block	모탕 | 만류하다 | 봉쇄하다	/ˈbɫɑk/	명사	Block an attack
showing	모양새 | 전람 | 새가 좋다	/ˈʃoʊɪŋ/	명사	
fancy	공상력 | 공상 | 공상하다	/ˈfænsi/	동사	Fancy handwriting
chef	요리사 | 주방장	/ˈʃɛf/	명사	
contract	계약 | 수축하다 | 약혼하다	/ˈkɑnˌtɹækt/	동사	The spasm contracted the muscle
dig	파다 | 파나가다 | 쿡 찌르기	/ˈdɪɡ/	동사	Dig out a channel
chest	가슴 | 궤 | 가슴 속	/ˈtʃɛst/	명사	
good-bye		/ˈɡʊdˌbaɪ/	명사	They said their good-byes
buried		/ˈbɛɹid/	형용사	The hastily buried corpses
trade	무역 | 장사 | 매매하다	/ˈtɹeɪd/	명사	As they say in the trade
journey	도정 | 여로 | 여정	/ˈdʒɝni/	명사	
stomach	위 | 욕망	/ˈstəmək/	명사	He cannot stomach raw fish
details	세부 | 상세	/ˈditeɪɫz/	명사	It was perfect in all details
divorce	이혼 | 이별 | 별거	/dɪˈvɔɹs/	명사	The couple divorced after only 6 months
funeral	장례식 | 장례 | 장례행렬	/ˈfjunɝəɫ/	명사	Hundreds of people attended his funeral
maria		/mɝˈiə/	명사	
football	축구 | 축구경기자 | 축구 선수	/ˈfʊtˌbɔɫ/	명사	
reality	현실 | 박진성 | 사실임	/ˌɹiˈæɫəˌti/	명사	The reality of his situation slowly dawned on him
theory	공론 | 설 | 이론	/ˈθiɝi/	명사	True in fact and theory
ruined	멸망한 | 몰락한 | 파멸한	/ˈɹuənd/	형용사	The tears ruined her make-up
gate	문짝 | 입장자수 | 출입구	/ˈɡeɪt/	명사	The house was gated
spread	바르다 | 유포하다 | 큰 광고	/ˈspɹɛd/	동사	Spread your arms
japanese	일본어 | 일어 | 일본의	/ˌdʒæpəˈniz/	형용사	The Japanese Emperor
sudden	갑작스런 | 돌연 | 돌발변수	/ˈsədən/	형용사	A sudden decision
coat	덧칠 | 상의 | 여성외투	/ˈkoʊt/	명사	A second coat of paint
sooner		/ˈsunɝ/	부사	I'd sooner die than give up
cheese	치즈 | 그만둬! | 일류품	/ˈtʃiz/	명사	Cheese the yarn
spring	봄 | 튀다 | 도약	/ˈspɹɪŋ/	명사	The spring was broken
page	페이지	/ˈpeɪdʒ/	명사	
ear	귀 | 귀꼴의 물건	/ˈiɹ/	명사	He had a keen ear
simon		/ˈsaɪmən/	명사	
castle	성곽 | 성 | 성채	/ˈkæsəɫ/	명사	
hidden	숨겨진 | 숨은 | 숨겨놓다	/ˈhɪdən/	형용사	A hidden message
storm	강습하다 | 험알해지다 | 폭풍우	/ˈstɔɹm/	명사	It was storming all night
cos	여현 | 코사인 | 상추의 일종	/ˈkɔs/	명사	
personally	손수	/ˈpɝsənəɫi/	부사	I went there personally
artist	예술가 | 아티스트 | 화가	/ˈɑɹtəst/	명사	
hill	언덕 | 야산 | 북주다	/ˈhɪɫ/	명사	They loved to roam the hills of West Virginia
exciting	약동하는 | 피끓는 | 도발	/ɪkˈsaɪtɪŋ/	형용사	An exciting novel
permission	허가 | 허용 | 용납	/pɝˈmɪʃən/	명사	He asked permission to leave
jerry	실내변기 | 요강	/ˈdʒɛɹi/	명사	
expensive	비싼 | 값비싸다	/ɪkˈspɛnsɪv/	형용사	Expensive clothes
forest	숲 | 식목하다 | 밀림	/ˈfɔɹəst/	명사	
barely	드러내놓고 | 어렵사리	/ˈbɛɹɫi/	부사	A barely furnished room
eggs		/ˈɛɡz/	명사	
regret	후회하다 | 죄송하다 | 후회	/ɹəˈɡɹɛt/	동사	I regret I can't come to the party
lesson		/ˈɫɛsən/	명사	He took driving lessons
lover	애인 | 애호자 | 연애자	/ˈɫəvɝ/	명사	
bread	빵 | 식빵 | 주식물	/ˈbɹɛd/	명사	Bread the pork chops before frying them
subject	주제 | 제목 | 피실험자	/ˈsəbdʒɪkt/	명사	Subject peoples
legal	법적 | 합법적 | 합법성	/ˈɫiɡəɫ/	형용사	The legal profession
growing	발육 | 생성	/ˈɡɹoʊɪŋ/	명사	Good growing weather
ill	가혹하게 | 병고 | 부덕한	/ˈɪɫ/	형용사	Ill predictions
jason		/ˈdʒeɪsən/	명사	
mood	기분 | 무드 | 고양	/ˈmud/	명사	The national mood had changed radically since the last election
owner	주인 | 임자	/ˈoʊnɝ/	명사	Who is the owner of that friendly smile?
beep	발신하다 | 삑하는 소리	/ˈbip/	동사	
dating	날짜기입 | 선일부 | 데이트하기	/ˈdeɪtɪŋ/	명사	He is dating his former wife again!
loss	손실 | 해손 | 패배	/ˈɫɔs/	명사	The car was a total loss
secretary	비서 | 사자대 | 국무장관	/ˈsɛkɹəˌtɛɹi/	명사	
revenge	복수심 | 복수 | 설욕의 기회	/ɹiˈvɛndʒ/	명사	
santa		/ˈsænə/	명사	
likely		/ˈɫaɪkɫi/	형용사	A likely result
rent	집세 | 셋집 | 임대되다	/ˈɹɛnt/	동사	Let's rent a car
connection	연락 | 연결 | 연관	/kəˈnɛkʃən/	명사	He soldered the connection
assistant	조수 | 부 | 보좌의	/əˈsɪstənt/	명사	My invaluable assistant
yelling	호통	/ˈjɛɫɪŋ/	명사	
painting	그림그리기 | 페인트 칠 | 화법	/ˈpeɪntɪŋ/	명사	A small painting by Picasso
rush	돌파하다 | 분주 | 골풀	/ˈɹəʃ/	동사	We have to rush!
foreign	외국계 | 이질의	/ˈfɑɹən/	형용사	Foreign nations
rough	결렬한 | 떫은 | 미가공	/ˈɹəf/	형용사	Rough gemstones
murderer	살인자	/ˈmɝdɝɝ/	명사	
century	세기	/ˈsɛntʃɝi/	명사	
pair	한자루 | 쌍 | 한쌍	/ˈpɛɹ/	명사	Pair these numbers
pocket	주머니 | 호주머니 | 광맥류	/ˈpɑkət/	명사	He pocketed the change
farm	농장 | 전장 | 도급맡다	/ˈfɑɹm/	명사	My son is farming in California
matt		/ˈmæt/	명사	
bike		/ˈbaɪk/	명사	
obvious	분명하다 | 역력하다	/ˈɑbviəs/	형용사	
ate		/ˈeɪt/	명사	
professional	프로 | 직업화하다 | 지적 직업인	/pɹəˈfɛʃənəɫ/	형용사	A professional cook
goodness	친절 | 좋음 | 미덕	/ˈɡʊdnəs/	명사	
parts	부품 | 나부랭이	/ˈpɑɹts/	명사	Glue the two parts together
university	대학 | 대학교 | 종합대학	/ˌjunəˈvɝsəti/	명사	
square	정사 | 곱자 | 방진	/ˈskwɛɹ/	명사	A square corner
grandfather	할아버지 | 조부	/ˈɡɹænˌfɑðɝ/	명사	
europe	유럽	/ˈjʊɹəp/	명사	The Marshall Plan helped Europe recover from World War II
genius	천재 | 사조 | 자질	/ˈdʒinjəs/	명사	Mozart was a child genius
ruin	망치다 | 원인 | 몰락하다	/ˈɹuən/	명사	The tears ruined her make-up
winter	겨울 | 동계 | 월동시키다	/ˈwɪntɝ/	명사	We wintered on the Riviera
tongue	혀 | 탕 | 널름거리다	/ˈtəŋ/	명사	She has a glib tongue
da		/ˈdɑ/	명사	
buying	구매 | 매입 | 인수	/ˈbaɪɪŋ/	명사	Buying and selling fill their days
cancer	암 | 병폐 | 거해궁	/ˈkænsɝ/	명사	
clock	시계 | 때리다	/ˈkɫɑk/	명사	He clocked the runners
ocean	해양 | 안은 | 대양	/ˈoʊʃən/	명사	
dna	디옥시리보 핵산	/ˈdiˌɛˈneɪ/	명사	DNA is the king of molecules
liar	거짓말쟁이	/ˈɫaɪɝ/	명사	
tour	주유	/ˈtʊɹ/	명사	We toured the Provence this summer
thief	도둑 | 도적 | 절도범	/ˈθif/	명사	
bleep		/ˈbɫip/	명사	The computer bleeped away
include	포함하다 | 함유하다	/ˌɪnˈkɫud/	동사	I include you in the list of culprits
competition	각축 | 경쟁시험 | 경쟁상대	/ˌkɑmpəˈtɪʃən/	명사	Business competition can be fiendish at times
smith	대장장이	/ˈsmɪθ/	명사	
planned	계획적 | 계획되다	/ˈpɫænd/	형용사	The planned outlays for new equipment
boring	재미없다 | 구멍뚫기 | 시굴	/ˈbɔɹɪŋ/	형용사	A boring evening with uninteresting people
bones		/ˈboʊnz/	명사	
plant	식물 | 설비하다 | 실태	/ˈpɫænt/	명사	Plant a spy in Moscow
bless	수호하다 | 찬미하다	/ˈbɫɛs/	동사	The dying man blessed his son
warning	경고 | 경계 | 경위	/ˈwɔɹnɪŋ/	명사	The warning was to beware of surprises
knocking	노킹	/ˈnɑkɪŋ/	명사	The knocking grew louder
re	레 | 레'음	/ˈɹeɪ/	명사	
crash	굉음 | 추락하다 | 와르르	/ˈkɹæʃ/	동사	The economy crashed
bedroom	침실	/ˈbɛˌdɹum/	명사	
lower	낮추다 | 더 낮게 | 내리다	/ˈɫoʊɝ/	동사	Lower expectations
silver	은 | 은그릇 | 은실	/ˈsɪɫvɝ/	형용사	Silver bracelets
madame	여류가수 | 등의 총칭	/ˈmædəm/	명사	
defense	수비측 | 종심방어 | 수비	/dɪˈfɛns/	명사	He gave evidence for the defense
result	결과 | 성적 | 귀착	/ɹiˈzəɫt/	명사	Result in tragedy
toilet	의상 | 변소간 | 변소	/ˈtɔɪɫət/	명사	Pensions are in the toilet
event	행사 | 사건 | 종목	/iˈvɛnt/	명사	He acted very wise after the event
complicated	풀기어려운 | 다변화 | 뒤얽힌	/ˈkɑmpɫəˌkeɪtəd/	형용사	A complicated problem
shape	모양 | 모습 | 자태	/ˈʃeɪp/	명사	Shape the dough
priest	스님 | 사제 | 신부	/ˈpɹist/	명사	
royal	기룸있는 | 왕립의 | 왕실의	/ˈɹɔɪəɫ/	형용사	The royal party
cheap	싸구려 | 인쇄한 | 저리의	/ˈtʃip/	형용사	It would have been cheap at twice the price
romantic	영웅적인 | 낭만적 | 낭만주의자	/ɹoʊˈmæntɪk/	형용사	Romantic poetry
downstairs	아래층 | 아래층에	/ˈdaʊnˈstɛɹz/	부사	The tenants live downstairs
fortune	재산 | 재수 | 운명	/ˈfɔɹtʃən/	명사	Whatever my fortune may be
tears		/ˈtɛɹz/	명사	She was in tears
avoid	기하다 | 꺼리다 | 피하다	/əˈvɔɪd/	동사	Let's avoid a confrontation
higher	고등의 | 더 높은	/ˈhaɪɝ/	형용사	Higher learning
familiar	친하다 | 길들여진 | 부담없는	/fəˈmɪɫjɝ/	형용사	Familiar guests
telephone	전화 | 전화 교환국 | 전화 번호부	/ˈtɛɫəˌfoʊn/	명사	I talked to him on the telephone
burning	연소	/ˈbɝnɪŋ/	명사	My eyes are burning
filled		/ˈfɪɫd/	형용사	Well-filled hours
kelly		/ˈkɛɫi/	명사	
airport	공항 | 항공	/ˈɛɹˌpɔɹt/	명사	
grown		/ˈɡɹoʊn/	형용사	The tree trunks had grown together
walter		/ˈwɔɫtɝ/	명사	
rachel	라헬	/ˈɹeɪtʃəɫ/	명사	
giant	거인	/ˈdʒaɪənt/	명사	Walton built a retail giant
insurance	보험 | 보험금 | 보험 계약	/ˌɪnˈʃʊɹəns/	명사	
woods		/ˈwʊdz/	명사	Metal woods are now standard
scare	겁냄 | 겁을 집어먹다 | 놀람	/ˈskɛɹ/	동사	A bomb scare led them to evacuate the building
pleased	느긋하다 | 만족한	/ˈpɫizd/	형용사	He could do many things if he pleased
period	시대 | 조기 | 마침표	/ˈpɪɹiəd/	명사	Picasso's blue period
political	정치적 | 당략의	/pəˈɫɪtəkəɫ/	형용사	Political office
player	연주자 | 경기자	/ˈpɫeɪɝ/	명사	He was a major player in setting up the corporation
stops		/ˈstɑps/	명사	The organist pulled out all the stops
repeat	반복하다 | 차수 | 반복기호	/ɹiˈpit/	동사	The events today were a repeat of yesterday's
statement	신고 | 진술 | 성명	/ˈsteɪtmənt/	명사	The initial statement of the sonata
suck	빨기흡인력 | 빨다 | 홀짝 빨아들이다	/ˈsək/	동사	Suck on a straw
younger	손아랫사람들 | 연하의 사람	/ˈjəŋɡɝ/	형용사	
china	중국 | 도자기의 | 사기그릇	/ˈtʃaɪnə/	명사	
humans		/ˈhjumənz/	명사	
delicious	맛있다 | 멜리셔스	/dɪˈɫɪʃəs/	형용사	A delicious joke
particular	특정 | 특수한	/ˌpɑˈtɪkjəɫɝ/	형용사	The particular demands of the job
proper	적당히 | 제자리 | 상당	/ˈpɹɑpɝ/	형용사	The city proper
rome	카톨릭교회 | 로마	/ˈɹoʊm/	명사	
bath	목욕 | 욕실 | 목욕실	/ˈbæθ/	명사	He has a good bath every morning
hired	빌린 | 삯주는 | 고용되다	/ˈhaɪɝd/	형용사	They hired two new secretaries in the department
site	용지 | 터 | 터전	/ˈsaɪt/	명사	A good site for the school
knowledge	지식 | 조예 | 학문	/ˈnɑɫədʒ/	명사	
led	이끌리는 | 지도되는 | 발광 다이오드	/ˈɫɛd/	명사	Her greed led her to forge the checks
celebrate	거행하다 | 세상에 알리다 | 기념일을 축하하다	/ˈsɛɫəˌbɹeɪt/	동사	Celebrate Christmas
map	지도	/ˈmæp/	동사	Map one's future
horn	뿔제품 | 뿔로 받다 | 뿔이 나다	/ˈhɔɹn/	명사	The cleat had two horns
eventually	필경에는	/iˈvɛnʃəɫi/	부사	
pity	연민	/ˈpɪti/	명사	It's a pity he couldn't do it
ashamed	부끄러워하여 | 낯을 붉히어 | 부끄러이 여겨	/əˈʃeɪmd/	형용사	Felt ashamed of my torn coat
assume	취하다 | 몸에차리다 | 가정하다	/əˈsum/	동사	I assume his train was late
glasses	안경	/ˈɡɫæsəz/	명사	
rise	일어나다 | 개막 | 발원	/ˈɹaɪz/	동사	The sun also rises
fixed	정기적 | 짬짜미의 | 고정적	/ˈfɪkst/	형용사	A fixed resistor
request	부탁 | 요청 | 신청	/ɹiˈkwɛst/	동사	She requested an extra bed in her room
pound	파운드 | 구류하다 | 난타하다	/ˈpaʊnd/	명사	Pound on the door
data	자료 | 데이터	/ˈdætə/	명사	Statistical data
carefully	유심 | 신중히 | 정성들여서	/ˈkɛɹfəɫi/	부사	They watched carefully
depend	나름이다	/dɪˈpɛnd/	동사	Depend on your family in times of crisis
jury	배심	/ˈdʒʊɹi/	명사	
positive	양의 | 양화 | 우쭐한	/ˈpɑzətɪv/	형용사	Positive numbers
attorney		/əˈtɝni/	명사	
direction	방향 | 방면 | 쪽	/daɪˈɹɛkʃɪn/	명사	He looked the other direction
location	위치 | 입지 | 로케이	/ɫoʊˈkeɪʃən/	명사	They shot the film on location in Nevada
useless	쓸모없는 | 무익한 | 부질없다	/ˈjusɫəs/	형용사	She is useless in an emergency
grant	허가 | 하사 | 교부금	/ˈɡɹænt/	동사	Grant permission
saving	구하는 | 저축 | 구조	/ˈseɪvɪŋ/	명사	There was a saving of 50 cents
meal	식사 | 밥 | 가루	/ˈmiɫ/	명사	
deliver	전달하다 | 배달하다 | 연설을 하다	/dɪˈɫɪvɝ/	동사	Deliver an attack
changing	탈의실	/ˈtʃeɪndʒɪŋ/	형용사	
temple	관자놀이 | 성단 | 신전	/ˈtɛmpəɫ/	명사	The veins in his temple throbbed
scary	무서운 | 으슥하다	/ˈskɛɹi/	형용사	
regular	정상인 | 일정 | 계통적	/ˈɹeɪɡjəɫɝ/	형용사	The regular army
official	공의 | 관공서풍 | 관계	/əˈfɪʃəɫ/	명사	Official permission
jacket	자켓 | 상의 | 재킷	/ˈdʒækət/	명사	The men were jacketed
switch	스위치 | 다리꼭지 | 틀어놓다	/ˈswɪtʃ/	동사	Switch on the light
grave	무덤 | 억음의 | 의젓한	/ˈɡɹeɪv/	명사	A grave illness
chase	체이스 | 추적 | 추격하다	/ˈtʃeɪs/	동사	The dog chased the rabbit
role	역할 | 배역 | 본무	/ˈɹoʊɫ/	명사	What is your role on the team?
odd	홀짝 | 괴상하게 | 야릇하다	/ˈɑd/	형용사	Had an odd name
sexy	농염하다	/ˈsɛksi/	형용사	
badly	나쁘게 | 천하게	/ˈbædɫi/	부사	She writes badly
tall	키 큰 | 우뚝	/ˈtɔɫ/	형용사	He engages in so much tall talk, one never really realizes what he is saying
confused	헛갈리다 | 헷갈리다 | 혼란스럽다	/kənˈfjuzd/	형용사	Bewildered and confused
affair	물품	/əˈfɛɹ/	명사	It is none of your affair
television	텔레비전	/ˈtɛɫəˌvɪʒən/	명사	Television is a medium because it is neither rare nor well done
shock	충격 | 쇼크 | 짚가리	/ˈʃɑk/	명사	He was numb with shock
raised	높인 | 양각의	/ˈɹeɪzd/	형용사	A raised design
panting		/ˈpæntɪŋ/	명사	The runners reached the finish line, panting heavily
pizza	피자	/ˈpitsə/	명사	
image	이미지 | 문양 | 화상	/ˈɪmədʒ/	명사	She's the very image of her mother
golden	금발 | 금빛의 | 누런빛의	/ˈɡoʊɫdən/	형용사	The golden calf
committed	약속하여 | 헌신적	/kəˈmɪtɪd/	형용사	A committed Marxist
sexual	성적 | 유성세대	/ˈsɛkʃuəɫ/	형용사	Sexual orientation
suffer	배기다 | 입다	/ˈsəfɝ/	동사	His grades suffered
arthur	아더	/ˈɑɹθɝ/	명사	
wherever	대체 어디에 | 어디에 든지	/hwɛˈɹɛvɝ/	부사	
plate	접시 | 감광판 | 금속판	/ˈpɫeɪt/	명사	A vegetable plate
appear	출두하다 | 나타나다 | 여겨지다	/əˈpɪɹ/	동사	Did your latest book appear yet?
chocolate	초콜릿	/ˈtʃɔkɫət/	명사	
clever	똑똑한 | 손재주있는 | 교묘하다	/ˈkɫɛvɝ/	형용사	A clever gadget
hm		/hm/	명사	
mercy	고마움 | 자비	/ˈmɝsi/	명사	It was a mercy we got out alive
lucy		/ˈɫusi/	명사	
dealing	취급 | 교제	/ˈdiɫɪŋ/	명사	He has always been honest is his dealings with me
trap	타악기류 | 함정 | 덫을 놓다	/ˈtɹæp/	명사	The men trap foxes
bang	탁하고 | 원기-쿵쿵치다 | 성교하다-광하고	/ˈbæŋ/	동사	The window banged shut
poison	중독 | 해독 | 독을 넣다	/ˈpɔɪzən/	동사	The poison of fascism
butt	과녁 | 꽁초 | 나무밑동	/ˈbət/	명사	He deserves a good kick in the butt
drove		/ˈdɹoʊv/	명사	We drove the car to the garage
headed	머리가-인	/ˈhɛdəd/	형용사	A headed column
yellow	노란색 | 성정적인 | 피부가 누런	/ˈjɛɫoʊ/	형용사	Yellowed parchment
soup	수프 | 활기를 주다 | 마력을 늘리다	/ˈsup/	명사	We're in the soup now
mystery	신비 | 불가사의 | 중세 종교극	/ˈmɪstɝi/	명사	How it got out is a mystery
picking	채집물 | 훔친 물품	/ˈpɪkɪŋ/	명사	He sent the first picking of berries to the market
sat		/ˈsæt/	명사	She sat on the jury
wound	상처 | 부상 | 해치다	/ˈwaʊnd/	명사	Deep in her breast lives the silent wound
traffic	무역하다 | 팔다 | 거래	/ˈtɹæfɪk/	명사	Heavy traffic overloaded the trunk lines
courage	배짱 | 담력 | 만용	/ˈkɝədʒ/	명사	
hunt	사냥 | 몰아넣다 | 몰이하다	/ˈhənt/	동사	The hunt for submarines
indian	인도사람 | 인도제의 | 인도사람의	/ˈɪndiən/	명사	Indian arrowheads
rat	배신자 | 밀고자	/ˈɹæt/	명사	
terms	조항 | 연임	/ˈtɝmz/	명사	He learned many medical terms
italian		/ˌɪˈtæɫjən/	형용사	Italian cooking
disease	질병 | 질환	/dɪˈziz/	명사	
winner	승리자 | 수상자 | 전승자	/ˈwɪnɝ/	명사	Only winners need apply
council	자문회 | 지방의회 | 추밀원	/ˈkaʊnsəɫ/	명사	Student council
appointment	임명 | 선임 | 선정	/əˈpɔɪntmənt/	명사	He applied for an appointment in the treasury
monday	월요일	/ˈmənˌdeɪ/	명사	
crack	찰칵 | 변성 | 진담	/ˈkɹæk/	동사	His gun cracked
threat	위협 | 엄포	/ˈθɹɛt/	명사	They were under threat of arrest
jenny		/ˈdʒɛni/	명사	
physical	신체적 | 물리적 | 물리	/ˈfɪzɪkəɫ/	형용사	Physical exercise
nation	민족 | 전인류 | 종족	/ˈneɪʃən/	명사	African nations
source	출전 | 소스 | 출처	/ˈsɔɹs/	명사	A source of carbon dioxide
healthy	건실	/ˈhɛɫθi/	형용사	A healthy economy
victory	승리	/ˈvɪktɝi/	명사	A narrow victory
rick	짚가리 | 짚가리로 하다	/ˈɹɪk/	명사	
disgusting	역겨운 | 역겹다 | 메스꺼운	/dɪsˈɡəstɪŋ/	형용사	A disgusting smell
palace	궁전 | 어전 | 궁	/ˈpæɫəs/	명사	The palace issued an order binding on all subjects
below	하기 | 아래로 | 이하	/biˈɫoʊ/	부사	
shopping	쇼핑 | 물건사기	/ˈʃɑpɪŋ/	명사	She goes shopping every Friday
neighborhood	이웃 | 인근 | 부근	/ˈneɪbɝˌhʊd/	명사	An ethnic neighborhood
march	삼월 | 군장 | 기습하다	/ˈmɑɹtʃ/	동사	The march of time
lip	귀때 | 표면만의 | 입술을 쓰다	/ˈɫɪp/	명사	
midnight	자정 | 밤중 | 한밤중	/ˈmɪdˌnaɪt/	명사	Young children should not be allowed to stay up until midnight
piss	오줌	/ˈpɪs/	명사	
advantage	강점 | 이점	/ædˈvæntɪdʒ/	명사	It turned out to my advantage
pure	맑다 | 순진하다 | 순	/ˈpjʊɹ/	형용사	Pure air and water
india	인도	/ˈɪndiə/	명사	
aside		/əˈsaɪd/	부사	Threw the book aside
jerk	포육 | 꽉 비틀다 | 쿡 찌르다	/ˈdʒɝk/	동사	He turned the handle and jerked the door open
mail	메일 | 우편 | 우편낭	/ˈmeɪɫ/	동사	Your mail is on the table
dawn	새벽 | 날이새다 | 동틀녁	/ˈdɔn/	명사	We got up before dawn
effect	빛깔의 배합 | 목적을 이루다 | 결과를 가져오다	/ˈifɛkt/	명사	Effect a change
spell	주문 | 철자하다 | 판독하다	/ˈspɛɫ/	동사	A spell of work
freak	괴물 | 별난 | 기형	/ˈfɹik/	명사	A bodybuilding freak
wood	나무제품 | 나뭇 | 목관악기	/ˈwʊd/	명사	Metal woods are now standard
gary		/ˈɡæɹi/	명사	
awake	깨어서 | 자각시키다 | 분기하다	/əˈweɪk/	형용사	Still not fully awake
vacation	휴가 | 휴정기 | 휴무	/veɪˈkeɪʃən/	명사	We get two weeks of vacation every summer
violence	폭행 | 행패 | 난폭	/ˈvaɪəɫəns/	명사	The storm's violence
leo	사자궁 | 사자자리	/ˈɫioʊ/	명사	
grandmother	할머니 | 어하다 | 조모	/ˈɡɹændˌməðɝ/	명사	
modern	현대적 | 모던 | 근대적인	/ˈmɑdɝn/	형용사	Modern furniture
luke		/ˈɫuk/	명사	
firm	상사 | 변동없는 | 합자회사	/ˈfɝm/	형용사	A firm mattress
prime	소수의 | 코치하다 | 원시적인	/ˈpɹaɪm/	형용사	Prime a car engine
touched	조금 미친	/ˈtətʃt/	형용사	Their hands touched
talent	탤런트 | 실력 | 재능	/ˈtæɫənt/	명사	
whore	매춘부와 놀다 | 타락시키다	/ˈhɔɹ/	명사	She whored herself to Hollywood
piano	여린 | 여리게	/piˈænə/	명사	The piano passages in the composition
license	파격 | 면허 | 인가	/ˈɫaɪsəns/	명사	I am licensed to practice law in this state
cooking	요리 | 취사 | 요리용의	/ˈkʊkɪŋ/	명사	Cooking can be a great art
honour	동의어	/ˈɑnɝ/	명사	
concern	상관 | 중요하다 | 것	/kənˈsɝn/	동사	New York traffic is a constant concern
available	가용 | 여가가있는 | 전심할수있는	/əˈveɪɫəbəɫ/	형용사	Available in many colors
factory	제조소	/ˈfæktɝi/	명사	
value	대가 | 뽐내다 | 액면금액	/ˈvæɫju/	명사	He has old-fashioned values
central	중도적인 | 중설음의 | 중심적인	/ˈsɛntɹəɫ/	형용사	A central position
union	연합 | 결합 연합 | 합동	/ˈjunjən/	명사	The Soviet Union
mirror		/ˈmɪɹɝ/	명사	The best mirror is an old friend
studio	스튜디오 | 작업장 | 방송실	/ˈstudiˌoʊ/	명사	She ran a dance studio
medium	매체 | 배양기	/ˈmidiəm/	명사	He consulted several mediums
taxi	택시 | 육상을 활주하다	/ˈtæksi/	명사	The plane taxied down the runway
iron	철제 | 쇠 | 아이언	/ˈaɪɝn/	명사	An iron constitution
hearts		/ˈhɑɹts/	명사	Hearts were trumps
desire	욕 | 소망 | 지원하다	/dɪˈzaɪɝ/	명사	A man of many desires
rob	강탈하다	/ˈɹɑb/	동사	
washington		/ˈwɑʃɪŋtən/	명사	
monkey	원숭이 | 낭난치다 | 놀려대다	/ˈməŋki/	명사	
pride	자랑 | 자부심 | 득의	/ˈpɹaɪd/	명사	He takes pride in his son's success
pill	환약 | 알약	/ˈpɪɫ/	명사	His competitor's success was a bitter pill to take
miracle	기적 | 불가사의	/ˈmɪɹəkəɫ/	명사	
swim	헤엄치다 | 물고기의 부레 | 헤엄치는 시간	/ˈswɪm/	동사	They took a short swim in the pool
burned		/ˈbɝnd/	형용사	A row of burned houses
joking	장난치는	/ˈdʒoʊkɪŋ/	형용사	
christian	문명인 | 기독교의 | 사람다운	/ˈkɹɪstʃən/	형용사	Christian rites
bleeding		/ˈbɫidɪŋ/	명사	
hook	코바늘 | 훅 | 갈고리	/ˈhʊk/	동사	His opponent hooked him badly
beating	날개치기 | 고동 | 매질	/ˈbitɪŋ/	명사	Her heart was beating fast
protection	보호 | 예방 | 방어	/pɹəˈtɛkʃən/	명사	Wax provided protection for the floors
treatment	대접 | 대접하다 | 처리	/ˈtɹitmənt/	명사	The treatment of water sewage
carter	카터 | 짐마차꾼	/ˈkɑɹtɝ/	명사	
metal	금속 | 밤자갈	/ˈmɛtəɫ/	명사	
grateful	고마운 | 감사히 여기는	/ˈɡɹeɪtfəɫ/	형용사	A grateful heart
extremely	아주 | 무척 | 너무나	/ɛkˈstɹimɫi/	부사	Extremely unpleasant
treasure	보물 | 명기하다 | 비장하다	/ˈtɹɛʒɝ/	명사	The trunk held all her meager treasures
rescue	구원 | 구조하다 | 불법석방	/ˈɹɛskju/	동사	Rescue prisoners
capable	훌륭하게 | 능력이 있는	/ˈkeɪpəbəɫ/	형용사	Capable of winning
passing	목전의 | 통행하는	/ˈpæsɪŋ/	명사	A passing fancy
chatter	딱딱소리 | 재잘거림 | 졸졸거림	/ˈtʃætɝ/	동사	Chattering teeth
suffering	수난 | 재해	/ˈsəfɝɪŋ/	명사	Suffering refugees
laid	저장의 | 집에 틀어박힌	/ˈɫeɪd/	형용사	Stones laid in a pattern
governor	주인어른 | 지사 | 통치자	/ˈɡəvɝnɝ/	명사	
louis	루이스 | 프랑스왕의 이름	/ˈɫui/	명사	
text	텍스트 | 원문 | 본문	/ˈtɛkst/	명사	He wants to reconstruct the original text
literally	글자뜻대로 | 용변 | 사자후	/ˈɫɪtɝəɫi/	부사	Literally translated
remove	벗다 | 없애다 | 촌수	/ɹiˈmuv/	동사	Remove a threat
becoming		/bɪˈkəmɪŋ/	형용사	A becoming portrait
performance	연기 | 흥행 | 성능	/pɝˈfɔɹməns/	명사	The play ran for 100 performances
rate	요금 | 등급등 | 위치하다	/ˈɹeɪt/	명사	The dropout rate
deeply	심각하게 | 심도있게 | 짙게	/ˈdipɫi/	부사	They felt the loss deeply
desert	사막 | 불모 시대 | 불모 지대	/ˈdɛzɝt/	동사	The mother deserted her children
vehicle	차 | 차량 | 매개물	/ˈvihɪkəɫ/	명사	A congregation is a vehicle of group identity
illegal	불법 | 불법입국자 | 불법의비합법적인	/ˌɪˈɫiɡəɫ/	형용사	An illegal chess move
pulling	인상	/ˈpʊɫɪŋ/	명사	I'm pulling for the underdog
josh		/ˈdʒɑʃ/	동사	
unbelievable	믿기 어려운	/ˌənbəˈɫivəbəɫ/	형용사	
ted		/ˈtɛd/	명사	
zero	영점 | 제로 | 영	/ˈziɹoʊ/	명사	The goal is zero population growth
dean	사제장 | 대학의 학장	/ˈdin/	명사	He is the dean of foreign correspondents
curious	진서인 | 알고 싶어하는 | 캐기 좋아하는	/ˈkjʊɹiəs/	형용사	Curious investigators
candy	캔디 | 사탕과자 | 얼음사탕	/ˈkændi/	명사	
bone	뼈 | 뼈로만든것 | 몸-뼈를발라내다	/ˈboʊn/	명사	Bone the turkey before roasting it
tied		/ˈtaɪd/	형용사	I am tied to UNIX
edge	날카로움 | 변방 | 흥분해 있다	/ˈɛdʒ/	명사	The water's edge
load	싣다 | 적재하다 | 하중	/ˈɫoʊd/	명사	Load the camera
boom	방재 | 벼락경기 | 인기상승	/ˈbum/	동사	Business is booming
former	전자 | 형성자 | 권형	/ˈfɔɹmɝ/	형용사	Our former glory
holiday	휴일 | 축일 | 나들이 옷	/ˈhɑɫəˌdeɪ/	명사	We took a short holiday in Puerto Rico
riding	승차 | 승마로 | 승마장	/ˈɹaɪdɪŋ/	명사	The bull was riding the cow
scoff	비웃음	/ˈskɔf/	동사	
motherfucker	쌍놈	/ˈməðɝˌfəkɝ/	명사	
sue	고소하다	/ˈsu/	동사	
stealing	도적질 | 절취 | 훔친물건	/ˈstiɫɪŋ/	명사	
remains	유적 | 잔해 | 잔재	/ɹiˈmeɪnz/	명사	I threw out the remains of my dinner
decent	점잖다 | 번듯하다 | 반듯하다	/ˈdisənt/	형용사	A decent burial
tip	철두철미 | 힌트 | 끝에 씌우다	/ˈtɪp/	명사	Tip the screen upward
bride	신부 | 새색시	/ˈbɹaɪd/	명사	
pissed	취한	/ˈpɪst/	형용사	Felt really pissed at her snootiness
penny	페니	/ˈpɛni/	명사	
claim	자격 | 요청 | 요구	/ˈkɫeɪm/	동사	He staked his claim
friendship	정분나다 | 정교	/ˈfɹɛndʃɪp/	명사	
desperate	절망적인 | 자포자기의	/ˈdɛspɝɪt/	형용사	A desperate illness
dramatic	극적인	/dɹəˈmætɪk/	형용사	A dramatic pause
refuse	사절하다 | 멈춰서다 | 뿌리치다	/ˈɹɛfˌjuz/	동사	He refused my offer of hospitality
solve	수습	/ˈsɑɫv/	동사	Solve an equation
theme	주제 | 제목 | 테마	/ˈθim/	명사	The restaurant often themes its menus
loving	사랑하는 | 사랑스러운 | 애호	/ˈɫəvɪŋ/	형용사	
properly	정확히 | 마땅히 | 바르게 말하면	/ˈpɹɑpɝɫi/	부사	Please do your job properly!
dragon	용 | 용자리	/ˈdɹæɡən/	명사	
mostly	대개 | 다분히	/ˈmoʊsɫi/	부사	
chuck	끄어내다 | 목정 | 구! 구!	/ˈtʃək/	동사	Chuck these old notes
directly	직접 | 직접적	/daɪˈɹɛkɫi/	부사	He didn't answer directly
surface	표면 | 판판하게 하다 | 겉보기	/ˈsɝfəs/	명사	Surface materials of the moon
false	허망 | 허멍 | 거짓의	/ˈfɔɫs/	형용사	False pretenses
cast		/ˈkæst/	동사	Cast a warm light
junior	연소자 | 연하 | 손아래	/ˈdʒunjɝ/	명사	Junior fashions
hunting	사냥 | 추구	/ˈhəntɪŋ/	명사	
silent	무언으로 | 묵음의 | 잠자코	/ˈsaɪɫənt/	형용사	Gave silent consent
thou	네가 | 너는	/ˈðaʊ/	명사	
egg	계란 | 달걀 | 알	/ˈɛɡ/	명사	Egg a schnitzel
germany	독일 | 추축국	/ˈdʒɝməni/	명사	
punch	펀치 | 찍어내다 | 펀치지	/ˈpəntʃ/	동사	He punched me in the stomach
africa	아프리카	/ˈæfɝkə/	명사	
intelligence	정보 | 지능 | 사고력	/ˌɪnˈtɛɫədʒəns/	명사	We sent out planes to gather intelligence on their radar coverage
borrow	차용하다	/ˈbɑˌɹoʊ/	동사	May I borrow your lawn mower?
winning	결승의	/ˈwɪnɪŋ/	형용사	The winning team
falls		/ˈfɔɫz/	명사	Christmas falls on a Monday this year
popular	대중의 | 대중적인 | 인기 있는	/ˈpɑpjəɫɝ/	형용사	Popular thought
escaped	도망한	/ɪˈskeɪpt/	형용사	Gas escaped into the bedroom
witch	마녀의 | 마녀 | 못된 할멈	/ˈwɪtʃ/	명사	
convinced		/kənˈvɪnst/	형용사	A convinced and fanatical pacifist
warn	경고하다 | 예고하다 | 경고하여 시키다	/ˈwɔɹn/	동사	She warned him to be quiet
announcer	아나운서	/əˈnaʊnsɝ/	명사	
champagne	샹파뉴 | 샴페인	/ʃæmˈpeɪn/	명사	
dust	먼지 | 분말 | 굴욕을 받고	/ˈdəst/	명사	Dust the cabinets
someday	훗날 | 장차	/ˈsəmˌdeɪ/	부사	Someday you will understand my actions
fallen	쓰러진 | 파멸한	/ˈfɑɫən/	형용사	A fallen building
stranger	제삼자 | 낯선 사람 | 무 경험자	/ˈstɹeɪndʒɝ/	명사	
presence	있음 | 임장감 | 출석하다	/ˈpɹɛzəns/	명사	She blushed in his presence
tear	눈물 | 잡아째다 | 잡아뜯다	/ˈtɛɹ/	동사	Her eyes were tearing
internet	인터넷	/ˈɪntɝˌnɛt/	명사	
monsieur	귀하	/məsˈjɝ/	명사	
therefore		/ˈðɛɹˌfɔɹ/	부사	Therefore X must be true
technology	기술력 | 과학기술	/tɛkˈnɑɫədʒi/	명사	
tire	타이어 | 피로하게하다 | 넌더리나게 하다	/ˈtaɪɝ/	동사	I'm so tired of your mother and her complaints about my food
toast	토스트 | 토스트하다 | 축배	/ˈtoʊst/	명사	He was the toast of the town
wise	영특 | 늦꾀 | 알다	/ˈwaɪz/	형용사	A wise decision
clark		/ˈkɫɑɹk/	명사	
smoking	끽연 | 그을림 | 냄	/ˈsmoʊkɪŋ/	명사	A smoking fireplace
hank	타래	/ˈhæŋk/	명사	
l	대런던 시의회	/ˈɛɫ/	명사	
april	사월	/ˈeɪpɹəɫ/	명사	
wolf	늑대 | 색마	/ˈwʊɫf/	명사	The teenager wolfed down the pizza
precious	소중한 | 귀중한	/ˈpɹɛʃəs/	형용사	Precious memories
rooms		/ˈɹumz/	명사	She rooms in an old boarding house
coast	해안 | 연안 | 타력주행	/ˈkoʊst/	명사	The coast is clear
treated		/ˈtɹitɪd/	형용사	Treated timbers resist rot
material	재료 | 실질적인 | 육체적인	/məˈtɪɹiəɫ/	명사	Material wealth
uniform	정장 | 일정하다	/ˈjunəˌfɔɹm/	명사	The guards were uniformed
hated		/ˈheɪtəd/	형용사	
considered	존경받는 | 중히 여겨지는	/kənˈsɪdɝd/	형용사	A considered opinion
rice	밥 | 으깨다 | 미곡	/ˈɹaɪs/	명사	Rice the potatoes
exchange	교환 | 교환하다 | 전환	/ɪksˈtʃeɪndʒ/	명사	Exchange prisoners
steps	조치 | 경위 | 발길	/ˈstɛps/	명사	He retraced his steps
blake		/ˈbɫeɪk/	명사	
convince	납득하다 | 확신시키다 | 납득시키다	/kənˈvɪns/	동사	He had finally convinced several customers of the advantages of his product
beast	짐승 | 식용 소 | 가축	/ˈbist/	명사	
cow	소 | 암소 | 위협하다	/ˈkaʊ/	명사	`moo-cow' is a child's term
drag		/ˈdɹæɡ/	동사	Peeling potatoes is a drag
cab	기관사실 | 승객용마차 | 택시로 가다	/ˈkæb/	명사	
ordinary	일상 | 보통으로 | 보통이하의	/ˈɔɹdəˌnɛɹi/	형용사	An ordinary day
successful	대성공의 | 합격한 | 운 좋은	/səkˈsɛsfəɫ/	형용사	A successful architect
eve	이브 | 전야 | 하와	/ˈiv/	명사	On the eve of the French Revolution
chattering		/ˈtʃætɝɪŋ/	명사	Chattering teeth
japan	일본 | 칠기 | 옻칠	/dʒəˈpæn/	명사	
creature	창조물 | 마소 | 예속자	/ˈkɹitʃɝ/	명사	
fourth	넷째 | 넉 | 사	/ˈfɔɹθ/	형용사	Fourthly, you must pay the rent on the first of the month
separate	분리하다 | 불화케하다 | 떼어지다	/ˈsɛpɝˌeɪt/	동사	Separate but equal
cleaning	청소 | 소제 | 대손해	/ˈkɫinɪŋ/	명사	He gave his shoes a good cleaning
california	캘리포니아	/ˌkæɫəˈfɔɹnjə/	명사	
lf			명사	
shift	임시변통으로 | 꾸려나가다 | 물리다	/ˈʃɪft/	동사	His tone shifted
elizabeth		/ɪˈɫɪzəbəθ/	명사	Elizabeth II is the head of state in Great Britain
chicago	시카고	/ʃɪˈkɑˌɡoʊ/	명사	
exact	꼼꼼한 | 엄밀한	/ɪɡˈzækt/	형용사	Hit the exact center of the target
karen		/ˈkɛɹən/	명사	
goal	이상 | 목표 | 목적	/ˈɡoʊɫ/	명사	The winning goal came with less than a minute left to play
expert	감정인 | 달인 | 노련한	/ˈɛkspɝt/	명사	
direct	리더하다 | 지시하다 | 지배하다	/daɪˈɹɛkt/	동사	A direct flight
score	거두다 | 총보 | 벤 자리	/ˈskɔɹ/	명사	He scored a 200
row	나란히 | 꾸짖기 | 노젓기	/ˈɹoʊ/	명사	A row of chairs
marks	점수	/ˈmɑɹks/	명사	This sign marks the border
twenty	이십 | 스물	/ˈtwɛni/	형용사	
receive	받다 | 맞다 | 수신하다	/ɹəˈsiv/	동사	Receive payment
series	시리즈 | 음렬 | 일련	/ˈsɪɹiz/	명사	A comedy series
section	구간 | 부문 | 악절	/ˈsɛkʃən/	명사	A section of a fishing rod
pilot	도선사 | 수로 안내인 | 조종사	/ˈpaɪɫət/	명사	The pilot flew to Cuba
jackson		/ˈdʒæksən/	명사	
darkness	어둠 | 암흑	/ˈdɑɹknəs/	명사	The powers of darkness
sale	판매 | 특매 | 팔림새	/ˈseɪɫ/	명사	They tried to boost sales
destiny	천명 | 천운	/ˈdɛstəni/	명사	We are helpless in the face of destiny
cure	치료하다 | 의료 | 사제직	/ˈkjʊɹ/	동사	The apricots cure in the sun
spoken	입으로 말하는 | 구술	/ˈspoʊkən/	형용사	A spoken message
armed		/ˈɑɹmd/	형용사	The many-armed goddess Shiva
rare	귀한 | 참좋은 | 드문	/ˈɹɛɹ/	형용사	Rare roast beef
helen		/ˈhɛɫən/	명사	
grade	정도 | 성적 | 일등	/ˈɡɹeɪd/	명사	The road had a steep grade
juice	주스 | 즙 | 가속하다	/ˈdʒus/	명사	Digestive juices
wide	개구음의 | 너른 | 벌리다	/ˈwaɪd/	형용사	Three feet wide
tower	탑 | 성루 | 건립	/ˈtaʊɝ/	명사	A tower of dust rose above the horizon
solution	해결 | 용액 | 해결책	/səˈɫuʃən/	명사	The solution took three hours
schedule	스케줄 | 예정 | 예정대로	/ˈskɛdʒuɫ/	동사	I've scheduled a concert next week
explosion	급증 | 폭발 | 파열	/ɪksˈpɫoʊʒən/	명사	An explosion of rage
wheel	바퀴 | 핸들 | 수레바퀴	/ˈhwiɫ/	명사	The wheels of government began to turn
cigarette	궐련	/ˌsɪɡɝˈɛt/	명사	
fruit	과일 | 열매 | 생산물	/ˈfɹut/	명사	The trees fruited early this year
victor	승리자	/ˈvɪktɝ/	명사	
talks		/ˈtɔks/	명사	The baby talks already
sacrifice	희생 | 희생하다 | 투매하다	/ˈsækɹəˌfaɪs/	동사	The animals were sacrificed after the experiment
range	범위 | 순항하다 | 평행하다	/ˈɹeɪndʒ/	명사	Range of motion
button	버튼 | 단추 | 단추를 채우다	/ˈbətən/	명사	Button the dress
prisoner	죄수 | 수감자 | 수인	/ˈpɹɪzənɝ/	명사	
pie	파이	/ˈpaɪ/	명사	
effort	노력 | 역작 | 작력	/ˈɛfɝt/	명사	He got an A for effort
youth	청년 | 젊음 | 청춘	/ˈjuθ/	명사	During the youth of the project
pot	냄비 | 속깊은 남비	/ˈpɑt/	명사	
taylor		/ˈteɪɫɝ/	명사	
knee	무릎 | 무릎으로 대다	/ˈni/	명사	
garage	차고 | 개라지	/ɡɝˈɑʒ/	명사	We don't garage our car
parking	주차 | 주차 장소	/ˈpɑɹkɪŋ/	명사	There is plenty of parking behind the store
ambulance	구급차 | 상병자 운반차	/ˈæmbjəɫəns/	명사	
staring	응시하는	/ˈstɛɹɪŋ/	형용사	Stark staring mad
circumstances	사정 | 사태 | 처지	/ˈsɝkəmˌstænsəz/	명사	A victim of circumstances
sin	칠죄종 | 죄	/ˈsɪn/	명사	They began to fight like sin
progress	진행 | 전진시키다 | 진척	/ˈpɹɑˌɡɹɛs/	명사	Great progress in the arts
unusual	유별난 | 드물다	/ənˈjuˌʒuəɫ/	형용사	An unusual meteorite
county	군민 | 군 | 주	/ˈkaʊni/	명사	The county plans to build a new road
stairs	단	/ˈstɛɹz/	명사	
campaign	캠페인 | 종군 | 종군하다	/kæmˈpeɪn/	명사	He supported populist campaigns
vision	투시력 | 예언력 | 시력	/ˈvɪʒən/	명사	He had a vision of his own death
reporter	서기관 | 통신원 | 보고자	/ɹɪˈpɔɹtɝ/	명사	
equipment	장비 | 설비 | 의장	/ɪˈkwɪpmənt/	명사	
mass	질량 | 태반 | 미사곡 대미사	/ˈmæs/	명사	A huge ice mass
alien		/ˈeɪɫiən/	형용사	The will aliened the property to the heirs
trapped		/ˈtɹæpt/	형용사	Like a trapped animal
route	배달구역 | 행군명령 | 경로	/ˈɹaʊt/	명사	
defend	방위하다 | 변호하다 | 옹호하다	/dɪˈfɛnd/	동사	
trace	투사하다 | 봇줄 | 형적	/ˈtɹeɪs/	동사	Trace your path
nasty	고역스러운 | 욕지기나는 | 간악한	/ˈnæsti/	형용사	In a nasty mood
magazine	잡지 | 창고 | 탄창	/ˈmæɡəˌzin/	명사	He works for a magazine
dump	덤프 | 덤프하다 | 덤핑하다	/ˈdəmp/	동사	An ammunition dump
rude	날림의 | 무람없다 | 실례의	/ˈɹud/	형용사	Bales of rude cotton
searching	수색	/ˈsɝtʃɪŋ/	형용사	Searching insights
clue	단서 | 퍼즐의 열쇠 | 실마리	/ˈkɫu/	명사	
connected	관련하여 | 연고가 있는 | 연계성	/kəˈnɛktɪd/	형용사	The batter connected for a home run
amen	아멘	/ɑˈmɛn/	명사	
merry	흥겨운 | 유쾌한 | 거나한	/ˈmɛɹi/	형용사	A merry evening
zone	지대	/ˈzoʊn/	명사	
senior	상급생 | 선임의 | 선임자	/ˈsinjɝ/	명사	The senior prom
closing	결산 | 결산의 | 마지막의	/ˈkɫoʊzɪŋ/	명사	Closing remarks
freeze	동결 | 동결하다 | 얼다	/ˈfɹiz/	동사	A nuclear freeze
emperor	천자 | 황제	/ˈɛmpɝɝ/	명사	
incident	사건 | 사변사건 | 부대조건	/ˈɪnsədənt/	명사	The police investigated an incident at the bus station
snake	뱀 | 잡아 끌다 | 뒤틀다	/ˈsneɪk/	명사	The army snaked through the jungle
mexico	멕시코	/ˈmɛksəˌkoʊ/	명사	
lily	백합	/ˈɫɪɫi/	명사	
actor	배우 | 배위 | 연기자	/ˈæktɝ/	명사	He's a principal actor in this affair
newspaper	신문 | 신문인쇄용지 | 신문업무에 종사하다	/ˈnuzˌpeɪpɝ/	명사	Murdoch owns many newspapers
sentence	선고 | 목적어 | 악구	/ˈsɛntəns/	명사	His sentence was 5 to 10 years
leading	이끄는 | 지휘하는 | 세력있는	/ˈɫidɪŋ/	형용사	The leading man
friendly	친구처럼 | 돈독히 | 친선경기	/ˈfɹɛndɫi/	형용사	Friendly advice
jones		/ˈdʒoʊnz/	명사	
chosen	선택한 | 신에게 선택된	/ˈtʃoʊzən/	명사	She was Mama's chosen
engaged	약속된 | 교전중인 | 약혼중인	/ɛnˈɡeɪdʒd/	형용사	Engaged columns
charming	매력적인 | 매우 좋은 | 매우 귀여운	/ˈtʃɑɹmɪŋ/	형용사	Charming incantations
anger	화 | 분노 | 분	/ˈæŋɡɝ/	명사	He angers easily
spending		/ˈspɛndɪŋ/	명사	How are you spending your summer vacation?
learning	학습 | 배움 | 학술	/ˈɫɝnɪŋ/	명사	
spy	탐정하다 | 스파이 | 면밀히 조사하다	/ˈspaɪ/	동사	Spy for the Russians
sharp	날카롭다 | 첨예 | 기민하게	/ˈʃɑɹp/	형용사	Sharp criticism
shadow	비호 | 보호다다 | 음영	/ˈʃæˌdoʊ/	명사	A shadow over his happiness
warrant	영장 | 준사관 사령 | 정당화하다	/ˈwɔɹənt/	동사	I warrant this information
elevator	엘리베이터 | 곡물창고 | 승강기	/ˈɛɫəˌveɪtɝ/	명사	
kingdom	왕국	/ˈkɪŋdəm/	명사	The untroubled kingdom of reason
squad	부대 | 분대	/ˈskwɑd/	명사	
shoulder	어깨 | 어깨고기	/ˈʃoʊɫdɝ/	명사	Shoulder the burden
wave	대원 | 물결 | 기복하다	/ˈweɪv/	명사	She waved her gun
highness	고위 | 고가 | 높음	/ˈhaɪnəs/	명사	Responsible for the highness of the rates
fishing	낚시 | 어업 | 어획	/ˈfɪʃɪŋ/	명사	I like to go fishing on weekends
sometime	어디선가 | 언제가 조만간	/ˈsəmˌtaɪm/	부사	Let's get together sometime
attitude	태도 | 배행자세	/ˈætəˌtud/	명사	He assumed an attitude of surrender
negative	부정적 | 소극성 | 원판	/ˈnɛɡətɪv/	형용사	A negative number
screen	화면 | 병풍 | 심사하다	/ˈskɹin/	명사	Screen the suitcases
worker	직장인 | 노동자 | 일벌	/ˈwɝkɝ/	명사	He is a good worker
bored	따분한	/ˈbɔɹd/	형용사	Bored with life
similar	비슷한	/ˈsɪməɫɝ/	형용사	They wore similar coats
understanding	이해 | 양해 | 지시력	/ˌəndɝˈstændɪŋ/	명사	An understanding friend
chain	연쇄 | 체인 | 고리줄	/ˈtʃeɪn/	명사	A chain of daisies
bull	황소 | 사는편 | 쓸데없는소리	/ˈbʊɫ/	명사	Stocks were bulling
fully	꼬박	/ˈfʊɫi/	부사	He didn't fully understand
robin	로빈 | 유럽 울새 | 개똥지빠귀	/ˈɹɑbən/	명사	
collect	수집하다 | 수금하다 | 본기도	/kəˈɫɛkt/	동사	He collected the rent
gorgeous	호화스러운	/ˈɡɔɹdʒəs/	형용사	A gorgeous Victorian gown
morgan		/ˈmɔɹɡən/	명사	
passion	열정 | 정염 | 연애	/ˈpæʃən/	명사	He has a passion for cock fighting
writer	작가 | 저자 | 필자	/ˈɹaɪtɝ/	명사	
empire	제국 | 절대 지배권	/ˈɛmpaɪɝ/	명사	The British created a great empire
international	국제 | 세계적 | 국제적	/ˌɪnɝˈnæʃənəɫ/	형용사	International trade
curse	악담하다 | 재앙 | 저주의 말	/ˈkɝs/	동사	The bad witch cursed the child
hire	임대료 | 대출하다 | 세내다	/ˈhaɪɝ/	동사	He signed up for a week's car hire
id	내경 | 유전기질 | 이드	/ˈaɪˈdi/	명사	You had to show your ID in order to get in
estate	살림살이 | 토지 | 소유지	/ɪˈsteɪt/	명사	The family owned a large estate on Long Island
customer	손님 | 고객 | 거래선	/ˈkəstəmɝ/	명사	
gunshot	착탄거리	/ˈɡənˌʃɑt/	명사	
device	기기 | 소자 | 장치	/dɪˈvaɪs/	명사	A device intended to conserve water
troops	기동대 | 편성하다	/ˈtɹups/	명사	
hug	끌어안기 | 접근하여 지나다 | 부둥켜	/ˈhəɡ/	동사	Come here and give me a big hug
design	디자인 | 예정하다 | 도안	/dɪˈzaɪn/	동사	The design of a building
movement	운동 | 이동 | 움직임	/ˈmuvmənt/	명사	He had a bowel movement
thunder	뇌성 | 우레 | 천둥치다	/ˈθəndɝ/	명사	The river thundered below
object	목표 | 목적 없는 | 불쌍하다	/ˈɑbdʒɛkt/	명사	Objects of thought
loser	패자 | 손실자 | 유실자	/ˈɫuzɝ/	명사	
pen	펜 | 축사 | 가두다	/ˈpɛn/	명사	
sobbing	흐느껴 우는	/ˈsɑbɪŋ/	명사	He was sobbing inconsolably
politics	정치 | 정견 | 정략	/ˈpɑɫəˌtɪks/	명사	Office politics is often counterproductive
despite	불구하고 | 설렵	/dɪˈspaɪt/	명사	She wanted neither favor nor despite
alcohol	술 | 알코올	/ˈæɫkəˌhɑɫ/	명사	Alcohol (or drink) ruined him
climb	오르다 | 등반하다 | 승진하다	/ˈkɫaɪm/	동사	Prices climbed steeply
conference	회의 | 상의 | 경기연맹	/ˈkɑnfɝəns/	명사	
provide	공급하다 | 이바지하다 | 부양하다	/pɹəˈvaɪd/	동사	This procedure provides for lots of leeway
seek	찾다 | 가다 | 하고자하다	/ˈsik/	동사	Seek a position
earn	벌다 | 손에넣다 | 일하여 얻다	/ˈɝn/	동사	She earns a lot in her new job
trash		/ˈtɹæʃ/	명사	Trash these old chairs
valley	유역 | 골	/ˈvæɫi/	명사	
fashion	패션 | 유행 | 유행아	/ˈfæʃən/	명사	In an abrasive fashion
howard		/ˈhaʊɝd/	명사	
episode	에피소드	/ˈɛpəˌsoʊd/	명사	
prize	상 | 상품 | 우등상	/ˈpɹaɪz/	명사	Prize carnations
previously	전신 | 이전에	/ˈpɹiviəsɫi/	부사	A previously unquestioned attitude
sport	운동회 | 과시하다	/ˈspɔɹt/	명사	He said it in sport
wanting		/ˈwɑnɪŋ/	형용사	Tested and found wanting
debt	빚 | 부채 | 채무자	/ˈdɛt/	명사	He is badly in debt
hitler		/ˈhɪtɫɝ/	명사	
wire	전보치다 | 전보 | 철사	/ˈwaɪɝ/	명사	Wire the addition to the house
circle	서클 | 원 | 악순환	/ˈsɝkəɫ/	명사	Circle the globe
approach	다가오다 | 접근하다 | 접근시키다	/əˈpɹoʊtʃ/	동사	Approach a task
stock	주식 | 저장품 | 가문	/ˈstɑk/	명사	Stock the larder with meat
percent	퍼센트	/pɝˈsɛnt/	명사	
normally	평상시 | 보통은 | 정상적으로	/ˈnɔɹməɫi/	부사	
tail	꼬리 | 한사의 | 꼬리를자르다	/ˈteɪɫ/	명사	The tail of the storm
joined		/ˈdʒɔɪnd/	형용사	Our paths joined
education	교육 | 학습 | 훈도	/ˌɛdʒəˈkeɪʃən/	명사	He received no formal education
bravo		/ˈbɹɑvoʊ/	명사	
library	도서관 | 장서 | 서재	/ˈɫaɪbɹɛˌɹi/	명사	They had brandy in the library
rape	강간 | 강간하다 | 포도 찌꺼기	/ˈɹeɪp/	동사	The soldiers raped the beautiful country
wings	날개 | 나래	/ˈwɪŋz/	명사	Necessity lends wings to inspiration
growling	으르렁거리는	/ˈɡɹoʊɫɪŋ/	명사	
thrown		/ˈθɹoʊn/	형용사	A thrown wrestler
tank	전차 | 탱크 | 탱크에 넣다	/ˈtæŋk/	명사	Tank animal refuse
exhale	내쉬다 | 소산하다 | 발산하다	/ɛksˈheɪɫ/	동사	Exhale when you lift the weight
authority	권한 | 권력 | 권능	/əˈθɔɹəti/	명사	She spoke with authority
current	해류 | 유동 | 흐름	/ˈkɑɹənt/	명사	The current topic
failure	실패 | 감퇴 | 불충분	/ˈfeɪɫjɝ/	명사	His failure to pass the test
nightmare	악몽 | 가위눌림 | 무서운일	/ˈnaɪtˌmɛɹ/	명사	
hitting		/ˈhɪtɪŋ/	명사	Repeated hitting raised a large bruise
glory	융성 | 송영 | 큰기쁨	/ˈɡɫɔɹi/	명사	The glory of the sunrise
studying	학사	/ˈstədiɪŋ/	명사	He is studying geology in his room
agency	대리점 | 진흥국 | 기관	/ˈeɪdʒənsi/	명사	She has free agency
apple	사과 | 야구공 | 실망거리	/ˈæpəɫ/	명사	
border	국경-접하다 | 변경 | 가선	/ˈbɔɹdɝ/	명사	The rug had a wide blue border
rope	로프 | 새끼 | 링줄	/ˈɹoʊp/	명사	Rope the bag securely
duck	오리 | 귀여운 사람 | 수륙양용 트럭	/ˈdək/	동사	Before he could duck, another stone struck him
reputation	덕망 | 평판 | 세평	/ˌɹɛpjəˈteɪʃən/	명사	His reputation for promiscuity
confidence	신용 | 신임 | 신뢰	/ˈkɑnfədəns/	명사	I have confidence in our team
yard	작업장 | 울안	/ˈjɑɹd/	명사	It was a small house with almost no yard
beloved	가장 사랑하는	/bɪˈɫəvd/	형용사	
lack	부족 | 부족하다 | 결핍되다	/ˈɫæk/	명사	This soup lacks salt
actual	실질소득 | 실재의	/ˈækʃəɫ/	형용사	Her actual motive
skill	솜씨 | 술련 | 기량	/ˈskɪɫ/	명사	The skill of a well-trained boxer
mental	정신적 | 지적인 | 마음으로 하는	/ˈmɛntəɫ/	형용사	Mental suffering
salt	소금 | 식염 | 뱃사람	/ˈsɔɫt/	명사	She salts her lectures with jokes
flesh	육체 | 살 | 살색	/ˈfɫɛʃ/	명사	The spirit is willing but the flesh is weak
anne		/ˈæn/	명사	
secure	안전한 | 보장하다 | 무사	/sɪkˈjʊɹ/	동사	Secure from harm
highly		/ˈhaɪɫi/	부사	Highly successful
federal		/ˈfɛdɝəɫ/	형용사	Federal property
sand	모래 | 모래벌판 | 백사장 모래	/ˈsænd/	명사	
emotional	감정적 | 감정적인 | 정에 무른	/ˈiˌmoʊʃənəɫ/	형용사	Emotional health
setting	짐 | 날세움 | 박아 넣기	/ˈsɛtɪŋ/	명사	A place setting of sterling flatware
senator	상원의원 | 원로원의원	/ˈsɛnətɝ/	명사	
services	편	/ˈsɝvəsəz/	명사	The medical services are excellent
robbery	강도죄 | 강탈	/ˈɹɑbɝi/	명사	
fed		/ˈfɛd/	명사	His admiration fed her vanity
reward	현상금 | 보수 | 보답하다	/ɹiˈwɔɹd/	명사	Virtue is its own reward
theater	상영관 | 연극계 | 극작품	/ˈθiətɝ/	명사	He served in the Vietnam theater for three years
johnson		/ˈdʒɑnsən/	명사	
commit	헌신하다 | 저지르다 | 몸을 맡기다	/kəˈmɪt/	동사	I commit my soul to God
patrick		/ˈpætɹɪk/	명사	
entirely	전혀 | 온통 | 전체적	/ɪnˈtaɪɝɫi/	부사	Was entirely to blame
extraordinary	특별 | 특별하다 | 특명의	/ˌɛkstɹəˈɔɹdəˌnɛɹi/	형용사	Extraordinary authority
opposite	마주보는 | 반대쪽에 | 맞은쪽의	/ˈɑpəzət/	형용사	Opposite leaves
terry	테리천	/ˈtɛɹi/	명사	
chat	담소 | 담소하다 | 노닥이다	/ˈtʃæt/	명사	
mummy	미라	/ˈməmi/	명사	
bay	영예 | 월계수 | 격실	/ˈbeɪ/	명사	He opened the bomb bay
slip	쪽지 | 꺾꽂이 | 풀어 놓다	/ˈsɫɪp/	동사	He's a mere slip of a lad
disappointed	섭섭하다	/ˌdɪsəˈpɔɪnɪd/	형용사	Disappointed expectations and thwarted ambitions
settled	일정 | 정해지다	/ˈsɛtəɫd/	형용사	He finally settled down
andrew	안드레	/ˈændɹu/	명사	
alert	경계경보	/əˈɫɝt/	동사	Alert to the problems
detail	부분도 | 상술하다 | 선발하다	/ˈditeɪɫ/	명사	It was perfect in all details
pink	도홍색 | 도홍색의 | 석죽	/ˈpɪŋk/	형용사	The car pinked when the ignition was too far retarded
fella		/ˈfɛɫə/	명사	
accepted		/ækˈsɛptɪd/	형용사	The cow accepted the bull
background	배경 | 음악효과 | 소양	/ˈbækˌɡɹaʊnd/	명사	He is a lawyer with a sports background
garbage	쓰레기 | 고기찌끼	/ˈɡɑɹbɪdʒ/	명사	She tossed the moldy bread into the garbage
panic	공황적인 | 공황 | 열광케 하다	/ˈpænɪk/	명사	Panic in the stock market
belt	벨트 | 지대 | 때리다	/ˈbɛɫt/	명사	Belt your trousers
blowing	재즈 연주 | 취입 성형 | 취주	/ˈbɫoʊɪŋ/	명사	The leaves were blowing in the wind
hollywood	헐리우드 | 영화의 도시	/ˈhɑɫiˌwʊd/	명사	A Hollywood actor
agreement	일치 | 동의 | 합의	/əˈɡɹimənt/	명사	The two parties were in agreement
pushing	미는	/ˈpʊʃɪŋ/	명사	She is pushing fifty
ability	능력 | 재능 | 재주	/əˈbɪɫəˌti/	명사	
tiger	호랑이 | 강적 | 범	/ˈtaɪɡɝ/	명사	It aroused the tiger in me
whispering	두런두런 | 살랑거림	/ˈhwɪspɝɪŋ/	명사	
culture	문화 | 사회 | 경작하다	/ˈkəɫtʃɝ/	명사	The culture of oysters
saint	성인 | 시성하다 | 성도	/ˈseɪnt/	명사	
task	과제 | 임무 | 일	/ˈtæsk/	명사	The endless task of classifying the samples
solid	입체 | 튼튼하다 | 공고	/ˈsɑɫəd/	형용사	Good solid food
doll	인형 | 멋내다 | 차려입다	/ˈdɑɫ/	명사	
intend	하려고 생각하다 | 셈이다 | 의도하다	/ˌɪnˈtɛnd/	동사	What do his words intend?
district	지구 | 지방 | 나눈 구	/ˈdɪstɹɪkt/	명사	
pa		/ˈpɑ/	명사	
gee	그래 | 어디여! | 이러!	/ˈdʒi/	명사	
custody	보관 | 감금 | 구류	/ˈkəstədi/	명사	The suspect is in custody
ignore	무시하다 | 불문하다	/ˌɪɡˈnɔɹ/	동사	
naturally	자연히 | 무리없이 | 꾸밈없이	/ˈnætʃɝəɫi/	부사	He was naturally lazy
useful	유용	/ˈjusfəɫ/	형용사	A useful member of society
attempt	시도 | 시도하다 | 해보다	/əˈtɛmpt/	동사	They made an attempt on his life
abandoned		/əˈbændənd/	형용사	An abandoned sadness born of grief
cutting	재단 | 베어재기 | 비꼬아	/ˈkətɪŋ/	명사	Cutting remarks
guarantee	보험 | 보장 | 보장하다	/ˌɡɛɹənˈti/	동사	Guarantee to free the prisoners
bark	총성 | 멍멍 | 기침 소리	/ˈbɑɹk/	명사	She barked into the dictaphone
gather	모으다 | 채집하다 | 챙기다	/ˈɡæðɝ/	동사	Gather some stones
policy	정책 | 보험 증서 | 일종의 도박	/ˈpɑɫəsi/	명사	It was a policy of retribution
violent	폭력적 | 변사 | 횡사	/ˈvaɪəɫənt/	형용사	A violent death
maid	시녀 | 조커 빼기 | 신부의 들러리	/ˈmeɪd/	명사	
embarrassing	당황케 하는 | 거북하다 | 민망하다	/ɪmˈbɛɹəsɪŋ/	형용사	Awkward (or embarrassing or difficult) moments in the discussion
childhood	아동기 | 유년 시대 | 유년 시절	/ˈtʃaɪɫdˌhʊd/	명사	
wasting	소모성 질환	/ˈweɪstɪŋ/	명사	Political prisoners are wasting away in many prisons all over the world
bow	절하다 | 활 | 꾸부러지다	/ˈbaʊ/	동사	He bowed before the King
chick	병아리 | 새새끼	/ˈtʃɪk/	명사	
disaster	재해 | 재앙 | 난민	/dɪˈzæstɝ/	명사	His policies were a disaster
revolution	혁명 | 회전 | 대변혁	/ˌɹɛvəˈɫuʃən/	명사	The industrial revolution was also a cultural revolution
online	온라인 | 온라인의	/ˈɔnˌɫaɪn/	형용사	
demon	악마	/ˈdimən/	명사	She's a demon at math
heavily	힘에겨운듯이	/ˈhɛvəɫi/	부사	He drank heavily
coincidence	부합 | 동시에일어난 사건	/koʊˈɪnsɪdəns/	명사	The interval determining the coincidence gate is adjustable
perform	피우다 | 실행하다 | 연주하다	/pɝˈfɔɹm/	동사	Who will perform the wedding?
thin	솎다 | 깊이없는 | 얇게하다	/ˈθɪn/	형용사	Thin the solution
terrific	굉장한	/tɝˈɪfɪk/	형용사	A terrific noise
mac	스코틀랜드사람	/ˈmæk/	명사	
crown	왕관 | 금관 | 면류관	/ˈkɹaʊn/	명사	The speech crowned the meeting
identity	신원 | 독자성 | 정체성	/aɪˈdɛntɪˌti/	명사	They shared an identity of interests
virgin	처녀 | 처녀인 | 동정인사람	/ˈvɝdʒɪn/	명사	A spinster or virgin lady
impressive	인상적 | 인상적인 | 감명을 주는	/ˌɪmˈpɹɛsɪv/	형용사	An impressive ceremony
windows		/ˈwɪndoʊz/	명사	
potential	잠재적 | 가능법 | 가능법의	/pəˈtɛnʃəɫ/	명사	Potential clients
guitar	기타	/ɡɪˈtɑɹ/	명사	
committee	의원회 | 위원수탁자 | 위원회	/kəˈmɪti/	명사	A committee is a group that keeps minutes and loses hours
dozen		/ˈdəzən/	명사	
delivery	배달 | 전달 | 인도	/dɪˈɫɪvɝi/	명사	She had a difficult delivery
advance	진출 | 발달하다 | 나가다	/ədˈvæns/	동사	An advance party
quietly	조용히 | 몰래 | 얌전하게	/ˈkwaɪətɫi/	부사	She was crying quietly
teaching	수업 | 교습 | 가르치기	/ˈtitʃɪŋ/	명사	The teachings of religion
hunter	사냥꾼	/ˈhəntɝ/	명사	A treasure hunter
latest	최신	/ˈɫeɪtəst/	형용사	Have you heard the latest?
hurting	쓸리다	/ˈhɝtɪŋ/	명사	Were you hurting after the accident?
swing	그네 | 활보 | 휘드르기	/ˈswɪŋ/	동사	His mood swings
capital	원래의 | 원금 | 자본금	/ˈkæpətəɫ/	명사	A capital fellow
counting	개표 | 집계 | 검수	/ˈkaʊnɪŋ/	명사	The counting continued for several hours
drew		/ˈdɹu/	명사	She drew an elephant
dirt	진흙 | 오물 | 굴욕을 참다	/ˈdɝt/	명사	
whistle	호루라기 | 휘파람불다 | 휘파람	/ˈhwɪsəɫ/	동사	She whistled a melody
deny	면회를 거절하다	/dɪˈnaɪ/	동사	
urgent	절박하다	/ˈɝdʒənt/	형용사	The urgent words `Hurry! Hurry!'
threatened		/ˈθɹɛtənd/	형용사	He threatened me when I tried to call the police
behavior	행동 | 행위 | 행실	/bɪˈheɪvjɝ/	명사	The behavior of small particles can be studied in experiments
molly		/ˈmɑɫi/	명사	
mixed		/ˈmɪkst/	형용사	A mixed neighborhood
stays		/ˈsteɪz/	명사	
assure	확신시키다 | 보험에 넣다 | 납득시키다	/əˈʃʊɹ/	동사	I assured him that traveling to Cambodia was safe
subtitle	자막 | 서브타이틀 | 부제	/ˈsəbˌtaɪtəɫ/	명사	
explanation	설명 | 변명 | 해설	/ˌɛkspɫəˈneɪʃən/	명사	The explanation was very simple
unique	특수 | 덕특하다 | 독특하다	/juˈnik/	형용사	Spoke with a unique accent
billion		/ˈbɪɫjən/	형용사	
duke	공작 | 군주	/ˈduk/	명사	
production	제작 | 제작소 | 연출	/pɝˈdəkʃən/	명사	The production of white blood cells
slave	노예 | 뼈빠지게 일하다	/ˈsɫeɪv/	명사	A slave to fashion
carol	캐럴 | 축가 | 기뻐노래하다	/ˈkæɹəɫ/	명사	They went caroling on Christmas Day
cruel	잔혹한 | 무참한 | 비차만	/ˈkɹuəɫ/	형용사	
mask	가장 | 변장하다 | 복면	/ˈmæsk/	동사	He masked his disappointment
sally	출격하다 | 출격 | 용솟음	/ˈsæɫi/	명사	A sally into the wide world beyond his home
behave	행동하다 | 처신하다 | 행하다	/bɪˈheɪv/	동사	Don't behave like a fool
bury	묻다 | 장사지내다 | 몰두하게하다	/ˈbɛɹi/	동사	I tried to bury these unpleasant memories
massive	육중한 | 크고무거운 | 덩어리모양의	/ˈmæsɪv/	형용사	Massive changes
pathetic	가련하다	/pəˈθɛtɪk/	형용사	Their efforts were pathetic
species	정화 | 종류 | 정화하다	/ˈspiʃiz/	명사	A species of molecule
approaching		/əˈpɹoʊtʃɪŋ/	명사	Approaching old age
loan	대부 | 대부금 | 대차	/ˈɫoʊn/	명사	Loan me some money
struggle	고투 | 고투하다 | 버둥질	/ˈstɹəɡəɫ/	명사	He struggled to get free from the rope
dish	푼주 | 접시에 담다	/ˈdɪʃ/	명사	They served me a dish of rice
trusted		/ˈtɹəstɪd/	형용사	A sure (or trusted) friend
firing	발사 | 해고 | 땔감	/ˈfaɪɝɹɪŋ/	명사	
channel	채널 | 소관 | 하상	/ˈtʃænəɫ/	명사	A satellite TV channel
stopping	메우개 | 중지 | 멈칫	/ˈstɑpɪŋ/	명사	The violinist's stopping was excellent
jean	진	/ˈdʒin/	명사	
swimming	수영 | 일사 천리로	/ˈswɪmɪŋ/	명사	A big fish was swimming in the tank
daily	일부의 | 일상적 | 날마다	/ˈdeɪɫi/	부사	He stops by daily
basement	지계	/ˈbeɪsmənt/	명사	
quarter	소식통 | 네갈래로 찢다 | 숙박시키다	/ˈkwɔɹtɝ/	명사	Quarter an apple
bound	가려고 | 되퇸 | 제본한	/ˈbaʊnd/	동사	Bound to happen
navy	해군 | 네이비 | 대해군주	/ˈneɪvi/	명사	
article	조목 | 조 | 물품	/ˈɑɹtəkəɫ/	명사	An article of clothing
guide	가이드 | 안내자 | 길잡이	/ˈɡaɪd/	동사	They had the lights to guide on
accused	피고인 | 피의자	/əkˈjuzd/	명사	The neighbors accused the man of spousal abuse
transfer	갈아타다 | 전학 | 갈아타기	/ˈtɹænsfɝ/	동사	Transfer the data
guts		/ˈɡəts/	명사	He didn't have the guts to try it
quality	품질 | 양질 | 음질	/ˈkwɑɫəti/	명사	A man of quality
roman	로마사람 | 로마서 | 로만체의	/ˈɹoʊmən/	형용사	Roman architecture
greater	대	/ˈɡɹeɪtɝ/	형용사	The greater Antilles
damned	저주받은 | 지독히	/ˈdæmd/	형용사	Poor damned souls
couch	휴식처 | 누이다 | 못자리	/ˈkaʊtʃ/	명사	
vega	베가 | 직녀성	/ˈveɪɡə/	명사	
shoe	단화 | 끝쇠 | 접촉부	/ˈʃu/	명사	The children were well shoed
title	명의 | 호 | 타이틀	/ˈtaɪtəɫ/	명사	His title to fame
shy	홱 던지다 | 놀라 물러서다 | 수치스럽다	/ˈʃaɪ/	동사	Shy of strangers
punishment	처벌 | 벌 | 형	/ˈpənɪʃmənt/	명사	
click	제동자 | 흡기음 | 딸깍소리나게하다	/ˈkɫɪk/	동사	Xhosa speakers click
closet	들어박히다 | 밀담시키다 | 들어박혀 있다	/ˈkɫɑzət/	명사	
bye-bye		/ˈbaɪˈbaɪ/	명사	
fever	발열시키다 | 열광	/ˈfivɝ/	명사	In a fever of resentment
coward	겁보 | 겁쟁이 | 겁많은	/ˈkaʊɝd/	명사	
flash	플래시 | 순가 | 홱 나오다	/ˈfɫæʃ/	동사	He flashed a $100 bill
impressed	감명하여 | 감명을 받아	/ˌɪmˈpɹɛst/	형용사	This child impressed me as unusually mature
bruce	영국군 격파	/ˈbɹus/	명사	
siren	경적 | 사이렌 | 미성의 가수	/ˈsaɪɹən/	명사	Odysseus ordered his crew to plug their ears so they would not hear the Siren's fatal song
bowl	나무공 | 볼링경기 | 큰잔	/ˈboʊɫ/	명사	My parents like to bowl on Friday nights
supply	공급물 | 저장물자 | 지급	/səˈpɫaɪ/	동사	Supply blankets for the beds
sensitive	민감한 | 반응하는	/ˈsɛnsətɪv/	형용사	Sensitive to light
hopefully	잘만 되면	/ˈhoʊpfəɫi/	부사	We searched hopefully for a good position
rolling	돌아오는 | 롤링 | 구르기	/ˈɹoʊɫɪŋ/	명사	The cameras were rolling
tone	호조 | 논조 | 음질	/ˈtoʊn/	명사	Tone a negative
cheating	협작	/ˈtʃitɪŋ/	형용사	
confess	고백하다 | 고해하다 | 자인하다	/kənˈfɛs/	동사	She confessed that she had taken the money
demand	요청 | 요구 | 요구하다	/dɪˈmænd/	동사	I demand an explanation
museum	박물관	/ˈmjuziəm/	명사	
unknown	미지 | 미지의 인물 | 미지의	/ənˈnoʊn/	형용사	An unknown amount
drama	연극 | 극적사건 | 희곡	/ˈdɹɑmə/	명사	
suspicious	의심하는 | 수상 | 괴이쩍은	/səˈspɪʃəs/	형용사	Suspicious behavior
adult	성인 | 어른 | 대인	/ˈædəɫt/	명사	An adult animal
todd		/ˈtɑd/	명사	
frightened	겁먹은	/ˈfɹaɪtənd/	형용사	The frightened child cowered in the corner
steady	변치 않는 | 이미 정해진친구 | 착실하다	/ˈstɛdi/	형용사	Steady yourself
crossed	방해된	/ˈkɹɔst/	형용사	The trains crossed
particularly	별로 | 각별히 | 낱낱이	/ˌpɑɹˈtɪkjəɫɝɫi/	부사	A particularly gruesome attack
sandwich	샌드위치 | 센드위치	/ˈsæmwɪtʃ/	명사	She was sandwiched in her airplane seat between two fat men
laws	문물	/ˈɫɔz/	명사	The laws of thermodynamics
joint	공동성명 | 연대 | 마디	/ˈdʒɔɪnt/	명사	Joint ownership
package	패키지 | 소포 | 포장비	/ˈpækədʒ/	명사	
trained		/ˈtɹeɪnd/	형용사	Trained pigeons
thursday	목요일	/ˈθɝzˌdeɪ/	명사	
boot	구듯발질 | 쓸모있다 | 구둣발질하다	/ˈbut/	명사	Boot your computer
possibility	가능성 | 가능 | 가망	/ˌpɑsəˈbɪɫəˌti/	명사	Bankruptcy is always a possibility
albert	앨버트공	/ˈæɫbɝt/	명사	
civil	민간 | 공민적인 | 내정의	/ˈsɪvəɫ/	형용사	Civil authorities
june	유월	/ˈdʒun/	명사	
baseball	야구 | 야구공	/ˈbeɪsˈbɔɫ/	명사	He played baseball in high school
express	표현하다 | 급행열차 | 속달로	/ɪksˈpɹɛs/	동사	Her express wish
miserable		/ˈmɪzɝəbəɫ/	형용사	You miserable skunk!
tuesday	화요일	/ˈtjuzˌdeɪ/	명사	
parker		/ˈpɑɹkɝ/	명사	
lion	사자 | 명소 | 아이온	/ˈɫaɪən/	명사	
joseph	요셉	/ˈdʒoʊsəf/	명사	
shine	윤기 | 두드러지다 | 반짝이다	/ˈʃaɪn/	동사	His talent shines
assault	협박 | 치다 | 강습하다	/əˈsɔɫt/	명사	The mugger assaulted the woman
argue	논하다 | 논쟁하다	/ˈɑɹɡju/	동사	The evidence argues for your claim
trail	뻗침 | 뻗치다 | 단서	/ˈtɹeɪɫ/	동사	There as a trail of blood
option	선택권 | 선택물 | 업션	/ˈɑpʃən/	명사	What option did I have?
recall	리콜 | 생가해내다 | 소환	/ˈɹiˌkɔɫ/	동사	The recall of our ambassador
mighty	강대한 | 세다 | 위대하다	/ˈmaɪti/	형용사	He's mighty tired
collection	수집 | 모집 | 수집물	/kəˈɫɛkʃən/	명사	
oliver	올리버	/ˈɑɫəvɝ/	명사	
wilson		/ˈwɪɫsən/	명사	
accent	사트리 | 악센트	/ˈækˌsɛnt/	명사	He has a strong German accent
belief	믿음 | 신념 | 신앙	/bɪˈɫif/	명사	It strengthened my belief in his sincerity
embarrassed	궁색한 | 쪼들리는 | 곤혹스럽다	/ɪmˈbɛɹəst/	형용사	Was embarrassed by her child's tantrums
mobile	자유로 움직이는	/ˈmoʊbəɫ/	형용사	Upwardly mobile
terribly		/ˈtɛɹəbɫi/	부사	She sings terribly
sec		/ˈsɛk/	명사	
charity	동포애 | 보시 | 시료원	/ˈtʃɛɹɪti/	명사	
pussy		/ˈpʊsi/	명사	
donna	귀부인	/ˈdɑnə/	명사	
protecting		/pɹəˈtɛktɪŋ/	형용사	A protecting alibi
flag	판석 | 판석포장도로 | 기로 꾸미다	/ˈfɫæɡ/	명사	Flag this file so that I can recognize it immediately
kidnap	납치하다 | 채가다 | 유괴하다	/ˈkɪdˌnæp/	동사	
italy	이탈리아	/ˈɪtəɫi/	명사	
balance	저울 | 천칭 | 균형을 잡다	/ˈbæɫəns/	명사	Balance the two weights
nuclear	핵보유국 | 핵보유의 | 원자무기의	/ˈnukɫiɝ/	형용사	Nuclear weapons
wallet	지갑 | 바랑	/ˈwɔɫət/	명사	
shout	소리치다 | 부르짓다 | 소리침	/ˈʃaʊt/	동사	The angry mother shouted at the teacher
impression	인상 | 감명 | 날인	/ˌɪmˈpɹɛʃən/	명사	He made a good impression
jay		/ˈdʒeɪ/	명사	
degree	정도 | 계급 | 차	/dɪˈɡɹi/	명사	A second degree burn
favour		/ˈfeɪvɝ/	명사	
reaction	반응 | 반작용 | 대응	/ɹiˈækʃən/	명사	A bad reaction to the medicine
network	연락망 | 회로망 | 망세공	/ˈnɛtˌwɝk/	명사	A railroad network
version	버전 | 역서	/ˈvɝʒən/	명사	An experimental version of the night fighter
concert	콘서트 | 음악회 | 합주	/ˈkɑnsɝt/	명사	Concert one's differences
gear	기어 | 가재도구 | 도난품	/ˈɡɪɹ/	명사	
singer	가수 | 가인 | 노래하는 사람	/ˈsɪŋɝ/	명사	
diamond	금강석 | 다이아몬드	/ˈdaɪmənd/	명사	Diamonds were trumps
defeat	격파 | 격파하다 | 과기	/dɪˈfit/	동사	Defeat your enemies
lane	규정항로 | 시골길	/ˈɫeɪn/	명사	
blast	울려퍼짐-폭파하다 | 시들게 하다	/ˈbɫæst/	동사	The gunman blasted away
wounded	상처입은	/ˈwundɪd/	형용사	Nursing his wounded arm
charlotte	샬럿	/ˈʃɑɹɫət/	명사	
ceremony	의식 | 식전 | 의례	/ˈsɛɹəˌmoʊni/	명사	An inaugural ceremony
league	리그 | 동맹 | 연맹	/ˈɫiɡ/	명사	
bars		/ˈbɑɹz/	명사	An electric fire with three bars
orange	오렌지 | 오렌지빛 | 오렌지의	/ˈɔɹəndʒ/	명사	
specific	특효 있는 | 독특하다 | 특수한	/spəˈsɪfɪk/	형용사	A specific remedy
conditions		/kənˈdɪʃənz/	명사	He conditions old cars
plastic	플라스틱 | 소조의	/ˈpɫæstɪk/	명사	Do you take plastic?
crisis	위기 | 분기점 | 중대 국면	/ˈkɹaɪsəs/	명사	They went bankrupt during the economic crisis
fifth	다섯째	/ˈfɪfθ/	형용사	He was fifth out of several hundred runners
term	전기 | 조건 | 요구액	/ˈtɝm/	명사	He learned many medical terms
self	자기 | 이기심 | 귀사	/ˈsɛɫf/	명사	Self-proclaimed
offering	봉납 | 봉헌물 | 제공물	/ˈɔfɝɪŋ/	명사	The stores are offering specials on sweaters this week
bud	싹 | 새싹	/ˈbəd/	명사	
reported		/ˌɹiˈpɔɹtɪd/	형용사	His reported opinion
commissioner	청장 | 감독관 | 커미셔너	/kəˈmɪʃənɝ/	명사	
rip	격랑 | 격조 | 폐마	/ˈɹɪp/	동사	There was a rip in his pants
mysterious		/mɪˈstɪɹiəs/	형용사	Mysterious symbols
entrance	입구 | 가입 | 현관	/ˈɛntɹəns/	명사	She made a grand entrance
tunnel	터널	/ˈtənəɫ/	동사	The tunnel reduced congestion at that intersection
designed	설계된	/dɪˈzaɪnd/	형용사	Well-designed houses
neighbor	이웃사람 | 이웃하다 | 옆자리 사람	/ˈneɪbɝ/	명사	The neighboring house
aboard	차내에 | 배 안에	/əˈbɔɹd/	부사	Anchored close aboard another ship
sweat	땀을 흘리다 | 땀으로 적시다 | 습기가 생기다	/ˈswɛt/	명사	Exercise makes one sweat
costs		/ˈkɑsts/	명사	
dreaming		/ˈdɹimɪŋ/	명사	
bust	흉상 | 반신상 | 빠구	/ˈbəst/	동사	He busted my radio!
el	고가 철도	/ˈɛɫ/	명사	
teddy		/ˈtɛdi/	명사	
afterwards	뒤	/ˈæftɝwɝdz/	부사	
comfort	위문하다 | 위안하다 | 낙	/ˈkəmfɝt/	명사	His friendship was a comfort
mason	프리메이슨 | 돌을 쌓다 | 석공	/ˈmeɪsən/	명사	
surrender	항복하다 | 굴복 | 내맡기다	/sɝˈɛndɝ/	동사	The last Taleban fighters finally surrendered
gym		/ˈdʒɪm/	명사	
kitty	판돈 | 공동 자금	/ˈkɪti/	명사	
crush	박멸하다 | 심취 | 압착	/ˈkɹəʃ/	동사	Crush an aluminum can
arranged		/ɝˈeɪndʒd/	형용사	An arranged marriage
pee	오줌 | 쉬하다 | 오줌누다	/ˈpi/	명사	
stress	스트레스 | 압력 | 액센트	/ˈstɹɛs/	명사	Stress is a vasoconstrictor
cave	굴 | 함몰하다 | 조심하라	/ˈkeɪv/	명사	
wing	날아가다 | 날개를달다 | 항공 배지	/ˈwɪŋ/	명사	In Britain they call a fender a wing
jordan	요르단 왕국	/ˈdʒɔɹdən/	명사	
arrange	마련하다 | 배열하다 | 정돈하다	/ɝˈeɪndʒ/	동사	Arrange my schedule
comrade	전우 | 동료다운 | 동료의	/ˈkɑmˌɹæd/	명사	Comrades in arms
noble	독선가 | 귀족 | 고귀한	/ˈnoʊbəɫ/	형용사	A noble gas such as helium or neon
launch	내보내다 | 진수시키다 | 진수	/ˈɫɔntʃ/	동사	Launch a career
legend	전설 | 명 | 설명문	/ˈɫɛdʒənd/	명사	
mix	섞다 | 사귀게하다 | 타다	/ˈmɪks/	동사	Mix water into the drink
golf	골프	/ˈɡɑɫf/	명사	
imagination	상상 | 가상 | 창조력	/ˌɪˌmædʒəˈneɪʃən/	명사	He could still hear her in his imagination
fox	여우	/ˈfɑks/	명사	
kissing		/ˈkɪsɪŋ/	명사	
butter	버터	/ˈbətɝ/	명사	
tax	세금 | 세 | 주행세	/ˈtæks/	명사	You are taxing my patience
gross	그로스 | 총량의	/ˈɡɹoʊs/	형용사	Gross injustice
edward		/ˈɛdwɝd/	명사	
texas		/ˈtɛksəs/	명사	
insist	역설하다 | 우기다	/ˌɪnˈsɪst/	동사	
classic	클래식 | 전통적인 | 고전적인	/ˈkɫæsɪk/	형용사	Classic Cinese pottery
selfish	이기적인 | 얌체	/ˈsɛɫfɪʃ/	형용사	Selfish men were...trying to make capital for themselves out of the sacred cause of civil rights
skull	두개골	/ˈskəɫ/	명사	
bat	박쥐 | 배트 | 깜박이다	/ˈbæt/	동사	Bat one's eyelids
print	해서 | 자국 | 인쇄하다	/ˈpɹɪnt/	동사	Print the negative
champion	챔피언 | 우승자 | 더없이	/ˈtʃæmpiən/	명사	A champion show dog
therapy		/ˈθɛɹəpi/	명사	Heat therapy gave the best relief
lifetime	평생 | 평생의 | 한평생	/ˈɫaɪfˌtaɪm/	명사	
throughout	동안 | 통해서 | 도처에	/θɹuˈaʊt/	부사	
sauce	소스 | 맛을 내다	/ˈsɔs/	동사	Sauce the roast
experiment	실험 | 실험하다	/ɪkˈspɛɹəmənt/	명사	Students experiment sexually
describe	묘사하다 | 형언하다	/dɪsˈkɹaɪb/	동사	Discreet Italian police described it in a manner typically continental
ross		/ˈɹɑs/	명사	
grass	풀 | 풀로 덫다 | 잔디밭	/ˈɡɹæs/	명사	The owners decided to grass their property
cheat	커닝 | 바람피우다 | 속이다	/ˈtʃit/	동사	She cheats on her husband
attend	참석하다 | 간호하다	/əˈtɛnd/	동사	She attends class regularly
homework	숙제 | 숙제물 | 가내공업	/ˈhoʊmˌwɝk/	명사	
lewis		/ˈɫuɪs/	명사	
betray	누설하다 | 배반하다 | 저버리다	/bɪˈtɹeɪ/	동사	The spy betrayed his country
servant	봉사자 | 하인 | 종복	/ˈsɝvənt/	명사	The state cannot be a servant of the church
cap	무스 | 탈모하다 | 두겁	/ˈkæp/	명사	They established a cap for prices
tyler		/ˈtaɪɫɝ/	명사	
bible	성경 | 성전	/ˈbaɪbəɫ/	명사	
practically	실무적 | 실질상	/ˈpɹæktɪkəɫi/	부사	There was practically no garden at all
catherine		/ˈkæθɝən/	명사	
steel	강철 | 철 | 강	/ˈstiɫ/	명사	
wipe	빼다 | 닦기 | 닦아내다	/ˈwaɪp/	동사	Wipe the blackboard
burns		/ˈbɝnz/	명사	Maple wood burns well
generation	세대 | 대 | 항렬	/ˌdʒɛnɝˈeɪʃən/	명사	The third generation of computers
cabin	선실 | 캐빈 | 오두막집신호소	/ˈkæbən/	명사	
financial	금융	/ˌfaɪˈnænʃəɫ/	형용사	
industry	산업 | 산업계 | 경영자측	/ˈɪndəstɹi/	명사	Each industry has its own trade publications
bond	사로잡힌 | 결합하다 | 증서	/ˈbɑnd/	명사	A $10,000 bond was furnished by an alderman
sheep	교구민 | 양 | 어리석은 사람	/ˈʃip/	명사	His students followed him like sheep
scientist	과학자 | 신자	/ˈsaɪəntɪst/	명사	
beaten	맞다 | 두들겨 편 | 밟아 다져진	/ˈbitən/	형용사	Did not stray from the beaten path
deck	준비되어 | 지면	/ˈdɛk/	명사	He decked his opponent
script	원본 | 방송원고 | 스크립트	/ˈskɹɪpt/	명사	The playwright scripted the movie
brand	브랜드 | 상품명 | 상표	/ˈbɹænd/	명사	She was branded a loose woman
painful	고통스럽게 | 괴로운	/ˈpeɪnfəɫ/	형용사	A painful performance
coughing	기침	/ˈkɑfɪŋ/	명사	
religion	종교 | 광신 | 교	/ɹiˈɫɪdʒən/	명사	He was raised in the Baptist religion
stephen		/ˈstivən/	명사	
influence	영향력 | 영향 | 감응력	/ˈɪnfɫuəns/	명사	The influence of mechanical action
fuel	음식물 | 핵연료	/ˈfjuəɫ/	명사	The tanker fueled in Bahrain
drawing	달여내기 | 데상 | 선화	/ˈdɹɔɪŋ/	명사	Drawings of abstract forms
rabbit	토끼 | 뱅충맞이 | 집토끼	/ˈɹæbət/	명사	
exercise	연습 | 연습하다 | 과제	/ˈɛksɝˌsaɪz/	명사	Academic exercises
attractive	관심을 끄는	/əˈtɹæktɪv/	형용사	Attractive clothes
touching	비장 | 감동적인	/ˈtətʃɪŋ/	형용사	His gratitude was simple and touching
virus	바이러스 | 여과성 병원체	/ˈvaɪɹəs/	명사	The virus of jealousy is latent in everyone
realise		/ˈɹiəˌɫaɪz/	동사	
torture	고문 | 고문하다 | 억지로 비틀다	/ˈtɔɹtʃɝ/	명사	
blessed	복된 | 유복한	/ˈbɫɛst/	형용사	Our blessed land
plain	평범하다 | 무늬없는 | 초원	/ˈpɫeɪn/	형용사	A plain blue suit
rebecca		/ɹəˈbɛkə/	명사	
recent	근대의 | 근래의	/ˈɹisənt/	형용사	Recent graduates
footstep	보폭	/ˈfʊtˌstɛp/	명사	He heard footsteps on the porch
sacred	바친 | 모신 | 에게 바쳐진	/ˈseɪkɹəd/	형용사	Sacred elephants
removed	등친의 | 촌의	/ɹiˈmuvd/	형용사	A cousin once removed
pretending	겉치레하는 | 체 | 거짓의	/pɹiˈtɛndɪŋ/	명사	His conformity was only pretending
wasted	쇠약한	/ˈweɪstɪd/	형용사	A wasted effort
jewish		/ˈdʒuɪʃ/	형용사	A Jewish wedding
robot	로봇 | 인조인간 | 자동 교통신호기	/ˈɹoʊˌbɑt/	명사	
crystal	수정 | 컷글라스 | 크리스털제의	/ˈkɹɪstəɫ/	명사	
confirm	확인하다 | 확실하게하다 | 추인하다	/kənˈfɝm/	동사	His story confirmed my doubts
lad		/ˈɫæd/	명사	
division	분단 | 분업 | 사단	/dɪˈvɪʒən/	명사	The BBC's engineering division
scratch	긁는 일 | 긁힌 상처 | 우비어 파다	/ˈskɹætʃ/	동사	Scratch that remark
ending	결말 | 말미 | 종결	/ˈɛndɪŋ/	명사	The ending of warranty period
russia	러시아 | 소련	/ˈɹəʃə/	명사	
contest	시합 | 승부 | 경연대회	/ˈkɑntɛst/	명사	They contested the outcome of the race
valuable	가치적 | 귀중품 | 소중하다	/ˈvæɫjəbəɫ/	형용사	A valuable friend
distant	요요하다 | 먼발치 | 아득하다	/ˈdɪstənt/	형용사	A distant sound
motion	운동 | 움직임 | 동작	/ˈmoʊʃən/	명사	He made a motion to adjourn
electricity	전기 | 전류	/ɪˌɫɛkˈtɹɪsəti/	명사	They built a car that runs on electricity
centre	온건파 | 중추 | 중핵	/ˈsɛntɝ/	명사	
seal	대장 | 날인하다 | 해표	/ˈsiɫ/	동사	Seal the letter
standard	표준 | 본위 | 표준안	/ˈstændɝd/	명사	Standard brands
surrounded	둘러싸이다	/sɝˈaʊndɪd/	형용사	A camp surrounded by enemies
struck		/ˈstɹək/	형용사	Panic struck me
inform	알리다 | 알려주다 | 여쭈다	/ˌɪnˈfɔɹm/	동사	I informed him of his rights
gentle	귀천 | 얌전한 | 지체 높은	/ˈdʒɛnəɫ/	형용사	Of gentle blood
status	지위 | 위상	/ˈstætəs/	명사	He had the status of a minor
purse	지갑 | 돈주머니 | 돈지갑	/ˈpɝs/	명사	Purse ones's lips
charged	대전한 | 일촉 즉발의	/ˈtʃɑɹdʒd/	형용사	He charged me $15
begging	구걸 | 구걸하는	/ˈbɛɡɪŋ/	명사	
nina		/ˈninə/	명사	
construction	건설 | 구축 | 건설업	/kənˈstɹəkʃən/	명사	Their main business is home construction
confirmed	확인된 | 굳어버린 | 만성인	/kənˈfɝmd/	형용사	A confirmed invalid
confession	고백 | 고해 | 자인	/kənˈfɛʃən/	명사	
trigger	방아쇠	/ˈtɹɪɡɝ/	명사	Trigger a reaction
frankly	솔직히 | 터놓고 | 숨김없이	/ˈfɹæŋkɫi/	부사	Frankly, my dear, I don't give a damn
ali		/ˈɑɫi/	명사	
exit	출구 | 퇴장 | 퇴장하다	/ˈɛɡzɪt/	명사	
response	대응 | 리스폰스 | 응답문	/ɹiˈspɑns/	명사	His responses have slowed with age
cancel	해제 | 취소하다 | 말소하다	/ˈkænsəɫ/	동사	Cancel the dinner party
argument	논리 | 논의 | 논쟁	/ˈɑɹɡjəmənt/	명사	They were involved in a violent argument
principal	교장 | 원금 | 원금의	/ˈpɹɪnsəpəɫ/	명사	The principal example
turkey	칠면조 | 터키 | 실패작	/ˈtɝki/	명사	The first experiment was a real turkey
lucas		/ˈɫukəs/	명사	
clinic	클리닉 | 상담소 | 개인병원	/ˈkɫɪnɪk/	명사	
greeting	인사말 | 인사장	/ˈɡɹitɪŋ/	명사	
vice	부국장 | 부도덕 | 악습	/ˈvaɪs/	명사	Vice offends the moral standards of the community
toy	장난감 | 완구 | 장남감	/ˈtɔɪ/	명사	Toy with an idea
everyday	일상 | 일일 | 만날	/ˈɛvɹiˈdeɪ/	형용사	Everyday clothes
generous	관대한 | 마음이 넓은 | 감칠맛이 있는	/ˈdʒɛnɝəs/	형용사	A generous portion
gain	접근하다 | 이득 | 늘다	/ˈɡeɪn/	동사	The home team was gaining ground
holly	호랑가시나무	/ˈhɑɫi/	명사	
jungle	정글 | 부랑자의 소굴 | 밀림	/ˈdʒəŋɡəɫ/	명사	
link	링크 | 고리 | 코	/ˈɫɪŋk/	동사	The travelers linked up again at the airport
underground	지하 | 지하에 | 지하조직	/ˈəndɝˌɡɹaʊnd/	형용사	Underground caverns
smiling	방긋거림	/ˈsmaɪɫɪŋ/	형용사	A room of smiling faces
mistress	여주인 | 정부 | 여지배자	/ˈmɪstɹəs/	명사	
product	상품 | 산출물 | 제작물	/ˈpɹɑdəkt/	명사	The product of 2 and 3 is 6
beef	쇠고기	/ˈbif/	명사	
whisper	속삭이다 | 소근거림 | 살랑살랑소리	/ˈhwɪspɝ/	동사	
religious	종교의 | 신앙가들 | 종교가들	/ɹiˈɫɪdʒəs/	형용사	Religious texts
identify	동일시하다	/aɪˈdɛntəˌfaɪ/	동사	
chip	공헌하다 | 썰다 | 조각	/ˈtʃɪp/	명사	
surveillance	감시	/sɝˈveɪɫəns/	명사	
carlos		/ˈkɑɹɫoʊs/	명사	
vampire	흡혈박쥐 | 흡혈귀	/ˈvæmpaɪɹ/	명사	
routine	루틴 | 일상의 일 | 기계적 절차	/ɹuˈtin/	명사	It was a routine day
underneath	밑에 | 하	/ˌəndɝˈniθ/	부사	A house with a good foundation underneath
temperature	온도 | 기온	/ˈtɛmpɝətʃɝ/	명사	
tribe	부족 | 족 | 종족	/ˈtɹaɪb/	명사	
brad	곡종	/ˈbɹæd/	명사	
deputy	대리 | 부	/ˈdɛpjəti/	명사	
headquarters	본부 | 사령부	/ˈhɛdˌkɔɹtɝz/	명사	Many companies have their headquarters in New York
equal	똑같다 | 필적하다 | 필적자	/ˈikwəɫ/	형용사	He was equal to the task
ken		/ˈkɛn/	명사	
reckon	정산하다 | 기산하다 | 치다	/ˈɹɛkən/	동사	You have to reckon with our opponents
related	연계적인	/ˌɹiˈɫeɪtɪd/	형용사	School-related activities
incredibly		/ˌɪnˈkɹɛdəbɫi/	부사	Behind you the coastal hills plunge to the incredibly blue sea backed by the Turkish mountains
chill	냉각하다 | 냉장하다 | 냉경하다	/ˈtʃɪɫ/	명사	The news of the city's surrender chilled the soldiers
spit	뱉다 | 침 | 제거품	/ˈspɪt/	동사	
oscar		/ˈɔskɝ/	명사	
makeup	화장 | 메이크업 | 조립	/ˈmeɪˌkəp/	명사	He missed the test and had to take a makeup
bug	벌레 | 젠체하는사람	/ˈbəɡ/	명사	
spirits		/ˈspɪɹɪts/	명사	He was in good spirits
nerve	신경 | 정신력 | 날개맥	/ˈnɝv/	명사	
divorced	남남	/dɪˈvɔɹst/	형용사	The couple divorced after only 6 months
stake	화형 | 화형주 | 내기	/ˈsteɪk/	동사	Stake your goat
port	항구 | 무역항 | 포구	/ˈpɔɹt/	명사	The ship finally ported
doorbell	초인종	/ˈdɔɹˌbɛɫ/	명사	
nephew	조카 | 생질의 사생아	/ˈnɛfju/	명사	
miller	제분업자 | 나방의 일종 | 물방앗간 주인	/ˈmɪɫɝ/	명사	
proceed	나가다 | 진행하다 | 처분하다	/pɝˈsid/	동사	We proceeded towards Washington
landing	착륙 | 상륙	/ˈɫændɪŋ/	명사	The plane made a smooth landing
traitor	매국노 | 적신 | 반역자	/ˈtɹeɪtɝ/	명사	
outfit	채비 | 여행용품상	/ˈaʊtˌfɪt/	명사	
bail	보석금 | 보석 | 들손	/ˈbeɪɫ/	동사	He is out on bail
fields	야외	/ˈfiɫdz/	명사	The diamond fields of South Africa
patience	내성 | 인내 | 인내심	/ˈpeɪʃəns/	명사	
recording	녹음 | 녹화	/ɹəˈkɔɹdɪŋ/	명사	She watched the recording from a sound-proof booth
foolish	바보같은 | 하찮은 | 어리석다	/ˈfuɫɪʃ/	형용사	Foolish remarks
loaded	짐실은 | 납을 박은 | 감정적이 된	/ˈɫoʊdɪd/	형용사	A loaded question
tokyo	동경 | 도쿄	/ˈtoʊkiˌoʊ/	명사	
davis		/ˈdeɪvəs/	명사	
costume	숙녀복 | 시대 의상	/ˈkɑstum/	명사	He wore his national costume
wayne		/ˈweɪn/	명사	
injured	상처입은	/ˈɪndʒɝd/	형용사	Injured soldiers
pet	애완동물 | 시무룩함 | 애원견	/ˈpɛt/	명사	
cage	옥사 | 바스켓 | 운전실	/ˈkeɪdʒ/	명사	The animal was caged
digging	채굴지 | 채광	/ˈdɪɡɪŋ/	명사	She was digging away at her math homework
spain	스페인	/ˈspeɪn/	명사	
seats		/ˈsits/	명사	The theater seats 2,000
awkward	섣부른 | 서먹서먹하다 | 서툴다	/ˈɑkwɝd/	형용사	An awkward dancer
pattern	무늬 | 규범 | 본보기	/ˈpætɝn/	명사	A pattern for a skirt
filthy		/ˈfɪɫθi/	형용사	A filthy traitor
visiting	방중 | 내방	/ˈvɪzɪtɪŋ/	명사	The purpose was to promote homes, clubs, visiting, and other services
jew	유대인 | 히브리인	/ˈdʒu/	명사	
answering	응답의 | 상응하다	/ˈænsɝɪŋ/	형용사	An answering smile
concentrate	집중되다 | 집중하다 | 농축액	/ˈkɑnsənˌtɹeɪt/	동사	Concentrate juice
someplace	어딘지	/ˈsəmˌpɫeɪs/	부사	
citizen	인민 | 공민 | 도시인	/ˈsɪtəzən/	명사	
aim	의도 | 겨누다 | 목표로 하다	/ˈeɪm/	동사	He took aim and fired
nancy	호모	/ˈnænsi/	명사	
affairs		/əˈfɛɹz/	명사	Great affairs of state
thick	총총하다 | 혼탁 | 가장 두꺼운부분	/ˈθɪk/	형용사	A thick sandwich
basic	베이식 | 기초 훈련 | 근본의	/ˈbeɪsɪk/	형용사	A basic story line
electric		/ɪˈɫɛktɹɪk/	형용사	Electric wiring
pleasant	탐탁	/ˈpɫɛzənt/	형용사	A pleasant scene
cliff	낭떠러지 | 절벽 | 벼랑	/ˈkɫɪf/	명사	He stood on a high cliff overlooking the town
nail	못 | 구타하다 | 네일궐련	/ˈneɪɫ/	동사	Nail the board onto the wall
russell		/ˈɹəsəɫ/	명사	
environment	환경 | 사위 | 둘레	/ɪnˈvaɪɹənmənt/	명사	He longed for the comfortable environment of his living room
western	서부극 | 서반구의 | 서부물	/ˈhwɛstɝn/	형용사	Western thought
average	평균 | 평범하다 | 보통의	/ˈævɝɪdʒ/	형용사	He averaged a C
ease	편안 | 간이 | 넉넉함	/ˈiz/	동사	A life of luxury and ease
raped		/ˈɹeɪpt/	형용사	The raped countryside
interrupt	끼어들다 | 방해하다 | 중단하다	/ˌɪntɝˈəpt/	동사	She interrupted her pregnancy
satisfied	만족스럽다 | 흡족한 | 만족한	/ˈsætəsˌfaɪd/	형용사	A satisfied customer
starving		/ˈstɑɹvɪŋ/	형용사	Let's eat--I'm starving!
document	문서 | 증권 | 기록문헌	/ˈdɑkjəmɛnt/	명사	Can you document your claims?
anniversary	기념일의 | 축전	/ˌænəˈvɝsɝi/	명사	
beth	베트	/ˈbɛθ/	명사	
election	선거 | 총선 | 선임	/ɪˈɫɛkʃən/	명사	They celebrated his election
warrior	무사 | 무인 | 용사	/ˈwɔɹiɝ/	명사	
forth		/ˈfɔɹθ/	부사	Put my ideas forth
fetch	불러오다 | 오게하다	/ˈfɛtʃ/	동사	The dog fetched the hat
banks		/ˈbæŋks/	명사	
placed		/ˈpɫeɪst/	형용사	He was placed on probation
timing	타이밍	/ˈtaɪmɪŋ/	명사	
complex	콤플렉스 | 복합체 | 복문의	/ˈkɑmpɫɛks/	형용사	A complex mass of diverse laws and customs
frozen	냉동의 | 얼음으로 덮힌 | 언	/ˈfɹoʊzən/	형용사	The frozen North
replace	대신하다 | 보충하다 | 대체하다	/ˌɹiˈpɫeɪs/	동사	He replaced the old razor blade
prayer	기도 | 기도식 | 간원	/ˈpɹeɪɝ/	명사	The priest sank to his knees in prayer
skip	스쳐가다 | 줄넘기 | 건너 뛰다	/ˈskɪp/	동사	Skip a stone across the pond
guilt		/ˈɡɪɫt/	명사	
tune	사이좋게 | 곡조 | 마디	/ˈtun/	명사	Tune the engine
woo	구애하다	/ˈwu/	동사	China is wooing Russia
conscience	양심 | 죄의식 | 도의심	/ˈkɑnʃəns/	명사	A person of unflagging conscience
officially	공무상 | 공식으로 | 직책상	/əˈfɪʃəɫi/	부사	Officially responsible
smaller		/ˈsmɔɫɝ/	형용사	
determined	결정된 | 단호하다	/dɪˈtɝmənd/	형용사	A struggle against a determined enemy
blown		/ˈbɫoʊn/	형용사	Blown soil mounded on the window sill
hail	출신이다 | 환호 | 빗발치듯 쏟아지다	/ˈheɪɫ/	동사	A hail of pebbles
unhappy		/ənˈhæpi/	형용사	The unhappy truth
booth	막 | 노점	/ˈbuθ/	명사	
pour	넣다 | 많이 베풀다 | 흘러 나오다	/ˈpɔɹ/	동사	Pour water over the floor
berlin		/bɝˈɫɪn/	명사	
cleared		/ˈkɫɪɹd/	형용사	The bill cleared the House
packed	꽉 찬 | 빡빡하다	/ˈpækt/	형용사	A packed theater
wrap	열중되다 | 휩싸이다 | 어깨 두르개	/ˈɹæp/	동사	Wrap the present
randy		/ˈɹændi/	형용사	
behalf		/bɪˈhæf/	명사	Campaigning in his own behalf
reasonable	합당한 | 합리적 | 조리	/ˈɹizənəbəɫ/	형용사	Reasonable prices
trunk	줄기 | 트렁크 | 중계선	/ˈtɹəŋk/	명사	He put his golf bag in the trunk
festival	축제 | 축제소동	/ˈfɛstəvəɫ/	명사	A drama festival
tradition	전통 | 전설 | 인습	/tɹəˈdɪʃən/	명사	
le		/ɫə/	명사	
harvey		/ˈhɑɹvi/	명사	
motive	동기 | 동인	/ˈmoʊtɪv/	명사	He acted with the best of motives
bishop	비숍 | 승정	/ˈbɪʃəp/	명사	
dealer	상안 | 패도르는 사람 | 장사꾼	/ˈdiɫɝ/	명사	A dealer in stolen goods
defendant	피고	/dɪˈfɛndənt/	명사	
backup	뒷받침 | 정체	/ˈbæˌkəp/	명사	A traffic backup on the main street
nearby	근처에 | 가까이에 | 가까이로	/ˈnɪɹˈbaɪ/	형용사	The nearby towns
effects		/ˈifɛkts/	명사	The effects of sleep loss
jonathan	요나단 | 홍옥	/ˈdʒɑnəθən/	명사	
benefit	희사 | 은혜 | 혜택	/ˈbɛnəfɪt/	명사	For the benefit of all
adventure	모험 | 흔치않은 체험	/ædˈvɛntʃɝ/	명사	
territory	판도 | 영역 | 영토	/ˈtɛɹɪˌtɔɹi/	명사	His questions covered a lot of territory
apology	사과 | 사죄	/əˈpɑɫəˌdʒi/	명사	It was an apology for a meal
dylan		/ˈdɪɫən/	명사	
unlike	달라서 | 닮지 않은 | 같지 않고	/ənˈɫaɪk/	형용사	For twins they are very unlike
thus	이런식으로 | 이것만은 | 여기까지는	/ˈðəs/	부사	Set up the pieces thus
clay	진흙 | 찰흙 | 인품	/ˈkɫeɪ/	명사	Honor comes to bless the turf that wraps their clay
developed	선진의	/dɪˈvɛɫəpt/	형용사	Developed countries
busted	체포된 | 파멸한	/ˈbəstɪd/	형용사	He busted my radio!
pipe	관악기 | 술통 | 파이프	/ˈpaɪp/	명사	Pipe oil, water, and gas into the desert
gray	회색 | 그레이 | 박명	/ˈɡɹeɪ/	형용사	Gray flannel suit
favourite		/ˈfeɪvɝɪt/	명사	
salad	샐러드	/ˈsæɫəd/	명사	
loyal	충성의 | 충의의 | 충성스러운	/ˈɫɔɪəɫ/	형용사	Loyal supporters
atmosphere	대기 | 분위기 | 기권	/ˈætməsˌfɪɹ/	명사	The atmosphere was thick with fog
dropping	낙하 | 낙하물 | 촛농	/ˈdɹɑpɪŋ/	형용사	The eerie whistle of dropping bombs
mouse	쥐 | 새앙쥐	/ˈmaʊs/	명사	A mouse takes much more room than a trackball
downtown	도심지 | 중심가 | 상가	/ˈdaʊnˈtaʊn/	형용사	Downtown Manhattan
pit	수직갱 | 채굴장 | 투견장	/ˈpɪt/	명사	Pit plums and cherries
rotten	비오는 | 태도가 나쁜 | 부패한	/ˈɹɑtən/	형용사	Rotten floor boards
paradise	낙원 | 에덴 동산 | 극락	/ˈpɛɹəˌdaɪs/	명사	
meantime	그간 | 이럭저럭하는 동안에	/ˈminˌtaɪm/	명사	In the meantime the police were notified
organization	구성체 | 편성 | 결단	/ˌɔɹɡənəˈzeɪʃən/	명사	He still remembers the organization of the club
exam		/ɪɡˈzæm/	명사	
cock	격철 | 멧도요 | 치떠봄	/ˈkɑk/	동사	Cock one's head
fairy	선녀 | 요정 | 요정의	/ˈfɛɹi/	명사	
earl	백작	/ˈɝɫ/	명사	
comment	해석 | 비판 | 비평하다	/ˈkɑmɛnt/	명사	He commented the paper of his colleague
activity	활동 | 적극 | 활약	/ækˈtɪvəti/	명사	Volcanic activity
frame	골조 | 됨직하다 | 나무테의	/ˈfɹeɪm/	명사	Frame a picture
knight	나이트 | 기사 | 나이트작의 사람	/ˈnaɪt/	명사	The Beatles were knighted
testing	시련	/ˈtɛstɪŋ/	명사	There are laboratories for commercial testing
habit	버릇 | 습관 | 여성승마복	/ˈhæbət/	명사	Owls have nocturnal habits
shelter	보호 | 대피소 | 방공호	/ˈʃɛɫtɝ/	명사	After the earthquake, the government could not provide shelter for the thousands of homeless people
flow	유량 | 흐르다 | 흘러가다	/ˈfɫoʊ/	명사	The flow of thought
prevent	방지하다 | 예방하다	/pɹiˈvɛnt/	동사	We must prevent the cancer from spreading
anthony	이집트의 은자	/ˈænθəni/	명사	
lend	빌리다 | 증대시키다 | 소용에 닿다	/ˈɫɛnd/	동사	I will lend you my car
cooper	술장수 | 통장이 | 혼합 흑맥주	/ˈkupɝ/	명사	
boston		/ˈbɑstən/	명사	
sample	견본품 | 견본을 뽑다 | 견본	/ˈsæmpəɫ/	명사	Sample the regional dishes
strip	연재만화 | 철판 활주로 | 활주로	/ˈstɹɪp/	명사	Strip a wall of its wallpaper
landed		/ˈɫændəd/	형용사	Landed property
buzzing	윙윙거리는	/ˈbəzɪŋ/	형용사	Bees were buzzing around the hive
monk	비구 | 수도사	/ˈməŋk/	명사	
slightly		/ˈsɫaɪtɫi/	부사	The children argued because one slice of cake was slightly larger than the other
produce	생산하다 | 생상하다 | 연출하다	/ˈpɹoʊdus/	동사	Produce a movie
annoying	거리 | 까다롭다	/əˈnɔɪɪŋ/	형용사	Tapping an annoying rhythm on his glass with his fork
judgment	판결 | 판단 | 심사	/ˈdʒədʒmənt/	명사	He was reluctant to make his judgment known
laundry	세탁 | 빨래 | 세탁장	/ˈɫɔndɹi/	명사	
ron		/ˈɹɑn/	명사	
lousy	투성이의	/ˈɫaʊzi/	형용사	A dirty (or lousy) trick
existence	존재 | 존립 | 생존	/ɛɡˈzɪstəns/	명사	The biggest tree in existence
belly	복부 | 자궁-부풀게하다 | 태내	/ˈbɛɫi/	명사	The belly of a sail
foster	애정을 주는 | 양육하다 | 촉진하다	/ˈfɑstɝ/	동사	Foster our children's well-being and education
returning		/ɹiˈtɝnɪŋ/	형용사	
ward	수용실 | 피후견자 | 쪽으로의 듯	/ˈwɔɹd/	명사	They put her in a 4-bed ward
actress	여배우 | 주연	/ˈæktɹəs/	명사	
chairman	은행장 | 학과장 | 가마꾼	/ˈtʃɛɹmən/	명사	
individual	개체적 | 개인적인 | 개인용의	/ˌɪndəˈvɪdʒəwəɫ/	명사	An individual serving
tattoo	문신 | 귀영북 | 귀영 나팔	/ˌtæˈtu/	명사	
fence	펜싱 | 울타리 | 담	/ˈfɛns/	명사	We fenced in our yard
sink	몰락하다 | 낮게하다 | 내려앉다	/ˈsɪŋk/	동사	The ocean is a sink for carbon dioxide
punk	썩은 나무 | 쏘시개 나무	/ˈpəŋk/	명사	
confident	확신하고 | 든든하다	/ˈkɑnfədənt/	형용사	A confident reply
yay		/ˈjeɪ/	명사	
mistaken		/mɪˈsteɪkən/	형용사	A mistaken belief
limit	한 | 한하다 | 한도	/ˈɫɪmət/	명사	To the limit of his ability
uncomfortable		/ənˈkəmfɝtəbəɫ/	형용사	An uncomfortable chair
wednesday	수요일	/ˈwɛnzˌdeɪ/	명사	
policeman	경찰관 | 순경 | 포졸	/pəˈɫismən/	명사	
na		/ˈnɑ/	명사	
precisely	바로 그렇다	/pɹiˈsaɪsɫi/	부사	`Precisely, my lord,' he said
greek	그시스의	/ˈɡɹik/	형용사	Greek mythology
merely	단지 | 오직 | 다만	/ˈmɪɹɫi/	부사	I was merely asking
underwear	속옷 | 내의	/ˈəndɝˌwɛɹ/	명사	
earned		/ˈɝnd/	형용사	An earned run in baseball
reveal	계시하다 | 발설하다 | 피력	/ɹiˈviɫ/	동사	The actress won't reveal how old she is
heavens	창공	/ˈhɛvənz/	명사	
personality	성격 | 인격 | 사람됨	/ˌpɝsəˈnæɫɪti/	명사	She is a Hollywood personality
batman	베트맨	/ˈbætˌmæn/	명사	
virginia		/vɝˈdʒɪnjə/	명사	
colour	본심 | 색조 | 색채	/ˈkəɫɝ/	명사	
pope	교황	/ˈpoʊp/	명사	
instructions	훈시 | 훈령	/ˌɪnˈstɹəkʃənz/	명사	
intelligent	지능형 | 슬기롭다 | 총명한	/ˌɪnˈtɛɫədʒənt/	형용사	An intelligent question
worrying		/ˈwɝiɪŋ/	명사	A worrying time
traveling	순력 | 활주하는	/ˈtɹævəɫɪŋ/	명사	
impact	충격 | 격돌하다 | 충격력영향	/ˈɪmpækt/	명사	The book had an important impact on my thinking
relief	구원 | 교체자 | 돋을새김	/ɹiˈɫif/	명사	He has been on relief for many years
host	주인 | 개최 | 숙주	/ˈhoʊst/	명사	We hosted 4 couples last night
footage	피트수 | 동영상	/ˈfʊtɪdʒ/	명사	He edited the news footage
odds	남은것	/ˈɑdz/	명사	He offered odds of two to one
patrol	순시 | 순회단 | 순시인	/pəˈtɹoʊɫ/	명사	
circus	서커스 | 곡마단 | 곡예장	/ˈsɝkəs/	명사	It was so funny it was a circus
mud	진흙	/ˈməd/	명사	
capture	매료하다 | 노획물 | 포착	/ˈkæptʃɝ/	동사	Capture an idea
occasion	시절 | 적	/əˈkeɪʒən/	명사	There was no occasion for complaint
pulse	펄스 | 맥박 | 두류	/ˈpəɫs/	명사	A soft breeze pulsed the air
ad	서력	/ˈæd/	명사	
invent	발명하다 | 창안하다 | 조작하다	/ˌɪnˈvɛnt/	동사	
matthew		/ˈmæθju/	명사	
auntie		/ˈænti/	명사	
cloud	먹구름 | 둔화시키다 | 담배 연기	/ˈkɫaʊd/	명사	Clouds of blossoms
signature	접지 번호 | 테마 음악	/ˈsɪɡnətʃɝ/	명사	
complain	하소연하다 | 고소하다 | 불평하다	/kəmˈpɫeɪn/	동사	My mother complains all day
blah	바보같이-허튼소리 | 어리석은 것	/ˈbɫɑ/	명사	
monitor	모니터 | 경고자 | 권고자	/ˈmɑnətɝ/	동사	We are monitoring the air quality
flies		/ˈfɫaɪz/	명사	Time flies like an arrow
pat	작은 덩어리 | 다독거리다	/ˈpæt/	동사	He has the lesson pat
britain	대브리톤	/ˈbɹɪtən/	명사	
wailing		/ˈweɪɫɪŋ/	명사	Wailing mourners
yell	폭소하다 | 소리치다 | 지르다	/ˈjɛɫ/	동사	You don't have to yell--I can hear you just fine
smooth	수염없는 | 부드러운 | 반드러운 부분	/ˈsmuð/	형용사	A smooth tabletop
resist	내성이다 | 방염제 | 절연도료	/ɹiˈzɪst/	동사	The trees resisted her
fantasy	기상 | 공상 | 백일몽	/ˈfænəsi/	명사	A schoolgirl fantasy
passport	여권 | 패스포드 | 여행권	/ˈpæsˌpɔɹt/	명사	His wealth was not a passport into the exclusive circles of society
pitch	피치 | 송진 | 투구하다	/ˈpɪtʃ/	동사	The roof had a steep pitch
hammer	망치 | 해머 | 나무망치	/ˈhæmɝ/	명사	Hammer the metal flat
homicide	살해범	/ˈhɑməˌsaɪd/	명사	
jacob	야곱	/ˈdʒeɪkəb/	명사	
noon	정오 | 한낮 | 야반	/ˈnun/	명사	
helicopter	헬기 | 헬리콥터	/ˈhɛɫɪˌkɑptɝ/	명사	
spin	방적하다 | 달리기 | 어질어질하다	/ˈspɪn/	동사	Spin out a visit
charm	매력 | 주문걸다 | 매혹하여시키다	/ˈtʃɑɹm/	명사	She charmed him into giving her all his money
slap	손바닥으로 때림 | 털썩	/ˈsɫæp/	동사	Ran slap into her
apply	적용하다 | 신청하다 | 바르다	/əˈpɫaɪ/	동사	Apply for a job
screeching		/ˈskɹitʃɪŋ/	명사	He ducked at the screechings of shells
discover	발견하다 | 찾아내다 | 찾다	/dɪˈskəvɝ/	동사	Roentgen discovered X-rays
previous	앞에서의 | 너무일찍 서두른	/ˈpɹiviəs/	형용사	The previous owner
kit	나무통 | 복장 일습 | 연장 그릇	/ˈkɪt/	명사	
authorities		/əˈθɔɹətiz/	명사	The authorities have issued a curfew
moan	신음 | 끙끙거리다 | 신음하다	/ˈmoʊn/	동사	
photograph	찰영하다	/ˈfoʊtəˌɡɹæf/	명사	Children photograph well
sales	영업 | 판촉 | 매상고	/ˈseɪɫz/	명사	They tried to boost sales
fifty	오십	/ˈfɪfti/	형용사	
mickey		/ˈmɪki/	명사	
beneath	못하여 | 아래쪽에	/bɪˈniθ/	부사	
farewell	고별 | 작별의 인사 | 안녕!	/ˌfɛɹˈwɛɫ/	명사	He disliked long farewells
represent	대표하다 | 대리하다 | 분장하다	/ˌɹɛpɹɪˈzɛnt/	동사	I represent the silent majority
deaf	귀머거리의	/ˈdɛf/	형용사	Deaf to her warnings
facing	겉단장 | 깃달기 | 면함	/ˈfeɪsɪŋ/	명사	The facing page
offense	반칙	/əˈfɛns/	명사	
clown	익살부리다 | 어릿광대짓하다 | 어릿광대	/ˈkɫaʊn/	명사	
snap	꽝당다 | 물어뜯다 | 민활함	/ˈsnæp/	동사	Snap a football
hood	활의 명수 | 뚜껑을 하다 | 덮개를 씌우다	/ˈhʊd/	명사	The bandits were hooded
twelve		/ˈtwɛɫv/	형용사	
informed	소식통의 | 견문이 넓은	/ˌɪnˈfɔɹmd/	형용사	Informed opinion
humanity	인정 | 인도 | 라틴 문학	/hjuˈmænɪti/	명사	
producer	생산자 | 프로듀서 | 연출가	/pɹəˈdusɝ/	명사	Maine is a leading producer of potatoes
technically	기술적으로 | 법 적으로	/ˈtɛknɪkəɫi/	부사	A technically brilliant boxer
extreme	양극단 | 맨끝의 | 극도의	/ɛkˈstɹim/	형용사	Extreme caution
cia	중앙 정보부	/ˈsiˈaɪˈeɪ/	명사	
ii			명사	
profile	인물단평 | 측면도 | 윤곽	/ˈpɹoʊˌfaɪɫ/	명사	A biochemical profile of blood
oxygen	산소	/ˈɑksədʒən/	명사	
gene	유전자	/ˈdʒin/	명사	Genes were formerly called factors
shed	내다 | 갈다 | 벗다	/ˈʃɛd/	동사	Shed your clothes
minor	미성년자 | 부전공과목의 | 작은 쪽의	/ˈmaɪnɝ/	형용사	In B flat minor
ex	본선 인도	/ˈɛks/	명사	All his exes live in Texas
theatre		/ˈθiətɝ/	명사	
scientific	과학적인 | 학술상의	/ˌsaɪənˈtɪfɪk/	형용사	Scientific journals
chaos	혼돈 | 대혼란 | 무법천지	/ˈkeɪɑs/	명사	
rocket	화전 | 로켓 | 겨자과의 식물	/ˈɹɑkət/	명사	
math	수리 | 수학 선생	/ˈmæθ/	명사	
stubborn	억척스럽다 | 집요하다 | 든든하다	/ˈstəbɝn/	형용사	A stubborn infection
august	팔월 | 존귀하다	/ˈɑɡəst/	명사	Of august lineage
chips		/ˈtʃɪps/	명사	
intense	심하다 | 열정적인 | 매우 짙은	/ˌɪnˈtɛns/	형용사	Intense anxiety
grey		/ˈɡɹeɪ/	명사	The little grey cells
terrorist	테러리스트 | 폭력주의자	/ˈtɛɹɝɪst/	명사	
angle	각도 | 시각 | 낚시도구	/ˈæŋɡəɫ/	명사	He angled his way into the room
invitation	초대 | 초청장 | 초청	/ˌɪnvɪˈteɪʃən/	명사	An invitation to lunch
gu		/ˈɡu/	명사	
gambling	도박 | 노름	/ˈɡæmbəɫɪŋ/	명사	His gambling cost him a fortune
respond	대응주 | 응창성가 | 응창하다	/ɹiˈspɑnd/	동사	The cancer responded to the aggressive therapy
thirty	서른	/ˈθɝˌdi/	형용사	
procedure	조치 | 법식 | 굼뜨다	/pɹəˈsidʒɝ/	명사	The procedure of obtaining a driver's license
absolute	절대의 | 절대적 | 절대온도의	/ˈæbsəˌɫut/	형용사	Absolute loyalty
investigate	검토하다 | 수사하다 | 연구하다	/ˌɪnˈvɛstəˌɡeɪt/	동사	Let's investigate the syntax of Chinese
tragedy	비극 | 참사	/ˈtɹædʒədi/	명사	
stable	사람들 | 영속성의 | 말 조련장	/ˈsteɪbəɫ/	형용사	A stable ladder
session	개회 | 즉결 재판 | 설명회	/ˈsɛʃən/	명사	A gossip session
stretch	길이가 | 펼쳐지다 | 신장	/ˈstɹɛtʃ/	동사	Stretch hosiery
bush	무성하게자라다 | 관목 | 삼림지	/ˈbʊʃ/	명사	
unable		/əˈneɪbəɫ/	형용사	Unable to obtain funds
gates		/ˈɡeɪts/	명사	
mars	화성 | 마르스 마르스	/ˈmɑɹz/	명사	Mars has two satellites
increase	증가 | 늘다 | 늘리다	/ˈɪnˌkɹis/	동사	The increase in unemployment
whirring	붕	/ˈhwɝɪŋ/	명사	
meanwhile		/ˈminˌwaɪɫ/	부사	Meanwhile, back at the ranch...
chop	인감 | 깎아치기 | 깎아치다	/ˈtʃɑp/	동사	I'll hit him on the chops
shocked		/ˈʃɑkt/	형용사	The news of the bombing shocked her
reverend	거룩한	/ˈɹɛvɝənd/	명사	
commercial	상업상의 | 업무용의 | 영리적인	/kəˈmɝʃəɫ/	형용사	Commercial paper
escort	호위자 | 호위 | 동반	/ˈɛskɔɹt/	동사	She asked her older brother to escort her to the ball
engagement	볼일 | 약혼 | 고용	/ɛnˈɡeɪdʒmənt/	명사	The engagement of the clutch
corpse	송장 | 시체	/ˈkɔɹps/	명사	The end of the police search was the discovery of a corpse
worthy	훌륭한	/ˈwɝði/	형용사	A worthy fellow
scale	체중계 | 흐림 | 개각충	/ˈskeɪɫ/	명사	The scale of the map
beats		/ˈbits/	명사	This sure beats work!
williams		/ˈwɪɫjəmz/	명사	
threatening	위협적인 | 일너날 듯이 | 공갈	/ˈθɹɛtənɪŋ/	형용사	His threatening behavior
academy	아카데미아 | 전문 학교 | 학회	/əˈkædəmi/	명사	
acts		/ˈæks/	명사	This scene acts well
hop	이륙하다 | 앙감질 | 홉	/ˈhɑp/	동사	Hop the Pacific Ocean
judges		/ˈdʒədʒɪz/	명사	
furniture	가구 | 비품 | 일식	/ˈfɝnɪtʃɝ/	명사	There was only one piece of furniture in the room
shared		/ˈʃɛɹd/	형용사	We shared the cake
consequence	중요 | 잘난체함	/ˈkɑnsəkwəns/	명사	That result is of no consequence
engineer	공학가 | 육군의 공병 | 철도의 기관사	/ˈɛndʒəˈnɪɹ/	명사	He engineered the water supply project
softly	살짝 | 조용하게 | 슬슬	/ˈsɔfɫi/	부사	She smiled softly
caroline		/ˈkɛɹəˌɫaɪn/	형용사	
shark	상어 | 솎여 빼앗다	/ˈʃɑɹk/	명사	
transport	수송 | 도취케 하다 | 나르다	/ˈtɹænspɔɹt/	동사	
population	인구 | 모집단	/ˌpɑpjəˈɫeɪʃən/	명사	It is an estimate of the mean of the population
succeed	성공하다 | 계속하다 | 계승하다	/səkˈsid/	동사	The enterprise succeeded
creepy	기어돌아다니는 | 괴상하다 | 소름이 끼치는	/ˈkɹipi/	형용사	I had a creepy-crawly feeling
sneak	고자질꾼 | 후무리다 | 슬그머니 움직이다	/ˈsnik/	동사	Sneak a cigarette
destruction	파괴하다 | 멸망 | 파괴	/dɪˈstɹəkʃən/	명사	
protected		/pɹəˈtɛktɪd/	형용사	The most protected spot I could find
joining	참가 | 가맹	/ˈdʒɔɪnɪŋ/	명사	The joining of hands around the table
punished		/ˈpənɪʃt/	형용사	
lightning	번개	/ˈɫaɪtnɪŋ/	명사	
shell	깍지 | 껍데기 | 약협	/ˈʃɛɫ/	명사	The corn shelled
fascinating	흐드러지다	/ˈfæsəˌneɪtɪŋ/	형용사	A fascinating story
chamber	회의소 | 실 | 판사실	/ˈtʃeɪmbɝ/	명사	The upper chamber is the senate
romance	로맨스 | 연애하다 | 공상벽	/ˈɹoʊmæns/	명사	Romance languages
instance	마당 | 경우의뢰 | 예거하다	/ˈɪnstəns/	명사	Another instance occurred yesterday
jumping	도약하는 | 건너뜀 | 뜀	/ˈdʒəmpɪŋ/	명사	The jumping was unexpected
exhausted	피곤하다 | 지쳐버린 | 다 써버린	/ɪɡˈzɔstɪd/	형용사	Exhausted oil wells
testify	확언하다	/ˈtɛstəˌfaɪ/	동사	
studied	부자연스런 | 심사 숙관 | 일부러 꾸민	/ˈstədid/	형용사	A studied smile
walker	아무려니! | 보행조보행기 | 보행자	/ˈwɔkɝ/	명사	
pin	바늘 | 못바늘 | 볼링핀	/ˈpɪn/	명사	Pin down the butterfly
drill	드릴 | 능직무명 | 교련	/ˈdɹɪɫ/	동사	Drill a hole into the wall
investigating		/ˌɪnˈvɛstəˌɡeɪtɪŋ/	명사	
experienced	노련한 | 노련 | 경험을 가진	/ɪkˈspɪɹiənst/	형용사	
necklace	목걸이 | 네크리스	/ˈnɛkɫəs/	명사	
loyalty	충성심 | 충절 | 충성	/ˈɫɔɪəɫti/	명사	They felt no loyalty to a losing team
junk	고철 | 낡은밧줄 | 정크	/ˈdʒəŋk/	명사	Junk an old car
cole	서양평지 | 체강의 뜻	/ˈkoʊɫ/	명사	
stanley		/ˈstænɫi/	명사	
southern	남쪽의 | 남쪽으로의 | 남주 제주의	/ˈsəðɝn/	형용사	Southern cooking
emotion	정서	/ˈiˌmoʊʃən/	명사	
maya	마야말 | 마야사람	/ˈmaɪə/	명사	
liver	간	/ˈɫɪvɝ/	명사	A liver in cities
serving	피복재 | 음식 시중	/ˈsɝvɪŋ/	명사	There's enough for two servings each
surgeon	외과의사 | 군의관	/ˈsɝdʒən/	명사	
granted		/ˈɡɹænəd/	형용사	Funds are granted to qualified researchers
jazz	재즈 | 재즈의 | 법석 떨다	/ˈdʒæz/	명사	Don't give me any of that jazz
july		/ˌdʒuˈɫaɪ/	명사	
typical	대표적인 | 특징 있는	/ˈtɪpəkəɫ/	형용사	A typical American girl
kicking		/ˈkɪkɪŋ/	명사	The team's kicking was excellent
obey	복종하다 | 시키는대로 움직이다	/oʊˈbeɪ/	동사	
dancer	무용가 | 춤추는 사람 | 전문적인 무용가	/ˈdænsɝ/	명사	
remote	원격 | 먼 | 거의없는	/ɹiˈmoʊt/	형용사	A remote relative
moron		/ˈmɔˌɹɑn/	명사	
latin	라틴어	/ˈɫætən/	명사	Latin verb conjugations
toby		/ˈtoʊbi/	명사	
sandy	모래의 | 껄끄럽다	/ˈsændi/	형용사	
strategy	병법 | 전략 | 용병학	/ˈstɹætədʒi/	명사	
album	앨범 | 사진첩	/ˈæɫbəm/	명사	
compare	비교하다 | 비유하다 | 견주어	/kəmˈpɛɹ/	동사	John compared his haircut to his friend's
rubbish	쓸데없는 | 시시하다! | 쓸데없이!	/ˈɹəbɪʃ/	명사	
helpful		/ˈhɛɫpfəɫ/	형용사	
powder	가루분 | 가루약 | 가루로하다	/ˈpaʊdɝ/	명사	She powdered her nose
sync		/ˈsɪŋk/	동사	
bum	부랑자 | 빈둥빈둥놀고지내다 | 게으름뱅이	/ˈbəm/	명사	Throw the bum out
fort	보루 | 성채	/ˈfɔɹt/	명사	
alley	골목길 | 뒷길 | 튀김돌	/ˈæɫi/	명사	
supper	저녁 식사	/ˈsəpɝ/	명사	Her suppers often included celebrities
penis	남성 | 음경	/ˈpinɪs/	명사	
alibi	알리바이	/ˈæɫəˌbaɪ/	명사	Every day he had a new alibi for not getting a job
pole	폴란드인 | 삿대질하다 | 장대	/ˈpoʊɫ/	명사	They are poles apart
coke	코크스 | 코크스로 만들다	/ˈkoʊk/	명사	Petroleum oils coke after distillation
fighter	투사 | 권투선수	/ˈfaɪtɝ/	명사	
highway	공도 | 상도 | 고속도	/ˈhaɪˌweɪ/	명사	
blade	멋장이 | 칼날 | 날붙이	/ˈbɫeɪd/	명사	A blade of lint on his suit
alpha	그리스자모의 첫째글자	/ˈæɫfə/	명사	The alpha male in the group of chimpanzees
diet	다이어트 | 규정식 | 의회	/ˈdaɪət/	명사	He has high blood pressure and must stick to a low-salt diet
liquor	알코올 음료	/ˈɫɪkɝ/	명사	
jet	제트엔진 | 혹옥 | 분출구	/ˈdʒɛt/	명사	
widow	과부 | 미망인	/ˈwɪdoʊ/	명사	The war widowed many women in the former Yugoslavia
liberty	멋대로함 | 자유구역 | 신교의 자유	/ˈɫɪbɝˌti/	명사	Liberty of opinion
philip	빌립	/ˈfɪɫəp/	명사	
moral	개연적인 | 도덕의 | 윤리적	/ˈmɔɹəɫ/	형용사	A moral victory
award	심사하여주다 | 수여하다 | 재정하다	/əˈwɔɹd/	명사	An award for bravery
grief	서러움 | 불운 | 상심	/ˈɡɹif/	명사	Her death was a great grief to John
thirsty	목마른	/ˈθɝsti/	형용사	Thirsty for informaton
random	무작위 | 닥치는 대로의 | 임의	/ˈɹændəm/	형용사	A random choice
intention	의도 | 배포 | 유합	/ˌɪnˈtɛntʃən/	명사	Good intentions are not enough
julian		/ˈdʒuɫiən/	명사	The Julian calendar
active	활성 | 민활하다 | 활동적인	/ˈæktɪv/	형용사	Active volcanos
tool	도구 | 공구 | 공작기계	/ˈtuɫ/	명사	We tooled down the street
driven		/ˈdɹɪvən/	형용사	She is driven by her passion
trauma		/ˈtɹɔmə/	명사	
headache	두통 | 두통거리	/ˈhɛˌdeɪk/	명사	
safely	몹시 조심하는 | 도망할우려가 없는	/ˈseɪfɫi/	부사	We are safely out of there
alexander	마케도니아의왕	/ˌæɫəɡˈzændɝ/	명사	
novel	소설 | 색다르다 | 신기한	/ˈnɑvəɫ/	명사	He burned all the novels
waters	해역	/ˈwɔtɝz/	명사	They invaded our territorial waters
invisible	보이지 않는 | 눈에 안보이는	/ˌɪnˈvɪzəbəɫ/	형용사	The invisible man
internal	내적 | 내면적 | 내부적	/ˌɪnˈtɝnəɫ/	형용사	Internal organs
peaceful	평화적 | 평시용의 | 평안한	/ˈpisfəɫ/	형용사	A peaceful nation
humming	씽씽한 | 콧노래 | 거품 이는	/ˈhəmɪŋ/	명사	The refrigerator is humming
washed		/ˈwɑʃt/	형용사	The nurse washed away the blood
talented	유능하다	/ˈtæɫəntɪd/	형용사	
li		/ˈɫi/	명사	
aid	보조 | 지원자 | 조성하다	/ˈeɪd/	동사	Visual aids in teaching
elephant	코끼리	/ˈɛɫəfənt/	명사	
core	핵심 | 중심핵 | 응어리	/ˈkɔɹ/	명사	The ball has a titanium core
serial		/ˈsɪˌɹiəɫ/	형용사	Serial concerts
painted	그린 | 색칠한 | 허식적인	/ˈpeɪntɪd/	형용사	The painted desert
divine	신의 | 신수의 | 신에게바친	/dɪˈvaɪn/	형용사	Divine judgment
jam	으깨다 | 쑤셔 넣다 | 곤경	/ˈdʒæm/	동사	Jam the Voice of America
goat	염소 | 여소 | 염소자리	/ˈɡoʊt/	명사	
opera	오페라 | 가극 | 가극의 상연	/ˈɑpɹə/	명사	
guessing		/ˈɡɛsɪŋ/	명사	I am guessing that the price of real estate will rise again
objection	난점 | 이의	/əbˈdʒɛkʃən/	명사	
whiskey		/ˈhwɪski/	명사	
florida		/ˈfɫɑɹədə/	명사	
resistance	저항감 | 레지스탕스 | 지하저항운동	/ɹiˈzɪstəns/	명사	The enemy offered little resistance
dressing	드레싱 | 몸치장	/ˈdɹɛsɪŋ/	명사	
attached	부속의	/əˈtætʃt/	형용사	A block of attached houses
aaron	아론	/ˈɛɹən/	명사	
brief	짧다 | 단시간의 | 요악하다	/ˈbɹif/	형용사	A brief stay in the country
punish	응징하다 | 징벌하다 | 벌주다	/ˈpənɪʃ/	동사	We had to punish the dog for soiling the floor again
eternal	평상시의 | 영원한 | 영구한	/iˈtɝnəɫ/	형용사	Eternal quarreling
required	요하다	/ɹiˈkwaɪɝd/	형용사	Required reading
victoria		/vɪkˈtɔɹiə/	명사	
fabulous	비사실적인 | 굉장한 | 믿어지지 않는	/ˈfæbjəɫəs/	형용사	A fabulous vacation
twins	쌍둥이	/ˈtwɪnz/	명사	
cooked		/ˈkʊkt/	형용사	The apothecary cooked the medicinal mixture in a big iron kettle
ruth	룻 | 룻기	/ˈɹuθ/	명사	
dreamed		/ˈdɹimd/	형용사	His dreamed symphony that would take the world of music by storm
arts	예술	/ˈɑɹts/	명사	The college of arts and sciences
naughty	장난꾸러기의 | 못된 나쁜	/ˈnɔti/	형용사	
stab	찌르다 | 덤벼들다 | 찌르며	/ˈstæb/	동사	She felt a stab of excitement
tend	경향이있다 | 간호하다	/ˈtɛnd/	동사	She tends to the children
tap	도청하다 | 소등나팔 | 탭	/ˈtæp/	동사	Tap one's memory
soap	비누 | 비누의 | 비누투성이의	/ˈsoʊp/	명사	
locker	로커	/ˈɫɑkɝ/	명사	
development	발전 | 발달 | 전개	/dɪˈvɛɫəpmənt/	명사	Recent developments in Iraq
prick	쭝긋 서다 | 찔린 상처 | 구멍을 뚬하다	/ˈpɹɪk/	동사	The needle pricked his skin
global	글로벌 | 전세계의	/ˈɡɫoʊbəɫ/	형용사	Global monetary policy
string	실이되다 | 시위 | 목졸라 죽이다	/ˈstɹɪŋ/	명사	String my guitar
bitter	쓰다 | 가엾은 | 비참하다	/ˈbɪtɝ/	형용사	A bitter sorrow
sharing	나눔	/ˈʃɛɹɪŋ/	명사	A warm and sharing friend
corn	옥수수 | 곡초 | 주요 곡물	/ˈkɔɹn/	명사	That movie was pure corn
tent	텐트 | 장막	/ˈtɛnt/	명사	The circus tented near the town
propose	청혼하다 | 제안하다 | 제기하다	/pɹəˈpoʊz/	동사	She proposed a new theory of relativity
constantly	자꾸 | 노상 | 줄곧	/ˈkɑnstəntɫi/	부사	Constantly kind and gracious
granny	노파 | 선매듭 | 수선쟁이	/ˈɡɹæni/	명사	
nicely	꼼꼼하게 | 훌륭하게 | 정밀하게	/ˈnaɪsɫi/	부사	A nicely painted house
nerves	신경	/ˈnɝvz/	명사	He suffered an attack of nerves
arguing	분쟁	/ˈɑɹɡjuɪŋ/	명사	
abuse	악습 | 학대 | 남용	/əbˈjus/	동사	Don't abuse the system
relative	관계사 | 연고자 | 인척	/ˈɹɛɫətɪv/	형용사	A relative stranger
survival	잔존 | 살아남음 | 생존자	/sɝˈvaɪvəɫ/	명사	
glove	글러브	/ˈɡɫəv/	명사	
tracking		/ˈtɹækɪŋ/	명사	
bend	결삭 | 굴곡 | 구부리다	/ˈbɛnd/	동사	Bend your knees
review	복습하다 | 시찰하다 | 열병하다	/ˌɹivˈju/	동사	Let's review your situation
connect	연결되다 | 연결하다 | 연속하다	/kəˈnɛkt/	동사	The batter connected for a home run
separated	이산 | 남남	/ˈsɛpɝˌeɪtɪd/	형용사	A separated shoulder
elder	원로 | 손위의 | 연장의	/ˈɛɫdɝ/	명사	
beard	수염	/ˈbɪɹd/	명사	Houses bearded the top of the heights
admiral	제독	/ˈædmɝəɫ/	명사	
diana	달의 여신	/daɪˈænə/	명사	
salary	녹봉 | 유급 | 봉급	/ˈsæɫɝi/	명사	
disturb	불안하게 하다 | 소란하게 하다 | 어지럽히다	/dɪˈstɝb/	동사	Don't disturb the patient's wounds by moving him too rapidly!
pro	직업선수 | 찬부양론 | 찬성하여	/ˈpɹoʊ/	형용사	
maintain	주장하다 | 자활하다 | 지탱하다	/meɪnˈteɪn/	동사	Maintain a record
solved		/ˈsɑɫvd/	형용사	Mysteries solved and unsolved; problems resolved and unresolved
wealth	부 | 재화 | 한밑천	/ˈwɛɫθ/	명사	She has a wealth of talent
possession	소유 | 속령 | 영지	/pəˈzɛʃən/	명사	They took possession of the ball on their own goal line
sang		/ˈsæŋ/	명사	The bullet sang past his ear
burnt		/ˈbɝnt/	형용사	A charred bit of burnt wood
recorded	기술적 | 실리다	/ɹəˈkɔɹdɪd/	형용사	They recorded her singing
upper	상 | 갑피	/ˈəpɝ/	형용사	The upper stories
tale	총수 | 험담	/ˈteɪɫ/	명사	
profit	이익 | 이윤 | 한밑천	/ˈpɹɑfət/	명사	She profited from his vast experience
colleague	동료관계 | 동료	/ˈkɑɫiɡ/	명사	The surgeon consulted his colleagues
warehouse	창고 | 재고 | 수탁고	/ˈwɛɹˌhaʊs/	명사	
hostage	저당 | 볼모	/ˈhɑstɪdʒ/	명사	
shore	육지로 | 뭍 | 육지	/ˈʃɔɹ/	명사	The river was shored by trees
porn		/ˈpɔɹn/	명사	
miami	피한지	/maɪˈæmi/	명사	
fifteen		/ˈfɪfˈtin/	형용사	
visitor	장학사 | 문병객 | 순시자	/ˈvɪzɪtɝ/	명사	
net	방송망 | 순익 | 정미	/ˈnɛt/	명사	
insult	욕 | 욕하다 | 손상	/ˈɪnˌsəɫt/	명사	He insulted her with his rude remarks
owen		/ˈoʊən/	명사	
causing		/ˈkɑzɪŋ/	명사	
lemon	레몬 | 레몬 빛 | 레몬이 든	/ˈɫɛmən/	명사	
heal	치료하다 | 아물다 | 낫도록	/ˈhiɫ/	동사	The wound is healing slowly
banging		/ˈbæŋɪŋ/	명사	
honeymoon	신혼여행 | 협조관계 | 밀월	/ˈhəniˌmun/	명사	They plan to honeymoon in Hawai'i
appeal	상고하다 | 항소하다 | 매료	/əˈpiɫ/	명사	An appeal for help
marshall		/ˈmɑɹʃəɫ/	명사	
critical	비판적 | 위기의 | 위독한	/ˈkɹɪtɪkəɫ/	형용사	Critical acclaim
scotland	스코틀랜드	/ˈskɑtɫənd/	명사	
crane	크레인 | 학 | 주저하다	/ˈkɹeɪn/	명사	The women craned their necks to see the President drive by
enormous	거창하다 | 막대하다	/iˈnɔɹməs/	형용사	Enormous expenses
testimony	십계 | 증명 | 신앙 성명	/ˈtɛstəˌmoʊni/	명사	His effort was testimony to his devotion
praise	칭찬 | 칭송 | 극찬	/ˈpɹeɪz/	동사	They sang a hymn of praise to God
commission	범함 | 임관하다 | 커미션	/kəˈmɪʃən/	명사	He works on commission
growl	으르렁거리는소리 | 으르렁 거리다 | 짖다	/ˈɡɹaʊɫ/	동사	
fraud	협잡	/ˈfɹɔd/	명사	
branch	지류 | 지맥 | 출장소	/ˈbɹæntʃ/	명사	A branch of Congress
happily	흔쾌히	/ˈhæpəɫi/	부사	They shouted happily
bout	한바탕 | 한판	/ˈbaʊt/	명사	A bout of fever
covering	덮는 | 덮어씌움 | 덮음	/ˈkəvɝɪŋ/	명사	Under a covering of dust
occur	생기다	/əˈkɝ/	동사	Sexism occurs in many workplaces
bean	콩 | 콩알	/ˈbin/	명사	
raw	덜익은 | 생굴 | 생살	/ˈɹɑ/	형용사	The raw cost of production
muscle	살 | 완력	/ˈməsəɫ/	명사	He muscled his way into the office
tense	팽팽한	/ˈtɛns/	동사	Tense piano strings
management	운영 | 관리직 | 경영자측	/ˈmænədʒmənt/	명사	He was given overall management of the program
assignment	서임 | 배정	/əˈsaɪnmənt/	명사	The first task is the assignment of an address to each datum
blonde	블론드의사람	/ˈbɫɑnd/	명사	
catching	잡기	/ˈkætʃɪŋ/	명사	Who is catching?
exposed	노출한 | 노출된	/ɪkˈspoʊzd/	형용사	Her exposed breast
canada	캐나다	/ˈkænədə/	명사	The border between the United States and Canada is the longest unguarded border in the world
han	한조	/ˈhæn/	명사	
comedy	코미디 | 희극 | 인생극	/ˈkɑmədi/	명사	
stroke	발작 | 뇌졸중 | 졸도	/ˈstɹoʊk/	명사	He stroked his long beard
whistling		/ˈhwɪsɫɪŋ/	명사	He lay there, snoring and whistling
shaking	흔들림	/ˈʃeɪkɪŋ/	명사	My hands were shaking
facility	편익 | 기지 | 세면 설비	/fəˈsɪɫɪti/	명사	They conversed with great facility
appropriate	도용하다 | 의당 | 착복하다	/əˈpɹoʊpɹiˌeɪt/	형용사	A book not appropriate for children
remarkable	비상한 | 비범하다 | 두드러진	/ɹiˈmɑɹkəbəɫ/	형용사	A remarkable sight
drawn	빼낸 | 잡아뽑은	/ˈdɹɔn/	형용사	She was drawn to despair
tit	경타 | 대음 | 젖꼭지	/ˈtɪt/	명사	
symbol	표상 | 부호 | 상징	/ˈsɪmbəɫ/	명사	The eagle is a symbol of the United States
motor	발동기 | 전동기 | 모터	/ˈmoʊtɝ/	명사	They motored to London for the theater
employee	고용인	/ɛmˈpɫɔɪi/	명사	
ambassador	대사 | 사신 | 사절	/æmˈbæsədɝ/	명사	An ambassador of good will
pile	대건축물 | 전퇴 | 퇴적더미	/ˈpaɪɫ/	명사	The teacher piled work on the students until the parents protested
feeding		/ˈfidɪŋ/	명사	
soda	소다 | 소다수 | 탄산수	/ˈsoʊdə/	명사	In New England they call sodas tonics
cookie	과자빵 | 뜻에서쿠기 | 귀여운 소녀	/ˈkʊki/	명사	
slut	계명월리 | 암캐 | 계집애	/ˈsɫət/	명사	
awfully	어찌나	/ˈɑfɫi/	부사	
differently	달리 | 따로 | 다르게	/ˈdɪfɝˈɛntɫi/	부사	Very soon you will know differently
magnificent	장관 | 장려한 | 숭고한	/mæɡˈnɪfəsənt/	형용사	Magnificent cathedrals
steak	스테이크 | 베낸 고깃점	/ˈsteɪk/	명사	
tube	튜브 | 진공관 | 관	/ˈtjub/	명사	Inside Paris, they used to tube mail
leaders	지도부 | 지도층 | 최상층	/ˈɫidɝz/	명사	
superior	낫다 | 나은 | 위에	/suˈpɪɹiɝ/	형용사	A superior ruler
herr		/ˈhɛɹ/	명사	
pan	팬 | 상판대기 | 판의 신	/ˈpæn/	명사	
expression	표출	/ɪksˈpɹɛʃən/	명사	A sad expression
currently	목하 | 손쉽게 | 경상	/ˈkɝəntɫi/	부사	Currently they live in Connecticut
throne	왕좌 | 왕위 | 옥좌	/ˈθɹoʊn/	명사	The king sat on his throne
deadly	주검처럼 | 치사	/ˈdɛdɫi/	형용사	The seven deadly sins
bee	벌 | 꿀벌	/ˈbi/	명사	
tooth	이빨 | 이 | 치아	/ˈtuθ/	명사	
depressed	볼황의 | 우울하다 | 내리 줄인	/dɪˈpɹɛst/	형용사	The market is depressed
potato	감자	/pəˈteɪˌtoʊ/	명사	
wicked	버릇이 나쁜 | 사악하다 | 간악한	/ˈwɪkəd/	형용사	A wicked stench
resource	공급원 | 기략 | 소창	/ˈɹisɔɹs/	명사	A man of resource
native	출신 | 미개인 | 토인	/ˈneɪtɪv/	형용사	Native Americans
poetry	작시 | 시 | 시정	/ˈpoʊətɹi/	명사	
multiple	다중적 | 배수의 | 다중	/ˈməɫtəpəɫ/	형용사	Multiple ownership
cable	케이블 | 닻줄 | 피복 전선	/ˈkeɪbəɫ/	명사	
shortly	직전에 | 무뚝뚝하게 | 이윽고	/ˈʃɔɹtɫi/	부사	To put it shortly
buzz	웅성거림 | 확자지껄하다 | 윙윙거리다	/ˈbəz/	동사	He buzzed the servant
sock	양말 | 속스	/ˈsɑk/	명사	
fingerprint	지문	/ˈfɪŋɡɝˌpɹɪnt/	명사	That tax bill had the senator's fingerprints all over it
goddess	여신	/ˈɡɑdəs/	명사	
chin	턱 | 턱끝	/ˈtʃɪn/	명사	
anxious	불안하다 | 여좌침석 | 걱정스러운	/ˈæŋkʃəs/	형용사	Cast anxious glances behind her
september	구월	/sɛpˈtɛmbɝ/	명사	
colors		/ˈkəɫɝz/	명사	His tie proclaimed his school colors
basketball	농구 | 농구공	/ˈbæskətˌbɔɫ/	명사	
appearance	출현하다 | 등장 | 출현	/əˈpɪɹəns/	명사	They try to keep up appearances
musical	뮤지컬 | 음악적인 | 음악이 따르는	/ˈmjuzɪkəɫ/	형용사	A musical comedy
slide	미끄럼 | 슬라이딩 | 슬라이드	/ˈsɫaɪd/	동사	His slide didn't stop until the bottom of the hill
shawn		/ˈʃɔn/	명사	
ultimate	최종적 | 근본의	/ˈəɫtəmət/	형용사	The ultimate insult
pork	돼지고기 | 보조금	/ˈpɔɹk/	명사	
communication	연락 | 교통수단 | 의사소통	/kəmˌjunəˈkeɪʃən/	명사	They could not act without official communication from Moscow
payment	납입 | 부금 | 급부	/ˈpeɪmənt/	명사	
structure	짜임새	/ˈstɹəktʃɝ/	명사	He has good bone structure
paperwork		/ˈpeɪpɝˌwɝk/	명사	
obsessed		/əbˈsɛst/	형용사	Was absolutely obsessed with the girl
lazy	게으르다 | 어슬프다 | 십지부동	/ˈɫeɪzi/	형용사	Up a lazy river
squeeze	압착 | 압착하다 | 본뜨기	/ˈskwiz/	동사	Squeeze a lemon
magical	마법의 | 마술적인 | 신기한	/ˈmædʒɪkəɫ/	형용사	A magical spell
admire	감탄하다 | 찬미하다	/ædˈmaɪɹ/	동사	
madness	광기	/ˈmædnəs/	명사	Poetry is a sort of divine madness
roads		/ˈɹoʊdz/	명사	
entry	입력 | 점거 | 기입	/ˈɛntɹi/	명사	
injury	위해 | 부상 | 무욕	/ˈɪndʒɝi/	명사	
burden	부담	/ˈbɝdən/	명사	The burden of responsibility
racing	경마의 | 경주의 | 경주하는	/ˈɹeɪsɪŋ/	명사	We are racing to find a cure for AIDS
manner	매너 | 작풍 | 생활 양식	/ˈmænɝ/	명사	Her dignified manner
freezing	결빙 | 냉동용의 | 어는	/ˈfɹizɪŋ/	명사	It is freezing in Kalamazoo
norman	노르만말 | 노르만족의 | 노르만사람의	/ˈnɔɹmən/	명사	The Norman Invasion in 1066
mount	무대에 올리다 | 타다	/ˈmaʊnt/	동사	Mount an attack
battery	배터리 | 포열 | 전지	/ˈbætɝi/	명사	Took a battery of achievement tests
dessert	디저트	/dɪˈzɝt/	명사	
motel		/moʊˈtɛɫ/	명사	
rumbling	우르르소리 | 투덜대기	/ˈɹəmbəɫɪŋ/	명사	Rumbling thunder
cinema	영화 산업 | 영화 제작법	/ˈsɪnəmə/	명사	This story would be good cinema
fond	좋아서 | 애정있는 | 다정한	/ˈfɑnd/	형용사	Fond of chocolate
halfway	반쯤 | 어중된 | 어느 정도	/ˈhæfˈweɪ/	형용사	Halfway measures
rifle	소총 | 강선 | 라이플총	/ˈɹaɪfəɫ/	명사	Who rifled through my desk drawers?
reception	수신 | 응접 | 접견	/ɹiˈsɛpʃən/	명사	The tight end made a great reception on the 20 yard line
statue	상	/ˈstæˌtʃu/	명사	
fridge		/ˈfɹɪdʒ/	명사	
brick	벽돌 | 집짓기 나무 | 벽돌로 둘러싸다	/ˈbɹɪk/	명사	
abandon	포기하다 | 버려두다 | 빠지다	/əˈbændən/	동사	She danced with abandon
lap	무릎부분 | 아랫자락 | 접어겹치다	/ˈɫæp/	명사	The job fell right in my lap
recommend	권장하다 | 추천하다 | 충고하다	/ˌɹɛkəˈmɛnd/	동사	Honesty recommends any person
brush	브러시 | 솔질하다 | 쓸다	/ˈbɹəʃ/	동사	Brush away the crumbs
nelson	넬슨	/ˈnɛɫsən/	명사	
concept	발상 | 개념 | 상념	/ˈkɑnsɛpt/	명사	
delay	지체하다 | 지연시키다 | 지연	/dɪˈɫeɪ/	동사	Instant replay caused too long a delay
quarters	내무반 | 진영	/ˈkwɔɹtɝz/	명사	I visited his bachelor quarters
korea	한국 | 우리나라	/ˈkɹiə/	명사	
rub	마찰하다 | 탁본하다 | 문질러다	/ˈɹəb/	동사	Rub oil into her skin
mall	런던의 | 산책길 | 펠멜 구기	/ˈmɔɫ/	명사	They spent their weekends at the local malls
soil	토양 | 생육지 | 흙	/ˈsɔɪɫ/	명사	Good agricultural soil
complaint	고소 | 불평거리 | 푸념	/kəmˈpɫeɪnt/	명사	
sail	돛 | 범주력 | 항정	/ˈseɪɫ/	동사	The ship sails on
baker	빵 제조업자	/ˈbeɪkɝ/	명사	
cough	기침병 | 기침소리 | 기침하다	/ˈkɑf/	동사	The smoker coughs all day
bucket	물통 | 바께쓰	/ˈbəkət/	명사	
description	묘사 | 형언 | 기술	/dɪsˈkɹɪpʃən/	명사	Every description of book was there
badge	계급장 | 기장 | 휘장	/ˈbædʒ/	명사	The workers here must be badged
measure	법안 | 지충 | 분량	/ˈmɛʒɝ/	동사	Measure the length of the wall
hip	정보통의 | 장미의 열매	/ˈhɪp/	명사	
function	행사 | 함수 | 작용	/ˈfəŋkʃən/	명사	The function of a teacher
indistinctly			부사	
harris		/ˈhɛɹɪs/	명사	
foundation	기본 | 기초 | 재단	/faʊnˈdeɪʃən/	명사	The foundation of a new scientific society
labor	일하다 | 노동 | 난항하다	/ˈɫeɪbɝ/	명사	She was in labor for six hours
waiter	웨이터 | 종업원 | 정업원	/ˈweɪtɝ/	명사	
homeless		/ˈhoʊmɫəs/	명사	A homeless was found murdered in Central Park
proved		/ˈpɹuvd/	형용사	She proved to be right
unfortunate	불행하다 | 유감스럽다	/ənˈfɔɹtʃənət/	형용사	An unfortunate speech
log	베어내다 | 통나무 | 로그	/ˈɫɔɡ/	명사	They kept a log of all transmission by the radio station
giggle	낄낄거리다	/ˈɡɪɡəɫ/	동사	The girls giggled when the rock star came into the classroom
combat	싸우다 | 분투하다 | 전투	/ˈkɑmbæt/	명사	We must combat the prejudices against other races
poem	아름다운 물건 | 송시	/ˈpoʊəm/	명사	
polish	닦다 | 탁마하다 | 폴란드말	/ˈpɑɫɪʃ/	동사	Polish my shoes
handed	손이 있는	/ˈhændəd/	형용사	A four-handed card game
weed	잡초 | 상봉 | 잡초를제거하다	/ˈwid/	명사	Weed the garden
tons		/ˈtənz/	명사	
satellite	위성 | 위성국	/ˈsætəˌɫaɪt/	명사	A city and its satellite communities
jersey	저지 | 자라목 스웨터 | 여자용 메리야스	/ˈdʒɝzi/	명사	
eagle	수리 | 수리표	/ˈiɡəɫ/	명사	The Roman eagle
privacy	은둔 | 은퇴 | 비밀성	/ˈpɹaɪvəsi/	명사	
chapter	분회 | 참사회 | 총회	/ˈtʃæptɝ/	명사	A chapter of disasters
wisdom	지혜 | 분별 현인 | 현명	/ˈwɪzdəm/	명사	
flip	플립 | 톡 치다 | 홱 움직임	/ˈfɫɪp/	동사	Flip me the beachball
entering		/ˈɛnɝɪŋ/	명사	
barn	헛간 | 전차 차고 | 광	/ˈbɑɹn/	명사	
farmer	농부 | 농민 | 시골사람	/ˈfɑɹmɝ/	명사	
clan	당파 | 일문 | 벌족	/ˈkɫæn/	명사	
budget	예산 | 한묶음	/ˈbədʒɪt/	명사	The laboratory runs on a budget of a million a year
pub	목로술집 | 선술집	/ˈpəb/	명사	
temporary	임시 | 일시적 | 잠시의	/ˈtɛmpɝˌɛɹi/	형용사	Temporary housing
effective	효과적 | 유효하다 | 효력있는	/ˈifɛktɪv/	형용사	Effective personnel
sonny	얘야 | 얘 | 아가	/ˈsəni/	명사	
lamb	낳다 | 새끼양	/ˈɫæm/	명사	
plot	음모	/ˈpɫɑt/	명사	They concocted a plot to discredit the governor
riley		/ˈɹaɪɫi/	명사	
proposal	청혼 | 제안 | 신청	/pɹəˈpoʊzəɫ/	명사	They listened to her proposal
blessing	가호 | 고마운 것 | 은총	/ˈbɫɛsɪŋ/	명사	Enjoy the blessings of peace
rage	분노 | 대유행 | 거세지다	/ˈɹeɪdʒ/	명사	His face turned red with rage
bothered		/ˈbɑðɝd/	형용사	The mere thought of her bothered him and made his heart beat faster
sydney		/ˈsɪdni/	명사	
basis	근본원리 | 베이시스 | 기저	/ˈbeɪsəs/	명사	He worked on an interim basis
manners	풍속 | 풍습 | 행세	/ˈmænɝz/	명사	He has the manners of a pig
recover	회복하다 | 승소하다 | 회개시키다	/ɹɪˈkəvɝ/	동사	Recover a chair
twist	틀다 | 꼬다 | 비꼬임	/ˈtwɪst/	동사	Twist one's head
leak	누전 | 새다 | 새는 곳	/ˈɫik/	명사	The roof leaks badly
item	조목 | 한절 | 안건	/ˈaɪtəm/	명사	A length of chain, item a hook
catholic	가톨릭 | 구교도 | 구교의	/ˈkæθɫɪk/	명사	The Catholic Church
retired	궁벽한 | 퇴역한 | 퇴직한	/ɹiˈtaɪɝd/	형용사	He retired at age 68
inner	비빌의 | 내적인	/ˈɪnɝ/	형용사	Privy to inner knowledge
cent	센트 | 푼돈	/ˈsɛnt/	명사	
affect	영향하다 | 체 하다 | 침범하다	/əˈfɛkt/	동사	Will the new rules affect me?
forbidden	금단의 | 금지의	/ˈfɔɹbɪdən/	형용사	Forbidden fruit
patch	깁는 헝겊 | 작은 지면	/ˈpætʃ/	명사	A cabbage patch
necessarily	기필코 | 부득이	/ˌnɛsəˈsɛɹəɫi/	부사	It is necessarily so
meter	미터 | 계량기 | 박자	/ˈmitɝ/	명사	Meter the flow of water
booked		/ˈbʊkt/	형용사	Her agent had booked her for several concerts in Tokyo
humor	유머 | 우스개 | 비위	/ˈhjumɝ/	명사	He was in a bad humor
torn		/ˈtɔɹn/	형용사	Torn between love and hate
e-mail		/ˈiˌmeɪɫ/	명사	She e-mailed me the good news
rocky	근들근들하는 | 휘청휘청하는 | 장애가 많은	/ˈɹɑki/	형용사	On high rocky heels
creative	창적적인 | 창조적인 | 독창적인	/kɹiˈeɪtɪv/	형용사	A creative imagination
soviet	소비에트	/ˈsoʊviˌɛt/	형용사	
various	여러 | 황아 | 가지 가지	/ˈvɛɹiəs/	형용사	The various reports all agreed
discovery	발견 | 발견물	/ˌdɪsˈkəvɹi/	명사	
cowboy	킹 | 카우보이 | 갱단의 두목	/ˈkaʊˌbɔɪ/	명사	
suspected		/səˈspɛktɪd/	형용사	A suspected thief
delighted	매우 즐거운	/dɪˈɫaɪtəd/	형용사	
sticking	늘어붙는	/ˈstɪkɪŋ/	형용사	A pile of boards sticking over the end of his truck
dive	급강하 | 짐수하다 | 뛰어들다	/ˈdaɪv/	명사	I was afraid to dive from the board into the pool
radar	레이더	/ˈɹeɪˌdɑɹ/	명사	
prosecutor	기소자 | 검찰관	/ˈpɹɑsɪkˌjutɝ/	명사	
amber	호박	/ˈæmbɝ/	형용사	An amber light illuminated the room
vast	막대하다	/ˈvæst/	형용사	At vast (or immense) expense
owned	소유하는	/ˈoʊnd/	형용사	State-owned railways
pump	펌프 | 퍼내다 | 펌프스	/ˈpəmp/	동사	Pump the gas pedal
valentine	선물 등	/ˈvæɫənˌtaɪn/	명사	Will you be my valentine?
counter	계산대 | 카운터 | 계수기	/ˈkaʊntɝ/	명사	He countered with some very persuasive arguments
coin	주화 | 동전 | 금전	/ˈkɔɪn/	명사	Coin phrases or words
warren	양토장	/ˈwɔɹən/	명사	
marine	해병대 | 선박 | 해운력	/mɝˈin/	형용사	Marine barracks
illness	투병	/ˈɪɫnəs/	명사	
sack	누 | 마대 | 흰포도주	/ˈsæk/	명사	The sack of Rome
bid	입찰하다 | 값매기다 | 입찰하다-부른값	/ˈbɪd/	동사	He made a bid to gain attention
require	할필요가 있다	/ˌɹiˈkwaɪɝ/	동사	Success usually requires hard work
moscow	모스크바	/ˈmɑˌskoʊ/	명사	
washing	빨래 | 세탁물 | 빨래물	/ˈwɑʃɪŋ/	명사	
achieve	위업 | 달성하다 | 해내다	/əˈtʃiv/	동사	She achieved her goal despite setbacks
mo		/ˈmoʊ/	명사	
dope	경마정보 | 도프도료 | 미취약	/ˈdoʊp/	명사	Is that the straight dope?
nest	둥지 | 둥우리 | 보금잘	/ˈnɛst/	명사	A nest of snipers
palm	손바닥 | 수척 | 야자	/ˈpɑɫm/	명사	
logan		/ˈɫoʊɡən/	명사	
constant	불변수 | 상수 | 일정하다	/ˈkɑnstənt/	형용사	A constant lover
boo	피이 | 피이하다	/ˈbu/	동사	
medication	약물 | 약물 치료	/ˌmɛdəˈkeɪʃən/	명사	
gravity	중력 | 만유인력 | 심각하다	/ˈɡɹævəti/	명사	The more remote the body the less the gravity
booze		/ˈbuz/	명사	
noah	노아	/ˈnoʊə/	명사	
abroad	해외 | 대외	/əˈbɹɔd/	부사	They had never travelled abroad
rising	가까운 | 떠오르는 | 돋음	/ˈɹaɪzɪŋ/	형용사	A rising market
analysis	분석 | 해석 | 분해	/əˈnæɫəsəs/	명사	
eats		/ˈits/	명사	
vodka	보드카	/ˈvɑdkə/	명사	
damaged		/ˈdæmədʒd/	형용사	Her damaged reputation
solar	태양에서 오는	/ˈsoʊɫɝ/	형용사	
height	높이 | 키 | 한창	/ˈhaɪt/	명사	At the height of her career
terrified	무서워하는 | 겁먹은 | 겁에 질린	/ˈtɛɹəˌfaɪd/	형용사	The terrified horse bolted
suitcase	슈트케이스	/ˈsutˌkeɪs/	명사	
chemical		/ˈkɛməkəɫ/	형용사	Chemical balance
advanced	고등의 | 향상되다	/ədˈvænst/	형용사	Advanced in years
fund	온축 | 기금 | 적립금	/ˈfənd/	명사	Fund a medical care plan
chirp	짹짹	/ˈtʃɝp/	동사	The birds were chirping in the bushes
web	거미집	/ˈwɛb/	명사	Tangled in a web of cloth
phase	단계 | 양상 | 위상	/ˈfeɪz/	명사	Phase a withdrawal
prom	무도회 | 댄스파티	/ˈpɹɑm/	명사	
fleet	기단 | 선대 | 함대	/ˈfɫit/	명사	The fleet scurrying of squirrels
lame	절름발이로 만들다 | 절름발이의	/ˈɫeɪm/	명사	A lame argument
irish		/ˈaɪɹɪʃ/	형용사	
editor	집필자	/ˈɛdətɝ/	명사	
october	시월	/ɑkˈtoʊbɝ/	명사	
assumed		/əˈsumd/	형용사	An assumed name
whip	원내총무 | 매 | 거품일게 하다	/ˈhwɪp/	동사	The whip raised a red welt
region	지역 | 지구 | 부위	/ˈɹidʒən/	명사	Regions of outer space
temper	굳기 | 되불림 | 알맞은 조합정도	/ˈtɛmpɝ/	명사	She tempered her criticism
discussion	논의하다 | 토론 | 언론	/dɪˈskəʃən/	명사	We had a good discussion
operate	수술하다 | 조작하다	/ˈɑpɝˌeɪt/	동사	Do not operate machinery after imbibing alcohol
sunshine	햇빛 | 양지	/ˈsənˌʃaɪn/	명사	
undercover	비밀의	/ˌəndɝˈkəvɝ/	형용사	An undercover investigation
horror	열등품 | 염오 | 소름끼치게하는	/ˈhɔɹɝ/	명사	The painting that others found so beautiful was a horror to him
tested	시험 필의 | 시험을 거친	/ˈtɛstɪd/	형용사	A tested method
smash	대만원 | 박살내다 | 스매시	/ˈsmæʃ/	동사	The window smashed
contrary	반대명제 | 반하여 | 적합치않은	/ˈkɑntɹɛɹi/	형용사	A contrary wind
poker	포커 | 낙화용구 | 부지깽이	/ˈpoʊkɝ/	명사	
wrapped		/ˈɹæpt/	형용사	Wrapped in thought
korean	한국어 | 한국말 | 우리말	/ˈkɹiən/	명사	Korean handicrafts
graham		/ˈɡɹæm/	명사	
mi		/ˈmi/	명사	
focused		/ˈfoʊkəst/	형용사	The light focused
tragic	비장 | 비극적 | 비참하다	/ˈtɹædʒɪk/	형용사	A tragic plight
entertainment	오락 | 여녜 | 여응	/ˌɛnɝˈteɪnmənt/	명사	
gathered		/ˈɡæðɝd/	형용사	The gathered folds of the skirt
lincoln	링컨 | 링컨종의 양	/ˈɫɪŋkən/	명사	
crossing	횡단보도 | 건널목 | 교잡	/ˈkɹɔsɪŋ/	명사	
blanket	담요 | 모포 | 덮어 버리다	/ˈbɫæŋkət/	명사	Snow blanketed the fields
nut	견과 | 어미나사 | 총경비	/ˈnət/	명사	
limited	국지전 | 얼마안되는 | 한정된	/ˈɫɪmətəd/	형용사	A limited success
sober	분별 있는	/ˈsoʊbɝ/	형용사	A sobering thought
caesar	제왕 | 시저 | 카이사르	/ˈsizɝ/	명사	
sis		/ˈsɪs/	명사	
intended	의도된	/ˌɪnˈtɛndɪd/	형용사	An intended insult
niece	질녀 | 조카딸	/ˈnis/	명사	
tennis	테니스	/ˈtɛnəs/	명사	
needle	바늘 | 나침 | 뜨개바늘	/ˈnidəɫ/	명사	He needled her with his sarcastic remarks
traditional	전통적 | 재래식 | 전통의	/tɹəˈdɪʃənəɫ/	형용사	Traditional history
delicate	정묘한 | 민감한 | 섬세한	/ˈdɛɫəkət/	형용사	A delicate flavor
independent	독립당의 | 독립의 | 무소속자	/ˌɪndɪˈpɛndənt/	형용사	An independent mind
grandson	손자	/ˈɡɹændˌsən/	명사	
repair	수리 | 보수 | 수리상태	/ɹɪˈpɛɹ/	동사	Repair an oversight
executive	행정부 | 간부 | 간사	/ɪɡˈzɛkjətɪv/	명사	The executive branch
recognized		/ˈɹɛkəɡˌnaɪzd/	형용사	A recognized authority
holmes	홈스명탐정	/ˈhoʊɫmz/	명사	
regard	여기다 | 주의하다 | 안부 인사	/ɹɪˈɡɑɹd/	동사	Give him my kind regards
weakness	나약 | 박약 | 가냘픔	/ˈwiknəs/	명사	He has a weakness for chocolate
european	유럽 사람	/ˌjʊɹəˈpiən/	형용사	European Community
method	방법 | 수 | 방식	/ˈmɛθəd/	명사	
permit	허용하다 | 요납하다 | 면허	/ˈpɝˌmɪt/	동사	This permits the water to rush in
towel	타월	/ˈtaʊəɫ/	명사	Towel your hair dry
daisy	데이지 | 상등품	/ˈdeɪzi/	명사	
nowadays	요즘 | 오늘날 | 요즈음	/ˈnaʊəˌdeɪz/	명사	It is solely by their language that the upper classes nowadays are distinguished
spider	거미같은 | 거미 | 아주 가느다란	/ˈspaɪdɝ/	명사	
northern	북에있는 | 북진의 | 북부지방특유의	/ˈnɔɹðɝn/	형용사	Northern cities
ranger	레인저 | 산림경비대 | 기마 경찰대원	/ˈɹeɪndʒɝ/	명사	
zoo	동물원	/ˈzu/	명사	
passenger	승객 | 선객 | 탑승객	/ˈpæsəndʒɝ/	명사	
con	숙독하다 | 지휘하다 | 반대하여	/ˈkɑn/	명사	Much was written pro and con
australia	호주	/ɔˈstɹeɪɫjə/	명사	
technique	기법 | 기교	/tɛkˈnik/	명사	
cellphone		/ˈsɛɫfoʊn/	명사	
gently	양반답게 | 완만하게 | 친절히	/ˈdʒɛntɫi/	부사	A gently sloping terrain
operations		/ˌɑpɝˈeɪʃənz/	명사	Certain machine tool operations
bunny		/ˈbəni/	명사	
gunfire	발포 | 포화	/ˈɡənˌfaɪɝ/	명사	The gunfire endangered innocent bystanders
shining	반짝임	/ˈʃaɪnɪŋ/	형용사	A shining example
backwards	거꾸로의 | 꺼꾸로 | 자빠지다	/ˈbækwɝdz/	부사	
baron	남작 | 산업계의 거물	/ˈbæɹən/	명사	
kidnapping	납치	/ˈkɪdˌnæpɪŋ/	명사	
marshal	정렬하다 | 안내하다 | 육군 원수	/ˈmɑɹʃəɫ/	명사	Marshal resources
petty	미미 | 사소한 | 좀스럽다	/ˈpɛˌti/	형용사	Petty officialdom
sealed		/ˈsiɫd/	형용사	A sealed driveway
massage	마사지 | 긴장 | 안마	/məˈsɑʒ/	동사	She massaged his sore back
raising	양식 | 게양	/ˈɹeɪzɪŋ/	명사	A cost-raising increase in the basic wage rate
menu	메뉴 | 식단	/ˈmɛnju/	명사	The menu was in French
diary	일기 | 일기장	/ˈdaɪɝi/	명사	
fucker		/ˈfəkɝ/	명사	
wagon	나르다 | 짐차 | 짐마차	/ˈwæɡən/	명사	
audition	오디션 | 청각 | 청력	/ɑˈdɪʃən/	동사	She auditioned for a role on Broadway
mexican		/ˈmɛksəkən/	명사	Mexican food is hot
casino	카지노 | 소별장 | 오락관	/kəˈsinoʊ/	명사	
bacon	베이컨 | 수필가	/ˈbeɪkən/	명사	
dutch		/ˈdətʃ/	형용사	The Dutch are famous for their tulips
promotion	진급 | 승진 | 발기	/pɝˈmoʊʃən/	명사	
forgiveness	용서 | 사면 | 관대	/fɝˈɡɪvnəs/	명사	
burst	터뜨리다 | 파열 | 충만하다	/ˈbɝst/	동사	The bubble burst
permanent	영속하는	/ˈpɝmənənt/	형용사	Permanent address
interfere	대립하다 | 방해하다 | 광선음파등이간섭하다	/ˌɪnɝˈfɪɹ/	동사	Your talking interferes with my work!
chanting		/ˈtʃæntɪŋ/	명사	
spencer		/ˈspɛnsɝ/	명사	
recovered	회복한	/ɹəˈkəvɝd/	형용사	Appears to be entirely recovered
registered	등기의 | 등록한 | 기명의	/ˈɹɛdʒɪstɝd/	형용사	Registered bonds
sunny	양지바른	/ˈsəni/	형용사	A gay sunny room
packing	포장 | 짐꾸리기 | 채워 넣는것	/ˈpækɪŋ/	명사	
superman	초인	/ˈsupɝˌmæn/	명사	
questioning	심문	/ˈkwɛstʃənɪŋ/	명사	
unfair		/ˈənˈfɛɹ/	형용사	Used unfair methods
ancestor		/ˈænˌsɛstɝ/	명사	
polite	예절 바른 | 은근하다 | 예의적	/pəˈɫaɪt/	형용사	
completed		/kəmˈpɫitəd/	형용사	The completed project
swallow	제비 | 삼키다 | 곧이듣다	/ˈswɑɫoʊ/	동사	He swallowed his words
conduct	전도하다 | 호송하다 | 지휘하다	/ˈkɑndəkt/	동사	Many metals conduct heat
sheet	시트 | 시트감 | 펴진면	/ˈʃit/	명사	The rain was sheeting down during the monsoon
fried	기름에 튀긴	/ˈfɹaɪd/	형용사	If the children stay out on the beach for another hour, they'll be fried
avenue	큰거리	/ˈævəˌnu/	명사	They explored every avenue they could think of
reverse	후진 | 배면 | 번복하다	/ɹiˈvɝs/	동사	In reverse gear
ford	걸어서 건너다	/ˈfɔɹd/	명사	
complaining	투정 | 군말 | 투덜대기	/kəmˈpɫeɪnɪŋ/	형용사	A complaining boss
investment	투자 | 출자 | 서임	/ˌɪnˈvɛsmənt/	명사	He made an emotional investment in the work
absurd	어리석은 | 황당	/əbˈsɝd/	형용사	The absurd excuse that the dog ate his homework
inspired	내의를 받은 | 영감을 받은 | 영감으로 쓰여진	/ˌɪnˈspaɪɝd/	형용사	An inspired performance
ruby	루비 | 루비색 | 빨간 여드름	/ˈɹubi/	명사	
tag	붙잡다 | 달다 | 압운하다	/ˈtæɡ/	동사	Semantic tags were attached in order to identify different meanings of the word
ram	격돌하다 | 쇠달구 | 쇠메	/ˈɹæm/	동사	Ram the gate with a sledgehammer
bonnie		/ˈbɑni/	형용사	
leonard		/ˈɫɛnɝd/	명사	
hooked	훅이 달린	/ˈhʊkt/	형용사	His opponent hooked him badly
ranch	대목장 | 대목축장 | 목장에서 일하다	/ˈɹæntʃ/	명사	Her husband is ranching in Arizona
worn	닳아빠지다	/ˈwɔɹn/	형용사	Worn threads on the screw
crashing		/ˈkɹæʃɪŋ/	형용사	A crashing bore
heather	히스속의 식물	/ˈhɛðɝ/	명사	
ash	재 | 양풀푸레나무 | 유골	/ˈæʃ/	명사	
leather	가죽 | 가죽제품 | 가죽을 씌우다	/ˈɫɛðɝ/	명사	
grounds	턱	/ˈɡɹaʊndz/	명사	The grounds for their declaration
assuming		/əˈsumɪŋ/	형용사	On a subject like this it would be too assuming for me to decide
dana		/ˈdeɪnə/	명사	
conspiracy	공모 | 공동모 | 불법공모	/kənˈspɪɹəsi/	명사	
thanksgiving	사은	/ˌθæŋksˈɡɪvɪŋ/	명사	
pierre		/piˈɛɹ/	명사	
guardian	수호자 | 보호자 | 후견인	/ˈɡɑɹdiən/	명사	
rumor	소문 | 소문내다 | 풍설	/ˈɹumɝ/	명사	It was rumored that the next president would be a woman
yen	엔	/ˈjɛn/	명사	
terror	테러 | 무서운사람	/ˈtɛɹɝ/	명사	He used terror to make them confess
misunderstanding	오해 | 불화	/ˌmɪsəndɝˈstændɪŋ/	명사	There must be some misunderstanding--I don't have a sister
parade	산책장 | 산보하는 사람들 | 열병식	/pɝˈeɪd/	명사	A parade of witnesses
halt	정류소 | 정지시키다	/ˈhɔɫt/	동사	Halt the engines
immunity	면역성 | 면역질	/ˌɪmˈjunəti/	명사	Immunity to criticism
steam	김쐬기 | 힘껏일하다 | 증기	/ˈstim/	동사	Just steam the vegetables
closely	면밀히 | 엄중히 | 엄밀히	/ˈkɫoʊsɫi/	부사	Houses set closely together
pearl	진주	/ˈpɝɫ/	명사	
soccer		/ˈsɑkɝ/	명사	
adrian		/ˈeɪdɹiən/	명사	
priority	그순위 | 먼저임 | 선취권	/pɹaɪˈɔɹəti/	명사	National independence takes priority over class struggle
khan	대상의 숙사	/ˈkɑn/	명사	
struggling	기를쓰는 | 분투하는 | 발버둥치는	/ˈstɹəɡəɫɪŋ/	형용사	Struggling artists
root	뿌리 | 응원하다 | 정착하다	/ˈɹut/	명사	Communism's Russian root
larger		/ˈɫɑɹdʒɝ/	형용사	
november	십일월	/noʊˈvɛmbɝ/	명사	
conflict	알력 | 쟁의 | 대립	/ˈkɑnfɫɪkt/	명사	A conflict of loyalties
cherry	버찌 | 버찌색 | 벚나무	/ˈtʃɛɹi/	명사	
honk		/ˈhɑŋk/	동사	The geese were honking
celebration	축하 | 찬양 | 축전	/ˌsɛɫəˈbɹeɪʃən/	명사	The celebration of marriage
sore	고통거리 | 얼얼한 | 성나다	/ˈsɔɹ/	형용사	Sore over a remark
unconscious		/ˌənˈkɑnʃəs/	형용사	Lay unconscious on the floor
cattle	가축 | 축우	/ˈkætəɫ/	명사	So many head of cattle
breast	흉부 | 가슴에받다 | 유방	/ˈbɹɛst/	명사	Breast the storm
fairly	상당히 | 제법 | 공정히	/ˈfɛɹɫi/	부사	They played fairly
fee	유료 | 구전 | 숙식비	/ˈfi/	명사	Fee the steward
recognise		/ˈɹɛkəɡˌnaɪz/	동사	
wade	걸어서 건너다	/ˈweɪd/	동사	Can we wade across the river to the other side?
radiation	방열 | 방사물 | 방사능	/ˌɹeɪdiˈeɪʃən/	명사	He was suffering from radiation
raining		/ˈɹeɪnɪŋ/	형용사	Watched the raining apple blossoms
lung	소리가 크다	/ˈɫəŋ/	명사	
register	스톱 | 등기하다 | 자기하다	/ˈɹɛdʒɪstɝ/	동사	Register for an election
specifically	본질적으로 | 종적으로 보아 | 명수	/spəˈsɪfɪkɫi/	부사	A program specifically for teenagers
ideal	이상 | 관념적인 | 전형	/aɪˈdiɫ/	형용사	A poem or essay may be typical of its period in idea or ideal content
turtle	바다거북 | 호도애	/ˈtɝtəɫ/	명사	
spoil	발굴물 | 손상케하다 | 저지르다	/ˈspɔɪɫ/	동사	He is spoiling for a fight
deserved	당연한	/dɪˈzɝvd/	형용사	
candidate	지원자 | 후보자 | 내정자	/ˈkændədeɪt/	명사	
lance		/ˈɫæns/	명사	Planes lanced towards the shore
bloke		/ˈbɫoʊk/	명사	He's a good bloke
explode	논파하다 | 작렬 | 격발하다	/ɪksˈpɫoʊd/	동사	His anger exploded
immediate	목하의 | 직접의 | 직사	/ˌɪˈmiˌdiət/	형용사	Immediate contact
identified		/aɪˈdɛntəˌfaɪd/	형용사	He identified with the refugees
hunger	시장기 | 공복 | 갈망	/ˈhəŋɡɝ/	명사	Hunger for affection
closest		/ˈkɫoʊsəst/	부사	
combination	연합 | 집형 | 짝맞춤	/ˌkɑmbəˈneɪʃən/	명사	They were a winning combination
nanny		/ˈnæni/	명사	
seth		/ˈsɛθ/	명사	
gabriel	천사 가브리엘	/ˈɡeɪbɹiəɫ/	명사	
develop	발전하다 | 발달시키다 | 전개시키다	/dɪˈvɛɫəp/	동사	Develop the rook
severe	극심 | 엄한 | 중한	/səˈvɪɹ/	형용사	A severe case of flu
en	반각	/ˈɛn/	명사	
organized	유기적인 | 노동조합에 가입된 | 조직된	/ˈɔɹɡəˌnaɪzd/	형용사	Organized labor
franklin	프랭클린	/ˈfɹæŋkɫɪn/	명사	
gut	창자 | 거트 | 장선	/ˈɡət/	명사	Gut the building
splendid	훌륭한 | 근사한	/ˈspɫɛndɪd/	형용사	Splendid costumes
dismissed		/dɪsˈmɪst/	형용사	This case is dismissed!
pm		/ˈpiˈɛm/	명사	
yang		/ˈjæŋ/	명사	Yin and yang together produce everything that comes into existence
halloween	제성절의 전야	/ˌhæɫəˈwin/	명사	
vulnerable	약점 | 받기 쉬운	/ˈvəɫnɝəbəɫ/	형용사	A vulnerable bridge
continued		/kənˈtɪnjud/	형용사	We continued to work into the night
vital	살아 있는 | 활기에 찬 | 생명이 있는	/ˈvaɪtəɫ/	형용사	Of vital interest
bureau	양소매책상 | 부	/ˈbjʊɹoʊ/	명사	The Census Bureau
drawer	서랍 | 제도사 | 발행인	/ˈdɹɔɹ/	명사	
harper	하프 연주자	/ˈhɑɹpɝ/	명사	
retreat	퇴각 | 퇴각하다 | 묵상회	/ɹiˈtɹit/	동사	The disorderly retreat of French troops
carson		/ˈkɑɹsən/	명사	
benny		/ˈbɛni/	명사	
pillow	베개 | 방석 | 배게	/ˈpɪɫoʊ/	명사	Pillow your head
troy	금형 | 트로이 형	/ˈtɹɔɪ/	명사	
ace	능수 | 명인	/ˈeɪs/	명사	An ace reporter
cart	운반차 | 짐마차 | 쉽게 이기다	/ˈkɑɹt/	명사	
nap	선잠자다 | 잠깐자다 | 필승마	/ˈnæp/	명사	There wasn't time for a nap
ham	햄 | 둘째 아들 | 과장된 연기	/ˈhæm/	명사	
announce	발표하다 | 고지하다 | 선언하다	/əˈnaʊns/	동사	He announced the winners of the spelling bee
parked		/ˈpɑɹkt/	형용사	There were four parked cars across the street
galaxy	은하계 | 은하수 | 은하	/ˈɡæɫəksi/	명사	`extragalactic nebula' is a former name for `galaxy'
muffled		/ˈməfəɫd/	형용사	The muffled noises of the street
jewelry	장신구 | 보석류	/ˈdʒuəɫɹi/	명사	
luggage	짐 | 여행가방 | 수화물	/ˈɫəɡədʒ/	명사	
groom	몸차림시키다	/ˈɡɹum/	동사	He is always well-groomed
lighter	라이터 | 불켜는 사람 | 점화기	/ˈɫaɪtɝ/	명사	
masters		/ˈmæstɝz/	명사	One of the old masters
alliance	연합회 | 동맹자 | 인척관계	/əˈɫaɪəns/	명사	The shifting alliances within a large family
clothing	의료 | 의류	/ˈkɫoʊðɪŋ/	명사	
drown	물에 빠지다 | 들리지 않게하다 | 흠뻑 젖게하다	/ˈdɹaʊn/	동사	I was drowned in work
alike	똑같은 | 같게	/əˈɫaɪk/	부사	They walk alike
excellency		/ˈɛkˈsɫɛnsi/	명사	Your Excellency
burger	햄버거스테이크	/ˈbɝɡɝ/	명사	
dough	생빵 | 반죽	/ˈdoʊ/	명사	
wreck	난파하다 | 난파시키다 | 난파	/ˈɹɛk/	동사	Thanks to that quack I am a human wreck
approve	허용하다 | 보여주다 | 찬성하다	/əˈpɹuv/	동사	I approve of his educational policies
physically		/ˈfɪzɪkəɫi/	부사	It is physically impossible
stations		/ˈsteɪʃənz/	명사	
spiritual	종교의 | 흑인 영가 | 영적인	/ˈspɪɹɪˌtʃuəɫ/	형용사	Spiritual songs
sire	노년자 | 폐하 | 냅	/ˈsaɪɝ/	동사	
roaring	굉음 | 으르렁거림 | 굉굉히 울리는	/ˈɹɔɹɪŋ/	명사	Doing a roaring trade
inch	인치 | 인치의 | 조금씩 움직이다	/ˈɪntʃ/	명사	
unexpected	의외 | 어처구니 | 느닷없다	/ˌənɪkˈspɛktɪd/	형용사	Unexpected news
arrival	도착 | 도달하다 | 내도	/ɝˈaɪvəɫ/	명사	They awaited her arrival
whimper	낑낑거리다 | 흐느껴 욺 | 훌쩍훌쩍 울다	/ˈhwɪmpɝ/	동사	
basket	바구니 | 광주리 | 네트	/ˈbæskət/	명사	
scandal	추문 | 반감 | 의옥	/ˈskændəɫ/	명사	
stink	냄새를 맡아내다 | 악취	/ˈstɪŋk/	동사	This term paper stinks!
homer	호머 | 호메로스 | 전서비둘기	/ˈhoʊmɝ/	명사	
tara		/ˈtɑɹə/	명사	
christopher		/ˈkɹɪstəfɝ/	명사	
toe	발가락 | 도구의 끝 | 발가락으로 대다	/ˈtoʊ/	명사	She toes inwards
shield	방패 | 수호하다 | 보호물	/ˈʃiɫd/	명사	
shooter	포수	/ˈʃutɝ/	명사	
instant	이달의 | 인스턴트 | 인스턴트식품	/ˈɪnstənt/	명사	An instant need
rehearsal	복송 | 예행연습 | 총연습	/ɹiˈhɝsəɫ/	명사	He missed too many rehearsals
disturbing		/dɪˈstɝbɪŋ/	형용사	A disturbing amount of crime
directed	지시받은	/daɪˈɹɛktɪd/	형용사	A directed program of study
scan	주사하다	/ˈskæn/	동사	He analyzed the brain scan
electronic		/ˌɪˌɫɛkˈtɹɑnɪk/	형용사	Electronic energy
republic	공화제 | 공화 정체 | 공화국	/ɹiˈpəbɫək/	명사	The head of state in a republic is usually a president
overnight	밤새도록 | 전날밤에 | 전날밤의	/ˈoʊvɝˈnaɪt/	부사	An overnight trip
counsel	충고 | 권고하다 | 변호인단	/ˈkaʊnsəɫ/	명사	The teacher counsels troubled students
bait	미끼 | 먹이를 먹다 | 유혹물	/ˈbeɪt/	동사	
dignity	존엄 | 품위 | 관록	/ˈdɪɡnəti/	명사	He behaved with great dignity
lean	살코기 | 살코기의 | 야윈부분	/ˈɫin/	동사	We can lean on this man
heroin	헤로인 | 모르핀	/ˈhɛɹoʊən/	명사	
tracy		/ˈtɹeɪsi/	명사	
rex	현국왕	/ˈɹɛks/	명사	
gossip	험담 | 잡담 | 수다	/ˈɡɑsəp/	명사	The divorce caused much gossip
humble	낮추는 | 겸손한 | 천하게 하다	/ˈhəmbəɫ/	형용사	A humble cottage
economy	경제 | 재정 | 경제성	/iˈkɑnəmi/	명사	Economy of effort
impress	감명 | 날인 | 찍음	/ˈɪmˌpɹɛs/	동사	This child impressed me as unusually mature
tissue		/ˈtɪsˌju/	명사	Tissue textiles
threaten	할 듯하다 | 닥치고 있다 | 우려가 있다	/ˈθɹɛtən/	동사	Danger threatens
bump	범퍼 | 때려서생긴멍 | 털썩떨어뜨리다	/ˈbəmp/	동사	My car bumped into the tree
supreme	지고의	/səˈpɹim/	형용사	Supreme courage
bingo	빙고	/ˈbɪŋɡoʊ/	명사	
mitchell	미첼	/ˈmɪtʃəɫ/	명사	
excitement	흥분 | 격앙 | 법석	/ɪkˈsaɪtmənt/	명사	He looked forward to the excitements of the day
mankind		/ˈmænˈkaɪnd/	명사	She always used `humankind' because `mankind' seemed to slight the women
broad	넓다 | 대강의	/ˈbɹɔd/	형용사	Broad shoulders
vietnam	월남 | 베트남	/viˌɛtˈnɑm/	명사	
vessel	맥관 | 배	/ˈvɛsəɫ/	명사	
lit		/ˈɫɪt/	형용사	A lit firecracker
dale		/ˈdeɪɫ/	명사	
foul	더럽다 | 반칙하다 | 충돌하다	/ˈfaʊɫ/	형용사	Foul (or dirty) copy
stare	노려보아 | 빤히 보다 | 두드러 지다	/ˈstɛɹ/	동사	The students stared at the teacher with amazement
hut	임시병사 | 오두막 | 임시병사에 머무르다	/ˈhət/	명사	
elements		/ˈɛɫəmənts/	명사	The grammatical elements of a sentence
coma	코마 | 혼수 | 씨의 솜털	/ˈkoʊmə/	명사	
laying	쌓음 | 꼬는 법	/ˈɫeɪɪŋ/	명사	
coffin	관 | 납관하다 | 널	/ˈkɔfɪn/	명사	Her body was coffined
cocaine	코카인	/koʊˈkeɪn/	명사	
puppy	강아지	/ˈpəpi/	명사	
handled	자루가 달린 | 핸들이 있는	/ˈhændəɫd/	형용사	Pearl-handled revolver
announcement	발표 | 포고	/əˈnaʊnsmənt/	명사	The announcement appeared in the local newspaper
oath	선서하다 | 서약 | 서언	/ˈoʊθ/	명사	They took an oath of allegiance
mob	오합지졸 | 군중 | 폭도	/ˈmɑb/	명사	
cotton	면 | 솜 | 면직물	/ˈkɑtən/	명사	Cotton to something
deposit	보관 | 공탁금 | 부착물	/dəˈpɑzɪt/	명사	Deposit the suitcase on the bench
autopsy	조사 | 검시	/ˈɔˌtɑpsi/	명사	
advise	조언하다 | 종용 | 충고하다	/ædˈvaɪz/	동사	I advised him that the rent was due
gig	갈고랑쇠 | 재즈연주 | 재즈연주회	/ˈɡɪɡ/	명사	They played a gig in New Jersey
lecture	강연 | 강좌	/ˈɫɛktʃɝ/	명사	Did you ever lecture at Harvard?
posted		/ˈpoʊstɪd/	형용사	The posted speed limit
skinny	초췌하다 | 날씬한 | 빼빼	/ˈskɪni/	형용사	A child with skinny freckled legs
infected		/ˌɪnˈfɛktɪd/	형용사	Society was infected by racism
relieved		/ɹiˈɫivd/	형용사	The thief relieved me of $100
assistance	보조 | 원조 | 협조	/əˈsɪstəns/	명사	Could not walk without assistance
solo	독무대 | 독주 | 독창	/ˈsoʊˌɫoʊ/	명사	A passage for solo clarinet
determine	정하다 | 측정하다 | 결심시키다	/dəˈtɝmən/	동사	Experience often determines ability
elsewhere	어딘가딴곳에	/ˈɛɫˌswɛɹ/	부사	He went elsewhere
lamp	램프 | 불	/ˈɫæmp/	명사	
practical	실지의 | 실리적 | 실용적인	/ˈpɹæktəkəɫ/	형용사	A practical failure
marked	기호가 붙은 | 현저하다	/ˈmɑɹkt/	형용사	Well-marked roads
adorable	귀여운	/əˈdɔɹəbəɫ/	형용사	
rubber	목욕수건 | 스니커 | 오버슈즈	/ˈɹəbɝ/	명사	
purple	보라색 | 자줏빛 | 제왕의	/ˈpɝpəɫ/	형용사	Many purple passages
operating	수술실 | 수술의 | 수술비	/ˈɑpɝˌeɪtɪŋ/	형용사	The company had several operating divisions
suite	조곡	/ˈswit/	명사	
personnel	요원 | 정원 | 인력	/ˌpɝsəˈnɛɫ/	명사	
beam	성에 | 가로들보 | 빔	/ˈbim/	명사	He beamed his approval
poet	시인	/ˈpoʊət/	명사	
arrow	화살 | 화살표	/ˈæɹoʊ/	명사	
counselor	고문 | 상담역 | 지도원	/ˈkaʊnsəɫɝ/	명사	
carpet	양탄자 | 풀밭 | 온통 뒤덮다	/ˈkɑɹpət/	명사	A carpet of flowers
allen		/ˈæɫən/	명사	
spotted	반점이 있는	/ˈspɑtɪd/	형용사	A black-and-white spotted cow
floating	떠있는 | 두둥실 | 부동적인	/ˈfɫoʊtɪŋ/	형용사	Floating voters
corrected		/kɝˈɛktəd/	형용사	The stock market corrected
located	위치하여	/ˈɫoʊˌkeɪd/	형용사	Valuable centrally located urban land
journalist	기자 | 신문업자 | 저널리스트	/ˈdʒɝnəɫəst/	명사	
operator	운전자 | 교환수 | 연산자	/ˈɑpɝˌeɪtɝ/	명사	The operator of the switchboard
rely		/ɹiˈɫaɪ/	동사	Rely on your friends
leon		/ˈɫiɑn/	명사	
eastern		/ˈistɝn/	형용사	An eastern wind
shave	면도 | 면도하다 | 스쳐지나가다	/ˈʃeɪv/	동사	Shave the radish
remaining		/ɹiˈmeɪnɪŋ/	형용사	Saved the remaining sandwiches for supper
toss	돈던지기 | 토스하다 | 던져올리다	/ˈtɔs/	동사	Toss me newspaper
anderson		/ˈændɝsən/	명사	
acid	산 | 신맛	/ˈæsəd/	명사	An acid reaction
si		/ˈsi/	명사	
december	십이월	/dɪˈsɛmbɝ/	명사	
anonymous	작자불명의	/əˈnɑnəməs/	형용사	Anonymous donors
inn	여관 | 주막 | 거소	/ˈɪn/	명사	
planted		/ˈpɫæntɪd/	형용사	A deeply planted need
sixth	여섯째	/ˈsɪksθ/	형용사	
error	에러 | 착오 | 오류	/ˈɛɹɝ/	명사	The book was full of errors
reporting		/ɹiˈpɔɹtɪŋ/	명사	
egypt	이집트	/ˈidʒəpt/	명사	
brother-in-law	처남	/ˈbɹəðɝɪnˌɫɔ/	명사	
roommate	동숙인 | 동거인	/ˈɹuˌmeɪt/	명사	
scum	인간 지스러기 | 더껑이 | 찌끼	/ˈskəm/	명사	
described		/dɪsˈkɹaɪbd/	형용사	The vividly described wars
commitment	언질 | 구속영장 | 매매계약	/kəˈmɪtmənt/	명사	A man of energy and commitment
hercules	헤르쿨레스 | 헤프쿨레스 자리	/ˈhɝkjəˌɫiz/	명사	
react	반작용하다 | 반동하다 | 반응하다	/ɹiˈækt/	동사	The hydrogen and the oxygen react
cows	방목하다 | 축우	/ˈkaʊz/	명사	Wait till the cows come home
protest	운동 | 이의 | 항의하다	/ˈpɹoʊˌtɛst/	동사	The suspect protested his innocence
misery	비참	/ˈmɪzɝi/	명사	She was exhausted by her misery and grief
theft	절도죄 | 도둑질	/ˈθɛft/	명사	
embrace	안다 | 품다 | 부둥켜	/ɛmˈbɹeɪs/	동사	She embraced Catholicism
darn	꿰메 깁다 | 떠서 깁다	/ˈdɑɹn/	명사	
harsh	극심 | 가혹한 | 껄껄한	/ˈhɑɹʃ/	형용사	Had harsh words
communicate	통신하다 | 전염시키다 | 통해 있다	/kəmˈjunəˌkeɪt/	동사	Communicate a disease
faithful	참되다 | 참따랗게	/ˈfeɪθfəɫ/	형용사	Faithful employees
hector		/ˈhɛktɝ/	명사	
flame	불꽃 | 발끈하다 | 불길	/ˈfɫeɪm/	명사	The sky seemed to flame in the Hawaiian sunset
medal	메달 | 상패 | 훈장	/ˈmɛdəɫ/	명사	
silk	실크 | 견직물 | 비단옷	/ˈsɪɫk/	명사	
photographer	사진사	/fəˈtɑɡɹəfɝ/	명사	
cemetery	공동묘지 | 묘지	/ˈsɛməˌtɛɹi/	명사	
rear	후방에서 | 키우다 | 솟게 하다	/ˈɹɪɹ/	명사	The chair's rear legs
banana	바나나	/bəˈnænə/	명사	
chap	트게하다 | 튼데 | 튼자리	/ˈtʃæp/	명사	That chap is your host
dated	날짜 있는 | 시대에 뒤진	/ˈdeɪtɪd/	형용사	The package is dated November 24
shitty	진절머리나는	/ˈʃɪˌti/	형용사	
bin	큰상자	/ˈbɪn/	명사	
gum	껌 | 고무장화 | 덧신	/ˈɡəm/	명사	These trees gum in the Spring
crushed		/ˈkɹəʃt/	형용사	The car crushed the toy
content	목차 | 함유량 | 만족하여	/ˈkɑntɛnt/	명사	A contented smile
corporal	상등병 | 성체포	/ˈkɔɹpɝəɫ/	명사	A corporal defect
realised		/ˈɹiəˌɫaɪzd/	형용사	
rap	랩 | 고소 | 톡톡 두드림	/ˈɹæp/	동사	It was a bum rap
hopeless	가망없는 | 절감의 | 희망없는	/ˈhoʊpɫəs/	형용사	The situation is hopeless
debate	토론 | 토론하다 | 토른	/dəˈbeɪt/	명사	John debated Mary
era	대 | 연대 | 기	/ˈɛɹə/	명사	
luckily	운좋게 | 상서롭게	/ˈɫəkəɫi/	부사	
ton	톤 | 다량	/ˈtən/	명사	
liquid	맑은 | 액체의 | 액체	/ˈɫɪkwəd/	형용사	Liquid (or fluid) assets
swell	구릉 | 커짐 | 부어오르다	/ˈswɛɫ/	동사	Smoke swelled from it
feast	성찬 | 잔치 | 축연	/ˈfist/	명사	A feast for the eyes
murphy		/ˈmɝfi/	명사	
attract		/əˈtɹækt/	동사	The beautiful garden attracted many people
application	적용 | 신청 | 신청서	/ˌæpɫəˈkeɪʃən/	명사	The application of maximum thrust
profession	배우들 | 공언 | 신앙 고백	/pɹəˈfɛʃən/	명사	A profession of disagreement
bench	벤치 | 진열대 | 판사석	/ˈbɛntʃ/	명사	Our team has a strong bench
vanessa	큰멋쟁이	/vəˈnɛsə/	명사	
ahem	에헴 | 에에		명사	
symptom	증후	/ˈsɪmptəm/	명사	
scout	스카우트 | 정찰병 | 코웃음치다	/ˈskaʊt/	명사	
keen	곡성 | 통곡하다 | 산란한	/ˈkin/	형용사	
aircraft	항공기	/ˈɛɹˌkɹæft/	명사	
formed	성립되다	/ˈfɔɹmd/	형용사	They formed a company
aggressive	공격적 | 공세의 | 침략적인	/əˈɡɹɛsɪv/	형용사	Aggressive drivers
pale	엷게 하다 | 창백하다 | 해쓱해지다	/ˈpeɪɫ/	형용사	The pale (or wan) stars
significant		/səɡˈnɪfɪkənt/	형용사	Significant details
duncan		/ˈdəŋkən/	명사	
visual		/ˈvɪʒəwəɫ/	형용사	Visual navigation
embassy	대사관 | 대사의 임무	/ˈɛmbəsi/	명사	
defence		/dɪˈfɛns/	명사	
cabinet	가구용의 | 사실용의 | 장식장	/ˈkæbənət/	명사	
display	전시하다 | 표시하다 | 나타내다	/dɪsˈpɫeɪ/	동사	A display of emotion
fame	유명 | 명성 | 명리	/ˈfeɪm/	명사	
gibbs		/ˈɡɪbz/	명사	
filming	탐방	/ˈfɪɫmɪŋ/	명사	
cursed	심술통 | 저주할 | 천벌받은	/ˈkɝst/	형용사	Not a cursed drop
twin	쌍둥이의	/ˈtwɪn/	명사	
sorrow	슬픔 | 슬퍼하다 | 통한	/ˈsɑɹoʊ/	명사	He drank to drown his sorrows
vault	지하실 | 지하 납골소 | 귀중품 보관실	/ˈvɔɫt/	명사	
defeated		/dɪˈfitəd/	명사	The defeated enemy
watson		/ˈwɑtsən/	명사	
quote	인용부호 | 견적하다 | 인용하다	/ˈkwoʊt/	동사	Quote prices for cars
penalty	처벌 | 페널티	/ˈpɛnəɫti/	명사	Neglected his health and paid the penalty
bargain	거래 | 매매 | 교섭하다	/ˈbɑɹɡən/	명사	He made a bargain with the devil
pepper	후추 | 후추과의 식물	/ˈpɛpɝ/	명사	Pepper the soup
speaker	변사 | 연설자	/ˈspikɝ/	명사	The speaker at commencement
satan	사탄 | 마왕	/ˈseɪtən/	명사	
helmet	헬멧 | 투구	/ˈhɛɫmət/	명사	
scar	낭떠러지	/ˈskɑɹ/	명사	
fuss	속타게하다 | 떠들게 하다 | 몸달아 설침	/ˈfəs/	동사	She fusses over her husband
envelope	봉투	/ˈɛnvəˌɫoʊp/	명사	Test pilots try to push the envelope
perry	페리주	/ˈpɛɹi/	명사	
african		/ˈæfɹəkən/	형용사	African languages
arrangement	배치 | 편곡 | 정돈	/ɝˈeɪndʒmənt/	명사	A flower arrangement
honored	명예로운	/ˈɑnɝd/	형용사	
believing	빈음 | 믿음이 있는	/bɪˈɫivɪŋ/	명사	Seeing is believing
assigned		/əˈsaɪnd/	형용사	Assigned duties
rosa		/ˈɹoʊzə/	명사	
oven	오븐 | 화덕 | 숍	/ˈəvən/	명사	
attacking		/əˈtækɪŋ/	형용사	Rust is attacking the metal
tin	양철 | 주석 | 통조림하다	/ˈtɪn/	명사	
sonic	음속의	/ˈsɑnɪk/	형용사	
collar	칼라 | 경령 | 깃	/ˈkɑɫɝ/	명사	The thief was forced to wear a heavy wooden collar
mere		/ˈmɪɹ/	형용사	Shocked by the mere idea
romeo	로미오	/ˈɹoʊmiˌoʊ/	명사	
storage	저장 | 보관료 | 저장고	/ˈstɔɹədʒ/	명사	My car is in storage
rusty	녹슨 | 녹빛의 | 무디어진	/ˈɹəsti/	형용사	A rusty machine
psycho	정신병자 | 신경증의 | 정신분석	/ˈsaɪkoʊ/	명사	
climbing	등반 | 등산용의 | 기어 오름	/ˈkɫaɪmɪŋ/	명사	Sales were climbing after prices were lowered
melissa		/məˈɫɪsə/	명사	
sum	요점 | 합계하면 | 액수	/ˈsəm/	명사	He borrowed a large sum
dedicated	전용의	/ˈdɛdəkeɪtəd/	형용사	A dedicated dancer
ladder	사다리 | 연줄 | 사닥다리	/ˈɫædɝ/	명사	He climbed the career ladder
alternative		/ɔɫˈtɝnətɪv/	명사	An alternative plan
raid	자금유용 | 현장급습 | 습격	/ˈɹeɪd/	동사	The police raided the crack house
dining	외식	/ˈdaɪnɪŋ/	명사	I'm wining and dining my friends
ms		/ˈmɪz/	명사	
corporate	법인의 | 법인으로서 | 법인 자격으로	/ˈkɔɹpɝət/	형용사	Corporate rates
folk	사람들	/ˈfoʊk/	명사	They're just country folk
bailey		/ˈbeɪɫi/	명사	
un		/ˈən/	명사	
heel	경사 | 굽 | 뒤꿈치	/ˈhiɫ/	명사	Heel that dance
surprising	경악스럽다 | 놀라운 | 불시의	/səˈpɹaɪzɪŋ/	형용사	Leaped up with surprising agility
chess	장기 | 체스 | 서양 장기	/ˈtʃɛs/	명사	
requested		/ɹiˈkwɛstɪd/	형용사	The requested aid is forthcoming
cruise	순항 | 순항하다 | 만유	/ˈkɹuz/	동사	She cruised the neighborhood in her new convertible
primary	일차어	/ˈpɹaɪˌmɛɹi/	형용사	Primary sources
rhythm	리듬 | 운율형식 | 율동	/ˈɹɪðəm/	명사	The piece has a fast rhythm
drum	고실 | 드럼통 | 북	/ˈdɹəm/	명사	The drums beat all night
motorcycle	오토바이 | 애마	/ˈmoʊtɝˌsaɪkəɫ/	명사	
adopted		/əˈdɑptɪd/	형용사	My adopted state
barrel		/ˈbæɹəɫ/	명사	A barrel of beer is 31 gallons and a barrel of oil is 42 gallons
cargo	화물 | 뱃짐 | 선하	/ˈkɑɹˌɡoʊ/	명사	
shove	밀다 | 저어 나아가다 | 밀어내다	/ˈʃəv/	동사	He gave the door a shove
ding	자꾸 뇌까리다	/ˈdɪŋ/	명사	
trailer	트레일러 | 만초 | 끄는 사람	/ˈtɹeɪɫɝ/	명사	
cannon	이중축 | 캐논 | 대포	/ˈkænən/	명사	
arse	궁둥이	/ˈɑɹs/	명사	
ally		/ˈæɫaɪ/	명사	He's a good ally in fight
lawrence		/ˈɫɔɹəns/	명사	
wee		/ˈwi/	형용사	The wee hours of the morning
dull	흐리게하다 | 지루한 | 둔감한	/ˈdəɫ/	형용사	A dull throbbing
teenage		/ˈtiˌneɪdʒ/	형용사	Teenage mothers
kent		/ˈkɛnt/	명사	
cooperate	협동하다 | 서로 돕다 | 협력하다	/ˈkwɑpɝˌeɪt/	동사	
dug		/ˈdəɡ/	명사	
worthless	하찮다 | 하잘것없다 | 시시하다	/ˈwɝθɫəs/	형용사	A worthless idler
kindness	친절 | 베풀다 | 상냥함	/ˈkaɪndnəs/	명사	
grip	핸들 | 쥐는 기계 | 소형 여행가방	/ˈɡɹɪp/	동사	A good grip on French history
relations		/ɹiˈɫeɪʃənz/	명사	International relations
skirt	치마 | 계집 | 스커트	/ˈskɝt/	명사	She skirted the problem
frog	개구리 | 개구리를 잡다	/ˈfɹɑɡ/	명사	
paige		/ˈpeɪdʒ/	명사	
lloyd		/ˈɫɔɪd/	명사	
perfume	향수 | 향기 | 향	/pɝfˈjum/	명사	She perfumes herself every day
instrumental	조격 | 조격의	/ˌɪnstɹəˈmɛnəɫ/	형용사	An instrumental ensemble
association	연상 | 관념연합 | 결합	/əˌsoʊsiˈeɪʃən/	명사	Many close associations with England
january	일월	/ˈdʒænjuˌɛɹi/	명사	
spike	수상화서 | 큰못 | 스파이크	/ˈspaɪk/	명사	The voltage spiked
israel	이스라엘 | 야곱의 별명	/ˈɪzɹeɪɫ/	명사	
eleven	열하나 | 축구팀	/ˈiɫɛvən/	형용사	
gallery	노대 | 주랑 | 사진촬영소	/ˈɡæɫɝi/	명사	Shooting gallery
ginger	생강 | 활력 | 고동색	/ˈdʒɪndʒɝ/	명사	Ginger the soup
iraq	이라크	/ˌaɪˈɹɑk/	명사	
boarding	판장 | 기숙	/ˈbɔɹdɪŋ/	명사	She rooms in an old boarding house
fist	주먹 | 주먹으로 치다	/ˈfɪst/	명사	
stuffed		/ˈstəft/	형용사	A stuffed turkey
improve	향상 | 호전하다 | 진보시키다	/ˌɪmˈpɹuv/	동사	The weather improved toward evening
creation	수작 | 창조 | 만물	/kɹiˈeɪʃən/	명사	From its creation the plan was doomed to failure
infection	감염증 | 공기전염 | 오염전염병	/ˌɪnˈfɛkʃən/	명사	The infection of his enthusiasm for poetry
tension	긴장 | 장력 | 전압	/ˈtɛnʃən/	명사	Tension holds the belt in the pulleys
kindly	제발 | 온하한 | 친절히	/ˈkaɪndɫi/	형용사	Kindly criticism
certificate	면허장	/sɝˈtɪfɪkət/	명사	
curtis		/ˈkɝtəs/	명사	
bold	뻔뻔하다 | 가파른 | 당돌하다	/ˈboʊɫd/	형용사	A bold adventure
twisted	꺾이다 | 찡그리다 | 황홀해진	/ˈtwɪstɪd/	형용사	The cord is all twisted
suspended		/səˈspɛndɪd/	형용사	The prison sentence was suspended
affected	동하다	/əˈfɛktɪd/	형용사	
envy	선망 | 부러워하다 | 질투	/ˈɛnvi/	동사	
whale	고래 | 고래잡이에 종사하다	/ˈhweɪɫ/	명사	
dial	다이얼 | 문자반 | 지침반	/ˈdaɪəɫ/	명사	Dial a telephone number
martial	무용의	/ˈmɑɹʃəɫ/	형용사	
controlled		/kənˈtɹoʊɫd/	형용사	Controlled emotions
nigga			명사	Only a Black can call another Black a nigga
coal	석탄	/ˈkoʊɫ/	명사	The big ship coaled
upside	거꾸로 | 상부	/ˈəpˈsaɪd/	명사	
imperial	제국의 | 제권의 | 제위의	/ˌɪmˈpɪɹiəɫ/	형용사	Imperial colony
paranoid	편집성의 | 편집적인 | 편집증 환자	/ˈpɛɹəˌnɔɪd/	형용사	
signing	서명	/ˈsaɪnɪŋ/	명사	
congress	의회 | 대의원회 | 국회 회기	/ˈkɑŋɡɹəs/	명사	
villa	별장	/ˈvɪɫə/	명사	
candle	초 | 촉광 | 양초	/ˈkændəɫ/	명사	
filling	봉	/ˈfɪɫɪŋ/	명사	An informal British term for `filling' is `stopping'
comic	만화란 | 희극배우 | 희극적인	/ˈkɑmɪk/	형용사	
faint	미약한 | 뱃심없는 | 쇠약해진	/ˈfeɪnt/	형용사	A faint outline
recovery	회복 | 되찾기 | 승소	/ɹɪˈkəvɝi/	명사	The recovery of the forest after the fire was surprisingly rapid
volunteer	독지가 | 자청 | 지원자	/ˌvɑɫənˈtɪɹ/	동사	A volunteer fire department
tech		/ˈtɛk/	명사	
bleed	출혈하다 | 피흘리다	/ˈbɫid/	동사	Bleed the radiators
narrow	좁다 | 해협 | 좁게하다	/ˈnæɹoʊ/	형용사	A narrow bridge
forbid	허락지않다	/fɝˈbɪd/	동사	I forbid you to call me late at night
stuart		/ˈstjuɝt/	명사	
perspective	원근화법 | 투시도	/pɝˈspɛktɪv/	명사	
faced		/ˈfeɪst/	형용사	A neatly faced terrace
neat	소종류 | 단정 | 청초하다	/ˈnit/	형용사	Neat handwriting
pierce	에스며들다-들어가다 | 관통하다 | 꿰찌르다	/ˈpɪɹs/	동사	The cold pierced her bones
observe	거행하다 | 전망하다 | 주시하다	/əbˈzɝv/	동사	Observe Yom Kippur
cycle	주파 | 회귀하다 | 주기	/ˈsaɪkəɫ/	명사	Schubert's song cycles
psychic	무당 | 심령의 | 초자연적인	/ˈsaɪkɪk/	형용사	Psychic phenomena
handling	처리 | 수법 | 취급	/ˈhændəɫɪŋ/	명사	The handling of prisoners
goose	거위 | 거위고기 | 충실하여	/ˈɡus/	명사	He goosed the unsuspecting girl
accidentally	우연히	/ˌæksəˈdɛnəɫi/	부사	They met accidentally
conclusion	결론 | 판단 | 체결	/kənˈkɫuʒən/	명사	Jump to a conclusion
designer	디자이너 | 도안자 | 음모가	/dɪˈzaɪnɝ/	명사	He is believed to be the principal designer of the terrorist bombing attack
importance	중요 | 중요성 | 중대하다	/ˌɪmˈpɔɹtəns/	명사	A person of importance
spots		/ˈspɑts/	명사	A leopard's spots
franc	프랑	/ˈfɹæŋk/	명사	
sweep	장대 | 뻐침 | 흘려보내다	/ˈswip/	동사	A sweep of his arm
communist	공산주의자 | 빨갱이	/ˈkɑmjənəst/	형용사	Communist Party
blackmail	갈취 | 공갈	/ˈbɫækˌmeɪɫ/	동사	
pacific	온화한 | 평화스러운	/pəˈsɪfɪk/	명사	Pacific islands
risky	위험한 | 모험적인	/ˈɹɪski/	형용사	Extremely risky going out in the tide and fog
glorious	장려한 | 현란한	/ˈɡɫɔɹiəs/	형용사	A glorious sunset
hatred	미움 | 증오	/ˈheɪtɹəd/	명사	
cam	캠	/ˈkæm/	명사	
po		/ˈpoʊ/	명사	
fooling		/ˈfuɫɪŋ/	형용사	The bored children were fooling about
scotch	스코틀랜드말 | 얕은 상처 | 스코틀랜드 사람의	/ˈskɑtʃ/	명사	`scotch' is used only informally
executed		/ˈɛksəkˌjutɪd/	형용사	The President executed the treaty
brakes		/ˈbɹeɪks/	명사	New legislation will put the brakes on spending
blank	공백으로하다 | 흥미 없는 | 공허한	/ˈbɫæŋk/	형용사	A blank cartridge
tender	신청 | 연하다 | 연애	/ˈtɛndɝ/	형용사	Tender memories
turner	갈이장이 | 선반공	/ˈtɝnɝ/	명사	
tub	뚱보 | 동이 | 통	/ˈtəb/	명사	
sucker	유반류 | 흡수자 | 어리석은사람	/ˈsəkɝ/	명사	
slight	미미 | 훌쭉한 | 가냘픈	/ˈsɫaɪt/	명사	Slight evidence
addition	추가 | 가산 | 부가	/əˈdɪʃən/	명사	He was a new addition to the staff
campus	캠퍼스 | 분교 | 켐퍼스	/ˈkæmpəs/	명사	
ritual	의식서 | 의식의하나 | 풍습	/ˈɹɪtʃuəɫ/	명사	A ritual dance of Haiti
prey	해하다 | 먹이로 하다	/ˈpɹeɪ/	명사	He fell prey to muggers
so-called	이른바	/ˈsoʊˈkɔɫd/	형용사	These so-called experts are no help
graduate	졸업생 | 졸업하다 | 졸업한	/ˈɡɹædʒəˌweɪt/	동사	Graduate courses
anyways	하여튼 | 좌우지간 | 하여튼간에	/ˈɛniˌweɪz/	부사	
ew			명사	
fry	프라이 | 감자튀김 | 볶다	/ˈfɹaɪ/	동사	Fry the pancakes
genuine	진실의 | 참답다	/ˈdʒɛnˈjuˌwaɪn/	형용사	Genuine leather
judging		/ˈdʒədʒɪŋ/	명사	
warden	간수장 | 감시인 | 교구위원	/ˈwɔɹdən/	명사	
ceiling	천장 | 반자 | 운고	/ˈsiɫɪŋ/	명사	He hated painting the ceiling
somewhat	얼마간 | 어느 정도	/ˈsəmˈwət/	부사	His arguments were somewhat self-contradictory
established	일정하다 | 기성 | 기정	/ɪˈstæbɫɪʃt/	형용사	The established Church
attempted	기도한	/əˈtɛmptɪd/	형용사	Attempted murder
zombie		/ˈzɑmbi/	명사	
gathering	곪음 | 집합 | 부어 오름	/ˈɡæðɝɪŋ/	명사	
mick		/ˈmɪk/	명사	
electrical		/ɪˈɫɛktɹɪkəɫ/	형용사	An electrical storm
collins		/ˈkɑɫɪnz/	명사	
sob	흐느끼다 | 훌쩍이는 울음 | 눈물을 자아내는	/ˈsɑb/	명사	
institute	강습회 | 이공계 | 전문학교	/ˈɪnstəˌtut/	동사	Institute proceedings
principle	공리 | 도의 | 근본방침	/ˈpɹɪnsəpəɫ/	명사	A man of principle
fixing	비품	/ˈfɪksɪŋ/	명사	I was fixing to leave town after I paid the hotel bill
therapist	요법사 | 치료학자치료 전문가	/ˈθɛɹəpəst/	명사	
compete	경합하다 | 비견하다 | 경쟁하다	/kəmˈpit/	동사	
compliment	따리 | 경의의 표시 | 경의를 표하다	/ˈkɑmpɫəmɛnt/	명사	He complimented her on her last physics paper
worship	예배하다 | 예배 | 숭배	/ˈwɝʃəp/	명사	Many Hindus worship Shiva
residence	관사 | 거류 | 주재	/ˈɹɛzɪdəns/	명사	A person can have several residences
democracy	민주주의 | 민주 | 민주국	/dɪˈmɑkɹəsi/	명사	
joel	요엘 | 요엘서	/ˈdʒoʊəɫ/	명사	
published		/ˈpəbɫɪʃt/	형용사	Published accounts
myth	신화	/ˈmɪθ/	명사	
helpless		/ˈhɛɫpɫəs/	형용사	As helpless as a baby
screwing		/ˈskɹuɪŋ/	명사	
kennedy		/ˈkɛnədi/	명사	
execution	처형 | 실시 | 실행	/ˌɛksəkˈjuʃən/	명사	
appetite	밥맛 | 식욕 | 욕구	/ˈæpəˌtaɪt/	명사	An appetite for life
formal	형식화하다 | 소장 | 의례적인	/ˈfɔɹməɫ/	형용사	A formal education
strictly	절대적인	/ˈstɹɪktɫi/	부사	We talked strictly business
technical	기술적	/ˈtɛknɪkəɫ/	형용사	Technical college
stella		/ˈstɛɫə/	명사	
rod	로드 | 피뢰침 | 간균	/ˈɹɑd/	명사	
shepherd	양치는 사람	/ˈʃɛpɝd/	명사	
brazil	브라질	/bɹəˈzɪɫ/	명사	
brutal	야수성 | 잔인한 | 무도	/ˈbɹutəɫ/	형용사	Brutal beatings
vain	헛되게 | 쓸데 없는 | 헛된	/ˈveɪn/	형용사	Vain about her clothes
chi		/ˈkaɪ/	명사	
deer	사슴	/ˈdɪɹ/	명사	
brooklyn	뉴욕시독립구의하나	/ˈbɹʊkɫən/	명사	
retire	은퇴하다 | 퇴직하다 | 후퇴나팔	/ˌɹiˈtaɪɝ/	동사	He retired at age 68
overcome	이겨내다	/ˈoʊvɝˌkəm/	동사	You must overcome all difficulties
inspiration	성령감응 | 인스피레이션 | 고무	/ˌɪnspɝˈeɪʃən/	명사	He had little respect for the inspirations of other artists
cunt	여성성기	/ˈkənt/	명사	
benjamin	귀동이	/ˈbɛndʒəmən/	명사	
thrilled		/ˈθɹɪɫd/	형용사	The men were thrilled by a loud whistle blow
suggestion	의견 | 제안 | 시사	/səˈdʒɛstʃən/	명사	The picnic was her suggestion
dummy	가제본 | 모델인형 | 바꿔친것	/ˈdəmi/	명사	A dummy corporation
sailor	뱃사람 | 수병 | 수부	/ˈseɪɫɝ/	명사	
destination	행선 | 목적지 | 보낼 곳	/ˌdɛstəˈneɪʃən/	명사	He was nearly exhausted as their destination came into view
bass	베이스 | 농어 | 저음악기-저음의	/ˈbæs/	명사	A bass clarinet
picnic	소풍 | 피크닉 | 소풍가다	/ˈpɪkˌnɪk/	명사	Marketing this product will be no picnic
idol	사신	/ˈaɪdəɫ/	명사	
rank	정렬하다 | 가로줄 | 횡렬	/ˈɹæŋk/	명사	A rank outsider
veronica		/vɝˈɑnɪkə/	명사	
blocked	폐색된	/ˈbɫɑkt/	형용사	Her arteries are blocked
strict	엄한	/ˈstɹɪkt/	형용사	Strict standards
formula	포뮬러 | 처방 | 공식규격에 따른	/ˈfɔɹmjəɫə/	명사	His formula for impressing visitors
clerk	사무관 | 행원 | 교회서기	/ˈkɫɝk/	명사	
samurai		/ˈsæmɝˌaɪ/	명사	
disturbed	교란되다	/dɪˈstɝbd/	형용사	Lapsed into disturbed sleep
cafe	카페 | 커피점 | 레스토랑	/kæˈfeɪ/	명사	
wandering	헤매는 | 만유 | 옆길로새는	/ˈwɑndɝɪŋ/	형용사	Wandering tribes
consciousness	지각 | 감지 | 심상	/ˈkɑnʃəsnəs/	명사	He lost consciousness
min		/ˈmɪn/	명사	
bare	맨 | 결핍된 | 알몸의	/ˈbɛɹ/	형용사	A bare majority
butcher	도살업자 | 도살하다 | 학살자	/ˈbʊtʃɝ/	명사	
chased		/ˈtʃeɪst/	명사	The dog chased the rabbit
ministry	각교 | 복사들 | 성내각	/ˈmɪnəstɹi/	명사	He is studying for the ministry
brandy	브랜디	/ˈbɹændi/	명사	
sweater	스웨터	/ˈswɛtɝ/	명사	
boob	멍청이	/ˈbub/	명사	
locate		/ˈɫoʊˌkeɪt/	동사	Locate the boundaries of the property
apologise		/əˈpɑɫəˌdʒaɪz/	동사	
nazi	나치 | 나치당원 | 나치주의자	/ˈnɑtsi/	명사	The total Nazi crime
parole	가석방 하다 | 포로의 선서	/pɝˈoʊɫ/	명사	The prisoner was paroled after serving 10 years in prison
examine	조사하다 | 심사하다 | 검사하다	/ɪɡˈzæmɪn/	동사	The customs agent examined the baggage
prior	이전 | 수도원 부원장 | 소수도원의 원장	/ˈpɹaɪɝ/	형용사	
stream	시내 | 흐르다 | 흐름	/ˈstɹim/	명사	Stream of consciousness
passage	통과 | 통로 | 문구	/ˈpæsədʒ/	명사	The nasal passages
reaching		/ˈɹitʃɪŋ/	명사	
organ	기관 | 오르간	/ˈɔɹɡən/	명사	The organ of the communist party
outer	과녁 밖	/ˈaʊtɝ/	형용사	The outer suburbs
prof			명사	
morris	모리스춤	/ˈmɔɹəs/	명사	
luxury	사치품 | 호화 | 비싼 물건	/ˈɫəɡʒɝi/	명사	
pistol	권총	/ˈpɪstəɫ/	명사	
funds	자금 | 재원	/ˈfəndz/	명사	The government funds basic research in many areas
sunset	일몰 | 해질녘	/ˈsənˌsɛt/	명사	Sunset industries
strings		/ˈstɹɪŋz/	명사	The strings played superlatively well
fortunately	다행히	/ˈfɔɹtʃənətɫi/	부사	Fortunately the weather was good
tomb	묘 | 무덤	/ˈtum/	명사	
engineering	공학 | 기관술	/ˈɛndʒəˈnɪɹɪŋ/	명사	He had trouble deciding which branch of engineering to study
element	풍우 | 소부대 | 요소	/ˈɛɫəmənt/	명사	In your element
balloon	풍선	/bəˈɫun/	명사	The sails ballooned
broadcast	방송 | 방송하다 | 방송의	/ˈbɹɔdˌkæst/	명사	Broadcast seeds
spray	분사	/ˈspɹeɪ/	명사	A spray of bullets
ninja		/ˈnɪndʒə/	명사	
eternity	영구 | 만년 | 영원	/iˈtɝnəti/	명사	
handy	편리하다 | 편리한	/ˈhændi/	형용사	Handy with an axe
crawl	서행 | 서행하다 | 포복하다	/ˈkɹɔɫ/	동사	The traffic advanced at a crawl
slice	한점 | 얇게 베다 | 곡구로 치다	/ˈsɫaɪs/	명사	A slice of bread
behaviour		/bɪˈheɪvjɝ/	명사	
pace	보폭 | 포족걷다 | 대속으로가다	/ˈpeɪs/	명사	The horse paced
stiff	빡빡한 | 시체 | 되게 반죽된	/ˈstɪf/	형용사	A working stiff
lick	핥음 | 넘실거리다 | 너울거리다	/ˈɫɪk/	동사	The dog licked her hand
concrete		/ˈkɑnkɹit/	명사	Concrete the walls
allah	알라	/ˈɑɫə/	명사	
vegetable		/ˈvɛdʒtəbəɫ/	명사	
euro		/ˈjuɹoʊ/	명사	
sausage	소시지 | 순대 | 소시지형 계류기구	/ˈsɔsədʒ/	명사	
constable	경찰국장 | 경관	/ˈkɑnstəbəɫ/	명사	
spinning	방적 | 방적업	/ˈspɪnɪŋ/	명사	
genetic	유전적	/dʒəˈnɛtɪk/	형용사	Genetic research
loudly	큰소리	/ˈɫaʊdɫi/	부사	The band played loudly
old-fashioned	고리타분하다	/ˌoʊɫdˈfæʃənd/	형용사	
marvelous	괴이쩍은 | 경이적	/ˈmɑɹvəɫəs/	형용사	A marvelous collection of rare books
subway	지하철	/ˈsəbˌweɪ/	명사	
creep	서행 | 포복하다 | 개구멍=	/ˈkɹip/	동사	The traffic moved at a creep
scheme	방안 | 음모 | 획책하다	/ˈskim/	명사	
ex-wife		/ˈɛkˈswaɪf/	명사	
plug	고형담배 | 프러그 | 틀어 박다	/ˈpɫəɡ/	명사	Students must plug away at this problem
rejected		/ɹiˈdʒɛktɪd/	형용사	The journal rejected the student's paper
respected		/ɹiˈspɛktɪd/	형용사	A respected family
protocol	프로토콜 | 의정서 | 각서	/ˈpɹoʊtəˌkɑɫ/	명사	Safety protocols
kidney		/ˈkɪdni/	명사	Urine passes out of the kidney through ureters to the bladder
finishing	끝손질의 | 마무리의	/ˈfɪnɪʃɪŋ/	명사	The speaker's finishing was greeted with applause
wu		/ˈwu/	명사	
invasion	침입 | 침해 | 공략	/ˌɪnˈveɪʒən/	명사	An invasion of locusts
affection	애정	/əˈfɛkʃən/	명사	He had trouble expressing the affection he felt
woody		/ˈwʊdi/	형용사	A woody area near the highway
endless	수없이 | 영원한 | 무한한	/ˈɛndɫəs/	형용사	Endless debates
discipline	훈육 | 제어 | 규율	/ˈdɪsəpɫən/	명사	In what discipline is his doctorate?
absence	부재 | 부재중 | 공핍	/ˈæbsəns/	명사	He visited during my absence
waking	깨어 있는	/ˈweɪkɪŋ/	명사	Days of danger and nights of waking
philosophy	철학 | 철리	/fəˈɫɑsəfi/	명사	Self-indulgence was his only philosophy
cracked	변성한 | 부스러진 | 깨진	/ˈkɹækt/	형용사	His gun cracked
nicholas		/ˈnɪkəɫəs/	명사	
reed	리드 | 바디 | 리드 악기	/ˈɹid/	명사	The clarinetist fitted a new reed onto his mouthpiece
verdict	답신 | 단안	/ˈvɝdɪkt/	명사	
drake	드레이크 | 수오리	/ˈdɹeɪk/	명사	
privilege	권리 | 특별 취급 | 은전	/ˈpɹɪvɪɫədʒ/	명사	
anyhow	어떻게든 | 어쨌든 | 하여간	/ˈɛniˌhaʊ/	부사	Anyhow, he is dead now
scent	냄새자취 | 냄새 맡다 | 냄새를 풍기다	/ˈsɛnt/	명사	
naive	믿기쉬운 | 소박하다 | 순박하다	/ˌnaɪˈiv/	형용사	A teenager's naive ignorance of life
daylight	주간 | 일광	/ˈdeɪˌɫaɪt/	명사	
airplane	비행기	/ˈɛɹˌpɫeɪn/	명사	The flight was delayed due to trouble with the airplane
values		/ˈvæɫjuz/	명사	He has old-fashioned values
jolly	엄청한 | 대단한	/ˈdʒɑɫi/	형용사	Jolly decent of him
blaring		/ˈbɫɛɹɪŋ/	명사	The blaring noise of trumpets
consent	허락 | 승낙자 | 허락하다	/kənˈsɛnt/	명사	He indicated his consent
puzzle	당혹하다 | 당혹시키다 | 수수께끼	/ˈpəzəɫ/	동사	He loved to solve chessmate puzzles
disagree	맞지 않다 | 일치하지 않다	/dɪsəˈɡɹi/	동사	She disagrees with her husband on many questions
vanished		/ˈvænɪʃt/	형용사	Vanished civilizations
wizard	귀재 | 마술사	/ˈwɪzɝd/	명사	Wizardly powers
celebrity	명사	/səˈɫɛbɹɪti/	명사	He was a baseball celebrity
sniffle		/ˈsnɪfəɫ/	동사	
plague	말썽 | 역병 | 재해	/ˈpɫeɪɡ/	동사	A plague of grasshoppers
breeze	산들바람	/ˈbɹiz/	명사	The breeze was cooled by the lake
rascal	불량배 | 악당근성	/ˈɹæskəɫ/	명사	
convenient	가까운 | 편의적 | 편리한	/kənˈvinjənt/	형용사	A convenient excuse for not going
bonus	보너스 | 할증금 | 특별배당금	/ˈboʊnəs/	명사	
dong	동 | 동베트남의 화폐단위	/ˈdɔŋ/	명사	
hush	쉿 | 고요해지다 | 고요하게하다	/ˈhəʃ/	동사	
instinct	본능 | 배어든 | 천성	/ˈɪnstɪŋkt/	명사	Words instinct with love
entitled		/ɛnˈtaɪtəɫd/	형용사	We are all entitled to equal protection under the law
porter	흑맥주 | 문지기 | 특등차의 사환	/ˈpɔɹtɝ/	명사	They portered the food up Mount Kilimanjaro for the tourists
wrist	손목 | 손목 관절	/ˈɹɪst/	명사	
originally	원래 | 본래 | 처음부터	/ɝˈɪdʒənəɫi/	부사	
drain	배수하다 | 뚝뚝듣다 | 흘러없어지다	/ˈdɹeɪn/	동사	A drain on resources
physics	물리학	/ˈfɪzɪks/	명사	His favorite subject was physics
phoebe	달의 여신	/ˈfibi/	명사	
furious	미쳐 날뛰는 | 사납게 날뛰는 | 격노한	/ˈfjʊɹiəs/	형용사	A furious scowl
sniff	콧방귀 뀌다 | 킁킁 냄새맡다	/ˈsnɪf/	동사	Sniff the perfume
defending		/dɪˈfɛndɪŋ/	형용사	
sector		/ˈsɛktɝ/	명사	The public sector
income	수입 | 소득 | 정기적수입	/ˈɪnˌkəm/	명사	
finn	핀란드 사람	/ˈfɪn/	명사	
offended		/əˈfɛndəd/	형용사	She looked offended
laser	레이저	/ˈɫeɪzɝ/	명사	
flee	달아나다 | 도망하다 | 내빼다	/ˈfɫi/	동사	
boxing	복싱 | 두껍닫이 | 창문틀	/ˈbɑksɪŋ/	명사	
accurate	정밀한	/ˈækjɝət/	형용사	An accurate scale
thumb	무지 | 엄지손가락	/ˈθəm/	명사	He thumbed through the report
bald	벗어진 | 털없는	/ˈbɔɫd/	형용사	He is balding already
suspicion	의의 | 낌새챔 | 의문	/səˈspɪʃən/	명사	He tried to shield me from suspicion
convict	기결수	/ˈkɑnvɪkt/	동사	The man was convicted of fraud and sentenced
roots		/ˈɹuts/	명사	This plant roots quickly
bernard	구명견	/ˈbɝnɝd/	명사	
harrison	해리슨	/ˈhɛɹɪsən/	명사	
blues	블루스 | 우울증 | 블루스의	/ˈbɫuz/	명사	He had a bad case of the blues
confusing	당황케하는	/kənˈfjuzɪŋ/	형용사	Sent confusing signals to Iraq
lobby	로비 | 현관의 홀 | 원외 운동자	/ˈɫɑbi/	명사	
recipe	비책 | 조리법 | 요리법	/ˈɹɛsəpi/	명사	
generally	흔히 | 대체로 | 전체적	/ˈdʒɛnɝəɫi/	부사	
seeking		/ˈsikɪŋ/	명사	
secretly	몰래 | 슬쩍 | 비밀히	/ˈsikɹɪtɫi/	부사	Hoped secretly she would change her mind
declare	언명하다 | 해약하다 | 선언하다	/dɪˈkɫɛɹ/	동사	Declare dividends
missile	미사일	/ˈmɪsəɫ/	명사	
ensure	안전하게하다 | 확보하다	/ɛnˈʃʊɹ/	동사	This nest egg will ensure a nice retirement for us
tricky	음험한	/ˈtɹɪki/	형용사	A tricky recipe to follow
pointed	가시돋친 | 노골적 | 뾰족하다	/ˈpɔɪnəd/	형용사	A pointed critique
hockey	하키	/ˈhɑki/	명사	
bubble	거품 | 거품일다	/ˈbəbəɫ/	명사	A real estate bubble
maximum		/ˈmæksəməm/	형용사	Maximum pressure
carriage	운반대 | 캐리지 | 수송	/ˈkæɹɪdʒ/	명사	
curtain	커튼 | 막 | 장막	/ˈkɝtən/	명사	A curtain of trees
author	작가 | 저자 | 하수인	/ˈɔθɝ/	명사	She authored this play
wallace		/ˈwɔɫəs/	명사	
cellar	지하실	/ˈsɛɫɝ/	명사	
tortured		/ˈtɔɹtʃɝd/	형용사	A tortured witness to another's humiliation
mates		/ˈmeɪts/	명사	Camels hate leaving their mates
mortal	인간의 | 길고 긴 | 죽어야 할	/ˈmɔɹtəɫ/	형용사	A mortal illness
associate	동료 | 준회원 | 공동시키다	/əˈsoʊsiˌeɪt/	동사	An associate member
honesty	정직하다 | 성실	/ˈɑnəsti/	명사	
laptop		/ˈɫæpˌtɑp/	명사	
jung		/ˈjʊŋ/	명사	
rainbow	무지개 | 덧없는 희망	/ˈɹeɪnˌboʊ/	명사	Chasing rainbows
seed	시드하다 | 알맹이 | 맺히다	/ˈsid/	명사	She sowed sunflower seeds
mature	성숙시키다 | 성숙하다 | 익은	/məˈtʃʊɹ/	동사	He matured fast
deed	행위 | 증권	/ˈdid/	명사	He signed the deed
expense	비용 | 지출금	/ɪkˈspɛns/	명사	At the expense of
pirate	침해자 | 해적	/ˈpaɪɹət/	명사	
performing		/pɝˈfɔɹmɪŋ/	명사	Horowitz is performing at Carnegie Hall tonight
prostitute	팔다 | 매춘의 | 창녀	/ˈpɹɑstəˌtut/	명사	
adams		/ˈædəmz/	명사	
retirement	퇴직 | 퇴역 | 벽촌	/ɹiˈtaɪɝmənt/	명사	
platform	플랫폼 | 단 | 연단	/ˈpɫætˌfɔɹm/	명사	The speaker mounted the platform
erica		/ˈɛɹɪkə/	명사	
illusion	착각 | 망성 | 미망	/ˌɪˈɫuʒən/	명사	They have the illusion that I am very wealthy
mill	분쇄기 | 제분기	/ˈmɪɫ/	명사	
manhattan	맨해턴	/mænˈhætən/	명사	
mole	몰 | 사마귀	/ˈmoʊɫ/	명사	
prosecution	원고측 | 기소 | 수행	/ˌpɹɑsəkˈjuʃən/	명사	
fatal	치명적 | 치사	/ˈfeɪtəɫ/	형용사	A fatal series of events
copper	구리 | 동 | 동전	/ˈkɑpɝ/	명사	
troubled	시다리다	/ˈtɹəbəɫd/	형용사	Troubled teenagers
heir	계승자 | 상속인	/ˈɛɹ/	명사	
length	세로 | 계기	/ˈɫɛŋkθ/	명사	A length of timber
dentist	치과 | 치과의사	/ˈdɛnɪst/	명사	
lesbian	동성연애자	/ˈɫɛzbiən/	명사	
enterprise	모험심	/ˈɛnɝˌpɹaɪz/	명사	He had doubts about the whole enterprise
tournament	마상시합 | 토너먼트 | 승자 진출전	/ˈtʊɹnəmənt/	명사	
travelling		/ˈtɹævəɫɪŋ/	명사	
roast	로스트 | 화형하다 | 볶다	/ˈɹoʊst/	동사	Roast the turkey
website	웹사이트	/ˈwɛbˌsaɪt/	명사	
flood	홍수 | 관개하다 | 만조	/ˈfɫəd/	명사	A flood of requests
harbor	항구 | 정박하다 | 항만	/ˈhɑɹbɝ/	동사	Harbor a resentment
mansion	대저택	/ˈmænʃən/	명사	
mademoiselle	귀인	/ˌmædəməˈzɛɫ/	명사	
auction	경락 | 경매하다	/ˈɑkʃən/	명사	
bachelor	총각 | 정남 | 독신자	/ˈbætʃəɫɝ/	명사	
haunted	고뇌에 시달린 | 도깨비가 나오는 | 들리다	/ˈhɔntɪd/	형용사	A haunted house
distracted		/dɪˈstɹæktəd/	형용사	The thief distracted the bystanders
smashed		/ˈsmæʃt/	형용사	The window smashed
scheduled		/ˈskɛdʒuɫd/	형용사	The scheduled meeting
negotiate	협상하다 | 유동시키다 | 뚫고 나가다	/nəˈɡoʊʃiˌeɪt/	동사	They negotiated the sale of the house
champ	이를 갈다 | 우드득 씹다 | 우적우적 씹기	/ˈtʃæmp/	명사	
shotgun	산탄총	/ˈʃɑtˌɡən/	명사	
nigger	깜둥이 | 동력지레 | 검둥이	/ˈnɪɡɝ/	명사	
cocktail	칵테일 | 가짜신사 | 트기의 경주마	/ˈkɑkˌteɪɫ/	명사	
donkey	고집통이 | 당나귀 | 나귀	/ˈdɑŋki/	명사	
butler	하인 우두머리	/ˈbətɫɝ/	명사	
dizzy	현기증나게하다 | 현기증나는	/ˈdɪzi/	형용사	A dizzying pace
reference	참조 | 가리킴 | 참조문	/ˈɹɛfɝəns/	명사	He referenced his colleagues' work
georgia	그루지야 | 조지아주	/ˈdʒɔɹdʒə/	명사	
bully	통조림쇠고기 | 위협하다	/ˈbʊɫi/	명사	He did a bully job
lydia		/ˈɫɪdiə/	명사	
collapse	무너지다 | 붕괴 | 와해	/kəˈɫæps/	동사	The wall collapsed
alfred	앨프레드 대왕	/ˈæɫfɹəd/	명사	
ana		/ˈænə/	명사	
minimum	최소 | 극소 | 최소량	/ˈmɪnəməm/	형용사	
patty	작은 파이	/ˈpæti/	명사	
included		/ˌɪnˈkɫudəd/	형용사	The included check
civilization	문명 | 문명국 | 문명세계	/ˌsɪvəɫɪˈzeɪʃən/	명사	Early Mayan civilization
wealthy	부자인 | 유복한	/ˈwɛɫθi/	형용사	Wealthy corporations
bart		/ˈbɑɹt/	명사	Since he was a baronet he had to be addressed as Sir Henry Jones, Bart.
depression	저기압 | 불황 | 우수	/dɪˈpɹɛʃən/	명사	Depression of the space bar on the typewriter
tide	조수 | 조류 | 견뎌내게 하다	/ˈtaɪd/	명사	A rising tide of popular interest
bra	브래지어	/ˈbɹɑ/	명사	
lin		/ˈɫɪn/	명사	
rot	부식병 | 부패병 | 썩다	/ˈɹɑt/	명사	
password	패스워드 | 암호	/ˈpæsˌwɝd/	명사	He forgot the password
th		/ˈtiˈeɪtʃ/	명사	
kirk		/ˈkɝk/	명사	
spill	흘리다 | 엎지르다 | 엎질러짐	/ˈspɪɫ/	동사	Clean up the spills
cured		/ˈkjʊɹd/	형용사	The patient appears cured
naomi	나모미의 시어머니	/neɪˈoʊmi/	명사	
deceased	고	/dɪˈsist/	형용사	
sleepy	졸린	/ˈsɫipi/	형용사	Beginning to feel sleepy
static	정적 | 정전기 | 정체의 정전의	/ˈstætɪk/	형용사	A static population
hawaii	하와이	/həˈwaɪˌi/	명사	
almighty	대단한 | 전능한	/ɔɫˈmaɪti/	명사	
murray		/ˈməɹi/	명사	
bruno		/ˈbɹunoʊ/	명사	
phrase	악구 문구 | 말씨로 표현하다 | 악구로 표현하다	/ˈfɹeɪz/	명사	Phrase a musical passage
disgrace	부끄러움 | 치욕 | 무안	/dɪsˈɡɹeɪs/	동사	
approval	찬성 | 허락 | 용납	/əˈpɹuvəɫ/	명사	He bought it on approval
screech	급정거 소리	/ˈskɹitʃ/	동사	
snack	간식 | 가벼운 식사	/ˈsnæk/	명사	She never loses weight because she snacks between meals
collected	수집한 | 태연자약	/kəˈɫɛktəd/	형용사	He collected the rent
fur	거웃 | 털 | 모피	/ˈfɝ/	명사	
jewel	보석 | 보배 | 옥석	/ˈdʒuəɫ/	명사	Jeweled dresses
jan		/ˈdʒæn/	명사	
cheek	뺨 | 볼 | 측면	/ˈtʃik/	명사	
legally		/ˈɫiɡəɫi/	부사	He acted legally
ditch	시궁창 | 도랑에 빠뜨리다 | 도랑	/ˈdɪtʃ/	동사	Ditch the land to drain it
roar	노호하다 | 왁자함 | 포효하다	/ˈɹɔɹ/	동사	`Get out of here,' he roared
arnold		/ˈɑɹnəɫd/	명사	
dime		/ˈdaɪm/	명사	
domestic	가정내의 | 길들여진 | 하인	/dəˈmɛstɪk/	형용사	Domestic servant
hack	벤자국 | 삯말 | 승용말	/ˈhæk/	명사	I can't hack it anymore
ransom	되찾기 | 공갈 | 특권세	/ˈɹænsəm/	명사	
chang		/ˈtʃæŋ/	명사	
bore	송곳구멍 | 총구멍 | 싫증나게하다	/ˈbɔɹ/	동사	He bore himself with dignity
muslim	회교도	/ˈməzɫəm/	명사	
loads		/ˈɫoʊdz/	명사	The system broke down under excessive loads
waitress	여급 | 종업원 | 여급사	/ˈweɪtɹəs/	명사	
glenn		/ˈɡɫɛn/	명사	
spite	악의 | 독살	/ˈspaɪt/	명사	
rebel	모반하다 | 반역자 | 반도	/ˈɹɛbəɫ/	명사	
clearing	개척지 | 어음 교환액 | 장애물 제거	/ˈkɫɪɹɪŋ/	명사	
fortunate		/ˈfɔɹtʃənət/	형용사	A fortunate choice
survivor	생존자	/sɝˈvaɪvɝ/	명사	He left his farm to his survivors
reply	대답하다 | 답변하다 | 답하다	/ɹiˈpɫaɪ/	동사	He growled his reply
disappoint	실망하다 | 기대를 어기다 | 그에게 실망했다	/ˌdɪsəˈpɔɪnt/	동사	
orbit	궤도 | 세력범위 | 주위를 돌다	/ˈɔɹbət/	명사	He's out of my orbit
expose	노출하다 | 집밖에 내버리다 | 바르집다	/ɪkˈspoʊz/	동사	Expose your students to art
gin	씨아 | 진 | 기중기	/ˈdʒɪn/	명사	
austin	영국제자동차	/ˈɔstən/	명사	
sympathy	동정 | 공감 | 교감	/ˈsɪmpəθi/	명사	The two of them were in close sympathy
growth	성장 | 발생물 | 생장	/ˈɡɹoʊθ/	명사	A growth of hair
psychiatrist	정신과 의사	/səˈkaɪətɹəst/	명사	
slam	전승하다 | 쾅 | 쿵	/ˈsɫæm/	동사	
encounter	회전 | 당하다 | 봉착하다	/ɪnˈkaʊnɝ/	동사	There was a brief encounter in the hallway
daphne		/ˈdæfni/	명사	
accompany	반주하다 | 동반 | 동반하다	/əˈkəmpəni/	동사	
column	종대 | 꽃술대 | 단	/ˈkɑɫəm/	명사	He added a column of numbers
pounding		/ˈpaʊndɪŋ/	명사	The pounding of feet on the hallway
economic	경제상의 | 경제학상의	/ˌɛkəˈnɑmɪk/	형용사	Economic growth
brat	꼬마놈 | 선머슴	/ˈbɹæt/	명사	
spreading	파급 | 부식	/ˈspɹɛdɪŋ/	명사	
sister-in-law	처남댁	/ˈsɪstɝɪnˌɫɔ/	명사	
burt		/ˈbɝt/	명사	
hilarious		/hɪˈɫɛɹiəs/	형용사	Hilarious broad comedy
hallway		/ˈhɔɫˌweɪ/	명사	
hamilton		/ˈhæməɫtən/	명사	
exclusive	유일의 | 배타적인	/ɪkˈskɫusɪv/	형용사	Exclusive clubs
chime	관종 | 노래하듯 | 차임	/ˈtʃaɪm/	명사	Bells and gongs chimed
greet	인사하다	/ˈɡɹit/	동사	The President was greeted with catcalls
decade	연대	/ˈdɛkeɪd/	명사	
bowling	볼링	/ˈboʊɫɪŋ/	명사	
confusion	지리멸렬 | 혼동 | 혼란	/kənˈfjuʒən/	명사	A confusion of impressions
thud	꽝 | 털썩	/ˈθəd/	동사	
hooker	후커 | 매춘부	/ˈhʊkɝ/	명사	
ruining		/ˈɹuɪnɪŋ/	명사	
dreadful	무섭다 | 무서운	/ˈdɹɛdfəɫ/	형용사	A dreadful storm
collecting		/kəˈɫɛktɪŋ/	명사	
douglas		/ˈdəɡɫəs/	명사	
february	이월	/ˈfɛbjəˌwɛɹi/	명사	
elvis		/ˈɛɫvɪs/	명사	
forty	마흔	/ˈfɔɹti/	형용사	
sung		/ˈsəŋ/	명사	
brass	금관악기 | 놋쇠 | 황동	/ˈbɹæs/	명사	
shrink	뒷걸음질 치다 | 줄어들게 하다 | 움츠리다	/ˈʃɹɪŋk/	동사	Can you shrink this image?
sworn	불구대천의 원수 | 선서한	/ˈswɔɹn/	형용사	Now my sworn friend and then mine enemy
email	이메일 | 서한	/iˈmeɪɫ/	명사	
proven	증명된	/ˈpɹuvən/	형용사	A Soviet leader of proven shrewdness
tasty	맛 좋은 | 멋있는 | 고상한	/ˈteɪsti/	형용사	
rarely	드문드문하다	/ˈɹɛɹɫi/	부사	
wyatt		/ˈwaɪət/	명사	
programme		/ˈpɹoʊˌɡɹæm/	명사	
chemistry	화학 | 화학적 성질	/ˈkɛməstɹi/	명사	The chemistry of soil
assured	자신있게 | 보험에 부친	/əˈʃʊɹd/	형용사	A tiny but assured income
applied		/əˈpɫaɪd/	형용사	Applied physics
elected		/ɪˈɫɛktəd/	형용사	We elected him chairman of the board
lust	열망 | 탐내다	/ˈɫəst/	명사	
label	꼬리표 | 딱지 | 라고 부르다	/ˈɫeɪbəɫ/	동사	Label these bottles
shakespeare	세익스피어의	/ˈʃeɪkˌspiɹ/	명사	
tan	무두질하다 | 햇볕에 태우다 | 황갈색	/ˈtæn/	명사	
ego		/ˈiɡoʊ/	명사	
phoenix	봉황 | 봉황새 | 불사조	/ˈfinɪks/	명사	
companion	상대 | 반려 | 말동무	/kəmˈpænjən/	명사	Drinking companions
lottery	복권 | 추첨 | 사행성	/ˈɫɑtɝi/	명사	The election was just a lottery to them
worm	기듯 나아가다	/ˈwɝm/	명사	Worms take advantage of automatic file sending and receiving features found on many computers
publicity	공표 | 널리 알려짐 | 평판	/pəˈbɫɪsəti/	명사	The publicity of the court room
butterfly	나비	/ˈbətɝˌfɫaɪ/	동사	
dialogue	대사 | 대화 부분 | 문답	/ˈdaɪəˌɫɔɡ/	명사	They disagreed but kept an open dialogue
tremendous	대단한	/tɹəˈmɛndəs/	형용사	A tremendous achievement
pervert		/ˈpɝvɝt/	동사	
establish	확립하다 | 개업시키다 | 설립하다	/ɪˈstæbɫɪʃ/	동사	Establish a new department
dearest		/ˈdɪɹəst/	명사	One's dearest wish
intimate	넌시지 알리다 | 친근 | 친숙하다	/ˈɪnəmət/	형용사	Intimate friend
eager	열망하여	/ˈiɡɝ/	형용사	Eager for success
se		/ˈseɪ/	명사	
atlantic	대서양의	/ətˈɫænɪk/	명사	Atlantic currents
contain	같다 | 포함하다 | 담고있다	/kənˈteɪn/	동사	This can contains water
thompson		/ˈtɑmpsən/	명사	
inhale	들이쉬다 | 빨아들이다	/ˌɪnˈheɪɫ/	동사	Inhale the fresh mountain air
presentation	제시 | 배알 | 제출	/ˌpɹɛzənˈteɪʃən/	명사	The presentation of new data
allergic	알레르기의	/əˈɫɝdʒɪk/	형용사	Allergic children
den	소굴	/ˈdɛn/	명사	
wells		/ˈwɛɫz/	명사	
spoiled		/ˈspɔɪɫd/	형용사	A spoiled child
chen		/ˈtʃɛn/	명사	
accomplished	능란한	/əˈkɑmpɫɪʃt/	형용사	An accomplished pianist
repay	되갚다 | 보복하다 | 보답하다	/ɹiˈpeɪ/	동사	
politician	정치인 | 정객 | 정치가	/ˌpɑɫəˈtɪʃən/	명사	
logic	논리 | 논리학	/ˈɫɑdʒɪk/	명사	By the logic of war
gratitude	사의 | 보은 | 치사	/ˈɡɹætəˌtud/	명사	He was overwhelmed with gratitude for their help
afghanistan		/æfˈɡænəˌstæn/	명사	Soviet troops invaded Afghanistan in 1979
exception	예외 | 제외	/ɪkˈsɛpʃən/	명사	An exception tests the rule
ultimately	최후로 | 궁극적	/ˈəɫtəmətɫi/	부사	Ultimately he had to give in
compromise	절충안 | 타협하다 | 절충물	/ˈkɑmpɹəˌmaɪz/	동사	Nobody will get everything he wants; we all must compromise
majority	차 | 과반수 | 성년	/məˈdʒɔɹəti/	명사	The majority of his customers prefer it
journal	일기 | 분개장 | 굴대의 목	/ˈdʒɝnəɫ/	명사	He reads the medical journals
bent	마음을 기울인 | 굽은 | 꺾이다	/ˈbɛnt/	명사	He had a bent for it
dock	도크 | 선창부두 | 넣다	/ˈdɑk/	명사	The ship docked
meg		/ˈmɛɡ/	명사	
essential	실질의 | 에센스의 | 실질적	/ɛˈsɛnʃəɫ/	형용사	The essential feature
campbell		/ˈkæmbəɫ/	명사	
climate		/ˈkɫaɪmət/	명사	The climate of opinion
ink	잉크 | 먹물 | 잉크로 쓰다	/ˈɪŋk/	명사	He inked his finger
teresa		/tɝˈeɪsə/	명사	
administration	줌 | 행정	/ædˌmɪnɪˈstɹeɪʃən/	명사	He claims that the present administration is corrupt
passionate	감정적인 | 감정에 지배되는 | 열렬한	/ˈpæʃənət/	형용사	
precise	명확하다 | 조금도 틀림없는 | 세심한	/pɹiˈsaɪs/	형용사	A precise image
lawn	잔디 | 론 | 잔디밭	/ˈɫɔn/	명사	
murmuring		/ˈmɝmɝɪŋ/	명사	Like murmuring waves
resort	재분류하다 | 호소하기 | 잘 가다	/ɹiˈsɔɹt/	동사	The government resorted to rationing meat
announced		/əˈnaʊnst/	형용사	Their announced intentions
buddha	부처 | 부처님 | 불성	/ˈbudə/	명사	
fries		/ˈfɹaɪz/	명사	
capacity	열용량 | 학습능력 | 활량	/kəˈpæsəti/	명사	Limited runway capacity
lena	레나강	/ˈɫinə/	명사	
opponent		/əˈpoʊnənt/	명사	Opponent (or opposing) armies
chains	족쇄 | 사슬 | 차꼬	/ˈtʃeɪnz/	명사	
minus	마이너스	/ˈmaɪnəs/	명사	Minus 5 degrees
seattle		/siˈætəɫ/	명사	
instrument	도구 | 기계를 설치하다 | 매개자	/ˈɪnstɹəmənt/	명사	My greed was the instrument of my destruction
healing	치유 | 치료의	/ˈhiɫɪŋ/	명사	Her gentle healing hand
convention	전통 | 약조 | 가조약	/kənˈvɛnʃən/	명사	Political convention
messenger	심부름꾼	/ˈmɛsəndʒɝ/	명사	
explore	탐험하다 | 탐구하다	/ɪksˈpɫɔɹ/	동사	Explore unknown territory in biology
ruled		/ˈɹuɫd/	형용사	
clarence		/ˈkɫɛɹəns/	명사	
madison		/ˈmædəsən/	명사	
disguise	변신 | 가장 | 변장	/dɪsˈɡaɪz/	명사	He is a master of disguise
archer	궁술가 | 사수 | 사수자리	/ˈɑɹtʃɝ/	명사	
bicycle	자전거	/ˈbaɪsɪkəɫ/	명사	
inviting	좋아보이는 | 마음이 동하는 | 유혹적인	/ˌɪnˈvaɪtɪŋ/	형용사	An inviting offer
pregnancy	내용 충실 | 의미 심장 | 임신 기간	/ˈpɹɛɡnənsi/	명사	
declared	공언한	/dɪˈkɫɛɹd/	형용사	A declared liberal
yi		/ˈji/	명사	
wooden	나무로 만든	/ˈwʊdən/	형용사	An ancient cart with wooden wheels
innocence	무해 | 천진난만 | 순결	/ˈɪnəsəns/	명사	The trial established his innocence
creaking		/ˈkɹikɪŋ/	명사	
cloth	사면 | 클로스 | 뭉치게하다	/ˈkɫɔθ/	명사	Woven cloth originated in Mesopotamia around 5000 BC
painter	화가 | 칠장이 | 페인트장이	/ˈpeɪntɝ/	명사	
allies		/ˈæɫaɪz/	명사	
pond	연못	/ˈpɑnd/	명사	The pond was too small for sailing
runway	강줄기 | 주행로 | 활주대	/ˈɹənˌweɪ/	명사	
assist	포살 | 참석하다조력 | 협조하다	/əˈsɪst/	동사	Is a salesperson assisting you?
mona		/ˈmoʊnə/	명사	
sickness	병 | 질병 | 병환	/ˈsɪknəs/	명사	A great sickness of his judgment
civilian	공민 | 문민 | 사복	/səˈvɪɫjən/	형용사	Civilian clothing
customs	풍습 | 풍속 | 세관	/ˈkəstəmz/	명사	
florence	플로렌스 | 피렌체	/ˈfɫɔɹəns/	명사	
shrimp	새우 | 작은 새우	/ˈʃɹɪmp/	명사	
tore		/ˈtɔɹ/	명사	The car tore down the street
seventh	일곱째의	/ˈsɛvənθ/	형용사	
dawson		/ˈdɔsən/	명사	
isaac	이삭	/ˈaɪzək/	명사	
rolled		/ˈɹoʊɫd/	형용사	The water rolled
championship	선수권 | 패권	/ˈtʃæmpiənˌʃɪp/	명사	
household	일가 | 가사의	/ˈhaʊsˌhoʊɫd/	명사	It was a good Christian household
float	표류하다 | 뜨다 | 떨어져가다	/ˈfɫoʊt/	동사	Float the plaster
chad	차드 | 천공 부스러기	/ˈtʃæd/	명사	
ballet	발레 | 무용극 | 발레곡	/bæˈɫeɪ/	명사	
cracking	크래킹 | 아주 멋진 | 열분해	/ˈkɹækɪŋ/	명사	He heard the cracking of the ice
raj		/ˈɹɑdʒ/	명사	
possessed		/pəˈzɛst/	형용사	By love possessed
harmless	해없는 | 악의 없는	/ˈhɑɹmɫəs/	형용사	Harmless bacteria
curiosity	골동품	/ˌkjʊɹiˈɑsəti/	명사	
vicious	악습이 있는 | 지독하다 | 악의 있는	/ˈvɪʃəs/	형용사	
nearest		/ˈnɪɹəst/	부사	His nearest approach to success
withdraw	물러서다 | 회수하다 | 움츠리다	/wɪðˈdɹɔ/	동사	This machine withdraws heat from the environment
shocking	충격적 | 망측한 | 오싹하게 하는	/ˈʃɑkɪŋ/	형용사	The most shocking book of its time
greedy	걸신들린 | 게걸스러운	/ˈɡɹidi/	형용사	Greedy for fame
forehead	이마 | 부분	/ˈfɔɹhɛd/	명사	
corps	단체 | 학우회 | 군단	/ˈkɔɹ/	명사	Diplomatic corps
reservation	예약 | 유보권 | 자연보호구역	/ˌɹɛzɝˈveɪʃən/	명사	He recommended her without any reservations
fog	안개 | 흐려지다 | 두번째 풀	/ˈfɑɡ/	명사	
flu		/ˈfɫu/	명사	
good-looking	곱상하다 | 음전하다	/ˈɡʊdˌɫʊkɪŋ/	형용사	A good-looking man
hint	암시 | 변죽울리기 | 암시하다	/ˈhɪnt/	동사	
peanut	낙화생 | 호콩 | 땅콩	/ˈpiˌnət/	명사	Peanut politicians
stark	순전히 | 뻣뻣해진 | 뻣뻣해져서	/ˈstɑɹk/	형용사	A stark interior
gamble	도박하다 | 투기하다 | 도박으로 잃다	/ˈɡæmbəɫ/	동사	
erin		/ˈɛɹɪn/	명사	
autumn	추계	/ˈɔtəm/	명사	
bracelet		/ˈbɹeɪsɫət/	명사	
arrogant	건만한 | 건방진 | 불손	/ˈɛɹəɡənt/	형용사	Arrogant claims
simpson		/ˈsɪmpsən/	명사	
piper		/ˈpaɪpɝ/	명사	
sperm	정자 | 정충 | 정액	/ˈspɝm/	명사	A sperm is mostly a nucleus surrounded by little other cellular material
gesture	몸짓 | 제스처 | 선전적 행위	/ˈdʒɛstʃɝ/	명사	A political gesture
lindsay		/ˈɫɪndzi/	명사	
ticking	똑딱거림	/ˈtɪkɪŋ/	명사	The clocks were ticking
rib	늑골 | 가로보 | 갈빗대	/ˈɹɪb/	명사	
receipt	수령액 | 수취 | 영수	/ɹiˈsit/	명사	
whatsoever		/ˌhwətsoʊˈɛvɝ/	형용사	No milk whatsoever is left
homeland		/ˈhoʊmˌɫænd/	명사	
leap	뛰기 | 약동하다 | 도약하다	/ˈɫip/	동사	A leap of 10 feet
snoring		/ˈsnɔɹɪŋ/	명사	
damon		/ˈdeɪmən/	명사	
jar	독 | 삐격거리다 | 항아리	/ˈdʒɑɹ/	동사	He drank a jar of beer
brooke		/ˈbɹʊk/	명사	
savage	야만적인 | 야만인 | 사나운	/ˈsævədʒ/	형용사	A savage people
caring		/ˈkɛɹɪŋ/	명사	The nurse was caring for the wounded
ivy	대학 | 순학리적인 | 담쟁이 덩굴	/ˈaɪvi/	명사	
approximately	약 | 내외	/əˈpɹɑksəmətɫi/	부사	Lasted approximately an hour
bounce	튀어돌아오게하다 | 해고하다 | 되튐	/ˈbaʊns/	동사	The check bounced
creek	크리크 | 크리크족 | 크리크 말	/ˈkɹik/	명사	The creek dried up every summer
pony	조랑말	/ˈpoʊˌni/	명사	
cleaner	청소부 | 클리너 | 세탁소 주인	/ˈkɫinɝ/	명사	Cleaner and more efficient engines
businessman	사업가 | 기업인 | 사업자	/ˈbɪznəsˌmæn/	명사	
ha-ha	허허	/ˌhɑˈhɑ/	명사	
lunatic		/ˈɫunəˌtɪk/	명사	
unlikely	가망없는	/ənˈɫaɪkɫi/	형용사	An unlikely story
gal	가속도 단위	/ˈɡæɫ/	명사	
colony	식민지 | 식민 | 거류민	/ˈkɑɫəni/	명사	A nudist colony
chambers		/ˈtʃeɪmbɝz/	명사	The chambers of his heart were healthy
volume	양 | 음량 | 큰덩어리	/ˈvɑɫjum/	명사	The volume of exports
pantie	잠방이		명사	
respects		/ɹəˈspɛks/	명사	He paid his respects to the mayor
engage	관계된 | 교전하다 | 교전시키다	/ɛnˈɡeɪdʒ/	동사	Engaged the gears
explosive	격정적인 | 파열음의 | 폭약	/ɪksˈpɫoʊsɪv/	형용사	Explosive force
stewart		/ˈstuɝt/	명사	
violet	자선 | 보라빛 | 제비꽃	/ˈvaɪəɫɪt/	명사	
mutual		/ˈmjutʃuəɫ/	형용사	The mutual interests of management and labor
lighting	조명 | 점등	/ˈɫaɪtɪŋ/	명사	As long as the lighting was good
scores		/ˈskɔɹz/	명사	
savings	저축 | 절약 | 적립	/ˈseɪvɪŋz/	명사	
beware		/bɪˈwɛɹ/	동사	Beware of telephone salesmen
educated	교육받은	/ˈɛdʒəˌkeɪtɪd/	형용사	An educated guess
cassie		/ˈkæsi/	명사	
doomed		/ˈdumd/	형용사	Doomed to unhappiness
offensive	공세 | 못마당하다 | 불쾌하다	/əˈfɛnsɪv/	형용사	Offensive odors
harvest	추수 | 채취 | 채취하다	/ˈhɑɹvəst/	명사	A harvest of love
qualified	적임의 | 면허 받은 | 자격 있는	/ˈkwɑɫəˌfaɪd/	형용사	Gave only qualified approval
relaxed	긴장을 푼 | 느긋하다 | 느긋한	/ɹiˈɫækst/	형용사	The rope relaxed
cape	케이프 | 희망봉 | 어깨망토	/ˈkeɪp/	명사	
buffalo	수륙양용탱크 | 아메리카들소	/ˈbəfəˌɫoʊ/	명사	
triple		/ˈtɹɪpəɫ/	명사	Triple your income!
firework		/ˈfaɪɹˌwɝk/	명사	
palmer	순례	/ˈpɑɫmɝ/	명사	
armor	갑옷 | 방호복 | 철갑	/ˈɑɹmɝ/	명사	
poverty	궁경 | 빈약	/ˈpɑvɝti/	명사	
leadership	주장	/ˈɫidɝˌʃɪp/	명사	His leadership inspired the team
ambition	대망 | 패기 | 야심	/æmˈbɪʃən/	명사	His ambition is to own his own business
trouser		/ˈtɹaʊzɝ/	명사	In his trouser's pocket
melt	녹다 | 녹이다 | 녹아 섞이다	/ˈmɛɫt/	동사	The ice cream melted
racist	인종 차별주의자	/ˈɹeɪsɪst/	명사	
bam		/ˈbæm/	명사	
ankle	발목	/ˈæŋkəɫ/	명사	
occupied	종사하고 있는	/ˈɑkjəˌpaɪd/	형용사	The wc is occupied
correctly	바로 | 바르게	/kɝˈɛktɫi/	부사	The flower had been correctly depicted by his son
terrifying	겁나게 하는	/ˈtɛɹəˌfaɪɪŋ/	형용사	A terrifying wail
villain	자식 | 악인	/ˈvɪɫən/	명사	
marc	짜낸 찌꺼기	/ˈmɑɹk/	명사	
draft	끌기 | 설계안 | 빼기	/ˈdɹæft/	명사	A preliminary draft
factor	인자 | 인수 | 원인	/ˈfæktɝ/	명사	A key factor in her success
countess	백작부인 | 여자 백작	/ˈkaʊntəs/	명사	
portrait	초상화 | 진영 | 인물 사진	/ˈpɔɹtɹət/	명사	The photographer made excellent portraits
font	원천 | 샘	/ˈfɑnt/	명사	
blair		/ˈbɫɛɹ/	명사	
pencil	연필 | 광속 | 연필로 쓴	/ˈpɛnsəɫ/	명사	An eyebrow pencil
coordinate	대등의 | 동격자 | 등위의	/koʊˈɔɹdəˌneɪt/	동사	Coordinate our efforts
reserve	여유 | 남겨둔 | 준비금	/ɹiˈzɝv/	동사	Reserve me a seat on a flight
umbrella	핵우산	/ˈəmˌbɹɛɫə/	명사	An umbrella organization
ta		/ˈtɑ/	명사	
traveled		/ˈtɹævəɫd/	형용사	Well-traveled people
auto		/ˈɔtoʊ/	명사	
logical	논리적 | 조리	/ˈɫɑdʒɪkəɫ/	형용사	Rain was a logical expectation, given the time of year
chew	씹음 | 깊이 생각하다 | 심사 숙고하다	/ˈtʃu/	동사	Chew your food and don't swallow it!
eliminate	배제하다	/ɪˈɫɪməˌneɪt/	동사	Eliminate my debts
carbon	탄소 | 카본지	/ˈkɑɹbən/	명사	
cancelled		/ˈkænsəɫd/	형용사	
crawling	크롤링	/ˈkɹɔɫɪŋ/	명사	The old cheese was crawling with maggots
independence	독립 | 단독 | 독립심	/ˌɪndɪˈpɛndəns/	명사	They maintained close relations with England even after independence
fanny	궁둥이	/ˈfæni/	명사	Are you going to sit on your fanny and do nothing?
seated	앉는 부분이	/ˈsitɪd/	형용사	The seated Madonna
upbeat	약박 | 낙관적인 | 명랑한	/ˈəpˌbit/	명사	The town was finally on the upbeat after our recent troubles
asian	아시아의 | 아시아사람 | 아시아풍의	/ˈeɪʒən/	명사	Asian countries
messy	어질러진	/ˈmɛsi/	형용사	A child's messy eating habits
quest	탐색하다	/ˈkwɛst/	동사	A quest for wealth
fletcher		/ˈfɫɛtʃɝ/	명사	
memorial	기념하는 | 추도의 기억의 | 참배	/məˈmɔɹiəɫ/	명사	
stressed		/ˈstɹɛst/	형용사	An iambic foot consists of an unstressed syllable followed by a stressed syllable as in `delay'
bearing	거동	/ˈbɛɹɪŋ/	명사	She is bearing his child
spoon	숟가락 | 수저 | 미끼쇠	/ˈspun/	명사	He added two spoons of sugar
cooperation	협력 | 합의 | 협업	/ˌkwɑpɝˈeɪʃən/	명사	Economic cooperation
tucker	징그는사람 | 깃에대는 천 | 피로케 하다	/ˈtəkɝ/	명사	
earthquake	지진 | 대변동	/ˈɝθˌkweɪk/	명사	Selling the company caused an earthquake among the employees
sailing	항해술 | 출범 | 순조로운 진행	/ˈseɪɫɪŋ/	명사	I love sailing, especially on the open sea
involve	말려들게하다 | 휘말리게하다 | 영향을 미치다	/ˌɪnˈvɑɫv/	동사	The situation was rather involved
houston		/ˈhjustən/	명사	
asia	아시아 | 아시아주 | 아태	/ˈeɪʒə/	명사	
spectacular	장관인	/spɛkˈtækjəɫɝ/	형용사	It was a spectacular play
reliable	미덥다	/ɹiˈɫaɪəbəɫ/	형용사	Reliable information
breach	깨뜨림 | 절교 | 파기	/ˈbɹitʃ/	명사	
sophisticated	몹시 기교적인 | 억지로 끄러댄	/səˈfɪstəˌkeɪtɪd/	형용사	A sophisticated book
echo	들려오다 | 메아리 | 흉내내기	/ˈɛkoʊ/	명사	His words echoed John F. Kennedy
indicate	징조이다 | 지적하다 | 은연중 나타내다	/ˈɪndəˌkeɪt/	동사	He indicated his opponents
swamp		/ˈswɑmp/	명사	He was trapped in a medical swamp
manual	손의 | 수동 | 편람	/ˈmænjuəɫ/	명사	Manual dexterity
elegant	우아한 | 아담하다 | 고상하다	/ˈɛɫəɡənt/	형용사	An elegant dancer
compound	화합물 | 복식의 | 사화자	/ˈkɑmpaʊnd/	동사	Compound the ingredients
rattling	딸랑거리는	/ˈɹætəɫɪŋ/	명사	A rattling good yarn
pursue	속행하다 | 추구하다 | 쫓아가다	/pɝˈsu/	동사	She pursued many activities
revolutionary	혁명론자 | 혁명적 | 미국 독립전쟁의	/ˌɹɛvəˈɫuʃəˌnɛɹi/	형용사	Revolutionary wars
rig	범장 | 채비하다 | 의장	/ˈɹɪɡ/	명사	Rig an election
convincing		/kənˈvɪnsɪŋ/	형용사	A convincing story
tribal		/ˈtɹaɪbəɫ/	형용사	
cleveland		/ˈkɫivɫənd/	명사	
depth	깊이 | 농로 | 세로길이	/ˈdɛpθ/	명사	Depth of a shelf
aids		/ˈeɪdz/	명사	Visual aids in teaching
camping	캠프생활 | 노숙	/ˈkæmpɪŋ/	명사	Can we go camping again this summer?
fart	방귀	/ˈfɑɹt/	명사	
stamp	대장 | 스탬프 | 도장	/ˈstæmp/	동사	Stamp out tyranny
assassin	암살자 | 자객	/əˈsæsən/	명사	His assassins were hunted down like animals
approved	허용되다 | 공인된	/əˈpɹuvd/	형용사	A list of approved candidates
crucial		/ˈkɹuʃəɫ/	형용사	A crucial election
annual	일년초	/ˈænjuəɫ/	명사	An annual trip to Paris
torch	토치램프 | 횃불	/ˈtɔɹtʃ/	명사	The madman torched the barns
dallas	댈러스	/ˈdæɫəs/	명사	
fulfill	만족시키다 | 채우다 | 달성하다	/fʊɫˈfɪɫ/	동사	
reunion	동창회 | 재회 | 재결합	/ɹiˈunjən/	명사	
graduated	누진세 | 눈금을 새긴	/ˈɡɹædʒəˌweɪtɪd/	형용사	She graduated in 1990
sub	보결 선수 | 대리를 보다 | 하위	/ˈsəb/	명사	
howling		/ˈhaʊɫɪŋ/	명사	A howling success
clyde	남서부의 만	/ˈkɫaɪd/	명사	
stall	실속 | 성가대석	/ˈstɔɫ/	명사	Stall the horse
legacy	전승물	/ˈɫɛɡəsi/	명사	
riot	다채로움 | 요절할 일 | 폭동	/ˈɹaɪət/	명사	Students were rioting everywhere in 1968
whereabouts	행방 | 어디쯤에 | 있는 곳	/ˈhwɛɹəˌbaʊts/	명사	I questioned him about his whereabouts on the night of the crime
teenager		/ˈtiˌneɪdʒɝ/	명사	
samuel	사무엘서 | 히브리의 사사	/ˈsæmjuɫ/	명사	
squealing		/ˈskwiɫɪŋ/	형용사	
crowded	붐비는 | 혼잡한 | 분주하다	/ˈkɹaʊdəd/	형용사	A crowded theater
orleans		/ˈɔɹɫiənz/	명사	
literature	문학 | 문예 | 문헌	/ˈɫɪtɝətʃɝ/	명사	The technical literature
morgue	자료부 | 시체 공식소	/ˈmɔɹɡ/	명사	
transmission	전송 | 발신 | 전염	/tɹænsˈmɪʃən/	명사	
panel	강사단 | 판자널 | 패널판의 사진	/ˈpænəɫ/	명사	Panel the walls with wood
sole	총대리점 | 신바닥 | 혀가자미	/ˈsoʊɫ/	명사	The sole example
sequence	순서 | 전후 | 차	/ˈsikwəns/	명사	They sequenced the human genome
sexually	유성세대	/ˈsɛkʃuəɫi/	부사	Sexually ambiguous
hugo		/ˈhjuɡoʊ/	명사	
smack	맛이있다 | 혀차기 | 입맛 다심	/ˈsmæk/	동사	His speeches smacked of racism
congratulate	경축하다	/kənˈɡɹætʃəˌɫeɪt/	동사	
anxiety	불안 | 염려 | 불안증	/æŋˈzaɪəti/	명사	
choking	색류의	/ˈtʃoʊkɪŋ/	명사	This neckband is choking the cat
tolerate	버티다 | 관대히 다루다 | 용납하다	/ˈtɑɫɝˌeɪt/	동사	He learned to tolerate the heat
mode	모드 | 양식 | 선법	/ˈmoʊd/	명사	Their nomadic mode of existence
communications	통신	/kəmˌjunəˈkeɪʃənz/	명사	Communications is his major field of study
welfare	안부 | 후생 | 복지	/ˈwɛɫˌfɛɹ/	명사	She lives on welfare
dice	주사위 | 썰다 | 작은 입방체	/ˈdaɪs/	명사	
orphan	고아 | 고아원 | 고아의	/ˈɔɹfən/	명사	
settlement	해결 | 부락 | 인보사업단	/ˈsɛtəɫmənt/	명사	They finally reached a settlement with the union
advertising	광고업	/ˈædvɝˌtaɪzɪŋ/	명사	
devoted	몸을 바친 | 애정이 깊은 | 헌신적	/dɪˈvoʊtɪd/	형용사	Devoted friends
circuit	체인 | 회선 | 서킷	/ˈsɝkət/	명사	On the lecture circuit
nickname	별명 | 별칭 | 닉네임	/ˈnɪkˌneɪm/	명사	Henry's nickname was Slim
dot	점재 | 점재시키다	/ˈdɑt/	명사	Draw lines between the dots
scenario	시나리오 | 극본 | 각본	/sɪˈnɛɹioʊ/	명사	The scenario is France during the Reign of Terror
choir	합창하다 | 합창단 | 노래하는 새떼	/ˈkwaɪɝ/	명사	
stunt	주접들기 | 주접들게하다 | 묘기	/ˈstənt/	명사	You will stunt your growth by building all these muscles
smoked		/ˈsmoʊkt/	형용사	We never smoked marijuana
isolated	단리된 | 절연된 | 고립무원	/ˈaɪsəˌɫeɪtəd/	형용사	An isolated pawn
equally	똑같게 | 평등하게 | 그와 동시에	/ˈikwəɫi/	부사	They were equally beautiful
shaw		/ˈʃɔ/	명사	
lipstick	립스틱 | 입술연지	/ˈɫɪpˌstɪk/	명사	She lipsticked her mouth
courtesy	예의 | 호의 | 특별 대우	/ˈkɝtəsi/	명사	
hobby	취미 | 도락 | 자랑 삼는것	/ˈhɑbi/	명사	
hesitate	망설이다 | 서슴다 | 주저하다	/ˈhɛzəˌteɪt/	동사	Authorities hesitate to quote exact figures
hatch	해치 | 꾸며지다 | 사망란	/ˈhætʃ/	동사	Hatch the sheet
quid		/ˈkwɪd/	명사	
fragile	부서지기 쉬운	/ˈfɹædʒəɫ/	형용사	Fragile old bones
fiction	의제 | 가설 | 허구	/ˈfɪkʃən/	명사	
persuade	설복하다 | 권유하다 | 납득시키다	/pɝˈsweɪd/	동사	You can't persuade me to buy this ugly vase!
pastor	목사 | 주임 목사 | 정신적 지도자	/ˈpæstɝ/	명사	
pose	포즈 | 가장하다 | 겉꾸밈	/ˈpoʊz/	동사	She posed as the Czar's daughter
ji		/ˈdʒi/	명사	
ming	명조 | 명나라	/ˈmɪŋ/	명사	
rupee	루피 | 루피 은화	/ɹuˈpi/	명사	
sadly	슬프게 | 애처롭게	/ˈsædɫi/	부사	He was sadly neglected
importantly		/ˌɪmˈpɔɹtəntɫi/	부사	
industrial	생산업자 | 공업주 | 산업주	/ˌɪnˈdəstɹiəɫ/	형용사	Industrial work
musician	음악가 | 악사	/mjuˈzɪʃən/	명사	
labour		/ˈɫeɪbɝ/	명사	
evolution	진화	/ˌɛvəˈɫuʃən/	명사	The evolution of Greek civilization
salute	들리다 | 비치다 | 예포	/səˈɫut/	동사	I salute your courage!
ba		/ˈbɑ/	명사	
bartender	바텐더	/ˈbɑɹˌtɛndɝ/	명사	
calendar	달력 | 역법 | 책력	/ˈkæɫəndɝ/	명사	I have you on my calendar for next Monday
balcony	발코니 | 노대 | 특별석	/ˈbæɫkəni/	명사	
horny	뿔의 | 뿔있는	/ˈhɔɹni/	형용사	Horny (or horned) frog
fold	개켜지다 | 개키다 | 양우리	/ˈfoʊɫd/	명사	A fold in the napkin
organs		/ˈɔɹɡənz/	명사	
einstein		/ˈaɪnstaɪn/	명사	He's smart but he's no Einstein
suitable	적당히 | 제격 | 알맞다	/ˈsutəbəɫ/	형용사	A tractor suitable (or fit) for heavy duty
inaudible	들리지 않은	/ˌɪˈnɔdəbəɫ/	형용사	An inaudible conversation
son-in-law	사위	/ˈsənɪnˌɫɔ/	명사	
melody	선율 | 아름다운 곡조 | 음률	/ˈmɛɫədi/	명사	
barbecue	바베큐	/ˈbɑɹbɪkˌju/	명사	Let's barbecue that meat
trading		/ˈtɹeɪdɪŋ/	명사	
strongly	강경히 | 튼튼히 | 맹렬히	/ˈstɹɔŋɫi/	부사	Argues very strongly for his proposal
fluid	유체 | 유동체 | 유동성의	/ˈfɫuəd/	명사	Liquid (or fluid) assets
scholarship	장학금 | 학력도 | 학식	/ˈskɑɫɝˌʃɪp/	명사	
translation	번역 | 번역물 | 변역	/tɹænˈsɫeɪʃən/	명사	A photograph is a translation of a scene onto a two-dimensional surface
cricket	크리켓 | 귀뚜라미 | 페어플레이	/ˈkɹɪkət/	명사	
shuttle	북 | 왕복 운동 | 우주 왕복선	/ˈʃətəɫ/	명사	
quicker		/ˈkwɪkɝ/	부사	
initial	초보 | 초 | 머리글자	/ˌɪˈnɪʃəɫ/	형용사	Took the initial step toward reconciliation
perimeter	방어선 | 시야제	/pɝˈɪmətɝ/	명사	
yea		/ˈjeɪ/	명사	The yeas have it
divided	분할된 | 이산	/dɪˈvaɪdɪd/	형용사	A divided highway
linked		/ˈɫɪŋkt/	형용사	The travelers linked up again at the airport
laboratory	연구실 | 실험실	/ˈɫæbɹəˌtɔɹi/	명사	Pakistan is a laboratory for studying the use of American troops to combat terrorism
crab	게 | 거해궁 | 게살	/ˈkɹæb/	명사	He caught a crab and lost the race
landlord	바깥 주인 | 지주	/ˈɫændˌɫɔɹd/	명사	
hostile	적의 있는	/ˈhɑstəɫ/	형용사	Hostile actions
classified	분류한 | 기밀 취급의	/ˈkɫæsəˌfaɪd/	형용사	How should algae be classified?
cultural	문화적 | 문화적인 | 개척상의	/ˈkəɫtʃɝəɫ/	형용사	Cultural events
update	최신 정보 | 갱신	/ˈəpˌdeɪt/	동사	We updated the kitchen in the old house
cottage	작은 별장 | 작은 주택 | 단층집	/ˈkɑtədʒ/	명사	
backyard	뒤뜰	/ˈbækˌjɑɹd/	명사	
amateur	아마추어 | 비직업적인	/ˈæməˌtɝ/	명사	An amateur painter
chopper	초퍼 | 기관총 | 도끼	/ˈtʃɑpɝ/	명사	
rash	빈발 | 조급한 | 발진	/ˈɹæʃ/	명사	A rash of bank robberies
despair	절망	/dɪˈspɛɹ/	명사	In the depths of despair
honorable	명예로운 | 명목	/ˈɑnɝəbəɫ/	형용사	An honorable man
shiny	번들거리는 | 햇빛이 쬐는 | 윤나다	/ˈʃaɪni/	형용사	Shiny black patents
hawk	강경론자 | 매파 | 돌아다니며팔다	/ˈhɔk/	명사	The tribes like to hawk in the desert
shorts		/ˈʃɔɹts/	명사	
ni		/ˈni/	명사	
representative	대표 | 대표적 | 상징하는	/ˌɹɛpɹəˈzɛnətɪv/	명사	Representative moviegoers
pouring		/ˈpɔɹɪŋ/	형용사	Pouring flood waters
distress	심통 | 고난 | 비탄	/dɪˈstɹɛs/	명사	A ship in distress
tanner	무두장이 | 제혁소	/ˈtænɝ/	명사	
telegram	전보	/ˈtɛɫəˌɡɹæm/	명사	
pimp	기둥서방	/ˈpɪmp/	명사	
dip		/ˈdɪp/	동사	A dip in prices
trophy	트로피 | 상배 | 전승기념물	/ˈtɹoʊfi/	명사	
hallelujah	할렐루야	/ˌhæɫəˈɫujə/	명사	
es	현재형의 어미	/ˈɛs/	명사	
howdy	안녕하세요 | 여어	/ˈhaʊdi/	명사	
flush	가득찬 | 날아올림 | 새떼	/ˈfɫəʃ/	동사	Flush the meadows
magician	요술쟁이	/məˈdʒɪʃən/	명사	
dynamite	다이너마이트로 폭발하다	/ˈdaɪnəˌmaɪt/	명사	The rock was dynamited
cuba	쿠바	/ˈkjubə/	명사	
conquer	공략하다 | 정복하다 | 타파하다	/ˈkɑŋkɝ/	동사	Conquer a country
unpleasant	불쾌하다	/ənˈpɫɛzənt/	형용사	Unpleasant odors
jealousy	질시 | 질투심 | 질투	/ˈdʒɛɫəsi/	명사	Cherish their official political freedom with fierce jealousy
regrets		/ɹɪˈɡɹɛts/	명사	
lifted		/ˈɫɪftəd/	형용사	He lifted a war whoop
increased		/ˈɪnˌkɹist/	형용사	The amount of work increased
toxic	독의	/ˈtɑksɪk/	형용사	Suffering from exposure to toxic substances
broadway		/ˈbɹɔdˌweɪ/	명사	
pudding	푸딩 | 실리 | 소시지의 일종	/ˈpʊdɪŋ/	명사	
rally	규합하다 | 랠리 | 반등하는	/ˈɹæɫi/	동사	After a short rally Connors won the point
bloom	피다 | 쇳덩이	/ˈbɫum/	명사	The cherry tree bloomed
corporation	사단법인 | 법인 | 도시 자치체	/ˌkɔɹpɝˈeɪʃən/	명사	
disorder	병들게하다 | 혼란 | 수면병	/dɪˈsɔɹdɝ/	명사	The files are in complete disorder
sadness	설구워진 | 울적 | 서글품	/ˈsædnəs/	명사	She tired of his perpetual sadness
cease	말다 | 중지하다	/ˈsis/	동사	
scoundrel	악당	/ˈskaʊndɹəɫ/	명사	
sensible	알아채고 | 분별 있는	/ˈsɛnsəbəɫ/	형용사	A sensible odor
evans		/ˈɛvənz/	명사	
specialist	전문가	/ˈspɛʃəɫəst/	명사	
dragging	오래 걸리는	/ˈdɹæɡɪŋ/	형용사	Years of dragging war
bribe	뇌물 | 증회하다 | 뇌물로 매수하다	/ˈbɹaɪb/	명사	
burke	휘지비지해버리다	/ˈbɝk/	명사	
interrogation	취조 | 심문	/ˌɪnˌtɛɹəˈɡeɪʃən/	명사	He had trouble phrasing his interrogations
prescription	처방 | 시효	/pɹəsˈkɹɪpʃən/	명사	A prescription drug
refer	문의하다 | 조회하다 | 돌리다	/ɹəˈfɝ/	동사	Refer to your notes
graduation	졸업	/ˌɡɹædʒəˈweɪʃən/	명사	The ruler had 16 graduations per inch
t-shirt		/ˈtiˌsɝt/	명사	
liking	취향 | 애호 | 비위	/ˈɫaɪkɪŋ/	명사	She developed a liking for gin
grid	그리드 | 섯쇠 | 격자	/ˈɡɹɪd/	명사	
haircut	이발	/ˈhɛɹˌkət/	명사	
regardless	관심없는 | 여하튼 | 개의치 않다	/ɹəˈɡɑɹdɫəs/	부사	Crushing the blooms with regardless tread
lodge	투숙하다 | 꽂다 | 꽂히다	/ˈɫɑdʒ/	동사	Lodge a bullet in the table
poisoning		/ˈpɔɪzənɪŋ/	명사	
feather	깃으로 장식하다 | 날개처럼 움직이다	/ˈfɛðɝ/	명사	
edgar	에드거상	/ˈɛdɡɝ/	명사	
software	소프트웨어	/ˈsɔfˌwɛɹ/	명사	The market for software is expected to expand
marina	산책길 | 정박소	/mɝˈinə/	명사	
queens		/ˈkwinz/	명사	
oak	떡갈나무 | 참나무	/ˈoʊk/	명사	Great oaks grow from little acorns
awhile		/əˈwaɪɫ/	부사	Sit down and stay awhile
sofa	소파 | 긴의자	/ˈsoʊfə/	명사	
conscious	지각이 있는 | 알아채고 있는 | 의식하고 있는	/ˈkɑnʃəs/	형용사	A conscious policy
deliberately	찬찬히 | 유유히 | 고의로	/dɪˈɫɪbɝətɫi/	부사	She was working deliberately
starve	아사하다 | 굶주리게 하다 | 곯다	/ˈstɑɹv/	동사	They starved the prisoners
venus	비너스 | 명성 | 절세의 미인	/ˈvinəs/	명사	
olive	올리브 | 올리브색 | 올리브 나무	/ˈɑɫəv/	명사	
maniac		/ˈmeɪniˌæk/	명사	
psychological	심리적 | 심리적인	/ˌsaɪkəˈɫɑdʒɪkəɫ/	형용사	Psychological warfare
robinson		/ˈɹɑbənsən/	명사	
belle	여인 | 예쁜소녀	/ˈbɛɫ/	명사	She was the belle of the ball
landscape	풍경 | 조망	/ˈɫænˌskeɪp/	명사	Let's landscape the yard
straw	밀짚모자 | 밀짚 | 스트로	/ˈstɹɔ/	명사	Cows were strawed to weather the snowstorm
dam	댐 | 어미 | 단수	/ˈdæm/	명사	Dam the gorges of the Yangtse River
accuse	책하다 | 고발하다 | 비난하다	/əkˈjuz/	동사	The neighbors accused the man of spousal abuse
switzerland	스위스	/ˈswɪtsɝɫənd/	명사	
agenda	의제 | 회의사항	/əˈdʒɛndə/	명사	
glue	풀 | 아교	/ˈɡɫu/	동사	His eyes were glued on her
salesman	세일즈맨 | 외판원	/ˈseɪɫzmən/	명사	
diner	정찬의 손님 | 식사하는 사람	/ˈdaɪnɝ/	명사	
mainly	주로	/ˈmeɪnɫi/	부사	He is mainly interested in butterflies
biological	생물학상	/ˌbaɪəˈɫɑdʒɪkəɫ/	형용사	Biological child
sincere	절실 | 절실성 | 진솔하다	/sɪnˈsɪɹ/	형용사	Sincere friendship
weigh	압박하다 | 울리다 | 존중되다	/ˈweɪ/	동사	Weigh heavily on the mind
pad	채워넣는것 | 길게 하다 | 덧대는 것	/ˈpæd/	명사	Pad the seat of the chair
swiss	스위스의	/ˈswɪs/	명사	
cue	당구가 | 큐	/ˈkju/	명사	
opposed	대립된	/əˈpoʊzd/	형용사	The board opposed his motion
brand-new		/ˈbɹændˌnu/	형용사	Shiny brand-new shoes
tourist	관광객 | 여행객	/ˈtʊɹəst/	명사	
sneaking	슬금슬금하다	/ˈsnikɪŋ/	형용사	A sneaking suspicion
harvard		/ˈhɑɹvɝd/	명사	
spying		/ˈspaɪɪŋ/	명사	
sketch	사생하다 | 사생화 | 스케치	/ˈskɛtʃ/	명사	Sketch the building
parliament	의회 | 영국 의회	/ˈpɑɹɫəmənt/	명사	
behold		/bɪˈhoʊɫd/	동사	
blamed		/ˈbɫeɪmd/	형용사	It's a blamed shame
topic	주제 | 저서명 | 토픽	/ˈtɑpɪk/	명사	It was a very sensitive topic
loop	공중회전 | 손 공중제비하다 | 고리	/ˈɫup/	명사	He's no longer in the loop
blond	금발	/ˈbɫɑnd/	형용사	Blond Scandinavians
plead	답변하다 | 변호하다 | 애걸하다	/ˈpɫid/	동사	She pleaded not guilty
salmon	연어살빛 | 연어	/ˈsæmən/	명사	
bizarre	기묘한 | 괴기한	/bəˈzɑɹ/	형용사	Restaurants of bizarre design--one like a hat, another like a rabbit
rico		/ˈɹikoʊ/	명사	
wig	가발 | 몹시 꾸짖다 | 가발을 씌우다	/ˈwɪɡ/	명사	
heights		/ˈhaɪts/	명사	He doesn't like heights
wax	납 | 밀의 | 불끈하기	/ˈwæks/	명사	The moon is waxing
confidential	기밀의 | 친숙하다	/ˌkɑnfəˈdɛnʃəɫ/	형용사	A confidential approach
pursuit	속행 | 추적 | 추격	/pɝˈsut/	명사	The pursuit of love
herd	몰아 모으다 | 떼지어 모이다	/ˈhɝd/	명사	The children resembled a fairy herd
scissors	가위 | 가위 조르기	/ˈsɪzɝz/	명사	
cd		/ˌsiˈdi/	명사	
invention	날조 | 발명품 | 발명력	/ˌɪnˈvɛnʃən/	명사	
replacement	대체 | 교대작용 | 교체요원	/ɹɪˈpɫeɪsmənt/	명사	The replacement of lost blood by a transfusion of donor blood
bombing	무찌르기 | 폭격	/ˈbɑmɪŋ/	명사	
integrity	무결성 | 흠없음 | 고결	/ˌɪnˈtɛɡɹəti/	명사	They admired his scrupulous professional integrity
dash	대시 | 때려부수다 | 충동	/ˈdæʃ/	동사	Dashed by the refusal
senate	이사회 | 의회 | 상원	/ˈsɛnət/	명사	
mentally	마음으로 | 정신적으로 | 지력상으로	/ˈmɛnəɫi/	부사	He suffered mentally
gangster	깡패	/ˈɡæŋstɝ/	명사	
beautifully	아름답게 | 훌륭히 | 솜씨있게	/ˈbjutəfɫi/	부사	Her face was beautifully made up
roberts		/ˈɹɑbɝts/	명사	
slim	가늘어지다 | 홀족하다 | 가느다랗다	/ˈsɫɪm/	형용사	A slim chance of winning
promising	장래성 있는 | 유망한 | 싸가지가 있다	/ˈpɹɑməsɪŋ/	형용사	A promising young man
objective	객관적 | 객관주의 | 목표의	/əbˈdʒɛktɪv/	명사	Objective evidence
joyce		/ˈdʒɔɪs/	명사	
altogether	아주전혀 | 전부해서	/ˌɔɫtəˈɡɛðɝ/	부사	In the altogether
prep		/ˈpɹɛp/	명사	
neighbour		/ˈneɪbɝ/	명사	
briefcase	서류 가방	/ˈbɹifˌkeɪs/	명사	
buzzer	버저 | 경보 | 사이렌	/ˈbəzɝ/	명사	
puppet	괴뢰 | 작은 인형 | 꼭두각시	/ˈpəpət/	명사	
restore	되돌려주다 | 원형복구하다 | 반환하다	/ɹɪˈstɔɹ/	동사	Restore law and order
dozens		/ˈdəzənz/	명사	
betting		/ˈbɛtɪŋ/	형용사	
pancake	팬케이크 | 고형분 | 수평 낙하	/ˈpænˌkeɪk/	명사	
corridor	복도 | 회랑지대 | 회랑	/ˈkɔɹədɝ/	명사	
embarrass	분규케 하다 | 곤란케 하다	/ɪmˈbɛɹəs/	동사	
database	데이타베이스	/ˈdætəˌbeɪs/	명사	
sucking	빨아들이는 | 젖내나는	/ˈsəkɪŋ/	명사	Mud was sucking at her feet
encourage	기운을북돋아주다 | 조장하다 | 고무시키다	/ɛnˈkɝɪdʒ/	동사	His financial success encouraged him to look for a wife
gps		/ˈɡipiˈɛs/	명사	
relevant	현대적의미가 있는	/ˈɹɛɫəvənt/	형용사	
mafia		/ˈmɑfiə/	명사	
hudson		/ˈhədsən/	명사	
intact	그대로인	/ˌɪnˈtækt/	형용사	She was intact, virginal
occasionally	때때로 | 심심찮다	/əˈkeɪʒənəɫi/	부사	He was arrogant and occasionally callous
heartbeat		/ˈhɑɹtˌbit/	명사	New York is the commercial heartbeat of America
identical	흡사	/aɪˈdɛntɪkəɫ/	형용사	Identical triangles
cigar	여송연 | 시거 | 엽궐련	/sɪˈɡɑɹ/	명사	
venice	베니스	/ˈvɛnəs/	명사	
classical	고전파 | 의고적인 | 인문적인	/ˈkɫæsɪkəɫ/	형용사	A classical scholar
noodle	곰곰생각하다	/ˈnudəɫ/	명사	
consistent	고질적 | 견실히 | 지조있는	/kənˈsɪstənt/	형용사	Testimony consistent with the known facts
clip	탄창 | 끼움쇠 | 오려내다	/ˈkɫɪp/	명사	Clip the papers together
resign	사임하다 | 사직하다 | 체념하다	/ɹiˈsaɪn/	동사	Resign a claim to the throne
insect	곤충	/ˈɪnˌsɛkt/	명사	
failing	없어서 | 낙제 | 결점	/ˈfeɪɫɪŋ/	명사	Received failing grades
organic	유기적 | 유기	/ɔɹˈɡænɪk/	형용사	Organic chicken
seize	잡다 | 쥐다 | 붙잡다	/ˈsiz/	동사	The army seized the town
mug	머그 | 청량 음료	/ˈməɡ/	명사	
iris	붓꽃 | 이리스 | 참붓꽃속의	/ˈaɪɹəs/	명사	
crow	환성 | 크로말 | 크로사람	/ˈkɹoʊ/	명사	She crowed with joy
fountain	분수대 | 분수 | 잉크 통	/ˈfaʊntən/	명사	
observation	소견 | 감시 | 관찰결과	/ˌɑbzɝˈveɪʃən/	명사	He reported his observations to the mayor
abortion	조산 | 기형물 | 유산아	/əˈbɔɹʃən/	명사	
railroad	철도 | 철도선로 | 철도의	/ˈɹeɪɫˌɹoʊd/	명사	Railroad the West
straighten	바로잡다 | 똑바르게 하다 | 정돈하다	/ˈstɹeɪtən/	동사	Straighten hair
legitimate	정극 | 정적	/ɫəˈdʒɪtəmət/	형용사	A legitimate government
sting	얼얼하다 | 바늘이 돋치다 | 빈정거리는 사람	/ˈstɪŋ/	동사	The sting of death
fork	포크 | 갈래 | 서서 먹는	/ˈfɔɹk/	명사	She forked her fingers
ciao		/ˈtʃaʊ/	명사	
coroner	검시관 | 매장물조사관 | 검시의	/ˈkɔɹənɝ/	명사	
marching		/ˈmɑɹtʃɪŋ/	명사	We heard the sound of marching
jade	비취 | 야윈말 | 옥	/ˈdʒeɪd/	명사	
griffin	귀뜀	/ˈɡɹɪfɪn/	명사	
expedition	탐험대 | 급속 | 신속	/ˌɛkspəˈdɪʃən/	명사	An expedition was sent to explore Mars
digital	디지털 | 계수형인	/ˈdɪdʒətəɫ/	형용사	Digital readout
deeds		/ˈdidz/	명사	Salvation by deeds
milan	밀라노	/ˈmaɪˌɫæn/	명사	
attic	아테네풍의 | 누각 | 다락방	/ˈætɪk/	명사	
jr		/ˈdʒunjɝ/	명사	
sentimental	감상적 | 다감한	/ˌsɛnəˈmɛnəɫ/	형용사	Sentimental soap operas
cooler	냉각기 | 독감방 | 유치장	/ˈkuɫɝ/	명사	
plea	탄원 | 항변	/ˈpɫi/	명사	
metre		/ˈmitɝ/	명사	
harmony	금실 | 화합 | 원활	/ˈhɑɹməni/	명사	
difficulty	어려움 | 궁박 | 지장	/ˈdɪfəkəɫti/	명사	Had difficulty walking
dried		/ˈdɹaɪd/	형용사	The ink has dried
aunty			명사	
maker	제조업자 | 제조자 | 조물주	/ˈmeɪkɝ/	명사	
supporting	지원 | 받치는 | 조연하는	/səˈpɔɹtɪŋ/	형용사	A supporting wall
brake	브레이크 | 양치의 무리 | 고사리	/ˈbɹeɪk/	명사	Brake the car before you go into a curve
feature	특종 | 특집기사	/ˈfitʃɝ/	명사	The feature tonight is `Casablanca'
photography	촬영술 | 사진술	/fəˈtɑɡɹəfi/	명사	
vengeance	복수	/ˈvɛndʒəns/	명사	He swore vengeance on the man who betrayed him
inappropriate		/ˌɪnəˈpɹoʊpɹiɪt/	형용사	Completely inappropriate behavior
vacuum	진공 | 빈 곳 | 공허	/ˈvækjum/	명사	Vacuum the carpets
resident	레지던트 | 유조 | 주차관	/ˈɹɛzɪdənt/	명사	Resident aliens
endure	참다 | 버티다 | 인내하다	/ɛnˈdjʊɹ/	동사	The legend of Elvis endures
substance	실체 | 실속 | 실질	/ˈsəbstəns/	명사	DNA is the substance of our genes
corrupt	오염된 | 개악하다 | 전와된	/kɝˈəpt/	동사	Corrupt the morals
potter	도공 | 옹기장이	/ˈpɑtɝ/	명사	The old lady is pottering around in the garden
investigator	수사관 | 조사자	/ˌɪnˈvɛstəˌɡeɪtɝ/	명사	
thread	실 | 재봉실 | 누비듯이지나가다	/ˈθɹɛd/	동사	Thread a needle
gap	틈 | 간극 | 단층	/ˈɡæp/	명사	Gap between income and outgo
whine	낑낑거리다 | 애처롭게 울다 | 낑낑거리는 소리	/ˈhwaɪn/	동사	
scarf	스카프 | 테이블보 | 사모턱 이음	/ˈskɑɹf/	명사	
institution	시설 | 공공시설명물 | 설정	/ˌɪnstɪˈtuʃən/	명사	The institution of slavery
immortal	신의 | 영속하는	/ˌɪˈmɔɹtəɫ/	형용사	Shakespeare is one of the immortals
marsh	소택 | 습지	/ˈmɑɹʃ/	명사	
chapel	교회당 | 예배당 | 악대	/ˈtʃæpəɫ/	명사	He was late for chapel
desperately	필사적 | 절망적으로 | 자포자기하여	/ˈdɛspɝətɫi/	부사	The soil desperately needed potash
alcoholic	대주가 | 알코올의 | 알코올성의	/ˌæɫkəˈhɑɫɪk/	명사	Alcoholic drinks
fabric	구성법 | 구조물 | 직물	/ˈfæbɹɪk/	명사	It is part of the fabric of society
railway	경편궤도 | 철도선로 | 철도의	/ˈɹeɪɫˌweɪ/	명사	
dame		/ˈdeɪm/	명사	
custom	주문한 | 단골 | 관세의	/ˈkəstəm/	명사	I have given this tailor my custom for many years
pension	연금 | 하숙	/ˈpɛnʃən/	명사	
possess	갖다 | 소유하다 | 소지	/pəˈzɛs/	동사	A terrible rage possessed her
poster	포스터 | 사기꾼 | 벽보	/ˈpoʊstɝ/	명사	A poster advertised the coming attractions
developing	발달중인 | 발전도상의 | 개발도상국가	/dɪˈvɛɫəpɪŋ/	형용사	Many countries in Asia are now developing at a very fast pace
addict	빠지게하다	/ˈæˌdɪkt/	명사	
cope	덮걔 | 맞섣 | 코프	/ˈkoʊp/	동사	
delightful	즐거운	/dɪˈɫaɪtfəɫ/	형용사	A delightful surprise
wrestling	씨름 | 레슬링	/ˈɹɛsəɫɪŋ/	명사	We watched his grappling and wrestling with the bully
rio	브라질산 커피	/ˈɹioʊ/	명사	
reduce	줄이다 | 축소되다 | 통분하다	/ɹəˈdus/	동사	Reduce an image
rescued		/ˈɹɛskjud/	형용사	
peg	줄조르개 | 안정시키다 | 나무못	/ˈpɛɡ/	명사	
emotionally	정서적으로 | 삼총사	/ˈiˌmoʊʃnəɫi/	부사	Emotionally secure
poland	폴란드	/ˈpoʊɫənd/	명사	
accountant	회계사 | 계리사 | 회계원	/əˈkaʊntənt/	명사	
tumor	종창 | 종기 | 부스럼	/ˈtumɝ/	명사	
automatic	자동 | 자동식의 | 자동 기계	/ˌɔtəˈmætɪk/	형용사	Automatic transmission
amusing	즐거운 | 우스운 | 우습다	/əmˈjuzɪŋ/	형용사	An amusing fellow
unnecessary		/ənˈnɛsəˌsɛɹi/	형용사	
voting	투표	/ˈvoʊtɪŋ/	명사	
buster		/ˈbəstɝ/	명사	Sanction buster
stadium	운동장 | 스타디움	/ˈsteɪdiəm/	명사	
visible	가시적	/ˈvɪzəbəɫ/	형용사	A visible object
easter	부활절 | 동풍	/ˈistɝ/	명사	
jeep	지프 | 지프로 가다 | 지프로 나르다	/ˈdʒip/	명사	
dj		/ˈdiˈdʒeɪ/	명사	
tracked		/ˈtɹækt/	형용사	Tracked vehicles
ignorant	바보 | 무식한 | 무지한	/ˈɪɡnɝənt/	형용사	An ignorant man
pledge	서약 | 다짐하다 | 예약하다	/ˈpɫɛdʒ/	동사	I pledge my honor
deserted	적적하다 | 적막하다	/dɪˈzɝtɪd/	형용사	The mother deserted her children
esther	에스더서	/ˈɛstɝ/	명사	
rum	럼 술	/ˈɹəm/	명사	What a rum fellow
fisher	포어성 동물	/ˈfɪʃɝ/	명사	
wheelchair	휠체어 | 바퀴달린 의자	/ˈhwiɫˌtʃɛɹ/	명사	
salvation	구조 | 구제	/sæɫˈveɪʃən/	명사	Tourism was their economic salvation
clatter	수다스럽게 | 달가닥달가닥 | 덜거덕덜거덕	/ˈkɫætɝ/	동사	Clattering dishes
maintenance	보지 | 부양 | 유지보수	/ˈmeɪntənəns/	명사	Unlike champerty, criminal maintenance does not necessarily involve personal profit
tobacco	담배	/təˈbæˌkoʊ/	명사	
underwater	홀수선 밑의 | 수중의	/ˈəndɝˌwɔtɝ/	형용사	
divide	나누다 | 나뉘다 | 대립시키다	/dɪˈvaɪd/	동사	Can you divide 49 by seven?
discount	할인 | 할인하다	/ˈdɪskaʊnt/	명사	I never discount these books-they sell like hot cakes
yoga	요가	/ˈjoʊɡə/	명사	
vagina	엽초	/vəˈdʒaɪnə/	명사	The vagina receives the penis during coitus
rushing	러싱	/ˈɹəʃɪŋ/	명사	
modest	조신하는 | 겸손한 | 수줍은	/ˈmɑdəst/	형용사	A modest salary
make-up		/ˈmeɪˌkəp/	명사	
reduced	감소한 | 할인한 | 환원한	/ɹəˈdust/	형용사	She reduced her niece to a servant
pressing	압착물 | 억누름 | 긴급한	/ˈpɹɛsɪŋ/	형용사	This is a pressing problem
tops		/ˈtɑps/	형용사	She is absolutely tops
variety	다양성 | 다양 | 버라이어티쇼	/vɝˈaɪəti/	명사	He had a variety of disorders
ignored		/ˌɪɡˈnɔɹd/	형용사	Her ignored advice
helena		/ˈhɛɫənə/	명사	
grain	미량 | 곡초 | 알로 만들다	/ˈɡɹeɪn/	명사	A grain of sand
essentially	본질적으로 | 원체	/ɛˈsɛnʃəɫi/	부사	The argument was essentially a technical one
meredith		/ˈmɛɹɪdɪθ/	명사	
subtle	희박한 | 미세하다	/ˈsətəɫ/	형용사	A subtle poison
pinky		/ˈpɪŋki/	명사	
cord	노끈 | 삭상조직 | 코듀로이	/ˈkɔɹd/	명사	The bundle was tied with a cord
vienna		/viˈɛnə/	명사	
origin	기원 | 근원지 | 가문	/ˈɔɹədʒən/	명사	Vegetable origins
rogue	솎다 | 악당 | 건달	/ˈɹoʊɡ/	명사	
x-ray		/ˈɛksˌɹeɪ/	명사	The doctor x-rayed my chest
superintendent		/ˌsupɝənˈtɛndənt/	명사	
cody		/ˈkoʊdi/	명사	
corruption	개악 | 독직 | 부정부패	/kɝˈəpʃən/	명사	Corruption of a minor
sullivan		/ˈsəɫəvən/	명사	
shutter	덧문 | 셔터	/ˈʃətɝ/	명사	We shuttered the window to keep the house cool
erase	지우다 | 지워버리다 | 말살하다	/iˈɹeɪs/	동사	The Turks erased the Armenians in 1915
ski	스키	/ˈski/	명사	My children don't ski
forensics	토론학	/ˌfɔˈɹɛnsɪks/	명사	
flavor	맛 | 농후 | 농후하다	/ˈfɫeɪvɝ/	명사	
fastest		/ˈfæstəst/	부사	
vet		/ˈvɛt/	동사	Someone should vet this report before it goes out
lobster	새우 | 대하 | 바닷가재	/ˈɫɑbstɝ/	명사	
housing	주택공급 | 피난소	/ˈhaʊzɪŋ/	명사	
canal	수로 | 운하	/kəˈnæɫ/	명사	The alimentary canal
shade	바림하다 | 응달 | 그늘지게하다	/ˈʃeɪd/	명사	Shade the meaning
ambitious	대망이 있는 | 야심적인	/æmˈbɪʃəs/	형용사	Ambitious schedule
orchestra	오케스트라 | 일층석 | 주악석	/ˈɔɹkəstɹə/	명사	
guidance	지도 | 안내 | 유도	/ˈɡaɪdəns/	명사	
hence	사라져	/ˈhɛns/	부사	Get thee hence!
seoul	서울 | 가로수길	/ˈsoʊɫ/	명사	
inevitable	불가피하다 | 피할길 없는 | 면하기 어려운	/ˌɪˈnɛvətəbəɫ/	형용사	The inevitable result
tick	꺽자치다 | 똑딱 | 베갯잇	/ˈtɪk/	명사	Tick a mattress
rival	상대 | 대항하는 | 라이벌	/ˈɹaɪvəɫ/	동사	He had respect for his rivals
purchase	사다 | 구입품 | 기중 장치	/ˈpɝtʃəs/	동사	The family purchased a new car
wander	오락가락하다 | 두서없이 되다 | 걸어 돌아다니다	/ˈwɑndɝ/	동사	Her mind wanders
ireland	아일랜드	/ˈaɪɝɫənd/	명사	
napoleon	나폴레옹	/nəˈpoʊɫiən/	명사	
elite	엘리트	/eɪˈɫit/	명사	
craft	기술 | 수공업 | 잔꾀	/ˈkɹæft/	명사	He represented the craft of brewers
cult		/ˈkəɫt/	명사	It was a satanic cult
whisky		/ˈhwɪski/	명사	
profits		/ˈpɹɑfɪts/	명사	
shelf	바위턱 | 시령 | 선반	/ˈʃɛɫf/	명사	
chart	차트 | 수로도 | 그래프	/ˈtʃɑɹt/	명사	Chart the territory
accusing		/əkˈjuzɪŋ/	형용사	His accusing glare
humiliated	큰코다치다	/hjuˈmɪɫiˌeɪtɪd/	형용사	Humiliated that his wife had to go out to work
hissing	쉿소리 나기	/ˈhɪsɪŋ/	명사	The performers could not be heard over the hissing of the audience
granddaughter	손녀	/ˈɡɹænˌdɔtɝ/	명사	
submit	제출하다 | 교부하다 | 복종하다	/səbˈmɪt/	동사	I submit to you that the accused is guilty
supervisor	주관자 | 감시 루틴 | 감독자	/ˈsupɝˌvaɪzɝ/	명사	
tearing	맹렬이 | 찢는 | 쥐어 뜯는	/ˈtɛɹɪŋ/	명사	In a tearing rage
obliged		/əˈbɫaɪdʒd/	형용사	
jerusalem	예루살렘	/dʒɝˈusəɫəm/	명사	
stew	스튜 | 뭉근불로 끓이다 | 자업자득으로 고생하다	/ˈstu/	동사	Don't get in a stew
triumph	전승	/ˈtɹaɪəmf/	명사	The agreement was a triumph for common sense
nun	수녀 | 독나방의 일종 | 수녀집비둘기의 일종	/ˈnən/	명사	
frequency	주파수 | 빈발 | 횟수	/ˈfɹikwənsi/	명사	The frequency of modulation was 40 cycles per second
resume	이력서 | 재점유하다 | 다시시작하다	/ˈɹɛzəˌmeɪ/	동사	Resume an office
marines		/mɝˈinz/	명사	
distract	착란시키다	/dɪˈstɹækt/	동사	The thief distracted the bystanders
satisfaction	만족 | 사죄 | 사죄하다	/ˌsætəsˈfækʃən/	명사	The full and final satisfaction of the claim
historical	역사적 | 사적인 | 사적	/hɪˈstɔɹɪkəɫ/	형용사	Historical scholars
swedish	스웨덴의 | 스웨덴 사람	/ˈswidɪʃ/	형용사	Swedish umlauts
sour	발효한 | 사워 | 산패한	/ˈsaʊɝ/	형용사	The milk has soured
spark	불꽃 | 불똥 | 스파크	/ˈspɑɹk/	명사	A spark of decency
freely	여유롭다 | 자유로이 | 아낌없이	/ˈfɹiɫi/	부사	The painting featured freely brushed strokes
shan		/ˈʃæn/	명사	
globe	구체 | 구체하다	/ˈɡɫoʊb/	명사	
peak	챙 | 첨단 | 봉우리	/ˈpik/	명사	The peak of perfection
fierce	사나운 | 치열 | 매섭다	/ˈfɪɹs/	형용사	Fierce fighting
scam	야바위	/ˈskæm/	명사	
hollow	텅 | 속이 텅빈 | 텅빈	/ˈhɑɫoʊ/	명사	A hollow victory
concentration	집중 | 집중력 | 전심전력	/ˌkɑnsənˈtɹeɪʃən/	명사	
presume		/pɹɪˈzum/	동사	A restaurant bill presumes the consumption of food
invest	쓰다들이다 | 돈을 쓰다	/ˌɪnˈvɛst/	동사	
radical	원래는 | 급진주의 | 기	/ˈɹædəkəɫ/	명사	A radical verb form
protective	상해방지의 | 보호 무역의	/pɹəˈtɛktɪv/	형용사	Protective tariffs
stunning		/ˈstənɪŋ/	형용사	A stunning defeat
frustrated	바질바질	/ˈfɹəsˌtɹeɪtəd/	형용사	Many frustrated poets end as pipe-smoking teachers
suspenseful		/səˈspɛnsfəɫ/	형용사	
breed	종족 | 번식하다 | 품종	/ˈbɹid/	동사	She breeds dogs
adore	무척 좋아하다	/əˈdɔɹ/	동사	He just adored his wife
controlling	관제 | 수습 | 제재	/kənˈtɹoʊɫɪŋ/	형용사	A controlling interest in the firm
reagan	레이건	/ˈɹeɪɡən/	명사	
pasta		/ˈpɑstə/	명사	
precinct	경내 | 관구	/ˈpɹiˌsɪŋk/	명사	
execute	집행하다 | 서명 날인하다 | 시행하다	/ˈɛksəkˌjut/	동사	Execute a will or a deed
architect	제작자 | 건축가 | 조물주	/ˈɑɹkəˌtɛkt/	명사	
delta	삼각주	/ˈdɛɫtə/	명사	The Mississippi River delta
preserve	금렵지 | 보존하다 | 유지하다	/pɹəˈzɝv/	동사	Preserved meats
dose	투약하다 | 복용시키다	/ˈdoʊs/	명사	The ray dosed the paint
stove	스토브 | 난로	/ˈstoʊv/	명사	Dinner was already on the stove
instantly	즉석 | 당장에 | 즉각	/ˈɪnstəntɫi/	부사	
bugger	비역쟁이	/ˈbəɡɝ/	명사	
haul	잡아끌다 | 잡은 것 | 운반하다	/ˈhɔɫ/	동사	Haul vegetables to the market
orphanage	고아 | 고아원 | 고아임	/ˈɔɹfənədʒ/	명사	His early orphanage shaped his character as an adult
bolt	볼트 | 번개불 | 빗장	/ˈboʊɫt/	명사	He sat bolt upright
autograph	자서하다 | 자필원고 | 자필의	/ˈɔtəˌɡɹæf/	명사	The author autographed his book
sharply		/ˈʃɑɹpɫi/	부사	Prices rose sharply
villager	마을 사람 | 시골 사람	/ˈvɪɫɪdʒɝ/	명사	
assembly	무도회 | 입법의회 | 집합신호	/əˈsɛmbɫi/	명사	They demanded the right of assembly
med		/ˈmɛd/	명사	
marge		/ˈmɑɹdʒ/	명사	
magnetic	매력 있는 | 자기성이 있는	/mæɡˈnɛtɪk/	형용사	Magnetic forces
romans		/ˈɹoʊmənz/	명사	
joshua	여호수아	/ˈdʒɑˌʃuə/	명사	
sorted		/ˈsɔɹtɪd/	형용사	
assets	재산 | 자산	/ˈæˌsɛts/	명사	
outstanding	눈에 띄는	/ˌaʊtˈstændɪŋ/	형용사	Outstanding bills
essence	에센스 | 엑스 | 본질	/ˈɛsəns/	명사	
wardrobe	의상 | 옷장 | 의상실	/ˈwɔɹˌdɹoʊb/	명사	
ling		/ˈɫɪŋ/	명사	
disco		/ˈdɪskoʊ/	명사	
flirting	장난삼아 연애하는 | 시시덕거리는	/ˈfɫɝtɪŋ/	명사	
dolly	이동식촬영대	/ˈdɑɫi/	명사	
handful		/ˈhændˌfʊɫ/	명사	Only a handful of responses were received
pumpkin	호박	/ˈpəmkɪn/	명사	
bennett		/ˈbɛnət/	명사	
sweating	발한	/ˈswɛtɪŋ/	명사	
anchor	닻	/ˈæŋkɝ/	동사	Faith is his anchor
thankful	고마운 | 감사하고 있는	/ˈθæŋkfəɫ/	형용사	A thankful smile
interior	내정 | 국내무역 | 내륙의	/ˌɪnˈtɪɹiɝ/	명사	An interior scene
moore		/ˈmɔɹ/	명사	
urge	좨치다 | 독촉하다 | 충동	/ˈɝdʒ/	동사	Why this urge to travel?
surrounding	둘러싸기	/sɝˈaʊndɪŋ/	형용사	The surrounding countryside
strain	걸러내다 | 당기기 | 접질하다	/ˈstɹeɪn/	명사	Straining our ears to hear
gypsy	집시 | 집시어 | 집시같은 사람	/ˈdʒɪpsi/	명사	
tomato	토마토	/təˈmɑˌtoʊ/	명사	
compassion	동정심 | 동정 | 측은히 여김	/kəmˈpæʃən/	명사	
greece	헬라 | 희랍 | 그리스	/ˈɡɹis/	명사	
ceo	대표이사	/ˈsiˌiˈoʊ/	명사	
arabic	아라비아어 | 아라비아의 | 아라비아사람의	/ˈæɹəbɪk/	명사	Arabic languages
examination	심사 | 점검 | 심리	/ɪɡˌzæməˈneɪʃən/	명사	
participate	가담하다 | 관여하다	/pɑɹˈtɪsəˌpeɪt/	동사	
vein	정맥 | 맥을내다 | 혈관	/ˈveɪn/	명사	He continued in this vein for several minutes
additional	부가적	/əˈdɪʃənəɫ/	형용사	Called for additional troops
sofia		/soʊˈfiə/	명사	
obsession	붙음 | 사로잡힘 | 강박 관념	/əbˈsɛʃən/	명사	
ridge	등줄기 | 지붕 마룻대 | 기압의 봉우리	/ˈɹɪdʒ/	명사	He ridged his corn
intent	집중된 | 의향 | 취지	/ˌɪnˈtɛnt/	명사	His intent was to provide a new translation
axe		/ˈæks/	명사	The NSF axed the research program and stopped funding it
reckless	무모한 | 저돌적인 | 개의치 않다	/ˈɹɛkɫəs/	형용사	A reckless driver
razor	면도기 | 면도칼	/ˈɹeɪzɝ/	명사	
frightening		/ˈfɹaɪtənɪŋ/	형용사	
mutant		/ˈmjutənt/	명사	
wally	팔푼이	/ˈweɪɫi/	명사	
heavenly	천부 | 거룩한	/ˈhɛvənɫi/	형용사	A heavenly body
promote	발기하다 | 통과에 노력하다 | 촉진하다	/pɹəˈmoʊt/	동사	I got promoted after many years of hard work
maiden		/ˈmeɪdən/	명사	The liner's maiden voyage
congressman	하원의원	/ˈkɑŋɡɹəsmən/	명사	
canyon		/ˈkænjən/	명사	
casual	무심결의 | 분견병 | 캐주얼의	/ˈkæʒəwəɫ/	형용사	A casual remark
rack	걸이 | 경구보 | 대얹다	/ˈɹæk/	동사	Rack one's brains
expectation	기대 | 예상 | 가망성	/ˌɛkspɛkˈteɪʃən/	명사	
flowing	흐름 | 밀물	/ˈfɫoʊɪŋ/	명사	
adjust	정리하다 | 맞추다 | 조정하다	/əˈdʒəst/	동사	Adjust the clock, please
pine	그재목 | 몹시 그리다 | 갈망하다	/ˈpaɪn/	명사	
tails	뒷면이 나온	/ˈteɪɫz/	명사	
pigeon	비둘기	/ˈpɪdʒən/	명사	
finance	융자하다 | 자금을 공급하다	/ˈfaɪˌnæns/	동사	Can we finance the addition to our home?
respectable	흉하지 않게 | 흉하지 않은 | 남부끄럽지 않은	/ɹiˈspɛktəbəɫ/	형용사	A respectable sum
demonstration	시위 | 파업 | 시위운동	/ˌdɛmənˈstɹeɪʃən/	명사	He gave the customer a demonstration
prank		/ˈpɹæŋk/	명사	Roses were pranking the lawn
appointed	지정된 | 설비된	/əˈpɔɪntɪd/	형용사	A beautifully appointed house
treason	배신 | 반역	/ˈtɹizən/	명사	
violin	바이올린 | 현악기 | 바이올린 연주자	/vaɪəˈɫɪn/	명사	
stir	뒤섞다 | 움직이다 | 휘젓기	/ˈstɝ/	동사	Stir nuts into the dough
lifestyle	생활 | 생활방식 | 고도화	/ˈɫaɪfˌstaɪɫ/	명사	
realm	왕국 | 국토 | 영토	/ˈɹɛɫm/	명사	The realm of the occult
roosevelt	루스벨트	/ˈɹoʊzəˌvɛɫt/	명사	Theodore Roosevelt said `Speak softly but carry a big stick'
missy		/ˈmɪsi/	명사	
fitting	입혀보기 | 상당	/ˈfɪtɪŋ/	형용사	
tuna	다랑어	/ˈtjunə/	명사	
tuck	밀어넣다 | 징그다 | 호다	/ˈtək/	동사	Tuck the fabric
inspection	점검 | 점검열람 | 정밀검사	/ˌɪnˈspɛkʃən/	명사	We had to wait for the inspection before we could use the elevator
nursing	보육 | 양육하는 | 젖먹이기	/ˈnɝsɪŋ/	명사	
poop	피로하게 하다	/ˈpup/	명사	
cardinal	추기경 | 새빨간 | 진홍	/ˈkɑɹdənəɫ/	명사	A cardinal rule
altar	제대 | 제단 | 성찬대	/ˈɔɫtɝ/	명사	
herman		/ˈhɝmən/	명사	
conviction	확신 | 설득 | 죄의 자각	/kənˈvɪkʃən/	명사	The conviction came as no surprise
jelly	젤리 | 젤리처럼 되게하다	/ˈdʒɛɫi/	명사	
thrill	스릴 | 몸떨림 | 오싹하다	/ˈθɹɪɫ/	명사	The thrills of space travel
lounge	빈들빈들 지내다 | 휴게실	/ˈɫaʊndʒ/	동사	
zip	핑	/ˈzɪp/	명사	He's full of zip
hogan	호건	/ˈhoʊˌɡɑn/	명사	
dimension	차원 | 치수 | 용적	/dɪˈmɛnʃən/	명사	These techniques permit us to dimension the human heart
choke	목멤 | 색류 | 초크	/ˈtʃoʊk/	동사	Choke a carburetor
backing	지지 | 등붙이기 | 속널	/ˈbækɪŋ/	명사	Which horse are you backing?
pains	수고	/ˈpeɪnz/	명사	It pains me to see my children not being taught well in school
bodyguard	호위 | 호위병	/ˈbɑdiˌɡɑɹd/	명사	
rug	까는 모피 | 융단 | 깔개	/ˈɹəɡ/	명사	
jaw	어귀 | 입부분 | 군소리하다	/ˈdʒɔ/	명사	He jawed his bubble gum
ant	개미	/ˈænt/	명사	
popcorn	튀긴 옥수수	/ˈpɑpˌkɔɹn/	명사	
courtroom		/ˈkɔɹˌtɹum/	명사	Television cameras were admitted in the courtroom
reynolds	레이놀즈	/ˈɹɛnəɫdz/	명사	
pointless	무딘	/ˈpɔɪntɫəs/	형용사	A pointless remark
documentary	문서의 | 다큐멘터리 | 기획기사	/ˌdɑkjəˈmɛnɝi/	명사	
donor	기부자	/ˈdoʊnɝ/	명사	
mortgage	저당권 | 저당잡힘 | 저당	/ˈmɔɹɡədʒ/	명사	
enforcement	실시 | 집행 | 시행	/ɛnˈfɔɹsmənt/	명사	
demanding	요구가 지나친	/dɪˈmændɪŋ/	형용사	A baby can be so demanding
rapidly	얼른 | 급성장 | 재빨리	/ˈɹæpədɫi/	부사	
shipment	적하 | 적송품	/ˈʃɪpmənt/	명사	
rushed		/ˈɹəʃt/	형용사	He rushed down the hall to receive his guests
ordering	납품	/ˈɔɹdɝɪŋ/	명사	There were mistakes in the ordering of items on the list
efficient		/ɪˈfɪʃənt/	형용사	An efficient secretary
outrageous	황당 | 괘씸한	/aʊˈtɹeɪdʒəs/	형용사	Subjected to outrageous cruelty
gracious	상냥한	/ˈɡɹeɪʃəs/	형용사	Gracious living
slaughter	살해 | 도살 | 학살	/ˈsɫɔtɝ/	명사	They slaughtered their only goat to survive the winter
marijuana		/ˌmɛɹəˈwɑnə/	명사	
monroe		/mənˈɹoʊ/	명사	
backed	등을 댄	/ˈbækt/	형용사	The wind backed
vest	앞장식 | 조끼 | 옷을 입히다	/ˈvɛst/	동사	The property vests in the trustees
mechanic	직공 | 기계공	/məˈkænɪk/	명사	From blank to blank a threadless way I pushed mechanic feet
mumbai		/ˌmʊmˈbaɪ/	명사	
arizona		/ˌɛɹɪˈzoʊnə/	명사	
legendary	전설적	/ˈɫɛdʒənˌdɛɹi/	형용사	Legendary exploits of Jesse James
delayed	뒤 늦은	/dɪˈɫeɪd/	형용사	Traffic was delayed by the bad weather
resolve	의사 | 되다 | 귀착하다	/ɹiˈzɑɫv/	동사	Can this image be resolved?
relation	상관 | 친족관계 | 연고	/ɹiˈɫeɪʃən/	명사	International relations
amelia		/əˈmiɫjə/	명사	
mechanical	기계학의 | 역학적	/məˈkænɪkəɫ/	형용사	Mechanical arts
fare	요금 | 대접받다	/ˈfɛɹ/	명사	
karma	연분 | 갈마 | 업	/ˈkɑɹmə/	명사	
jefferson		/ˈdʒɛfɝsən/	명사	
chorus	합창하다 | 코러스 | 합창대	/ˈkɔɹəs/	명사	A chorus of boos
extend	건너치다 | 뻗치다 | 연장하다	/ɪkˈstɛnd/	동사	Extend the loan
info		/ˈɪnfoʊ/	명사	
saddle	안상부 | 등심고기 | 안장	/ˈsædəɫ/	명사	Saddle the horses
pretended	겉치레만의 | 새침하다 | 거짓의	/pɹiˈtɛndɪd/	형용사	A pretended interest
artificial	인위 | 부자연스러운	/ˌɑɹtəˈfɪʃəɫ/	형용사	Artificial fibers
accomplish	완수하다 | 이루다 | 가르치다	/əˈkɑmpɫɪʃ/	동사	
burial	안장	/ˈbɛɹiəɫ/	명사	
detention	붙듦 | 억류 | 유치	/dɪˈtɛnʃən/	명사	The detention of tardy pupils
vow	서원 | 다짐하다 | 서약	/ˈvaʊ/	동사	They took vows of poverty
bake	회식 | 구워지다	/ˈbeɪk/	동사	Bake the potatoes
breakdown	고장 | 붕괴 | 브레이크 댄싱	/ˈbɹeɪkˌdaʊn/	명사	There was a power breakdown
dvd		/ˌdiˌviˈdi/	명사	
delhi	델리	/ˈdɛɫi/	명사	
selected	선택된 | 당선되다	/səˈɫɛktɪd/	형용사	She selected a pair of shoes from among the dozen the salesgirl had shown her
lightly	살짝 | 경솔히 | 들떠서	/ˈɫaɪtɫi/	부사	He took it lightly
layer	놓는 사람 | 켜	/ˈɫeɪɝ/	명사	Layer the different colored sands
gown	가운 | 긴 겉옷 | 화장복	/ˈɡaʊn/	명사	The relations between town and gown are always sensitive
incoming	인입선 | 찾아듦 | 뒤를 잇는	/ˈɪnˌkəmɪŋ/	형용사	The incoming president
reid		/ˈɹid/	명사	
countryside	시골	/ˈkəntɹiˌsaɪd/	명사	
devon		/ˈdɛvən/	명사	
lethal	치사적인	/ˈɫiθəɫ/	형용사	A lethal injection
swan	백조	/ˈswɑn/	동사	
attending	등교	/əˈtɛndɪŋ/	명사	
moonlight	달빛 | 아르바이트할	/ˈmunˌɫaɪt/	명사	Moonlight is the smuggler's enemy
dispatch	급파하다 | 파출 | 급송	/dɪˈspætʃ/	동사	It was done with dispatch
notebook	어음첩 | 잡기장 | 필기장	/ˈnoʊtˌbʊk/	명사	
identification	신분 증명 | 표지	/aɪˌdɛntəfəˈkeɪʃən/	명사	Identification of the gun was an important clue
scattered	성긴	/ˈskætɝd/	형용사	Scattered showers
trusting	믿는	/ˈtɹəstɪŋ/	형용사	
remembering	상기	/ɹiˈmɛmbɝɪŋ/	명사	He enjoyed remembering his father
adopt	취하다 | 채택하다 | 채용하다	/əˈdɑpt/	동사	Adopt a book for a screenplay
calvin	칼뱅	/ˈkæɫvən/	명사	
consideration	이해성 | 참작 | 대가	/kənˌsɪdɝˈeɪʃən/	명사	He showed no consideration for her feelings
bandit	악당 | 산적	/ˈbændət/	명사	
moses	모세	/ˈmoʊzəs/	명사	
non		/ˈnɑn/	부사	
transplant	이식하다	/tɹænsˈpɫænt/	동사	He had a kidney transplant
crackling	짜낸찌끼 | 파삭파삭함 | 매력적인 여성들	/ˈkɹækɫɪŋ/	명사	
loneliness	외로움 | 쓸쓸함 | 고독	/ˈɫoʊnɫinəs/	명사	
epic	서사시	/ˈɛpɪk/	명사	
gladly	즐거이 | 기꺼이 | 쾌히	/ˈɡɫædɫi/	부사	This was gladly agreed to
marcel	마르셀식 웨이브	/mɑɹˈsɛɫ/	명사	
mon		/ˈmɑn/	명사	
frost	프로스트 | 결상 | 서릿발	/ˈfɹɔst/	명사	Frost the glass
registration	기명 | 등록건수 | 등록자수	/ˌɹɛdʒɪˈstɹeɪʃən/	명사	
prophet	예언서 | 예언자	/ˈpɹɑfət/	명사	
constitution	헌법 | 율령 | 국체	/ˌkɑnstəˈtuʃən/	명사	The constitution of a PTA group last year
buyer	매수자 | 사는사람	/ˈbaɪɝ/	명사	
regulation	정리 | 조절 | 조정	/ˌɹɛɡjəˈɫeɪʃən/	명사	Regulation army equipment
volcano	화산	/vɑɫˈkeɪnoʊ/	명사	
accomplice	가담자 | 공범자 | 동류	/əˈkɑmpɫəs/	명사	
bounty	하사품 | 장려금	/ˈbaʊnti/	명사	
pressed	모자라서 | 눌린 | 다린	/ˈpɹɛst/	형용사	Pressed flowers
asylum	양육권 | 수용소 | 도피처	/əˈsaɪɫəm/	명사	
blunt	날이무딘 | 무디어지다 | 날 없는	/ˈbɫənt/	형용사	The blunt truth
duel	결투하다 | 결투	/ˈduəɫ/	명사	In the 19th century, men often dueled over small matters
nile	나일강	/ˈnaɪɫ/	명사	
consult	상담하다 | 의논하다 | 참고하다	/kənˈsəɫt/	동사	Consult your local broker
nevertheless	하지만 | 해도 | 하긴	/ˌnɛvɝðəˈɫɛs/	부사	While we disliked each other, nevertheless we agreed
carnival	사육제 | 순회흥행 | 스포츠경기	/ˈkɑɹnəvəɫ/	명사	The whole occasion had a carnival atmosphere
au		/ˈoʊ/	명사	
baba		/ˈbɑbə/	명사	
tray	쟁반 | 얕은 접시	/ˈtɹeɪ/	명사	
cynthia	킨티아	/ˈsɪnθiə/	명사	
te		/ˈti/	명사	
handcuff	쇠고랑 | 치고받기 | 수갑	/ˈhændˌkəf/	명사	The police handcuffed the suspect at the scene of the crime
shannon		/ˈʃænən/	명사	
barrier	장벽 | 방해 | 방벽	/ˈbæɹiɝ/	명사	Intolerance is a barrier to understanding
supposedly	상상상	/səˈpoʊzədɫi/	부사	
faggot	동성애자 | 호모 | 미운녀석	/ˈfæɡət/	동사	Faggot up the sticks
hunch	육봉	/ˈhəntʃ/	명사	
disposal	대처하다 | 처분	/dɪˈspoʊzəɫ/	명사	Used all the resources at his disposal
yacht	정장 | 요트	/ˈjɑt/	명사	
stain	묻다 | 얼룩지다 | 착색하다	/ˈsteɪn/	동사	The wine left a dark stain
thoughtful		/ˈθɔtfəɫ/	형용사	A thoughtful paper
healed		/ˈhiɫd/	형용사	The incision is healed
syndrome	증후군 | 행동형	/ˈsɪnˌdɹoʊm/	명사	Every word has a syndrome of meanings
hairy	털이 많은	/ˈhɛɹi/	형용사	A hairy caterpillar
kansas		/ˈkænzəs/	명사	
entertain	간직하다	/ˌɛnɝˈteɪn/	동사	Entertain interesting notions
ambush	매복	/ˈæmˌbʊʃ/	명사	
childish	애티	/ˈtʃaɪɫdɪʃ/	형용사	Childish tantrums
gilbert	길버트	/ˈɡɪɫbɝt/	명사	
lease	임대하다 | 조차지	/ˈɫis/	동사	
unstable	변하기쉬운 | 분해하기쉬운	/ənˈsteɪbəɫ/	형용사	An unstable world economy
exploded	논파된	/ɪksˈpɫoʊdəd/	형용사	His anger exploded
apollo	아폴로 | 미남 | 아폴로우주선	/əˈpɑɫoʊ/	명사	
rogers		/ˈɹɑdʒɝz/	명사	
r	준 성인용	/ˈɑɹ/	명사	
await		/əˈweɪt/	동사	
abraham	아브라함	/ˈeɪbɹəˌhæm/	명사	Judaism, Christianity, and Islam each has a special claim on Abraham
particle	미량 | 미분자 | 질점	/ˈpɑɹtəkəɫ/	명사	
violation	위반 | 범 | 어김	/vaɪəˈɫeɪʃən/	명사	He claimed a violation of his rights under the Fifth Amendment
lined		/ˈɫaɪnd/	형용사	Tree lined streets
amazed	놀란 | 기절초풍	/əˈmeɪzd/	형용사	An amazed audience gave the magician a standing ovation
lure	미끼	/ˈɫʊɹ/	동사	He lured me into temptation
lyric	서정시	/ˈɫɪɹɪk/	명사	A lyric soprano
pod	꼬투리를 까다 | 꼬투리	/ˈpɑd/	명사	Pod peas or beans
universal	일반 | 일반적 | 보편적	/ˌjunəˈvɝsəɫ/	형용사	Universal chuck
hulk	폐함 | 멋없이 큰배	/ˈhəɫk/	명사	
drunken	술고래의	/ˈdɹəŋkən/	형용사	A drunken binge
continuing	영구적인 | 이어서	/kənˈtɪnjuɪŋ/	형용사	The continuing struggle to put food on the table
warming	가온 | 따뜻해짐 | 따뜻하게 함	/ˈwɔɹmɪŋ/	형용사	
dc	교직양용의	/ˌdiˈsi/	명사	
owl	올빼미	/ˈaʊɫ/	명사	
cane	지팡이 | 막대기 | 매질하다	/ˈkeɪn/	명사	
avenge	복수하다	/əˈvɛndʒ/	동사	He wants to avenge the murder of his brother
dexter	길조의 | 운이 좋은	/ˈdɛkstɝ/	형용사	
phantom	꼭두 | 유령 | 환영	/ˈfænəm/	명사	Seemed to hear faint phantom bells
notion	하고픈생각 | 상념 | 개념	/ˈnoʊʃən/	명사	Buttons and needles are notions
tease	괴롭히기 | 놀려대기 | 조르기	/ˈtiz/	동사	He ignored their teases
forensic	토론의 | 법정의	/ˌfɔˈɹɛnsɪk/	형용사	Forensic photograph
outcome		/ˈaʊtˌkəm/	명사	
shattered		/ˈʃætɝd/	형용사	The wine glass shattered
cheque	급부	/ˈtʃɛk/	명사	
baked		/ˈbeɪkt/	형용사	Land lying baked in the heat
sought		/ˈsɔt/	형용사	The long sought relatives
racket	암거래 | 유흥 | 공갈치다	/ˈɹækɪt/	명사	
rider	추서 | 부대의견 | 응용예제	/ˈɹaɪdɝ/	명사	
exotic	외국적 | 희한하다 | 이국풍	/ɪɡˈzɑtɪk/	형용사	An exotic hair style
extent	넓이	/ɪkˈstɛnt/	명사	The extent of the damage
eighth		/ˈeɪtθ/	형용사	
stack	걸어총 | 낟가리 | 걸어총하다	/ˈstæk/	명사	Stack the deck of cards
wheat	밀	/ˈhwit/	명사	
shipping	출하 | 해운업 | 배에 싣기	/ˈʃɪpɪŋ/	명사	
satisfy	풀게하다 | 충족시키다 | 만족시키다	/ˈsætəsˌfaɪ/	동사	
departure	발차	/dɪˈpɑɹtʃɝ/	명사	
finch	피리새류	/ˈfɪntʃ/	명사	
blocking	블로킹 | 오리대 | 블로킹하기	/ˈbɫɑkɪŋ/	명사	You are blocking the name of your first wife!
regiment	연대 | 편제	/ˈɹɛdʒəmənt/	명사	Regiment soldiers
kin	혈족관계 | 일가친척	/ˈkɪn/	명사	
surf	밀려오는 파도	/ˈsɝf/	동사	Californians love to surf
kilometer	킬로미터	/ˈkɪɫəˌmitɝ/	명사	
frighten	겁내다 | 무서워하다	/ˈfɹaɪtən/	동사	The stranger who hangs around the building frightens me
abused		/əbˈjuzd/	형용사	An abused substance
colours		/ˈkəɫɝz/	명사	
spaghetti	스파게티	/spəˈɡɛti/	명사	
chester		/ˈtʃɛstɝ/	명사	
snarl	으르렁거림 | 소리지르며 말하다 | 으르렁거리다	/ˈsnɑɹɫ/	동사	The guard snarled at us
contained	억제하는	/kənˈteɪnd/	형용사	The oil spill is contained
arab	아랍 | 아라비아사람 | 아라비아 사람의	/ˈæɹəb/	명사	
chili	칠레고추	/ˈtʃɪɫi/	명사	
sustained		/səˈsteɪnd/	형용사	Sustained flight
abduct	외전시키다 | 유괴하다	/æbˈdəkt/	동사	This muscle abducts
panicked		/ˈpænɪkt/	형용사	Felt panicked before each exam
shallow	얕은 | 얕게 하다 | 천박한	/ˈʃæɫoʊ/	형용사	A shallow closet
diving	다이빙 | 잠수업 | 잠수	/ˈdaɪvɪŋ/	명사	The children enjoyed diving and looking for shells
generator	발생기 | 발전기	/ˈdʒɛnɝˌeɪtɝ/	명사	He was the generator of several complaints
federation	연맹	/ˌfɛdɝˈeɪʃən/	명사	
arresting	구인	/ɝˈɛstɪŋ/	형용사	An arresting drawing of people turning into animals
untie	풀다 | 속박을 풀다 | 끄르다	/ənˈtaɪ/	동사	They untied the prisoner
jupiter	목성 | 주피터	/ˈdʒupətɝ/	명사	
hay	건초 | 건초를 만들다	/ˈheɪ/	명사	
stalking		/ˈstɔkɪŋ/	명사	
conrad	콘래드	/ˈkɑnɹæd/	명사	
phony		/ˈfoʊni/	형용사	
whack		/ˈhwæk/	동사	He gave the table a whack
continent	대륙 | 대주 | 본토	/ˈkɑntənənt/	명사	There are seven continents
oxford	옥스퍼드 대학	/ˈɑksfɝd/	명사	
organize	짜다 | 체계화하다 | 결성	/ˈɔɹɡəˌnaɪz/	동사	Organize a strike
sensor	감지기 | 측정기	/ˈsɛnsɝ/	명사	
shanghai	상하이	/ˈʃæŋˈhaɪ/	명사	The men were shanghaied after being drugged
sniper	저격병	/ˈsnaɪpɝ/	명사	
noisy	난한 | 시끄러운 | 소연	/ˈnɔɪzi/	형용사	A noisy sweater
framed		/ˈfɹeɪmd/	형용사	The innocent man was framed by the police
horizon	수평선 | 지평선	/hɝˈaɪzən/	명사	It is beyond the horizon of present knowledge
twilight	어둑새벽 | 여명기 | 어스레하게 밝은	/ˈtwaɪˌɫaɪt/	명사	He loved the twilight
reflection	반사 | 반성 | 재고	/ɹɪˈfɫɛkʃən/	명사	He studied his reflection in the mirror
godfather	대부	/ˈɡɑdˌfɑðɝ/	명사	
merchant	상인 | 무역상인 | 장사꾼	/ˈmɝtʃənt/	명사	
wages	임금 | 급여 | 급료	/ˈweɪdʒəz/	명사	Wages were paid by check
robe	관복 | 법복 | 예복입히다	/ˈɹoʊb/	명사	
waist	허리 | 몸통옷	/ˈweɪst/	명사	
stinking	구린 | 냄새나는	/ˈstɪŋkɪŋ/	형용사	It's a stinking world
disappointment	실망	/ˌdɪsəˈpɔɪntmənt/	명사	His hopes were so high he was doomed to disappointment
venture	결행하다 | 건 물건 | 모험	/ˈvɛntʃɝ/	동사	We ventured into the world of high-tech and bought a supercomputer
voyage		/ˈvɔɪədʒ/	명사	
curry	카레 | 카레요리 | 카레로 맛들이다	/ˈkəɹi/	동사	Curry tanned leather
ominous	험악하다	/ˈɑmənəs/	형용사	Ominous rumblings of discontent
sunlight	햇빛 | 태양광 | 햇볕	/ˈsənˌɫaɪt/	명사	
overseas	대외	/ˈoʊvɝˈsiz/	부사	Overseas markets
casualty	부상자 | 불상사 | 조난자	/ˈkæʒəɫti/	명사	
mattress	침대요 | 침상	/ˈmætɹəs/	명사	
grill	석쇠 | 쬐어지다 | 고기구이 요리	/ˈɡɹɪɫ/	명사	Grill the sausages
marketing	마케팅 | 매매	/ˈmɑɹkətɪŋ/	명사	We go marketing every Saturday
accepting		/ækˈsɛptɪŋ/	형용사	The atmosphere was judged to be more supporting and accepting
occupation	직업 | 점령 | 점유	/ˌɑkjəˈpeɪʃən/	명사	During the German occupation of Paris
deadline	시한	/ˈdɛdˌɫaɪn/	명사	
exhibit	증거물 | 출품하다 | 투약하다	/ɪɡˈzɪbɪt/	동사	He exhibits a great talent
echoing		/ˈɛkoʊɪŋ/	형용사	A hotel with echoing halls
shin	정강이	/ˈʃɪn/	명사	
compliments		/ˈkɑmpɫəmɛnts/	명사	
define		/dɪˈfaɪn/	동사	Define `sadness'
urine	소변 | 오줌	/ˈjɝən/	명사	There was blood in his urine
foreman	십장 | 배심장 | 직공장	/ˈfɔɹmən/	명사	If you want to leave early you have to ask the foreman
facial	미안술 | 얼굴 마사지 | 얼굴에[ 사용하는	/ˈfeɪʃəɫ/	명사	A facial massage
combined	결합된 | 화합한 | 합	/kəmˈbaɪnd/	형용사	These forces combined with others
probation	검정 | 보호 관찰	/pɹoʊˈbeɪʃən/	명사	Probation is part of the sentencing process
reject	불합격자 | 받지 않다 | 거부된 사람	/ˈɹidʒɛkt/	동사	I reject the idea of starting a war
gemma	무성아 | 아체	/ˈdʒɛmə/	명사	
pinch	꼬집음 | 바싹조리차다 | 광맥이가늘어지다	/ˈpɪntʃ/	동사	He pinched her behind
ingredient	성분 | 합성분 | 구성요소	/ˌɪnˈɡɹidiənt/	명사	Humor: an effective ingredient of a speech
ra		/ˈɹɑ/	명사	
hurricane	폭풍 | 허리케인 전투기	/ˈhəɹəˌkeɪnz/	명사	
mini	미니 | 미니카 | 미니스커트	/ˈmɪni/	명사	
destined	운명지어진 | 운명의	/ˈdɛstɪnd/	형용사	He is destined to be famous
limo	리무진	/ˈɫɪmoʊ/	명사	
spa	광천	/ˈspɑ/	명사	
graves	그라부산	/ˈɡɹeɪvz/	명사	
turkish	터키어	/ˈtɝkɪʃ/	형용사	
listed		/ˈɫɪstəd/	형용사	Erosion listed the old tree
evacuate	명도하다 | 철퇴하다 | 철병하다	/iˈvækjəˌeɪt/	동사	Evacuate the bottle
publish	발하다 | 펴내다 | 공포하다	/ˈpəbɫɪʃ/	동사	Publish a magazine or newspaper
judith	유디트 | 유디트서	/ˈdʒudəθ/	명사	
banned		/ˈbænd/	형용사	Smoking is banned in this building
predict	관철하다 | 예측하다 | 예보	/pɹiˈdɪkt/	동사	
ohio		/oʊˈhaɪoʊ/	명사	
holland	내덜란드	/ˈhɑɫənd/	명사	
confront	대하다 | 대결시키다 | 눈에 들이대다	/kənˈfɹənt/	동사	You must confront your opponent
utterly	전혀 | 순전히	/ˈətɝɫi/	부사	Utterly miserable
jonah	요나 | 요나서	/ˈdʒoʊnə/	명사	
ironic	반어의 | 반어적인 | 빗대는	/aɪˈɹɑnɪk/	형용사	An ironic novel
improved		/ˌɪmˈpɹuvd/	형용사	An improved breed
popping		/ˈpɑpɪŋ/	명사	The soldiers were popping
mills		/ˈmɪɫz/	명사	
farther	좀더 | 더먼 | 더멀리	/ˈfɑɹðɝ/	부사	Moved farther away
skipper	팔랑나비 | 주장 | 기장	/ˈskɪpɝ/	명사	
flatter	우쭐케하다 | 아첨하다 | 알랑거리다	/ˈfɫætɝ/	동사	
coconut		/ˈkoʊkəˌnət/	명사	
acknowledge	인정하다 | 알아주다 | 승인하다	/ækˈnɑɫɪdʒ/	동사	Acknowledge the deed
sweden	스웨덴	/ˈswidən/	명사	
hooray		/hʊˈɹeɪ/	명사	
sip	빨다 | 홀짝홀짝 마시다	/ˈsɪp/	동사	
grocery	식료품점 | 식료품류	/ˈɡɹoʊsɝi/	명사	The grocery store included a meat market
terminal	터미널 | 단자 | 최종	/ˈtɝmənəɫ/	명사	Terminal cancer
parks		/ˈpɑɹks/	명사	
meaningless		/ˈminɪŋɫəs/	형용사	A meaningless life
fade	파두 | 쭈그러들다 | 쇠퇴하다	/ˈfeɪd/	동사	The scene begins to fade
burton	맥주의일종	/ˈbɝtən/	명사	
wretched		/ˈɹɛtʃɪd/	형용사	A wretched life
krishna	크리슈나신	/ˈkɹiʃnə/	명사	
thoroughly	철저히 | 두루 | 순전히	/ˈθɝoʊɫi/	부사	We searched the files thoroughly
exhibition	전시회 | 전람회 | 전시	/ˌɛksəˈbɪʃən/	명사	A remarkable exhibition of musicianship
denver	덴버	/ˈdɛnvɝ/	명사	
doris		/ˈdɑɹəs/	명사	
luther	루터	/ˈɫuθɝ/	명사	
disappearance	실종 | 소실	/ˌdɪsəˈpiɹəns/	명사	The disappearance of resistance at very low temperatures
madrid		/məˈdɹɪd/	명사	
supported		/səˈpɔɹtɪd/	형용사	Well-supported allegations
advised		/ædˈvaɪzd/	형용사	Be kept advised
regina	현 여왕	/ɹɪˈdʒinə/	명사	
supermarket	슈퍼마켓	/ˈsupɝˌmɑɹkɪt/	명사	
hereby	이로 말미암아 | 이에 의하여	/hɪɹˈbaɪ/	부사	I hereby declare you man and wife
pier	교각 | 부두 | 창문사이의 벽	/ˈpɪɹ/	명사	
betrayal	매국노 | 배신 | 밀고자	/bɪˈtɹeɪəɫ/	명사	
philadelphia		/ˌfɪɫəˈdɛɫfiə/	명사	
psychology	심리학	/saɪˈkɑɫədʒi/	명사	
trent		/ˈtɹɛnt/	명사	
keeper	지기 | 임자 | 수비자	/ˈkipɝ/	명사	Am I my brother's keeper?
detroit		/ˈdiˌtɹɔɪt/	명사	
canadian	캐나다 의 | 캐나다 사람	/kəˈneɪdiən/	명사	
restless	잠못이루는 | 들떠 있는 | 불안하다	/ˈɹɛstɫəs/	형용사	The restless sea
collector	세리 | 수집기 | 집전기	/kəˈɫɛktɝ/	명사	
marvellous		/ˈmɑɹvəɫəs/	형용사	
physician	의사	/fəˈzɪʃən/	명사	
exposure	버려둠 | 노출 | 적발	/ɪkˈspoʊʒɝ/	명사	Exposure to the weather
grudge	원한 | 아끼다 | 한	/ˈɡɹədʒ/	명사	Holding a grudge
lid	뚜껑	/ˈɫɪd/	명사	He raised the piano lid
followers		/ˈfɑɫoʊɝz/	명사	
glow	만족감 | 작열 | 닮	/ˈɡɫoʊ/	동사	A glow of regret
submarine	잠수함 | 바다속의	/ˈsəbmɝˌin/	명사	The Germans submarined the Allies
pawn	졸 | 저당잡히다 | 볼모	/ˈpɔn/	명사	Pawn your grandfather's gold watch
lu		/ˈɫu/	명사	
proposition	유혹하다	/ˌpɹɑpəˈzɪʃən/	명사	She was propositioned by a stranger at the party
joker	조커	/ˈdʒoʊkɝ/	명사	Some joker is blocking the driveway
opposition	저항 | 대항 | 대립	/ˌɑpəˈzɪʃən/	명사	Her Majesty's loyal opposition
haley		/ˈheɪɫi/	명사	
hose	호스	/ˈhoʊz/	명사	
partnership	조합계약 | 합명회사 | 상사	/ˈpɑɹtnɝˌʃɪp/	명사	The action teams worked in partnership with the government
usa		/ˌjuˌɛˈseɪ/	명사	
whoop	그르렁거리다 | 후우후우 울다 | 와와 떠들어대다	/ˈhwup/	동사	The children whooped when they were led to the picnic table
astronaut	우주비행사	/ˈæstɹəˌnɑt/	명사	The Russians called their astronauts cosmonauts
porch	현관 | 베란다	/ˈpɔɹtʃ/	명사	
leonardo		/ˌɫiəˈnɑɹdoʊ/	명사	
wishing		/ˈwɪʃɪŋ/	명사	He was above all wishing and desire
boil	격분하다 | 비등하다 | 삶다	/ˈbɔɪɫ/	동사	They brought the water to a boil
kneel	무릎꿇다	/ˈniɫ/	동사	In church you have to kneel during parts of the service
tammy		/ˈtæmi/	명사	
clumsy	서투르다 | 꼴사나운 | 서투른	/ˈkɫəmzi/	형용사	A clumsy apology
rapid	신속하다 | 급한 | 고감도	/ˈɹæpəd/	형용사	A rapid movement
stevens		/ˈstivənz/	명사	
roller	롤러 | 심대 | 굴림대	/ˈɹoʊɫɝ/	명사	
thai	타이 말 | 타이 사람	/ˈtaɪ/	형용사	The Thai border with Laos
justify	이유가 되다 | 정당화하다	/ˈdʒəstəˌfaɪ/	동사	Justify the margins
garlic	마늘	/ˈɡɑɹɫɪk/	명사	
yelled		/ˈjɛɫd/	형용사	I yelled to her from the window but she couldn't hear me
ammunition	공격수단 | 탄약	/ˌæmjəˈnɪʃən/	명사	His admission provided ammunition for his critics
sushi	횟감	/ˈsuʃi/	명사	
shaft	통로 | 축대 | 샤프트	/ˈʃæft/	명사	She threw shafts of sarcasm
definition	정의 | 선명도	/ˌdɛfəˈnɪʃən/	명사	Exercise had given his muscles superior definition
chandler	챈들러 | 잡화상	/ˈtʃændɫɝ/	명사	
ne		/ˈneɪ/	명사	
notify	통보하다 | 계출하다 | 공시하다	/ˈnoʊtəˌfaɪ/	동사	
brady		/ˈbɹeɪdi/	명사	
setup	소다수 | 설정하다 | 채비	/ˈsɛˌtəp/	명사	It takes time to learn the setup around here
greed	욕심 | 탐 | 탐욕	/ˈɡɹid/	명사	
unlucky	공교로운 | 기구하다 | 잘되지 않는	/ənˈɫəki/	형용사	Friday the 13th is an unlucky date
classroom	교실	/ˈkɫæsˌɹum/	명사	
treaty	조약 | 맹약	/ˈtɹiti/	명사	
hike	도보여행	/ˈhaɪk/	명사	Hike the Rockies
dagger	칼표 | 이중 칼표 | 단도	/ˈdæɡɝ/	명사	
spine	가시 | 등뼈	/ˈspaɪn/	명사	The title and author were printed on the spine of the book
detect		/dɪˈtɛkt/	동사	She detected high levels of lead in her drinking water
chow	중국사람 | 중국산 개	/ˈtʃaʊ/	명사	
des		/ˈdɛs/	명사	
handwriting	육필 | 필사본 | 필적	/ˈhænˌdɹaɪtɪŋ/	명사	She recognized his handwriting
mock	우롱 | 조소하다 | 흉내내어 우롱하다	/ˈmɑk/	동사	Boys in mock battle
challenging	도전적인	/ˈtʃæɫəndʒɪŋ/	형용사	A challenging hypothesis
salon	객실 | 미술 전람회장 | 응접실	/səˈɫɑn/	명사	
virtue	선량 | 미점 | 덕	/ˈvɝtʃu/	명사	
lawsuit	소송 | 송사 | 대인 소송	/ˈɫɔˌsut/	명사	
clap	손뼉치기 | 탕닫히다 | 파닥이다	/ˈkɫæp/	동사	Clap two boards together
mustache	콧수염	/ˈməsˌtæʃ/	명사	He looked younger after he shaved off his mustache
offence			명사	He took offence at my question
sultan	술탄 | 회교국군주	/ˈsəɫtən/	명사	
attraction	흡인 | 끄는 힘 | 인력	/əˈtɹækʃən/	명사	Her personality held a strange attraction for him
franco	총통	/ˈfɹæŋkoʊ/	명사	
fortress	요새 | 성 | 요새로 방어하다	/ˈfɔɹtɹəs/	명사	
peel	허물벗다 | 박탈 | 껍질을 벗기다	/ˈpiɫ/	동사	The paint in my house is peeling off
petrol	가솔린	/ˈpɛtɹoʊɫ/	명사	
asset	가치있는것	/ˈæˌsɛt/	명사	
warp	날실 | 뒤둥그러짐 | 뒤둥그러찌다	/ˈwɔɹp/	동사	
workshop	강습회 | 작업장	/ˈwɝkˌʃɑp/	명사	
appreciated		/əˈpɹiʃiˌeɪtɪd/	형용사	The yen appreciated again!
condemn	선고하다 | 운명지우다 | 책망하다	/kənˈdɛm/	동사	Her strange behavior condemned her
muttering		/ˈmətɝɪŋ/	명사	
shook		/ˈʃʊk/	명사	His hands shook
naval		/ˈneɪvəɫ/	형용사	Naval commander
egyptian	이집트의 | 이집트사람	/ɪˈdʒɪpʃən/	명사	
expand	팽창시키다 | 번지다 | 발전시키다	/ɪkˈspænd/	동사	The dough expands
sunrise	일출 | 해돋이 | 해뜰녘	/ˈsənˌɹaɪz/	명사	High-technology sunrise industries
swine	돼지	/ˈswaɪn/	명사	
jingle	따르릉 | 짤랑짤랑	/ˈdʒɪŋɡəɫ/	명사	The jingle of coins
lordship	군주임 | 귀족임	/ˈɫɔɹdʃɪp/	명사	
peach	복숭아 | 복숭아 빛 | 멋진 것	/ˈpitʃ/	명사	
filmed		/ˈfɪɫmd/	형용사	A filmed documentary
pakistan	파키스탄	/ˈpækɪˌstæn/	명사	
selection	취재 | 가려냄 | 전형	/səˈɫɛkʃən/	명사	The store carried a large selection of shoes
squeaking		/ˈskwikɪŋ/	형용사	
condom	콘돔	/ˈkɑndəm/	명사	
alongside	곁에 | 옆으로 대어	/əˈɫɔŋˈsaɪd/	부사	
democratic	민주주의의 | 민주적인	/ˌdɛməˈkɹætɪk/	형용사	Democratic senator
nerd	백면서생	/ˈnɝd/	명사	
crook	변주관 | 양치기의지팡이 | 굽다	/ˈkɹʊk/	명사	A crook in the path
mack	매춘 알선자 | 자네.남자 이름	/ˈmæk/	명사	
grasp	쥠 | 파악하다 | 잡으려 하다	/ˈɡɹæsp/	동사	A terrible power had her in its grasp
translate	번역하다	/tɹænˈsɫeɪt/	동사	He translates for the U.N.
humiliating	굴욕적인	/hjuˈmɪɫiˌeɪtɪŋ/	형용사	
quarrel	다투다 | 다툼 | 싸움하다	/ˈkwɔɹəɫ/	동사	They had a quarrel
lively	쾌할한 | 잘 튀는 | 선명한	/ˈɫaɪvɫi/	형용사	A lively discussion
fury	격노 | 격렬	/ˈfjʊɹi/	명사	Hell hath no fury like a woman scorned
battlefield	전지 | 전장 | 싸움터	/ˈbætəɫˌfiɫd/	명사	They made a tour of Civil War battlefields
sticky	무더운 | 아교질	/ˈstɪki/	형용사	A sticky question
glen	협곡	/ˈɡɫɛn/	명사	
primitive	원시적 | 원어. | 원시적인	/ˈpɹɪmətɪv/	형용사	Primitive mammals
reign	군림하다 | 치세 | 왕대	/ˈɹeɪn/	동사	Money reigns supreme here
eugene		/ˈjudʒin/	명사	
stash	따로 떼어두다	/ˈstæʃ/	명사	
evolve	진화시키다 | 전개하다 | 진화하다	/iˈvɑɫv/	동사	Modern man evolved a long time ago
unlock		/ənˈɫɑk/	동사	Unlock the door
devices	꾀	/dɪˈvaɪsəz/	명사	The children were left to their own devices
peculiar	특별한 | 괴상함 | 독특하다	/pəkˈjuɫjɝ/	형용사	Rights peculiar to the rich
foreigner	외국인 | 도래인 | 외인	/ˈfɑɹənɝ/	명사	
mint	박하사탕 | 박하	/ˈmɪnt/	명사	In mint condition
pissing		/ˈpɪˌsɪŋ/	명사	
fuse	신관 | 융합시키다	/ˈfjuz/	동사	The storm fused the electric mains
freezer	냉장고 | 냉동기 | 냉동고	/ˈfɹizɝ/	명사	
inheritance	가독 | 상속재산 | 유전질	/ˌɪnˈhɛɹətəns/	명사	My only inheritance was my mother's blessing
beckett		/ˈbɛkɪt/	명사	
bollocks	망쳐놓다 | 불알 | 고환	/ˈbɔɫɔks/	동사	
swept		/ˈswɛpt/	형용사	The diva swept into the room
recognition	표창 | 인정 | 알아봄	/ˌɹɛkəɡˈnɪʃən/	명사	Give her recognition for trying
shovel	큰 숟갈 | 삽으로 푸다 | 삽	/ˈʃəvəɫ/	명사	
artistic	예술적 | 미술의 | 미술적인	/ɑɹˈtɪstɪk/	형용사	Artistic workmanship
ferry	도선하다 | 나루터 | 도선업	/ˈfɛɹi/	동사	
misunderstood		/ˌmɪsəndɝˈstʊd/	형용사	A misunderstood question
portal		/ˈpɔɹtəɫ/	명사	The portals of heaven
atomic		/əˈtɑmɪk/	형용사	Atomic hydrogen
defensive	수세 | 방수	/dɪˈfɛnsɪv/	형용사	Defensive weapons
kat		/ˈkæt/	명사	In Yemen kat is used daily by 85% of adults
sensation	센세이션	/sɛnˈseɪʃən/	명사	A sensation of touch
increasing		/ˌɪnˈkɹisɪŋ/	형용사	Increasing prices
fugitive	도망하는 | 도망친 | 도망자	/ˈfjudʒətɪv/	명사	Fugitives from the sweatshops
urban	도시 재개발 | 스프롤 현상 | 준자치 도시	/ˈɝbən/	형용사	Urban sociology
bathing		/ˈbeɪðɪŋ/	명사	
gregory	그레고리오 | 그레고리우스	/ˈɡɹɛɡɝi/	명사	
delight	신 | 즐기다 | 유쾌	/dɪˈɫaɪt/	명사	The new car is a delight
boundary	경계 | 계면 | 지경	/ˈbaʊndɝi/	명사	
caution	조심 | 예령 | 조심스러움	/ˈkɑʃən/	명사	A man of caution
elli			명사	
strangled		/ˈstɹæŋɡəɫd/	형용사	A strangled scream
thorough	주도 | 철저	/ˈθɝoʊ/	형용사	Thorough research
ike		/ˈaɪk/	명사	
nude	발가벗은 | 발거벗기다 | 나체	/ˈnud/	명사	They swam in the nude
tidy	치우다 | 정돈하다	/ˈtaɪdi/	형용사	Tidy up your room!
tate		/ˈteɪt/	명사	
obligation	있다 | 의무	/ˌɑbɫəˈɡeɪʃən/	명사	He is under an obligation to finish the job
clearance	오케이 | 결제 | 출항	/ˈkɫɪɹəns/	명사	The plane was given clearance to land
reserved	남겨둔 | 전세낸 | 전세준	/ɹiˈzɝvd/	형용사	Was habitually reserved in speech, withholding her opinion
nasa	나사 | 미국 항공우주국	/ˈnæsə/	명사	
spock		/ˈspɑk/	명사	
reflect	되접다 | 반영하다 | 반사하다	/ɹɪˈfɫɛkt/	동사	Her sunglasses reflected his image
jammed		/ˈdʒæmd/	형용사	The mechanism jammed
sleeve		/ˈsɫiv/	명사	
classy	고급인 | 신분이 높은	/ˈkɫæsi/	형용사	
fag	노역 | 동성연애자 | 비역쟁이	/ˈfæɡ/	동사	
bradley		/ˈbɹædɫi/	명사	
ex-husband	전남편	/ˈɛksˈhəzbənd/	명사	
longest		/ˈɫɔŋɡəst/	부사	She stayed longest
confirmation	확인 | 견진성사 | 확립	/ˌkɑnfɝˈmeɪʃən/	명사	Confirmation of the appointment
mushroom	버섯	/ˈməʃɹum/	명사	The problem mushroomed
cyrus		/ˈsaɪɹəs/	명사	
millionaire	백만장자	/ˌmɪɫjəˈnɛɹ/	명사	
adoption	입양 | 채용 | 채택	/əˈdɑpʃən/	명사	Its adoption by society
wired		/ˈwaɪɝd/	형용사	A well-wired house
comet	혜성	/ˈkɑmət/	명사	
cheerful	쾌히하는 | 즐거운 | 마음으로 부터의	/ˈtʃɪɹfəɫ/	형용사	A cheerful room
deb		/ˈdɛb/	명사	
acceptable		/ækˈsɛptəbəɫ/	형용사	Acceptable English usage
realistic	실재론적 | 현실적 | 현실적인	/ˌɹiəˈɫɪstɪk/	형용사	A realistic novel
sufficient	충분한 | 흡족	/səˈfɪʃənt/	형용사	Sufficient food
cosmic	질서있는	/ˈkɑzmɪk/	형용사	Cosmic catastrophe
intellectual	지식인 | 지적 | 이지적인	/ˌɪnəˈɫɛktʃuəɫ/	명사	Coldly intellectual
vomit	토하다 | 구토물 | 토제	/ˈvɑmət/	명사	After drinking too much, the students vomited
warmth	따뜻함 | 온정	/ˈwɔɹmθ/	명사	An agreeable warmth in the house
magnum		/ˈmæɡnəm/	명사	
alas	슬픈지고	/əˈɫæs/	부사	Alas, I cannot stay
offend	거슬리다	/əˈfɛnd/	동사	Offend all laws of humanity
overwhelming	압도적	/ˌoʊvɝˈwɛɫmɪŋ/	형용사	Overwhelming joy
sherry	셰리	/ˈʃɛɹi/	명사	
inherited		/ˌɪnˈhɛɹətɪd/	형용사	An inherited disease
refrigerator	냉장기 | 빙실 | 증기응결기	/ɹəˈfɹɪdʒɝˌeɪtɝ/	명사	
instructor	교사 | 가르치는 사람	/ˌɪnˈstɹəktɝ/	명사	
overtime	야근 | 잔업 시간 | 정시 외의	/ˈoʊvɝˌtaɪm/	명사	She often has to work overtime
percy		/ˈpɝsi/	명사	
laurel		/ˈɫɔɹəɫ/	명사	
drift	이동 | 표류 | 떼밀어	/ˈdɹɪft/	동사	Sand drifting like snow
ruthless	가차없는 | 모질다 | 무정한	/ˈɹuθɫəs/	형용사	An act of ruthless ferocity
crappy	시시한 | 쓰잘데 없는	/ˈkɹæˌpi/	형용사	
sidney		/ˈsɪdni/	명사	
depressing		/dɪˈpɹɛsɪŋ/	형용사	The economic outlook is depressing
doom	운명짓다	/ˈdum/	동사	This decision will doom me to lose my position
milo	마일로	/ˈmaɪɫoʊ/	명사	
cant	변말 | 캔트 | 위선적인 말투	/ˈkænt/	명사	
backpack	배낭	/ˈbækˌpæk/	명사	Every summer they are backpacking in the Rockies
aisle	통로 | 좌석.객차등의 통로	/ˈaɪəɫ/	명사	
insulting	모욕적인 | 무례한	/ˌɪnˈsəɫtɪŋ/	형용사	
edition	호화판	/əˈdɪʃən/	명사	The first edition appeared in 1920
losses		/ˈɫɔsəz/	명사	
preacher		/ˈpɹitʃɝ/	명사	
schmidt		/ˈʃmɪt/	명사	
swinging	활개젓는 | 음률적이고 생동하는 | 흔들거리는	/ˈswɪŋɪŋ/	명사	A swinging pace
sinking		/ˈsɪŋkɪŋ/	명사	With a sinking heart
casting	배역 | 주물 | 똥	/ˈkæstɪŋ/	명사	
demonstrate	논증하다 | 선동하다	/ˈdɛmənˌstɹeɪt/	동사	This decision demonstrates his sense of fairness
beggar	거지 | 무력하게 하다	/ˈbɛɡɝ/	명사	This beggars description!
raven	찾아 다니다 | 갈가마귀	/ˈɹeɪvən/	동사	The lions ravened the bodies
activate	동원하다 | 활성화하다	/ˈæktəˌveɪt/	동사	Activate a metal
heroic	영웅적인 | 영웅시의 | 장렬한	/hɪˈɹoʊɪk/	형용사	Heroic sculpture
queer	이상하다 | 결딴내다 | 기묘한	/ˈkwɪɹ/	형용사	Something definitely queer about this town
uk		/ˌjuˈkeɪ/	명사	
matching	어울리는 | 걸맞는 | 매칭	/ˈmætʃɪŋ/	형용사	
trump	으뜸패 | 조작하다	/ˈtɹəmp/	동사	Clubs were declared trumps
resignation	사임 | 체념 | 포기	/ˌɹɛzəɡˈneɪʃən/	명사	He submitted his resignation as of next month
newton	뉴턴 | 미적분의 발견자 | 수학자	/ˈnutən/	명사	
sincerely		/sɪnˈsɪɹɫi/	부사	She praised him sincerely for his victory
saul	사울	/ˈsɔɫ/	명사	Paul's name was Saul prior to his conversion to Christianity
madman		/ˈmædˌmæn/	명사	
poke	천착하다 | 자리공 | 포켓	/ˈpoʊk/	동사	Poke the embers in the fireplace
spicy	맵다 | 상스런 | 싸한	/ˈspaɪsi/	형용사	
swap	부부 교환	/ˈswɑp/	동사	
sheer	가파른	/ˈʃɪɹ/	형용사	Sheer stupidity
spaceship	우주선 | 정장	/ˈspeɪsˌʃɪp/	명사	
blink	깜박거리다 | 무시하다-깜박거림	/ˈbɫɪŋk/	동사	Blink away tears
steer	관계하지 않다 | 인도하다 | 조종하다	/ˈstɪɹ/	동사	Steer clear of him
injection	주사 | 관장약 | 인젝션	/ˌɪnˈdʒɛkʃən/	명사	
reform	수정하다 | 개심 | 교정	/ɹəˈfɔɹm/	명사	Reform your conduct
mother-in-law		/ˈməðɝɪnˌɫɔ/	명사	
virtually		/ˈvɝtʃuəɫi/	부사	I'm virtually broke
tapping	툭 | 툭툭 | 토닥토닥	/ˈtæpɪŋ/	명사	He heard the tapping of the man's cane
tequila	테킬라	/təˈkiɫə/	명사	
inquiry	조사 | 문의 | 심리	/ˌɪnˈkwaɪˌɹi/	명사	
formation	형성 | 편대	/fɔɹˈmeɪʃən/	명사	A defensive formation
unemployed	실직한	/ˌənɛmˈpɫɔɪd/	형용사	The long-term unemployed need assistance
striking	인상적인 | 두드러진	/ˈstɹaɪkɪŋ/	형용사	The auto workers are striking for higher wages
antique	골동품 | 고물 | 안티크체의 활자	/ænˈtik/	형용사	Antique furniture
il		/ˈɪɫ/	명사	
sherlock		/ˈʃɝˌɫɑk/	명사	
puke	토한것	/ˈpjuk/	명사	You cowardly little pukes!
hysterical		/hɪˈstɛɹɪkəɫ/	형용사	Hysterical amnesia
employment	사용 | 취직 | 취업	/ɛmˈpɫɔɪmənt/	명사	He is looking for employment
dodge	다지 | 말을 둘러대다 | 몸을 돌려피함	/ˈdɑdʒ/	동사	He dodged the issue
unite	합치다 | 겸비하다 | 일치하다	/ˈjuˌnaɪt/	동사	She unites charm with a good business sense
mumbling		/ˈməmbəɫɪŋ/	명사	
repeating	연발하는 | 반복하는 | 순환하는	/ɹiˈpitɪŋ/	명사	
mule	노새	/ˈmjuɫ/	명사	
neighbourhood		/ˈneɪbɝˌhʊd/	명사	
hayes		/ˈheɪz/	명사	
bats		/ˈbæts/	형용사	He got four hits in four at-bats
liv		/ˈɫɪv/	형용사	
bunker	벙커 | 지하 엄폐호	/ˈbəŋkɝ/	명사	The ship's bunkers were full of coal
channels		/ˈtʃænəɫz/	명사	Surfing through the channels
phenomenon	경이	/fəˈnɑməˌnɑn/	명사	
expel	제명하다 | 내몰다 | 방출하다	/ɪkˈspɛɫ/	동사	
iv			명사	
premises		/ˈpɹɛməsəz/	명사	Bread is baked on the premises
pronounce	발음하다 | 선고하다 | 판단을 내리다	/pɹəˈnaʊns/	동사	She pronounces French words in a funny way
ng		/ˈɛŋ/	명사	
bridges	시설물	/ˈbɹɪdʒəz/	명사	
ape	고릴라 | 오랑우탄	/ˈeɪp/	명사	Her little brother apes her behavior
bruise	멍멍 | 타박상	/ˈbɹuz/	동사	I bruised my knee
annoyed	시달리다	/əˈnɔɪd/	형용사	
hometown	고향	/ˈhoʊmˌtaʊn/	명사	He never went back to his hometown again
earring	귀고리 | 이어링	/ˈiɹɪŋ/	명사	
discreet		/dɪsˈkɹit/	형용사	A discreet silence
morphine	모르핀	/ˈmɔɹfin/	명사	
narrate	나레이타가 되다	/ˈnɛˌɹeɪt/	동사	
rookie	신병 | 새징모병	/ˈɹʊki/	명사	
peanuts	땅콩	/ˈpiˌnəts/	명사	Her salary is peanuts compared to his
camel	낙타 | 낙타색 | 부함	/ˈkæməɫ/	명사	
chewing		/ˈtʃuɪŋ/	명사	
runner	내탐자 | 도주자 | 동활차	/ˈɹənɝ/	명사	He sent a runner over with the contract
sponsor	대부 | 대모 | 광고주	/ˈspɑnsɝ/	동사	The senator announced that he would sponsor the health care plan
fulfilled		/fʊɫˈfɪɫd/	형용사	
probe	소식자 | 탐침으로찾다 | 탐침	/ˈpɹoʊb/	동사	Probe an anthill
karate		/kɝˈɑti/	명사	
grease	그리스 | 지방 | 증회하다	/ˈɡɹis/	명사	Grease the wheels
dinosaur	공룡	/ˈdaɪnəˌsɔɹ/	명사	
rebellion	거사 | 모반 | 의거	/ɹɪˈbɛɫjən/	명사	His body was in rebellion against fatigue
lone		/ˈɫoʊn/	형용사	A lonely existence
nan		/ˈnæn/	명사	
underestimate	어림	/ˈəndɝˈɛstəˌmeɪt/	동사	He underestimated the work that went into the renovation
acres		/ˈeɪkɝz/	명사	
barber	이발사 | 이발하다	/ˈbɑɹbɝ/	명사	
mining	광업 | 채광	/ˈmaɪnɪŋ/	명사	
aged	삶의 | 나이먹은	/ˈeɪdʒd/	형용사	She aged gracefully
preferred		/pɹəˈfɝd/	형용사	Danny's preferred name is `Dan'
onion	양파 | 양파냄새	/ˈənjən/	명사	
stray	길 잃은 | 길을 잃다 | 집잃은 아이	/ˈstɹeɪ/	동사	A few stray crumbs
void	공명 | 빈 | 빈곳	/ˈvɔɪd/	동사	The huge desert voids
sixteen		/ˈsɪkˈstin/	형용사	
slower		/ˈsɫoʊɝ/	부사	
hannibal	한니발	/ˈhænɪbəɫ/	명사	
sabotage	사보타주 | 반항 행위	/ˈsæbəˌtɑʒ/	명사	The Resistance sabotaged railroad operations during the war
rabbi	랍비 | 율법학자	/ˈɹæˌbaɪ/	명사	
noted	악보가 붙은 | 저명하다	/ˈnoʊtəd/	형용사	A noted increase in the crime rate
dental	치과의 | 치음 | 치음자	/ˈdɛnəɫ/	형용사	
squirrel	다람쥐	/ˈskwɝəɫ/	명사	
werewolf	이리 인간	/ˈwɛɹˌwʊɫf/	명사	
slipping		/ˈsɫɪpɪŋ/	형용사	My grades are slipping
rus		/ˈɹəs/	명사	
whitney		/ˈhwɪtni/	명사	
infinite	무한량 | 무한한 | 끝없는	/ˈɪnfənət/	형용사	Infinite wealth
cavalry	기갑부대 | 기병	/ˈkævəɫɹi/	명사	
lam		/ˈɫæm/	동사	After the expose he had to take it on the lam
bomber	폭탄병 | 폭파법 | 폭격기	/ˈbɑmɝ/	명사	
ruling	괘를 그음 | 지배하는 | 판정	/ˈɹuɫɪŋ/	명사	
boiling	끓음 | 비등하는 | 비등	/ˈbɔɪɫɪŋ/	명사	
semester		/səˈmɛstɝ/	명사	
irrelevant	대중이 틀린 | 현대성이 없는 | 시대에 뒤떨어진	/ˌɪˈɹɛɫəvənt/	형용사	An irrelevant comment
savior		/ˈseɪvjɝ/	명사	
veil	베일 | 면사포 | 너울	/ˈveɪɫ/	동사	A veiled threat
tramp	쿵쿵걷다 | 짖밟다 | 방랑 생활	/ˈtɹæmp/	동사	A homeless tramp
perfection	완전 | 극치	/pɝˈfɛkʃən/	명사	
shutting		/ˈʃətɪŋ/	명사	The trees were shutting out all sunlight
iii			명사	
tiffany	티파니	/ˈtɪfəni/	명사	
mentor		/ˈmɛnˌtɔɹ/	명사	She is a fine lecturer but she doesn't like mentoring
enthusiasm	열도 | 열중 | 열광	/ɪnˈθuziˌæzəm/	명사	Enthusiasm for his program is growing
arena	활동장소 | 투기장	/ɝˈinə/	명사	
hardware	철기류 | 철물 | 무기류	/ˈhɑɹdˌwɛɹ/	명사	
greatly	크게 | 관대하게 | 숭고하게	/ˈɡɹeɪtɫi/	부사	He improved greatly
battalion	대부대 | 포병대대 | 대군	/bəˈtæɫjən/	명사	A battalion of ants
moustache		/ˈməsˌtæʃ/	명사	
irresponsible		/ˌɪɹəˈspɑnsəbəɫ/	형용사	Hasty and irresponsible action
audio	저주파의	/ˈɑdiˌoʊ/	명사	They always raise the audio for commercials
ga		/ˈdʒiˈeɪ/	명사	
initiative	선창 | 기업심 | 독창력	/ˌɪˈnɪʃətɪv/	명사	The initiative phase in the negotiations
noel	크리스마스의 축가	/noʊˈɛɫ/	명사	
distraction	기분 전환	/dɪˈstɹækʃən/	명사	He drives me to distraction
parrot	앵무새	/ˈpɛɹət/	명사	The students parroted the teacher's words
steed		/ˈstid/	명사	
entertaining	유쾌한	/ˌɛnɝˈteɪnɪŋ/	형용사	An entertaining puppet show
piggy		/ˈpɪɡi/	명사	The piggy fat-cheeked little boy and his porcine pot-bellied father
pause	휴지 | 간단 | 중지	/ˈpɔz/	동사	The speaker paused
surviving		/sɝˈvaɪvɪŋ/	형용사	The only surviving frontier blockhouse in Pennsylvania
funding		/ˈfəndɪŋ/	명사	
acquaintance	숙지 | 아는 사람 | 알고 있음	/əˈkweɪntəns/	명사	I have trouble remembering the names of all my acquaintances
bedtime	잘 시간	/ˈbɛdˌtaɪm/	명사	
rail	철도주 | 궤조 | 철도로 보내다	/ˈɹeɪɫ/	명사	He traveled by rail
rooster	수탉	/ˈɹustɝ/	명사	
hastings	헤이스팅즈	/ˈheɪstɪŋz/	명사	
container	용기 | 컨테이너 | 철통	/kənˈteɪnɝ/	명사	
stripper		/ˈstɹɪpɝ/	명사	
steele		/ˈstiɫ/	명사	
waving		/ˈweɪvɪŋ/	명사	
clamoring		/ˈkɫæmɝɪŋ/	명사	
banker	은행가 | 물주	/ˈbæŋkɝ/	명사	
bacteria	박테리아 | 균주	/bækˈtɪɹiə/	명사	
assassination	암살	/əˌsæsəˈneɪʃən/	명사	
starring		/ˈstɑɹɪŋ/	형용사	The starring role
cupboard	벽장 | 찬장 | 식기장	/ˈkəbɝd/	명사	
sanctuary	신전 | 성역 | 피난처	/ˈsæŋktʃuˌɛɹi/	명사	
surgical		/ˈsɝdʒɪkəɫ/	형용사	A surgical appendix
purely	전연	/ˈpjʊɹɫi/	부사	
temptation	유혹 | 꼬임	/tɛmˈteɪʃən/	명사	He felt the temptation and his will power weakened
elderly	초로의	/ˈɛɫdɝɫi/	형용사	Elderly residents could remember the construction of the first skyscraper
vibe		/ˈvaɪb/	명사	It gave me a nostalgic vibe
profound	충심의 | 그윽하다 | 마음에서 우러나는	/pɹoʊˈfaʊnd/	형용사	A profound book
gong	징	/ˈɡɔŋ/	명사	
transformed		/tɹænsˈfɔɹmd/	형용사	He transformed into a monster
crop	생산고 | 수확고 | 수확물	/ˈkɹɑp/	명사	This land crops well
detailed	자세 | 오밀조밀 | 세밀하다	/dɪˈteɪɫd/	형용사	A detailed plan
scrap	조각 | 싸움꾼 | 파쇠	/ˈskɹæp/	명사	Scrap your old computer
careless	어설픈 | 무성의하다 | 경솔한	/ˈkɛɹɫəs/	형용사	Careless proofreading
dove		/ˈdəv/	명사	
sloppy	얼렁뚱땅 | 무척 감상적인 | 너절하다	/ˈsɫɑpi/	형용사	A sloppy saucer
atlanta		/ætˈɫæntə/	명사	
hideous	오싹해지는 | 끔찍하다 | 섬뜩하다	/ˈhɪdiəs/	형용사	A hideous pattern of injustice
lizard	도마뱀	/ˈɫɪzɝd/	명사	
separation	분리 | 이별 | 별거	/ˌsɛpɝˈeɪʃən/	명사	The separation of wheat from chaff
intern	인턴 | 수련의 | 억류하다	/ˈɪntɝn/	동사	During WW II, Japanese were interned in camps in the West
tab	드림 | 패	/ˈtæb/	명사	Pull the tab to open the can
parish	교구	/ˈpæɹɪʃ/	명사	
booty	이득 | 전리품 | 포획물	/ˈbuti/	명사	
peasant	소작인 | 소농 | 시골뜨기	/ˈpɛzənt/	명사	
squeal	끽끽 울다	/ˈskwiɫ/	동사	
comb	빗 | 빗으로 빗다 | 빗질하다	/ˈkoʊm/	명사	His hair needed a comb
bash	일격 | 후려갈김 | 후려갈기다	/ˈbæʃ/	명사	He took a bash right in his face
platoon	소대	/pɫəˈtun/	명사	The defensive platoon of the football team
junkie	아편쟁이 | 광	/ˈdʒəŋki/	명사	
rupert		/ˈɹupɝt/	명사	
norm	표준 | 노르마 | 일반수준	/ˈnɔɹm/	명사	It set the norm for American homes
carrier	보균자 | 담체 | 소송기	/ˈkæɹiɝ/	명사	The bonds were transmitted by carrier
fatty	뚱보 | 지방 과다의 | 기름기가 많은	/ˈfæti/	형용사	
superb	절세 | 장려한	/sʊˈpɝb/	형용사	
summon	호출하다 | 불러일어키다 | 불러 일으키다	/ˈsəmən/	동사	Summon a lawyer
refuge	피난 | 은신처 | 도피처	/ˈɹɛfjudʒ/	명사	Took refuge in lying
righteous	유덕한 | 의로운 | 의롭다	/ˈɹaɪtʃəs/	형용사	Righteous indignation
carolina	캐롤라이나	/ˌkɛɹəˈɫaɪnə/	명사	
pickup	픽업 | 전축기픽업 | 방송 혀장	/ˈpɪˌkəp/	명사	His car has a lot of pickup
wesley		/ˈwɛsɫi/	명사	
senor	군	/ˌsinˈjɔɹ/	명사	
specialty	전문 | 전공 | 날인증서	/ˈspeɪʃəɫti/	명사	
thirst	갈증 | 목마름 | 갈망	/ˈθɝst/	명사	A thirst for knowledge
select	선정하다 | 택하다 | 뽑아 가려낸	/səˈɫɛkt/	동사	She selected a pair of shoes from among the dozen the salesgirl had shown her
rendezvous	집결지 | 랑데부 | 집결기지	/ˈɹɑndɪˌvu/	명사	He was waiting for them at the rendezvous
colorado	콜로라도 | 콜로라도 강	/ˌkɑɫɝˈædoʊ/	명사	
visa	사증 | 배서하다	/ˈvizə/	동사	The list of speakers must be visaed
spice		/ˈspaɪs/	명사	Spice up the evening by inviting a belly dancer
caller	방문객 | 불러내는 사람 | 소집자	/ˈkɔɫɝ/	명사	Who is the caller of this meeting?
rational	순이론의 | 유리수 | 합리적	/ˈɹæʃənəɫ/	형용사	Rational thought
scottish		/ˈskɑtɪʃ/	명사	
cunning	빈틈없음 | 잔꾀 | 멋있는	/ˈkənɪŋ/	형용사	Cunning kittens
knot	해리 | 매어지다 | 매듭	/ˈnɑt/	명사	Knot the shoelaces
granddad		/ˈɡɹænˌdæd/	명사	
massacre	압승하다 | 학살하다 | 헐뜯다	/ˈmæsəkɝ/	동사	The Hutus massacred the Tutsis in Rwanda
competitive	경재의 | 경쟁적인	/kəmˈpɛtətɪv/	형용사	Competitive games
herb	초본	/ˈɝb/	명사	
immune	면역자 | 면한 | 동하지 않는	/ˌɪmˈjun/	형용사	The immune system
grenade	소화탄 | 치루탄	/ɡɹəˈneɪd/	명사	
regularly	격식대로 | 깜쪽같이 | 반듯하게	/ˈɹɛɡjəɫɝɫi/	부사	Regularly shaped objects
stakes		/ˈsteɪks/	명사	
kilo	킬로 | 천의뜻	/ˈkɪˌɫoʊ/	명사	
guinea	기니 | 기니금화 | 기니 공화국	/ˈɡɪni/	명사	
nursery	아이방 | 육아실 | 종묘장장	/ˈnɝsɝi/	명사	
protein	단백질	/ˈpɹoʊˌtin/	명사	A diet high in protein
elbow	팔꿈치 | 몰두하여 | 분주하여	/ˈɛɫˌboʊ/	명사	His coat had patches over the elbows
keller		/ˈkɛɫɝ/	명사	
thirteen		/ˈθɝˈtin/	형용사	
mustard	겨자 | 갓	/ˈməstɝd/	명사	
terrace	단 | 테라스 | 대지	/ˈtɛɹəs/	명사	Grosvenor Terrace
alter	박뀌다	/ˈɔɫtɝ/	동사	This dress needs to be altered
transportation	수송료 | 수송	/ˌtɹænspɝˈteɪʃən/	명사	The sentence was one of transportation for life
lens	수정체 | 렌즈	/ˈɫɛnz/	명사	The writer is the lens through which history can be seen
alaska		/əˈɫæskə/	명사	Alaska is the largest state in the United States
interference	불법방해 | 참견	/ˌɪnɝˈfɪɹəns/	명사	He ran interference for the quarterback
wont	늘하는	/ˈwoʊnt/	명사	
weep	울다 | 실컷울다 | 흘리다	/ˈwip/	동사	
clive		/ˈkɫaɪv/	명사	
mourning	상 | 재상 | 애도	/ˈmɔɹnɪŋ/	명사	She is mourning her dead child
crooked	밀매의 | 비뚤어진 | 구부러져서	/ˈkɹʊkəd/	형용사	Crooked country roads
trainer	트레이너	/ˈtɹeɪnɝ/	명사	
janitor	관리인	/ˈdʒænətɝ/	명사	
gradually	차차 | 점차 | 점차로	/ˈɡɹædʒuəɫi/	부사	The snake moved gradually toward its victim
immigration	입국관리	/ˌɪməˈɡɹeɪʃən/	명사	The increased immigration strengthened the colony
filth	오물 | 추잡	/ˈfɪɫθ/	명사	
momma		/ˈmɑmə/	명사	
father-in-law		/ˈfɑðɝɪnˌɫɔ/	명사	
jackass	수탕나귀	/ˈdʒæˌkæs/	명사	
reminder	독촉장	/ɹiˈmaɪndɝ/	명사	He ignored his wife's reminders
culprit	형사 피고인	/ˈkəɫpɹɪt/	명사	
magistrate	행정 장관	/ˈmædʒəˌstɹeɪt/	명사	
jasmine		/ˈdʒæzmən/	명사	
womb	자궁	/ˈwum/	명사	
injustice	부정 | 권리침해 | 불공평	/ˌɪnˈdʒəstɪs/	명사	
figuring		/ˈfɪɡjɝɪŋ/	명사	
fracture	골절하다 | 부숨 | 부러뜨리다	/ˈfɹækʃɝ/	동사	It was a nasty fracture
insanity	정신병 | 광기	/ˌɪnˈsænəti/	명사	
blossom		/ˈbɫɑsəm/	명사	Youth blossomed into maturity
agony	고뇌 | 희비의 극치 | 단말마의 괴로움	/ˈæɡəni/	명사	An agony of doubt
sounding	수심 | 측심 | 울려 퍼지는	/ˈsaʊndɪŋ/	형용사	Fine-sounding phrases
elementary	본질의 | 기본의	/ˌɛɫəˈmɛntɝɹi/	형용사	Elementary teachers
eighteen		/ˈeɪˈtin/	형용사	
shack	동서하다 | 오두막	/ˈʃæk/	명사	
teen		/ˈtin/	형용사	
definite	일정하다	/ˈdɛfənət/	형용사	A definite amount
scrub	자잘한 | 덤블 | 빡빡 문지르다	/ˈskɹəb/	동사	We had to scrub our vacation plans
ruler	군림자 | 자부기봉 | 임금	/ˈɹuɫɝ/	명사	
mold	연마하다 | 거푸집 | 형식	/ˈmoʊɫd/	동사	Mold public opinion
contents	내용 | 내용물 | 컨텐츠	/ˈkɑntɛnts/	명사	He emptied the contents of his pockets
antidote	해독제	/ˈænɪˌdoʊt/	명사	
bunk	등걸잠자다 | 뺑소니치다	/ˈbəŋk/	명사	We bunked the children upstairs
thor	뇌신	/ˈθɔɹ/	명사	
republican	공화국의 | 공화당원 | 군생의	/ɹiˈpəbɫəkən/	명사	A Republican senator
graveyard	묘지	/ˈɡɹeɪvˌjɑɹd/	명사	
aspect	얼굴생김새 | 상 | 양상	/ˈæsˌpɛkt/	명사	
relate	관련이 있다	/ɹiˈɫeɪt/	동사	She relates well to her peers
lemonade	레몬수	/ˈɫɛməˈneɪd/	명사	
flour	밀가루	/ˈfɫaʊɝ/	명사	Flour fish or meat before frying it
biology	생물학	/baɪˈɑɫədʒi/	명사	The biology of viruses
dusty	먼지투성이의 | 티끌투성이의	/ˈdəsti/	형용사	A dusty pile of books
felony	중죄	/ˈfɛɫəni/	명사	
fundamental	근본적 | 펀더멘털	/ˌfəndəˈmɛnəɫ/	형용사	The fundamental laws of the universe
successfully	성공적	/səkˈsɛsfəɫi/	부사	She performed the surgery successfully
potentially	가능성 있게	/pəˈtɛnʃəɫi/	부사	Potentially useful
strangely	이상하게도 | 서먹서먹하게	/ˈstɹeɪndʒɫi/	부사	
quantum	양자 | 정량	/ˈkwɑntəm/	명사	
utter	행사하다	/ˈətɝ/	동사	Utter seriousness
activated		/ˈæktəˌveɪtɪd/	형용사	A newly activated unit
instal			동사	
interrupted	가로막힌 | 중단된 | 단속적인	/ˌɪntɝˈəptɪd/	형용사	She interrupted her pregnancy
discharge	발사 | 제대시키다 | 방전	/ˈdɪsˌtʃɑɹdʒ/	명사	Discharge liquids
devastate		/ˈdɛvəˌsteɪt/	동사	He was devastated by his grief when his son died
substitute	대체 | 대용품 | 대용하다	/ˈsəbstəˌtut/	동사	Substitute coffee
splash	착수하다 | 첨벙 | 튀기다	/ˈspɫæʃ/	동사	Just a splash of whiskey
exile	망명 | 국외추방 | 유형자	/ˈɛɡˌzaɪɫ/	명사	Men in exile dream of hope
aspirin	아스피린	/ˈæspɹɪn/	명사	
authentic	진짜 | 전정한	/əˈθɛnɪk/	형용사	An authentic signature
summit	정상 | 한창 | 수뇌회담	/ˈsəmət/	명사	The summit of his ambition
beck	고갯짓	/ˈbɛk/	명사	
addiction	중독 | 탐닉 | 열중	/əˈdɪkʃən/	명사	Under Roman law addiction was the justification for slavery
lent	사순절	/ˈɫɛnt/	명사	
drone	무인기 | 수펄 | 핀둥대다	/ˈdɹoʊn/	명사	
tango	탱고	/ˈtæŋɡoʊ/	명사	
permanently		/ˈpɝmənəntɫi/	부사	He is permanently disabled
province	영토 | 주	/ˈpɹɑvəns/	명사	It was his province to take care of himself
deceive	미혹시키다 | 속이다	/dɪˈsiv/	동사	The insurance company deceived me when they told me they were covering my house
triangle	삼각 | 삼각자 | 삼각자리	/ˈtɹaɪˌæŋɡəɫ/	명사	The coastline of Chile and Argentina and Brazil forms two legs of a triangle
strawberry	딸기 | 양딸기	/ˈstɹɔˌbɛɹi/	명사	
self-defense		/ˌsɛɫfdɪˈfɛns/	명사	
overwhelm	덮치다 | 압도하다	/ˌoʊvɝˈwɛɫm/	동사	
swift	칼새	/ˈswɪft/	형용사	A swift current
creeps		/ˈkɹips/	명사	He gives me the creeps
token	대용화폐 | 표시로서 | 이름만의	/ˈtoʊkən/	명사	A token gesture of resistance
temporarily	일단 | 한때 | 일시	/ˌtɛmpɝˈɛɹəɫi/	부사	He will work here temporarily
poisonous	독한 | 해독하다 | 유독	/ˈpɔɪzənəs/	형용사	
diagnosis	진단	/ˌdaɪəɡˈnoʊsəs/	명사	
ninth	아홉번째로	/ˈnaɪnθ/	형용사	Going into the ninth they were a run ahead
retrieve	회수 | 찾아서 물어오다 | 구출하다	/ɹiˈtɹiv/	동사	Train the dog to retrieve
robber	약탈자	/ˈɹɑbɝ/	명사	
disabled	불구가 된 | 신체 장애자	/dɪˈseɪbəɫd/	형용사	He was disabled in a car accident
ira		/ˈaɪɹə/	명사	
extension	연장 | 외연 | 신장	/ɪkˈstɛnʃən/	명사	The wire has an extension of 50 feet
lining	안감 | 안대기	/ˈɫaɪnɪŋ/	명사	
hip-hop	힙합	/ˈhɪpˌhɔp/	명사	
freeman	자유민	/ˈfɹimən/	명사	
scoop	큰벌이 | 한 삽 | 크게 벌다	/ˈskup/	명사	Scoop the sugar out of the container
merlin	멀린 | 쇠황조롱이	/ˈmɝɫɪn/	명사	
bridget		/ˈbɹɪdʒət/	명사	
rev	목사님 | 재돌입 비상체 | 고속으로 운전하다	/ˈɹɛv/	동사	Rev up an engine
transform	전화 | 변압하다 | 둔갑되다	/ˈtɹænsfɔɹm/	동사	Transform energy to light
hospitality	극진 | 후대	/ˌhɑspəˈtæɫəti/	명사	
brooks		/ˈbɹʊks/	명사	
survey	개관하다 | 바라다보다 | 측량하다	/ˈsɝˌveɪ/	동사	He surveyed his new classmates
hunted		/ˈhənəd/	형용사	The Duke hunted in these woods
cozy	신중하게 | 보온커버 | 아늑	/ˈkoʊzi/	형용사	Had a cozy chat
recommendation	추천 | 권장 | 천거	/ˌɹɛkəmənˈdeɪʃən/	명사	Her pleasant personality is already a recommendation
microphone	마이크	/ˈmaɪkɹəˌfoʊn/	명사	
skeleton	해골 | 여윈 사람 | 골격	/ˈskɛɫətən/	명사	The bare skeleton of a novel
toll	사상자 | 통행료 | 항만세	/ˈtoʊɫ/	명사	For whom the bell tolls
reconsider	재고하다 | 재의하다 | 다시 생각하다	/ˌɹikənˈsɪdɝ/	동사	Won't you reconsider your decision?
creak	삐걱거림 | 삐걱삐걱 | 삐걱거리다	/ˈkɹik/	동사	The door creaked when I opened it slowly
extended	뻗친 | 평체인 | 장기간에 걸친	/ɪkˈstɛndəd/	형용사	Extended farm lands
spear		/ˈspɪɹ/	동사	The branch speared up into the air
overboard	배 밖으로	/ˈoʊvɝˌbɔɹd/	부사	They dropped their garbage overboard
ai	세손가락나무늘보	/ˈaɪ/	명사	Workers in AI hope to imitate or duplicate intelligence in computers and robots
clinton		/ˈkɫɪntən/	명사	
petition	애원 | 탄원서 | 기원	/pəˈtɪʃən/	명사	
baggage	군용 행낭 | 수화물	/ˈbæɡədʒ/	명사	
tribute	공물 | 감사의 말 | 찬사	/ˈtɹɪbjut/	명사	
claw	긁어모으다 | 사람 손 | 발톱꼴의 것	/ˈkɫɔ/	명사	She clawed the doorknob
donation	기증품 | 기증 | 기부금	/doʊˈneɪʃən/	명사	
mei		/ˈmeɪ/	명사	
jasper	벽옥	/ˈdʒæspɝ/	명사	
australian		/ɔˈstɹeɪɫjən/	명사	Australian deserts
boxer	복서 | 권투선수 | 실크해트	/ˈbɑksɝ/	명사	
misfortune	변고 | 불운 | 재난	/mɪsˈfɔɹtʃən/	명사	
elaborate	면밀하게 | 힘들인 | 면밀한	/ɪˈɫæbɝˌeɪt/	형용사	Elaborate a plan
sights		/ˈsaɪts/	명사	They went to Paris to see the sights
maestro	대음악가 | 거장	/ˈmaɪstɹoʊ/	명사	
loosen	놓아주다 | 풀다 | 느그러지다	/ˈɫusən/	동사	Loosen the soil
gifted	타고나다	/ˈɡɪftəd/	형용사	A gifted writer
involvement	연좌 | 재정곤란 | 말려들게함	/ˌɪnˈvɑɫvmənt/	명사	He escaped involvement in the accident
sherman		/ˈʃɝmən/	명사	
churchill	처칠	/ˈtʃɝtʃhɪɫ/	명사	
theresa		/tɝˈeɪsə/	명사	
solitary	외로운 | 막막히 | 그윽하다	/ˈsɑɫəˌtɛɹi/	형용사	A solitary walk
wilderness	끝없이 넓음 | 황야	/ˈwɪɫdɝnəs/	명사	A wilderness of masts in the harbor
baltimore		/ˈbɔɫtəˌmɔɹ/	명사	
olympic	올림픽 | 국제올림픽대회 | 올림피아경기의	/oʊˈɫɪmpɪk/	형용사	Olympic winners
undo		/ənˈdu/	동사	Undo the parcel
mechanism	기제 | 기작 | 우주 기계론	/ˈmɛkəˌnɪzəm/	명사	The mechanism of the ear
vietnamese	월남어	/viˌɛtnɑˈmis/	명사	The Vietnamese countryside
vanish	영이되다	/ˈvænɪʃ/	동사	An entire civilization vanished
dome	둥근천정 | 둥근꼭대기	/ˈdoʊm/	명사	
biting		/ˈbaɪtɪŋ/	형용사	A biting aphorism
sage	샐비어 | 어진 | 현인인 체하는	/ˈseɪdʒ/	명사	
yummy	맛나는	/ˈjəmi/	형용사	
tactics	전술 | 술책 | 용병학	/ˈtæktɪks/	명사	
slack	느즈러짐 | 슬랙스 | 불황기	/ˈsɫæk/	동사	He took up the slack
weekly	매주의 | 힘없이	/ˈwikɫi/	명사	She visited her aunt weekly
grandparent		/ˈɡɹændˌpɛɹənt/	명사	
obtain	행해지다 | 얻다 | 얻을수 있는	/əbˈteɪn/	동사	How did you obtain the visa?
hart	고라니의 수컷	/ˈhɑɹt/	명사	
eden	낙원 | 에덴동산	/ˈidən/	명사	
mild	연하다 | 가벼운 | 유하다	/ˈmaɪɫd/	형용사	A mild winter storm
fourteen	네째의	/ˈfɔɹˈtin/	형용사	
smuggling	밀수입	/ˈsməɡəɫɪŋ/	명사	
blend	섞다 | 융화하다 | 조화하다	/ˈbɫɛnd/	동사	The colors blend well
chancellor	총장 | 대학 총장 | 대법관	/ˈtʃænsəɫɝ/	명사	
biscuit	비스킷	/ˈbɪskət/	명사	
gorilla	고릴라	/ɡɝˈɪɫə/	명사	
dynasty	왕조 | 주권자	/ˈdaɪnəsti/	명사	
acquired		/əˈkwaɪɝd/	형용사	They acquired a new pet
countless	셀수 없는 | 무수하다	/ˈkaʊntɫəs/	형용사	Countless hours
brent		/ˈbɹɛnt/	명사	
gardener	원예사 | 원예가 | 조원업자	/ˈɡɑɹdənɝ/	명사	
barrack	건초막 | 야유하다	/ˈbæɹək/	동사	
flirt	흔들어대다	/ˈfɫɝt/	동사	My husband never flirts with other women
distorted	곱새긴 | 일그러지다	/dɪˈstɔɹtəd/	형용사	His poor distorted limbs
carved	조각되다	/ˈkɑɹvd/	형용사	The carved fretwork
clapping		/ˈkɫæpɪŋ/	명사	The children were clapping to the music
psychiatric		/ˌsaɪkiˈætɹɪk/	형용사	Psychiatric disorder
roughly	거칠게 | 귀에 거슬리게 | 개략적으로	/ˈɹəfɫi/	부사	He was pushed roughly aside
raja			명사	
disappearing		/ˌdɪsəˈpiɹɪŋ/	명사	
establishment	시설 | 설정 | 설립	/ɪˈstæbɫɪʃmənt/	명사	It was the establishment of his reputation
lump	덩어리 | 총체로 | 털썩 주저앉다	/ˈɫəmp/	명사	Lump together all the applicants
dwarf	꼬마 | 작게하다 | 난쟁이	/ˈdwɔɹf/	동사	The lack of sunlight dwarfed these pines
environmental	환경예술의	/ɪnˌvaɪɹənˈmɛnəɫ/	형용사	Environmental factors
mam		/ˈɛˈmeɪˈɛm/	명사	
pint	파인트	/ˈpaɪnt/	명사	
loading		/ˈɫoʊdɪŋ/	명사	The loading took 2 hours
diplomatic	외교상 | 수교 | 고문 서학의	/ˌdɪpɫəˈmætɪk/	형용사	Diplomatic immunity
exclaim		/ɪkˈskɫeɪm/	동사	`I won!' he exclaimed
context	문맥 | 전후관계 | 정황	/ˈkɑntɛkst/	명사	The historical context
boost	값을 올리다	/ˈbust/	동사	He gave her a boost over the fence
fax	팩스 | 팩시밀리	/ˈfæks/	명사	Can you fax me the report right away?
dante	단테	/ˈdɑnteɪ/	명사	
partial	부분적인	/ˈpɑɹʃəɫ/	형용사	Partial collapse
gaze	응시하다	/ˈɡeɪz/	동사	He fixed his paternal gaze on me
nuisance		/ˈnusəns/	명사	
terrorism	공포정치 | 테러 행위	/ˈtɛɹɝˌɪzəm/	명사	
jerome		/dʒɝˈoʊm/	명사	
ungrateful	배은망덕 | 은혜를 모르는	/ənˈɡɹeɪtfəɫ/	형용사	Ungrateful heirs
donate	기증하다	/ˈdoʊˌneɪt/	동사	Donate money to the orphanage
relieve	구원하다 | 눅이다 | 대신하다	/ɹiˈɫiv/	동사	The thief relieved me of $100
grandchild		/ˈɡɹænˌtʃaɪɫd/	명사	
felicity	교묘함 | 지복	/fɪˈɫɪsəti/	명사	
represented		/ˌɹɛpɹɪˈzɛntɪd/	형용사	This period is represented by Beethoven
co	코담배의 일종	/ˈkoʊ/	명사	
neutral	중립국 | 바랜 | 중리국	/ˈnutɹəɫ/	형용사	A neutral observer
steering		/ˈstɪɹɪŋ/	명사	
presidential	주재	/ˌpɹɛzəˈdɛnʃəɫ/	형용사	Presidential veto
rental	임대차물 | 지대수입	/ˈɹɛntəɫ/	명사	Rental agreement
vegetarian	채식주의자 | 채식의	/ˌvɛdʒəˈtɛˌɹiən/	명사	
teasing	짖궂게 괴롭히는	/ˈtizɪŋ/	명사	Her lazy teasing smile
surprisingly	의외로 | 다짜다짜	/səˈpɹaɪzɪŋɫi/	부사	He was surprisingly friendly
iran		/ˌaɪˈɹæn/	명사	
shrine	사당 | 감실 | 감실에 모시다	/ˈʃɹaɪn/	명사	
automatically	자동식으로	/ˌɔtəˈmætɪkɫi/	부사	He answered automatically
timer	타이머 | 계시기 | 스톱워치	/ˈtaɪmɝ/	명사	
gasoline		/ˈɡæsəˌɫin/	명사	
google		/ˈɡuɡəɫ/	명사	He googled the woman he had met at the party
dorm		/ˈdɔɹm/	명사	
athlete	선수 | 운동가 | 경기자	/ˈæθˌɫit/	명사	
shiva		/ˈʃivə/	명사	The family is sitting shiva
convent	수도회 | 수녀단 | 수도원 수녀원	/ˈkɑnˌvɛnt/	명사	
crawford		/ˈkɹɔfɝd/	명사	
barb	바르바리 말	/ˈbɑɹb/	명사	
meth		/ˈmɛθ/	명사	
colored	유색의 | 착색한 | 과장한	/ˈkəɫɝd/	형용사	Colored crepe paper
poppy	양귀비	/ˈpɑpi/	명사	
metro		/ˈmɛˌtɹoʊ/	명사	
resolved	해결되다 | 단호하다	/ɹiˈzɑɫvd/	형용사	Can this image be resolved?
sessions		/ˈsɛʃənz/	명사	
conservative	보수적	/kənˈsɝvətɪv/	형용사	A conservative estimate
rates		/ˈɹeɪts/	명사	This bond rates highly
forged		/ˈfɔɹdʒd/	형용사	He forged ahead
dismiss	기각하다 | 떠나게하다 | 물리치다	/dɪsˈmɪs/	동사	This case is dismissed!
authorized	검정필 | 공인된	/ˈɔθɝˌaɪzd/	형용사	The authorized biography
slavery	노예 제도 | 고역 | 중노동	/ˈsɫeɪvɝi/	명사	
attended		/əˈtɛndɪd/	형용사	They attended to everything he said
employed	고용자들 | 취직하고 있는 | 쓰이다	/ɛmˈpɫɔɪd/	형용사	How many people has she employed?
decorated	장식식의 | 훌륭하게 꾸민	/ˈdɛkɝˌeɪtɪd/	형용사	He was decorated for his services in the military
parallel	위선 | 평행선 | 평행부호	/ˈpɛɹəˌɫɛɫ/	형용사	Parallel processing
detected		/dɪˈtɛktəd/	형용사	The detected micrometeoritic material
grove	수풀	/ˈɡɹoʊv/	명사	
coverage	적용범위 | 정화준비 | 서비스구역	/ˈkəvɝədʒ/	명사	The dictionary's coverage of standard English is excellent
hen	암닭	/ˈhɛn/	명사	
pyramid	피라미드 | 각추	/ˈpɪɹəmɪd/	동사	
overall	작업용 바지 | 전반적인 | 끝에서 끝까지의	/ˈoʊvɝˌɔɫ/	형용사	The overall cost
hum	윙울리다 | 윙윙하다 | 우물우물 말하다	/ˈhəm/	동사	The hum of distant traffic
specially	특제로 | 각별히	/ˈspɛʃəɫi/	부사	A specially arranged dinner
rebuild	개축하다 | 재건하다 | 다시 세우다	/ɹiˈbɪɫd/	동사	The house was rebuild after it was hit by a bomb
exclaiming		/ɪkˈskɫeɪmɪŋ/	명사	There was much exclaiming over it
sewing	재봉	/ˈsoʊɪŋ/	명사	She put her sewing back in the basket
occasions		/əˈkeɪʒənz/	명사	He minded his own specialized occasions
boards		/ˈbɔɹdz/	명사	He nailed boards across the windows
trumpet	트럼펫 | 나팔 불다 | 나팔형 확성기	/ˈtɹəmpət/	동사	Elephants are trumpeting
shaped		/ˈʃeɪpt/	형용사	A shaped handgrip
matched		/ˈmætʃt/	형용사	The company matched the employees' contributions
daughter-in-law	며느리 | 자부	/ˈdɔtɝɪnˌɫɔ/	명사	
ammo		/ˈæˌmoʊ/	명사	
typing	타이프라이프치기	/ˈtaɪpɪŋ/	명사	
thailand	태국 | 타이	/ˈtaɪˌɫænd/	명사	Thailand is the official name of the former Siam
debris		/dəˈbɹi/	명사	
cement	시멘트 | 양회 | 접합제	/səˈmɛnt/	명사	We cemented our friendship
hamlet		/ˈhæmɫət/	명사	
comedian	코미디언 | 희극 배우 | 희극작가	/kəˈmidiən/	명사	
harassment	애먹음 | 괴롭힘	/hɝˈæsmənt/	명사	So great was his harassment that he wanted to destroy his tormentors
missus		/ˈmɪsɪz/	명사	
monitoring		/ˈmɑnətɝɪŋ/	명사	We are monitoring the air quality
smashing	맹렬하다	/ˈsmæʃɪŋ/	명사	You look simply smashing
shaved		/ˈʃeɪvd/	형용사	His back shaved the counter in passing
inventory	재고조사 | 인물조사기록 | 재고조사 자산	/ˌɪnvənˈtɔɹi/	명사	They held an inventory every month
housekeeper	하녀 우두머리 | 가정부	/ˈhaʊˌskipɝ/	명사	
long-term	장기적	/ˈɫɔŋˈtɝm/	형용사	A long-term investment
vile	변변찮은	/ˈvaɪɫ/	형용사	The vile development of slavery appalled them
imaginary	가상적 | 상상의	/ˌɪˈmædʒəˌnɛɹi/	형용사	A small child's imaginary friends
artillery	대포 | 포병대 | 포술	/ɑɹˈtɪɫɝi/	명사	
ping	핑	/ˈpɪŋ/	동사	The bugs pinged the lamp shade
cereal	곡류 | 곡류의 | 곡식의	/ˈsɪɹiəɫ/	명사	A cereal beverage
zoom	인기가 | 급상승 | 붕	/ˈzum/	동사	
portion	부분 | 일부 | 일인분	/ˈpɔɹʃən/	명사	Success that was her portion
irony	아이러니 | 반어 | 쇠같은	/ˈaɪɹəni/	명사	Irony is wasted on the stupid
exceptional	유난히 | 특별한	/ɪkˈsɛpʃənəɫ/	형용사	Exceptional kindness
slit	길게 벤자리	/ˈsɫɪt/	명사	Slit her throat
ss			명사	
despise	경멸하다 | 업신여기다 | 따돌리다	/dɪˈspaɪz/	동사	He despises the people he has to work for
waltz	왈츠 | 춤추듯 걷다 | 들떠서 춤추다	/ˈwɔɫs/	명사	
humour		/ˈhjumɝ/	명사	
stammer	어눌하다 | 더듬거리다 | 말 더듬기	/ˈstæmɝ/	동사	
bryan		/ˈbɹaɪən/	명사	
celebrated	저명하다	/ˈsɛɫəˌbɹeɪtɪd/	형용사	A celebrated musician
encouraged		/ɛnˈkɝɪdʒd/	형용사	His financial success encouraged him to look for a wife
gag	개그 | 개구기 | 입마개	/ˈɡæɡ/	명사	He knows a million gags
telescope	망원경 | 박다	/ˈtɛɫəˌskoʊp/	동사	In the accident, the cars telescoped
verse	귀절 | 글 | 시가	/ˈvɝs/	명사	She versed herself in Roman archeology
stalin		/ˈstɑɫən/	명사	
babysitter		/ˈbeɪbiˌsɪtɝ/	명사	
pr	선전계몽 | 홍보홀동	/ˈpiˈɑɹ/	명사	
distinguished	수훈의 | 상류의	/dɪˈstɪŋɡwɪʃt/	형용사	His distinguished bearing
licence		/ˈɫaɪsəns/	명사	
addicted	사용하여 | 중독 되어	/əˈdɪktɪd/	형용사	Addicted to cocaine
wit	즉 | 재기	/ˈwɪt/	명사	
bliss	더없는행복 | 지복	/ˈbɫɪs/	명사	
recorder	녹음기 | 기록기 | 시판사	/ɹiˈkɔɹdɝ/	명사	
shameless	파렴치다 | 얌체 | 유들유들	/ˈʃeɪmɫəs/	형용사	A shameless imposter
tipped		/ˈtɪpt/	형용사	A rubber-tipped cane
turf	떼 | 토탄	/ˈtɝf/	명사	A bureaucracy...chiefly concerned with turf...and protecting the retirement system
tang	슴베 | 싸하는 맛 | 뗑하고 울리다	/ˈtæŋ/	명사	
discharged		/ˈdɪsˌtʃɑɹdʒd/	형용사	
psychologist	심리학자	/saɪˈkɑɫədʒəst/	명사	
delete	삭제하다	/dɪˈɫit/	동사	Please delete my name from your list
jock		/ˈdʒɑk/	명사	
wrath	노기 | 격노	/ˈɹæθ/	명사	
estimate	견재 | 견적서 | 개산	/ˈɛstəˌmeɪt/	동사	An estimate of what it would cost
tutor	가정 교사 | 후견인	/ˈtutɝ/	동사	She tutored me in Spanish
jurisdiction	관할 | 관할권 | 재판권	/ˌdʒʊɹəsˈdɪkʃən/	명사	Courts having jurisdiction in this district
impulse	역적 | 충격량 | 변덕	/ˈɪmpəɫs/	명사	He bought it on an impulse
penguin	펭귄	/ˈpɛŋɡwən/	명사	
playground	놀이터 | 운동장	/ˈpɫeɪˌɡɹaʊn/	명사	
sew	깁다 | 꿰매넣다 | 바느질하다	/ˈsoʊ/	동사	Can the seamstress sew me a suit by next week?
nickel	니켈	/ˈnɪkəɫ/	명사	Nickel the plate
daring	겁이 없는 | 당돌하다	/ˈdɛɹɪŋ/	명사	The most daring of contemporary fiction writers
peacefully	안녕히	/ˈpisfəɫi/	부사	The hen settled herself on the nest most peacefully
rag	넝마조각 | 누더기 | 래그	/ˈɹæɡ/	명사	Rag that old tune
stern	선미 | 준엄한 | 근엄하다	/ˈstɝn/	형용사	A stern disciplinarian
condolence	조사 | 애도 | 애도의 말	/kənˈdoʊɫəns/	명사	They sent their condolences
dearly	대정 깊이 | 비싸게	/ˈdɪɹɫi/	부사	She loved him dearly
humiliation	굴욕	/hjuˌmɪɫiˈeɪʃən/	명사	He had to undergo one humiliation after another
worldwide		/ˈwɝɫdˈwaɪd/	형용사	A worldwide epidemic
cartoon	만화화하다 | 만화 영화 | 만화를 그리다	/kɑɹˈtun/	명사	
disrespect	무례	/ˌdɪsɹɪˈspɛkt/	명사	
underworld	하층사회	/ˈəndɝˌwɝɫd/	명사	
marble	대리석 | 공기돌	/ˈmɑɹbəɫ/	명사	
curly	곱슬곱슬하게 하다	/ˈkɝɫi/	형용사	They envied her naturally curly hair
bidding	입찰	/ˈbɪdɪŋ/	명사	They came at his bidding
confuse	혼동하다 | 교란시키다 | 당황하게 하다	/kənˈfjuz/	동사	Her remarks confused the debate
masterpiece	대표작 | 명작 | 압권	/ˈmæstɝˌpis/	명사	
pentagon	미국 국방성	/ˈpɛnɪˌɡɑn/	명사	
tow	돌보아주다 | 배를 끌기 | 끌려가는 배	/ˈtoʊ/	명사	The truck gave him a tow to the garage
seduce	꾀어내다 | 유혹하다 | 부추기다	/sɪˈdus/	동사	Harry finally seduced Sally
bathtub	욕조	/ˈbæθtəb/	명사	
goa	고아	/ˈɡoʊə/	명사	
regime	정권 | 정체 | 제도	/ɹeɪˈʒim/	명사	
contempt	모멸 | 수치 | 업신여김	/kənˈtɛmpt/	명사	He was held in contempt
batch		/ˈbætʃ/	명사	A batch of letters
speeding	속도위반	/ˈspidɪŋ/	명사	I got a ticket for speeding
compartment		/kəmˈpɑɹtmənt/	명사	
tackle	복활차 | 태클 | 태클하다	/ˈtækəɫ/	명사	I'll tackle this difficult task
wage	갚음	/ˈweɪdʒ/	명사	Wages were paid by check
hustle	서로 떠밀기 | 서로 떠밀다 | 힘차게 밀다	/ˈhəsəɫ/	동사	She hustled a free lunch from the waiter
inmate	입소자 | 입원환자 | 피수용자	/ˈɪnˌmeɪt/	명사	
km			명사	
scooter	스쿠터	/ˈskutɝ/	명사	
relatively	상대적 | 상대적으로	/ˈɹɛɫətɪvɫi/	부사	The situation is relatively calm now
stoned	취한	/ˈstoʊnd/	형용사	
supernatural	초인간적 | 초자연적인 | 초자연의	/ˌsupɝˈnætʃɝəɫ/	형용사	She doesn't believe in the supernatural
darwin	다윈	/ˈdɑɹwɪn/	명사	
viewers		/ˈvjuɝz/	명사	Television viewers
yankee	미국인 | 북군병사	/ˈjæŋki/	명사	
taco	타코스	/ˈtɑkoʊ/	명사	
brigade		/bɹəˈɡeɪd/	명사	
bankrupt	몰락한 | 파산하다	/ˈbæŋkɹəpt/	동사	A bankrupt company
lookout	감시 | 경계망 | 망	/ˈɫʊˌkaʊt/	명사	
merchandise		/ˈmɝtʃənˌdaɪz/	명사	Good business depends on having good merchandise
slippery	미끄러지다 | 미끄러운 | 번지르르하다	/ˈsɫɪpɝi/	형용사	Slippery sidewalks
duchess	공작부인 | 여공작	/ˈdətʃəs/	명사	
gulf	큰 간격 | 심연	/ˈɡəɫf/	명사	He felt a gulf between himself and his former friends
foam	거품을 내뿜다 | 수포	/ˈfoʊm/	명사	The river was foaming
numerous	파다하다 | 곡조가 아름다운 | 허다	/ˈnumɝəs/	형용사	The family was numerous
ripping	훌륭하게	/ˈɹɪpɪŋ/	형용사	The tree split with a great ripping sound
flock	무리짓다 | 모여들다 | 떼지어 오다	/ˈfɫɑk/	명사	Tourists flocked to the shrine where the statue was said to have shed tears
potion	일회 분량	/ˈpoʊʃən/	명사	
fiance	약혼자	/ˌfiˌɑnˈseɪ/	명사	
glimpse	흘긋봄 | 흘긋 보다	/ˈɡɫɪmps/	명사	He caught only a glimpse of the professor's meaning
invincible	무적의 | 극복할수 없는	/ˌɪnˈvɪnsəbəɫ/	형용사	An invincible army
compensation	보상 | 대상 | 배상	/ˌkɑmpənˈseɪʃən/	명사	
kettle	주전자 | 솥 | 탕관	/ˈkɛtəɫ/	명사	
stroll	산책 | 산책하다 | 방랑하다	/ˈstɹoʊɫ/	명사	
cafeteria	카페테리아	/ˌkæfəˈtɪɹiə/	명사	
sane	분별이 있는	/ˈseɪn/	형용사	Sane nuclear policy
currency	통화 | 통용기간 | 통화유통액	/ˈkɝənsi/	명사	The currency of ideas
amsterdam		/ˈæmstɝˌdæm/	명사	
radius	반경 | 복사선 | 사출부	/ˈɹeɪdiəs/	명사	They located it within a radius of 2 miles
verify	동사화하다 | 실증하다 | 입증하다	/ˈvɛɹəˌfaɪ/	동사	Please verify that the doors are closed
medic	의학도 | 위생병	/ˈmɛdɪk/	명사	
peek		/ˈpik/	명사	I only peeked--I didn't see anything interesting
sewer	하수구 | 재봉사	/ˈsuɝ/	명사	A sewer of fine gowns
hull	선체 | 껍데기 | 정체	/ˈhəɫ/	명사	Hull the berries
solomon	현인	/ˈsɑɫəmən/	명사	
madonna	성모 마리아	/məˈdɑnə/	명사	
toad	두꺼비	/ˈtoʊd/	명사	
powell		/ˈpaʊəɫ/	명사	
maxwell	맥스웰 | 자속의 단위	/ˈmækˌswɛɫ/	명사	
moose	큰 사슴	/ˈmus/	명사	
souvenir		/ˌsuvəˈnɪɹ/	명사	
stitch	깁다 | 스티치 | 꿰매어 꾸미다	/ˈstɪtʃ/	명사	
compass	나침반 | 나침의 | 양각기	/ˈkəmpəs/	명사	We compassed the earth
mercury	수성 | 머큐리신 | 수은	/ˈmɝkjɝi/	명사	The mercury was falling rapidly
locking		/ˈɫɑkɪŋ/	명사	
edwards		/ˈɛdwɝdz/	명사	
frederick		/ˈfɹɛdɝɪk/	명사	
dislike	미워하다 | 싫어하다	/dɪˈsɫaɪk/	동사	I really dislike this salesman
brace	거멀장 | 지주 | 버팀대	/ˈbɹeɪs/	명사	He wore a brace on his knee
ban	금지령 | 결혼 예고	/ˈbæn/	동사	
thrust	넣다 | 찌르다 | 밀치다	/ˈθɹəst/	동사	He thrust his chin forward
achievement	성공 | 성취	/əˈtʃivmənt/	명사	
links		/ˈɫɪŋks/	명사	The walls are held together with metal links placed in the wet mortar during construction
monastery	수도원	/ˈmɑnəˌstɛɹi/	명사	
newly	새로 | 새로이	/ˈnuɫi/	부사	They are newly married
impatient	조바심하는 | 성마르다 | 몹시하고 싶어하는	/ˌɪmˈpeɪʃənt/	형용사	Impatient to begin
recruit	신당원 | 신회원 | 최하급사병	/ɹəˈkɹut/	동사	Recruit new soldiers
sunk		/ˈsəŋk/	형용사	
ignorance	부지 | 무지 | 무식	/ˈɪɡnɝəns/	명사	
drugged		/ˈdɹəɡd/	형용사	A drugged sleep
creator	창조자 | 수작자 | 창조자임	/kɹiˈeɪtɝ/	명사	
mississippi		/ˌmɪsɪˈsɪpi/	명사	
civilized	개명한 | 교화된	/ˈsɪvəˌɫaɪzd/	형용사	Terrorist acts that shocked the civilized world
artery	동맥 | 간선 도로	/ˈɑɹtɝi/	명사	
dynamic	동적인 | 원동력 | 역학적	/daɪˈnæmɪk/	형용사	A dynamic market
distribution	분포하다 | 배부 | 유통업	/ˌdɪstɹəbˈjuʃən/	명사	Worldwide in distribution
turk	터키인	/ˈtɝk/	명사	
stereo	스테레오 | 입체 음향	/ˈstɛɹiˌoʊ/	명사	
ark	방주 | 계약의 궤	/ˈɑɹk/	명사	
carpenter	대목 | 목수 | 무대장치인	/ˈkɑɹpəntɝ/	명사	
warner		/ˈwɔɹnɝ/	명사	
melted		/ˈmɛɫtəd/	형용사	The ice cream melted
upsetting	뒤집음 | 뒤집어 엎는	/əpˈsɛtɪŋ/	형용사	An upsetting experience
bluff	허세	/ˈbɫəf/	명사	A bluff headland
bender	구부리는 사람 | 커브 | 흥청거림	/ˈbɛndɝ/	명사	He used pliers as a bender
unbearable	난감 | 참기 어려운	/ənˈbɛɹəbəɫ/	형용사	
narcotic	마취성의 | 마취약의 | 졸리는	/nɑɹˈkɑtɪk/	형용사	Narcotic stupor
juicy	윤기도는 | 즙이 많은 | 흥건하다	/ˈdʒusi/	형용사	A juicy scandal
eerie	요기있는	/ˈɪɹi/	형용사	An eerie midnight howl
slipper	때리다 | 바퀴멈추개	/ˈsɫɪpɝ/	명사	
freaky		/ˈfɹiki/	형용사	The whole experience was really freaky
vip	요인 | 고관	/ˌviˌaɪˈpi/	명사	
troop	몰리다 | 일단 무리 | 떼지어 나가다	/ˈtɹup/	명사	A troop of children
footprint	발자국	/ˈfʊtˌpɹɪnt/	명사	The footprints of an earlier civilization
pact	조약 | 협정	/ˈpækt/	명사	
apparent	명백한 | 거죽만	/əˈpɛɹənt/	형용사	The committee investigated some apparent discrepancies
repeated	되풀이된	/ɹiˈpitɪd/	형용사	
employer	사용자 | 고용주	/ɛmˈpɫɔɪɝ/	명사	
penelope	페넬로페 | 열녀	/pəˈnɛɫəpi/	명사	
grim	험상궂은	/ˈɡɹɪm/	형용사	Grim determination
medieval		/miˈdivəɫ/	형용사	Medieval scholars
frustrating		/ˈfɹəsˌtɹeɪtɪŋ/	형용사	
rehearse	시연하다 | 매거하다 | 복송하다	/ɹiˈhɝs/	동사	
travelled		/ˈtɹævəɫd/	형용사	News travelled fast
preparation	준비 | 예비 | 대비	/ˌpɹɛpɝˈeɪʃən/	명사	Preparations for the ceremony had begun
microwave	극초단파	/ˈmaɪkɹəˌweɪv/	명사	You can microwave the leftovers
denial	부인 | 거부 | 부정	/dɪˈnaɪəɫ/	명사	It resulted in a complete denial of his privileges
flute	세로골 | 플루트 | 피리	/ˈfɫut/	명사	
juvenile	소년의 | 어리다 | 어리석다	/ˈdʒuvəˌnaɪɫ/	형용사	Juvenile diabetes
paddy		/ˈpædi/	명사	
retarded	정서.지능.학력이 뒤진	/ɹiˈtɑɹdəd/	형용사	He started a school for the retarded
memo	메모 | 비망록	/ˈmɛˌmoʊ/	명사	
canvas	텐트 | 범포 | 즈크	/ˈkænvəs/	명사	The crowded canvas of history
fa			명사	
driveway	자동차길 | 드라이브길	/ˈdɹaɪvˌweɪ/	명사	They parked in the driveway
funky	겁쟁이의 | 몹시 구린	/ˈfəŋki/	형용사	She likes funky clothes
kitten	고양이	/ˈkɪtən/	명사	Our cat kittened again this year
negro	흑인 | 니그로 | 흑인이 사는	/ˈniɡɹoʊ/	명사	
chopped	개조한	/ˈtʃɑpt/	형용사	
consultant	상담역 | 자문위원 | 상의자	/kənˈsəɫtənt/	명사	
heating		/ˈhitɪŋ/	명사	They have radiant heating
architecture	건축구성 | 건축술 | 건축양식	/ˈɑɹkəˌtɛktʃɝ/	명사	The architecture of a computer's system software
butch	사내같은 | 상고머리 | 남성역의 여성	/ˈbʊtʃ/	형용사	
warmer	가열장치 | 온열기	/ˈwɔɹmɝ/	명사	
contribution	공헌 | 기고 | 기고문	/ˌkɑntɹəbˈjuʃən/	명사	I am proud of my contribution in advancing the project
advisor	참사	/ædˈvaɪzɝ/	명사	The United States sent military advisors to Guatemala
peoples		/ˈpipəɫz/	명사	The indigenous peoples of Australia
settling		/ˈsɛtəɫɪŋ/	명사	It is settling to rain
tractor	트랙터 | 끄는 도구 | 견인차	/ˈtɹæktɝ/	명사	
unacceptable	환영하기 어려운 | 받아들이기 어려운	/ˌənækˈsɛptəbəɫ/	형용사	A word unacceptable in polite society
imitate	모사하다 | 본받다 | 흉내내다	/ˈɪməˌteɪt/	동사	Life imitate art
squadron	기병대대 | 비행 중대 | 대대	/ˈskwɑdɹən/	명사	
ethics	윤리 | 윤리학	/ˈɛθɪks/	명사	
gibson	기브슨	/ˈɡɪbsən/	명사	
devotion	경주 | 정성 | 지성	/dɪˈvoʊʃən/	명사	He returned to his devotions
plumber	배관공 | 연관공	/ˈpɫəmɝ/	명사	
broom	금작화 | 비 | 비로 쓸다	/ˈbɹum/	명사	
briefing		/ˈbɹifɪŋ/	명사	
curve	곡선 | 곡선자 | 구부렁이	/ˈkɝv/	명사	Her hips curve nicely
informant	밀고자피조사자 | 보고자 | 통지자	/ˌɪnˈfɔɹmənt/	명사	
applaud	박수갈채하다	/əˈpɫɔd/	동사	I applaud your efforts
andrews		/ˈænˌdɹuz/	명사	
blog		/ˈbɫɔɡ/	명사	Postings on a blog are usually in chronological order
ox	수소	/ˈɑks/	명사	
vase	꽃병	/ˈvɑz/	명사	
glance	일견하다 | 별견 | 잠깐보다	/ˈɡɫæns/	동사	She only glanced at the paper
collective	집단적인 | 연대 | 공동체	/kəˈɫɛktɪv/	형용사	Collective farms
sixty	육십	/ˈsɪksti/	형용사	
heritage	유전 | 전승 | 혼혈	/ˈhɛɹətədʒ/	명사	A heritage of freedom
fisherman	어부 | 어민 | 아귀	/ˈfɪʃɝˌmæn/	명사	
armstrong		/ˈɑɹmˌstɹɑŋ/	명사	
nightclub		/ˈnaɪtˌkɫəb/	명사	The gossip columnist got his information by visiting nightclubs every night
willow	버드나무	/ˈwɪˌɫoʊ/	명사	
preliminary	사전 | 준비적인	/pɹiˈɫɪməˌnɛɹi/	형용사	A preliminary investigation
server		/ˈsɝvɝ/	명사	
mat	대지 | 매트 | 멍석	/ˈmæt/	명사	A mat of weeds and grass
appreciation	감상 | 가격의증가 | 양지	/əˌpɹiʃiˈeɪʃən/	명사	He expressed his appreciation in a short note
historic	역사에 남은	/hɪˈstɔɹɪk/	형용사	Historic victories
processing	가공	/ˈpɹɑsɛsɪŋ/	명사	The processing of ore to obtain minerals
naples		/ˈneɪpəɫz/	명사	
high-pitched	카랑카랑하다		형용사	A high-pitched roof
stalker		/ˈstɔkɝ/	명사	
introduction	소개 | 도입부 | 서설	/ˌɪntɹəˈdəkʃən/	명사	They resisted the introduction of impractical alternatives
valid	유효하다	/ˈvæɫɪd/	형용사	A valid argument
portuguese	포르투갈의 | 포르투갈 사람	/ˈpɔɹtʃəˌɡiz/	명사	Portuguese wines
negotiation	협상 | 뛰어넘음 | 뚫고 나감	/nɪˌɡoʊʃiˈeɪʃən/	명사	The buyout negotiation lasted several days
wheeler		/ˈhwiɫɝ/	명사	
overhear	도청하다 | 엿듣다	/ˈoʊvɝˈhiɹ/	동사	We overheard the conversation at the next table
breeding	버릇뱀이 | 증식 작용 | 번식	/ˈbɹidɪŋ/	명사	The breeding population
part-time		/ˈpɑɹtˈtaɪm/	형용사	A part-time job
barge	거룻배 | 짐배 | 뒤뚱뒤뚱 걷다	/ˈbɑɹdʒ/	명사	She barged into the meeting room
refugee	피난민 | 도망자 | 망명자	/ˈɹɛfjudʒi/	명사	
observed		/əbˈzɝvd/	형용사	No explanation for the observed phenomena
tigers		/ˈtaɪɡɝz/	명사	The Tamil Tigers perfected suicide bombing as a weapon of war
brothel	갈못집	/ˈbɹɑθəɫ/	명사	
ashore	해변에 | 물가에	/əˈʃɔɹ/	부사	We invited them ashore
panda	판다 | 흑백곰	/ˈpændə/	명사	
discretion	철 | 사려 | 분수	/dɪsˈkɹɛʃən/	명사	The servants showed great tact and discretion
yale	예일대학	/ˈjeɪɫ/	명사	
disappointing	억울하다	/ˌdɪsəˈpɔɪnɪŋ/	형용사	A disappointing performance from one who had seemed so promising
prophecy	예언 능력 | 예언	/ˈpɹɑfəsi/	명사	
absent	없다 | 결석 | 결석의	/ˈæbsənt/	형용사	An absent stare
machinery	기관 | 꾸밈 | 기계장치	/məˈʃinɝi/	명사	The complex machinery of negotiation
carrot	당근 | 비유수단 | 홍당무	/ˈkæɹət/	명사	Carrot and stick
wrecked		/ˈɹɛkt/	형용사	A highway full of wrecked cars
gestapo		/ɡəˈstɑpoʊ/	명사	
greene		/ˈɡɹin/	명사	
puff	불다 | 숱 | 헐떡이다	/ˈpəf/	동사	Puffed out chests
supportive		/səˈpɔɹtɪv/	형용사	A supportive family network
lulu		/ˈɫuˌɫu/	명사	
intervention	개입 | 조정 | 사이에 듦	/ˌɪntɝˈvɛnʃən/	명사	It occurs without human intervention
hughes		/ˈhjuz/	명사	
scholar	학자 | 선비	/ˈskɑɫɝ/	명사	
libby		/ˈɫɪˌbi/	명사	
predator	포식자	/ˈpɹɛdətɝ/	명사	
accusation	죄명 | 고소 | 고발	/ˌækjəˈzeɪʃən/	명사	
olympics		/oʊˈɫɪmpɪks/	명사	
accounting	경리 | 회계	/əˈkaʊnɪŋ/	명사	They send me an accounting every month
expertise	전문적의견 | 조예	/ˌɛkspɝˈtiz/	명사	
strap	가죽숫돌 | 기죽 손잡이 | 가죽끈	/ˈstɹæp/	명사	
embarrassment	당혹	/ɪmˈbɛɹəsmənt/	명사	An embarrassment of riches
vanilla	바닐라 | 바닐라 에센스	/vəˈnɪɫə/	명사	He liked vanilla ice cream
grape	포도	/ˈɡɹeɪp/	명사	
dominic		/ˈdɑmənɪk/	명사	
beacon	등대 | 봉화	/ˈbikən/	명사	
handkerchief	수건 | 손수건	/ˈhæŋkɝtʃif/	명사	
rubbing	탁본 | 마찰 | 문지름	/ˈɹəbɪŋ/	명사	
rustling	가축 도둑질 | 살랑살랑 소리 | 살랑살랑 소리나는	/ˈɹəsɫɪŋ/	명사	The dry leaves were rustling in the breeze
lighten	덜다	/ˈɫaɪtən/	동사	The room lightened up
flora	식물상 | 식물군 | 식물지	/ˈfɫɔɹə/	명사	The flora of southern California
cuban	쿠바의 | 쿠바 사람	/ˈkjubən/	형용사	
polar	극의	/ˈpoʊɫɝ/	형용사	A polar air mass
translator	역자 | 번역가 | 번역자	/tɹænˈsɫeɪtɝ/	명사	
brotherhood	형제관계 | 협회 | 친선 단체	/ˈbɹəðɝˌhʊd/	명사	
yuan		/juˈɑn/	명사	
understandable	알만한	/ˌəndɝˈstændəbəɫ/	형용사	
banner	기 | 기치	/ˈbænɝ/	명사	A banner year for the company
academic	대학의 | 인문과의 | 학구적인	/ˌækəˈdɛmɪk/	형용사	An academic question
sa		/ˈsɑ/	명사	
publicly		/ˈpəbɫɪkɫi/	부사	Publicly financed schools
syrup	시럽	/ˈsɝəp/	명사	
cartel	카르텔 | 결투장 | 기업연합	/kɑɹˈtɛɫ/	명사	
nash		/ˈnæʃ/	명사	
norma	직각자리	/ˈnɔɹmə/	명사	
unpredictable		/ˌənpɹɪˈdɪktəbəɫ/	형용사	An unpredictable (or indeterminable) future
wagner		/ˈvɑɡnɝ/	명사	They say that Hitler listened only to Wagner
suspension	일시정지 | 중단 | 매달림	/səˈspɛnʃən/	명사	
category	범주 | 카테고리 | 분류	/ˈkætəˌɡɔɹi/	명사	
transition	과도 | 전조 | 변이	/tɹænˈzɪʃən/	명사	The adagio transitioned into an allegro
pea	완두	/ˈpi/	명사	
cautious	조심스럽다 | 주의하여 | 신중하다	/ˈkɔʃəs/	형용사	A cautious driver
isabella	밀짚색 | 회황색	/ˌɪzəˈbɛɫə/	명사	
comparison	비교 | 교량 | 참조	/kəmˈpɛɹəsən/	명사	No comparison between the two books
islam	회교 | 이슬람교 | 회교문화	/ˈɪsˌɫɑm/	명사	Islam is a complete way of life, not a Sunday religion
thug	암살단원 | 흉한 | 자객	/ˈθəɡ/	명사	
gram	그램	/ˈɡɹæm/	명사	
freshman	신입생	/ˈfɹɛʃmən/	명사	A freshman senator
banquet	술자리 | 잔치 | 연회	/ˈbæŋkwət/	명사	A banquet for the graduating seniors
coup	대히트 | 큰인기	/ˈku/	명사	
shaken		/ˈʃeɪkən/	형용사	My faith has been shaken
toothbrush	칫솔	/ˈtuθbɹəʃ/	명사	
expressed		/ɪksˈpɹɛst/	형용사	She expressed her anger
vulgar	서민의 | 비속 | 일반 대중의	/ˈvəɫɡɝ/	형용사	A vulgar gesture
haunt	출몰하다 | 소굴 | 자주가다	/ˈhɔnt/	동사	She haunts the ballet
improvement	개량 | 진보 | 개수공사이용 활용	/ˌɪmˈpɹuvmənt/	명사	The new school represents a great improvement
zeus	제우스	/ˈzus/	명사	
murdoch		/ˈmɝdɑk/	명사	
smelling		/ˈsmɛɫɪŋ/	명사	
bakery	빵집	/ˈbeɪkɝi/	명사	
admission	고백 | 자인 | 입장	/ædˈmɪʃən/	명사	The surgery was performed on his second admission to the clinic
essay	수필 | 소론	/ˈɛˌseɪ/	명사	The infant had essayed a few wobbly steps
twitter	킥킥 웃다 | 지저귀다 | 지저귐	/ˈtwɪtɝ/	명사	
fewer		/ˈfjuɝ/	형용사	Fewer trains were late
altered		/ˈɔɫtɝd/	형용사	This dress needs to be altered
filing	서류정리 | 철하기	/ˈfaɪɫɪŋ/	명사	I have some filing to do
ecstasy	무아경 | 법열 | 의식혼미상태	/ˈɛkstəsi/	명사	
snatch	단시간 | 잡아챔 | 한입	/ˈsnætʃ/	동사	The cat snatched at the butterflies
tropical	비유의 | 열대적인 | 일정적인	/ˈtɹɑpɪkəɫ/	형용사	Tropical islands
pharmacy	약국 | 조제법 | 약학	/ˈfɑɹməsi/	명사	
dalton	달톤 | 돌턴 학교	/ˈdɔɫtən/	명사	
altitude	고도 | 하강	/ˈæɫtəˌtud/	명사	The altitude gave her a headache
admired		/ədˈmaɪɝd/	형용사	
dickhead		/ˈdɪkˌhɛd/	명사	
mamma	엄마 | 유방	/ˈmɑmə/	명사	
grind	닦아지다 | 맷돌질하다 | 바드득거리다	/ˈɡɹaɪnd/	동사	A coarse grind of coffee
bombay	봄베이	/bɑmˈbeɪ/	명사	
lowest	최저 | 최하	/ˈɫoʊəst/	형용사	The branch with the big peaches on it hung lowest
makin		/ˈmækɪn/	명사	
mute	묵자의 | 벌어리 | 회장꾼	/ˈmjut/	형용사	
full-time		/ˈfʊɫˌtaɪm/	형용사	A full-time job
scratching		/ˈskɹætʃɪŋ/	명사	
imprisoned	감금당	/ˌɪmˈpɹɪzənd/	형용사	The suspects were imprisoned without trial
danish	덴마크의 | 덴마크 말	/ˈdeɪnɪʃ/	명사	Danish furniture
glowing	샛빨간 | 홍조된 | 백열의	/ˈɡɫoʊɪŋ/	형용사	The coals were glowing in the dark
martini	마르티니	/mɑɹˈtini/	명사	
empress	여제 | 황후	/ˈɛmpɹɛs/	명사	
equipped		/ɪˈkwɪpt/	형용사	A well equipped playground
finale	종악장 | 최후의 막 | 종국	/fəˈnæɫi/	명사	
tarzan	타잔	/ˈtɑɹˌzæn/	명사	
slick	매끄럽게 | 매끄러운 곳 | 정면 충돌하다	/ˈsɫɪk/	명사	Slick one's hair
unarmed	무기가 없는 | 무장하지 않은	/əˈnɑɹmd/	형용사	Unarmed vehicles
violated		/ˈvaɪəɫeɪtɪd/	형용사	
vent	손구멍 | 터진 구멍 | 배출구	/ˈvɛnt/	명사	She vented her anger
dd			명사	
breakthrough	적진돌파 | 난국의 타개	/ˈbɹeɪkˌθɹu/	명사	
stud	씨말 | 말의 떼 | 장식 단추	/ˈstəd/	명사	
addressed		/əˈdɹɛst/	형용사	He addressed the crowd outside the window
tactical	병학의 | 전술의 | 전술적인	/ˈtæktɪkəɫ/	형용사	A tactical error
dine		/ˈdaɪn/	동사	We often dine with friends in this restaurant
limb	앞이 | 사직의 손	/ˈɫɪm/	명사	The limb of the sextant
wool	고수머리 | 모직물 | 털실	/ˈwʊɫ/	명사	
montana		/mɑnˈtænə/	명사	
numb	곱은 | 민수기 | 마비시키다	/ˈnəm/	형용사	Too numb with fear to move
priceless	천금 | 말도 아닌 | 어처구니 없는	/ˈpɹaɪsɫəs/	형용사	
commanding	지휘하는	/kəˈmændɪŋ/	형용사	A commanding view of the ocean
relaxing	나른한	/ɹiˈɫæksɪŋ/	형용사	
parlor	영업실 | 객실 | 담화실	/ˈpɑɹɫɝ/	명사	
cabbage	양배추 | 캐비지	/ˈkæbədʒ/	명사	
intruder	난입자 | 침입기	/ˌɪnˈtɹudɝ/	명사	
considerable	대단하다 | 많은 | 적지 않은	/kənˈsɪdɝəbəɫ/	형용사	A considerable quantity
paladin	친위 기사	/ˈpæɫədɪn/	명사	
pupil	눈동자 | 동공 | 제자	/ˈpjupəɫ/	명사	
inspire	고무하다 | 고취하다 | 들이쉬다	/ˌɪnˈspaɪɹ/	동사	The lung cancer patient cannot inspire air very well
positively	맹세코	/ˈpɑzətɪvɫi/	부사	It was positively monumental
feminine	여자다운	/ˈfɛmənən/	형용사	A feminine ending
vague	막연 | 애매 | 모호하다	/ˈveɪɡ/	형용사	A vague uneasiness
partly	조금은 | 어느 정도는 | 일부분은	/ˈpɑɹtɫi/	부사	I felt partly to blame
insight	식견 | 안식 | 간파력	/ˈɪnˌsaɪt/	명사	
screenplay	각본 | 대본	/ˈskɹinˌpɫeɪ/	명사	
marquis	후작	/ˌmɑɹˈki/	명사	
ripe	익다 | 곪은 | 난숙하다	/ˈɹaɪp/	형용사	The ripe age of 90
tempt	모험하다 | 당기게 하다 | 꾀다	/ˈtɛmpt/	동사	St. Anthony was tempted in the desert
inherit	상속하다 | 유전하다 | 상속받다	/ˌɪnˈhɛɹət/	동사	I inherited my good eyesight from my mother
decline	쇠하다 | 늘그막 | 쇠비	/dɪˈkɫaɪn/	동사	The roof declines here
pennsylvania		/ˌpɛnsəɫˈveɪnjə/	명사	
fang	엄니	/ˈfæŋ/	명사	
shitting		/ˈʃɪtɪŋ/	명사	
gigantic		/dʒaɪˈɡænɪk/	형용사	A gigantic redwood
headmaster		/ˈhɛdˈmæstɝ/	명사	
tenth		/ˈtɛnθ/	형용사	
overlapping	겹침	/ˈoʊvɝˌɫæpɪŋ/	명사	
yield	산출하다	/ˈjiɫd/	동사	This year's crop yielded 1,000 bushels of corn
backstage	무대뒤	/ˈbækˈsteɪdʒ/	명사	Costumes were changed backstage
quiz	퀴즈	/ˈkwɪz/	명사	
mosque	회교 교당	/ˈmɑsk/	명사	
weaver	직조공 | 짜는 사람	/ˈwivɝ/	명사	
stated	진술된	/ˈsteɪtɪd/	형용사	
weirdo		/ˈwɪɹdoʊ/	명사	
belongings		/bɪˈɫɔŋɪŋz/	명사	
chilly	오싹한 | 냉랭한 | 차다	/ˈtʃɪɫi/	형용사	A chilly greeting
eldest		/ˈɛɫdəst/	형용사	
feedback	피드백 | 종합작용 | 피드백의	/ˈfidˌbæk/	명사	
repeatedly	자꾸만 | 자꾸 | 재삼재사	/ɹɪˈpitɪdɫi/	부사	It must be washed repeatedly
exquisite	절묘하다 | 멋쟁이 남자 | 우미한	/ˈɛkskwəzət/	형용사	An exquisite cameo
pickle	절인것 | 절이 국물	/ˈpɪkəɫ/	명사	
masses	대중	/ˈmæsəz/	명사	
pauline		/pɔˈɫin/	형용사	
crosse	크로스	/ˈkɹɑs/	명사	
arctic	북극	/ˈɑɹktɪk/	명사	The Arctic summer
reinforcement	증원 | 증원대 | 보급	/ˌɹiɪnˈfɔɹsmənt/	명사	He used gummed reinforcements to hold the page in his notebook
secondary	중등의 | 부수적 | 부차적	/ˈsɛkənˌdɛɹi/	형용사	A secondary issue
pajama		/pəˈdʒæmə/	명사	
asteroid	작은유성의	/ˈæstɝˌɔɪd/	명사	
mixing	혼성 | 믹싱 | 음량조정	/ˈmɪksɪŋ/	명사	The mixing of sound channels in the recording studio
courier	밀사 | 신보 | 급사	/ˈkɝiɝ/	명사	
longing	동경 | 갈망	/ˈɫɔŋɪŋ/	명사	
manipulate	조작하다 | 조종하다	/məˈnɪpjəˌɫeɪt/	동사	She manipulates her boss
liberal	자유주의자 | 대범한 | 자유당원	/ˈɫɪˌbɝəɫ/	명사	A liberal newspaper
investor	투자자 | 서임자 | 포위자	/ˌɪnˈvɛstɝ/	명사	
bun	롤빵	/ˈbən/	명사	
sly	장난스러운 | 교활한 | 은밀한	/ˈsɫaɪ/	형용사	
motto	반복 악구 | 모토 | 표어	/ˈmɑtoʊ/	명사	
moss	이끼 | 이탄지 | 이끼로덮다	/ˈmɔs/	명사	
melting	감상적인 | 융해 | 용해	/ˈmɛɫtɪŋ/	명사	Hundreds of actors were melting into the scene
lava	용암	/ˈɫɑvə/	명사	
kris		/ˈkɹɪs/	명사	
monthly	월례 | 매달의 | 월간 잡지	/ˈmənθɫi/	명사	Monthly payments
tickle	간질이기 | 간질거리다 | 재미나게하다	/ˈtɪkəɫ/	동사	The grass tickled her calves
ufo		/ˌjuˌɛˈfoʊ/	명사	
timothy	디모데 | 디모데서 | 큰조아재비	/ˈtɪməθi/	명사	
midst		/ˈmɪdst/	명사	In the midst of the crowd
herbert		/ˈhɝbɝt/	명사	
ti		/ˈti/	명사	
convenience	이기 | 편의 | 간편	/kənˈvinjəns/	명사	Chairs arranged for his own convenience
flashlight	플래시 | 명멸광 | 섬광등	/ˈfɫæʃˌɫaɪt/	명사	
dewey	교육가	/ˈdui/	명사	
shouted		/ˈʃaʊtɪd/	형용사	The angry mother shouted at the teacher
splitting	포복절도할	/ˈspɫɪtɪŋ/	형용사	
cuff	수갑 | 커프스 | 소매 끝동	/ˈkəf/	명사	
cosmos	코스모스 | 완전체계	/ˈkɑzmoʊs/	명사	
curfew	만종 | 소등명령 | 저녁종	/ˈkɝfju/	명사	
instruct	지도하다 | 지시하다 | 교육하다	/ˌɪnˈstɹəkt/	동사	He instructed me in building a boat
notorious	이름난악명높은	/noʊˈtɔɹiəs/	형용사	A notorious gangster
prague	프라하 | 체코슬로바키아의 수도	/ˈpɹɑɡ/	명사	
streak	줄무의 | 줄무늬지다 | 줄이 지다	/ˈstɹik/	명사	A streak of wildness
equivalent	동등의 | 등량의 | 상당하는	/ɪˈkwɪvəɫənt/	명사	A wish that was equivalent to a command
pitiful	비루한 | 민망스럽다 | 아깝다	/ˈpɪtəfəɫ/	형용사	Pitiful exhibition of cowardice
fin	발갈퀴	/ˈfɪn/	명사	
propaganda	선전 | 선전 기관	/ˌpɹɑpəˈɡændə/	명사	
doorstep	현관계단	/ˈdɔɹˌstɛp/	명사	
fascinated		/ˈfæsəˌneɪtəd/	형용사	
jude	유다서	/ˈdʒud/	명사	
beatrice	베아트리체	/ˈbiətɹəs/	명사	
dumping	덤핑	/ˈdəmpɪŋ/	명사	No dumping in these woods!
condo		/ˈkɑndoʊ/	명사	
fearless	겁 없는 | 무서워하지 않는 | 모질다	/ˈfɪɹɫəs/	형용사	Fearless reporters and photographers
cripple	병신 | 절름발이 | 폐인	/ˈkɹɪpəɫ/	동사	This measure crippled our efforts
errand	심부름 | 볼일 | 사명	/ˈɛɹənd/	명사	
baking	빵굽기 | 굽기	/ˈbeɪkɪŋ/	명사	The tourists were baking in the heat
bourbon	버번 위스키 | 위스키의 일종	/ˈbɝbən/	명사	
cathedral	대성당 | 주교좌성당 | 큰 예배당	/kəˈθidɹəɫ/	명사	A cathedral church
malone		/məˈɫoʊn/	명사	
bong	댕 | 둥하는 소리	/ˈbɑŋ/	명사	The big bell bonged
tying	현재 분사 | 결박	/ˈtaɪɪŋ/	명사	
strangle	교살하다	/ˈstɹæŋɡəɫ/	동사	Strangle a yawn
stripped		/ˈstɹɪpt/	형용사	A stripped new car
manchester	영국서부의 도시	/ˈmænˌtʃɛstɝ/	명사	
briefly	간결하게	/ˈbɹifɫi/	부사	She replied briefly
unfinished	미완성의	/ənˈfɪnɪʃt/	형용사	Unfinished business
experimental	실험용 | 실험적인	/ɪkˌspɛɹɪˈmɛntəɫ/	형용사	Experimental physics
mainland	본토	/ˈmeɪnˌɫænd/	명사	
judgement		/ˈdʒədʒmənt/	명사	
pike	미늘창 | 창꼬치 | 유료 도로	/ˈpaɪk/	명사	
slot	요금 구멍	/ˈsɫɑt/	명사	An aircraft landing slot
amazon	아마존강	/ˈæməˌzɑn/	명사	
flooded	물에 잠긴	/ˈfɫədəd/	형용사	A flooded bathroom
torment	그원인 | 안겨주다 | 지근거리다	/ˈtɔɹˌmɛnt/	명사	The torments of the damned
mermaid	인어	/ˈmɝˌmeɪd/	명사	
rapist	강간 범인	/ˈɹeɪpɪst/	명사	
sander		/ˈsændɝ/	명사	
lisbon	리스본	/ˈɫɪzbən/	명사	
reader	리더 | 판독기 | 독서가	/ˈɹidɝ/	명사	
keyboard	자판 | 키보드 | 건반	/ˈkiˌbɔɹd/	명사	
roam	표랑 | 돌아다님 | 걸어 다니다	/ˈɹoʊm/	동사	The gypsies roamed the woods
seventeen		/ˈsɛvənˈtin/	형용사	
openly		/ˈoʊpənɫi/	부사	He openly flaunted his affection for his sister
deacon		/ˈdikən/	명사	
jackpot	대성공	/ˈdʒækˌpɑt/	명사	
soaked	스며든 | 젖다 | 흠뻑 젖은	/ˈsoʊkt/	형용사	I soaked in the hot tub for an hour
printing	인자 | 인쇄 | 날염	/ˈpɹɪnɪŋ/	명사	They ran off an initial printing of 2000 copies
extract	추출하다 | 빼다 | 빼어내다	/ˈɛkˌstɹækt/	동사	Extract a bad tooth
cherish	고이 간직하다 | 간직하다	/ˈtʃɛɹɪʃ/	동사	
takin			명사	
sponge	기식하다 | 등치다 | 술고래	/ˈspəndʒ/	동사	She soaks up foreign languages like a sponge
bate	알칼리액에 담그다	/ˈbeɪt/	동사	Bate hides and skins
virginity	처녀임 | 순결 | 처녀성	/vɝˈdʒɪnɪti/	명사	
torturing		/ˈtɔɹtʃɝɪŋ/	형용사	It required unnatural torturing to extract a confession
unity	통합 | 단일 | 복합	/ˈjunəti/	명사	He took measures to insure the territorial unity of Croatia
coop	가리 | 원조 | 협업	/ˈkup/	명사	
forge	꾸며대다 | 단조공장 | 철공장	/ˈfɔɹdʒ/	동사	He forged ahead
morse		/ˈmɔɹs/	명사	
guru	힌두교의 도사 | 정신적인 지도자	/ˈɡuˌɹu/	명사	A guru of genomics
tai		/ˈtaɪ/	형용사	
skilled	민완 | 노련	/ˈskɪɫd/	형용사	A skilled trade
calf	송아지 | 장딴지 | 어리석은 젊은이	/ˈkæf/	명사	
allowance	수당 | 허용 | 급여액	/əˈɫaʊəns/	명사	Travel allowance
homosexual	동성	/ˌhoʊmoʊˈsɛkˌʃəwəɫ/	명사	
rosemary	로즈메리 | 로즈메리의 잎	/ˈɹoʊzˌmɛɹi/	명사	
idle	까닭 없는 | 놀고 보내다 | 한가한	/ˈaɪdəɫ/	형용사	An idle laborer
resent	원망하다 | 골내다 | 분개하다	/ɹiˈzɛnt/	동사	She resents being paid less than her co-workers
cassandra	카산드라	/kəˈsændɹə/	명사	
likewise	역시 | 똑같이 | 마찬가지로	/ˈɫaɪˌkwaɪz/	부사	Some people have little power to do good, and have likewise little strength to resist evil
riddle	난제 | 어레미 | 어레미로 치다	/ˈɹɪdəɫ/	동사	Riddle me a riddle
ghetto	빈민구	/ˈɡɛtoʊ/	명사	The Warsaw ghetto
sunglasses	선글라스	/ˈsənˌɡɫæsɪz/	명사	
valve	판	/ˈvæɫv/	명사	
geek	변태자 | 기인	/ˈɡik/	명사	
publisher	발표자 | 출판업자 | 신문 경영자	/ˈpəbɫɪʃɝ/	명사	
troubling		/ˈtɹəbəɫɪŋ/	형용사	A troubling thought
trembling	벌벌 | 떨리는 | 떨림	/ˈtɹɛmbəɫɪŋ/	형용사	Trembling hands
marathon	마라톤	/ˈmɛɹəˌθɑn/	명사	
douche	관수 | 관수하다	/ˈduʃ/	명사	
conducting	안내	/kənˈdəktɪŋ/	명사	He does not use a baton for conducting
shriek		/ˈʃɹik/	명사	
fiancee		/fiˈænsi/	명사	
frankenstein	프랑켄슈타인	/ˈfɹæŋkənˌstaɪn/	명사	
wei		/ˈweɪ/	명사	
burglar	도둑 | 밤도둑	/ˈbɝɡɫɝ/	명사	
norway		/ˈnɔɹˌweɪ/	명사	
infant	아기 | 소아 | 소아의	/ˈɪnfənt/	명사	
falcon	송골매	/ˈfæɫkən/	명사	The tribes like to falcon in the desert
pursuing		/pɝˈsuɪŋ/	형용사	The fox fled from the pursuing hounds
humiliate	욕 보이다	/hjuˈmɪɫiˌeɪt/	동사	He humiliated his colleague by criticising him in front of the boss
hydrogen	수소	/ˈhaɪdɹədʒən/	명사	
karaoke		/ˌkɛɹiˈoʊki/	명사	
scope	퍼짐	/ˈskoʊp/	명사	Within the scope of an investigation
superstar	슈퍼스타	/ˌsupɝˈstɑɹ/	명사	
orgasm	흥분의 절정	/ˈɔɹɡæzəm/	명사	
byron		/ˈbaɪɹən/	명사	
gravy	고깃국물	/ˈɡɹeɪvi/	명사	
calculation	계산 | 추산 | 산출	/ˌkæɫkjəˈɫeɪʃən/	명사	
vocal	속삭이는 | 성악 | 목소리의	/ˈvoʊkəɫ/	형용사	Vocal technique
severely		/səˈvɪɹɫi/	부사	A severely impaired heart
boiled		/ˈbɔɪɫd/	형용사	
metaphor	은유 | 온유	/ˈmɛtəfɔɹ/	명사	
kindergarten	유치원	/ˈkɪndɝˌɡɑɹtən/	명사	
brazilian	브라질의 | 브라질사람	/bɹəˈzɪɫjən/	형용사	
devastating		/ˈdɛvəˌsteɪtɪŋ/	형용사	A devastating hurricane
interfering	말참견	/ˌɪnɝˈfɪɹɪŋ/	형용사	An interfering old woman
dripping	뚝뚝 떨어짐 | 흠뻑 젖은	/ˈdɹɪpɪŋ/	명사	Water is dripping from the faucet
ops	물가 통제국	/ˈɑps/	명사	
suited		/ˈsutɪd/	형용사	Recruits suited in green
merciful	자비로운	/ˈmɝsɪfəɫ/	형용사	Our merciful king
affirmative	긍정문 | 긍정의	/əˈfɝmətɪv/	형용사	Affirmative votes
runaway	탈주자 | 가출소년 | 도망친	/ˈɹənəˌweɪ/	형용사	Runaway inflation
shoo	쉿	/ˈʃu/	동사	
wales	웨일즈	/ˈweɪɫz/	명사	
santiago	칠레의 수도	/ˌsæntiˈɑɡoʊ/	명사	
adapt	맞추다	/əˈdæpt/	동사	Adapt our native cuisine to the available food resources of the new country
prostitution	매춘 | 성매	/ˌpɹɑstəˈtuʃən/	명사	
payback		/ˈpeɪˌbæk/	명사	
vintage	수확 | 포도 수확 | 포도 수확량	/ˈvɪntɪdʒ/	명사	
diaper		/ˈdaɪpɝ/	명사	
courthouse	재판소 | 군청 청사	/ˈkɔɹtˌhaʊs/	명사	
cub	견습생 | 견습의 | 애송이	/ˈkəb/	명사	Bears cub every year
surfing	파도타기	/ˈsɝfɪŋ/	명사	
indiana	인디애나	/ˌɪndiˈænə/	명사	
spotlight	스포트라이트	/ˈspɑtˌɫaɪt/	명사	
frontier	변경 | 국경의 | 국경지방	/fɹənˈtɪɹ/	명사	He worked at the frontier of brain science
monte	카드 도박	/ˈmɑnti/	명사	
stocks	폭락 | 발행	/ˈstɑks/	명사	The value of his stocks doubled during the past year
holiness		/ˈhoʊɫinəs/	명사	
denmark	덴마크	/ˈdɛnˌmɑɹk/	명사	
isolation	고독단리 | 격리 | 고립	/ˌaɪsəˈɫeɪʃən/	명사	He opposed a policy of American isolation
starter	발차계원 | 시동 장치 | 시작하는 사람	/ˈstɑɹtɝ/	명사	To make sourdough you need a starter
acquainted		/əˈkweɪnɪd/	형용사	They were acquainted
meow	야웅	/miˈaʊ/	명사	
loft	고미다락 | 올려치기 | 누각	/ˈɫɔft/	명사	The rocket lofted the space shuttle into the air
snitch	고자질하다 | 후무리다	/ˈsnɪtʃ/	동사	Someone snitched my wallet!
ribbon	태엽 | 대재 | 댕기	/ˈɹɪbən/	명사	A mere ribbon of land
greatness	활달 | 광대함 | 다대함	/ˈɡɹeɪtnəs/	명사	
decency	점잖음 | 체면상	/ˈdisənsi/	명사	
mayday	메이데이	/ˈmeɪdeɪ/	명사	
michigan	미시간호	/ˈmɪʃɪɡən/	명사	
reactor	리액터 | 반응 장치 | 화학 반응기	/ɹiˈæktɝ/	명사	
buckle	혁대장식 | 비틀어지다 | 구부리다	/ˈbəkəɫ/	동사	His knees buckled
vanity	화장대 | 무익 | 허영	/ˈvænəti/	명사	
alleged	주장된	/əˈɫɛdʒd/	형용사	Alleged abuses of housing benefits
asap		/ˈeɪˈɛˈseɪˈpi/	부사	
cuckoo	뻐꾸기 | 뻐꾹 | 의식을 잃은	/ˈkəˌku/	명사	
crib	주해서 | 커닝하다 | 커닝페이퍼	/ˈkɹɪb/	명사	Crib a construction hole
yogurt		/ˈjoʊɡɝt/	명사	
secondly	둘째로	/ˈsɛkəndɫi/	부사	
nixon		/ˈnɪksən/	명사	
portland		/ˈpɔɹtɫənd/	명사	
fishy	물고기의 | 비린 | 의심스런	/ˈfɪʃi/	형용사	The soup had a fishy smell
flick	영화필름 | 튐 | 퍼럭이다	/ˈfɫɪk/	동사	The paper flicked
muffin	머핀	/ˈməfən/	명사	
hale	정정한 | 잡아 끌다	/ˈheɪɫ/	명사	Hale and hearty
tailor	양복장이 | 옷이 날개 | 재봉사	/ˈteɪɫɝ/	동사	Tailor your needs to your surroundings
chimney	분화구 | 등피 | 침니	/ˈtʃɪmni/	명사	
ezra	에스라	/ˈɛzɹə/	명사	
packet	우펀선 | 소포로 하다 | 우편선으로 보내다	/ˈpækət/	명사	
homemade	집에서 만든 | 손으로 만든	/ˈhoʊˈmeɪd/	형용사	
farming	농사 | 농사일 | 야식	/ˈfɑɹmɪŋ/	명사	Farming communities
genuinely	진정으로	/ˈdʒɛnˈjuˌwaɪnɫi/	부사	A genuinely open society
rumour	소문내다 | 풍설 | 풍문	/ˈɹumɝ/	명사	
blouse	블라우스	/ˈbɫaʊs/	명사	
kite	지연 | 연 | 솔개	/ˈkaɪt/	명사	He kited many checks
rhyme	시가 | 각운 | 동운어	/ˈɹaɪm/	명사	Hat and cat rhyme
invade	내습하다 | 쳐들어가다 | 대거몰려오다	/ˌɪnˈveɪd/	동사	The cancer had invaded her lungs
equation	방정식 | 같게함 | 균분법	/ɪˈkweɪʒən/	명사	
transmitter	송신기 | 송달자 | 송화기	/tɹænsˈmɪtɝ/	명사	Aphids are transmitters of plant diseases
lime	석회 | 석회수 | 보리수	/ˈɫaɪm/	명사	
rotting	썩어가다	/ˈɹɑtɪŋ/	명사	
remorse	자책	/ɹɪˈmɔɹs/	명사	
otis		/ˈoʊtɪs/	명사	
marker	표 | 묘비 | 득점 기록원	/ˈmɑɹkɝ/	명사	The buoys were markers for the channel
chore	하기싫은일 | 가축 시중	/ˈtʃɔɹ/	명사	The farmer's morning chores
gem	보석 | 옥석 | 구슬	/ˈdʒɛm/	명사	He had the gem set in a ring for his wife
blasted	저주받은	/ˈbɫæstəd/	형용사	He's a blasted idiot
courageous	용감한 | 용감하다	/kɝˈeɪdʒəs/	형용사	A frank courageous heart...triumphed over pain
determination	판별 | 과감 | 식별	/dɪˌtɝməˈneɪʃən/	명사	Satisfied with the panel's determination
beaver	해리 | 비버 | 턱가리개	/ˈbivɝ/	명사	
publishing	출판 | 출판업 | 출간	/ˈpəbɫɪʃɪŋ/	명사	
well-known		/ˈwɛɫˈnoʊn/	형용사	Well-known facts
testament	성약 | 유언	/ˈtɛstəmənt/	명사	He stated his political testament
apocalypse	천계 | 묵시	/əˈpɑkəˌɫɪps/	명사	
paralyzed		/ˈpɛɹəˌɫaɪzd/	형용사	Fear paralyzed her
headline	표제	/ˈhɛdˌɫaɪn/	명사	
stripes	줄기	/ˈstɹaɪps/	명사	They earned their stripes in Kuwait
santos		/ˈsæntoʊs/	명사	
abort	유산하다 | 조산하다	/əˈbɔɹt/	동사	Abort the mission
heap	쌩올린 것 | 더미 | 무더기	/ˈhip/	명사	He heaped him with work
ketchup	케첩	/ˈkɛtʃəp/	명사	
gracie		/ˈɡɹeɪsi/	명사	
tummy		/ˈtəmi/	명사	
hog	돼지	/ˈhɑɡ/	명사	
yakuza			명사	
weeping	울음 | 드리우는 | 눈물울 흘리는	/ˈwipɪŋ/	형용사	The pendulous branches of a weeping willow
fragment	조각 | 파편 | 단편	/ˈfɹæɡmənt/	명사	A fragment of rock
catastrophe	대참사 | 파국 | 대단원	/kəˈtæstɹəfi/	명사	Lack of funds has resulted in a catastrophe for our school system
shaving	면도함 | 깎아낸 부스러기 | 깎음	/ˈʃeɪvɪŋ/	명사	
rover	로버 | 배회자 | 임시과녁	/ˈɹoʊvɝ/	명사	
moreover	더욱이	/mɔˈɹoʊvɝ/	부사	The cellar was dark; moreover, mice nested there
releasing		/ɹiˈɫisɪŋ/	형용사	
fascist	국수주의자 | 파쇼 | 파시스트 당원	/ˈfæʃɪst/	형용사	Fascist propaganda
spitting		/ˈspɪtɪŋ/	명사	
colt	망아지	/ˈkoʊɫt/	명사	
tristan		/ˈtɹɪsˌtæn/	명사	
hardy		/ˈhɑɹdi/	형용사	Hardy explorers of northern Canada
truce	휴전	/ˈtɹus/	명사	
plaza		/ˈpɫæzə/	명사	They met at Elm Plaza
bronze	청동 | 청동의	/ˈbɹɑnz/	명사	Bronze baby shoes
guarded		/ˈɡɑɹdəd/	형용사	Guarded optimism
airline	직행로 | 항공 회사	/ˈɛɹˌɫaɪn/	명사	
incapable	무자격자 | 무능한 | 할수 없는	/ˌɪnˈkeɪpəbəɫ/	형용사	Incapable of solution
sanchez		/ˈsæntʃɛz/	명사	
hq			명사	
privately	개인으로서 | 비밀히 | 은밀히	/ˈpɹaɪvətɫi/	부사	A privately financed campaign
vatican	교황권 | 교황정치 | 바티칸 궁전	/ˈvætɪkən/	명사	
surround	두르다 | 둘러싸다	/sɝˈaʊnd/	동사	The forest surrounds my property
consolation	위로 | 위자 | 위안	/ˌkɑnsəˈɫeɪʃən/	명사	His presence was a consolation to her
gutter	좌 | 빈민가 | 얕은 도랑	/ˈɡətɝ/	명사	Gutter the buildings
lan		/ˈɫæn/	명사	
astonishing	놀라운	/əˈstɑnɪʃɪŋ/	형용사	The dog was capable of astonishing tricks
broker	중개인 | 마도위	/ˈbɹoʊkɝ/	명사	
seizure	잡음 | 가압류 | 강탈	/ˈsiʒɝ/	명사	He suffered an epileptic seizure
fright	우스운 사람	/ˈfɹaɪt/	명사	
leaning		/ˈɫinɪŋ/	명사	The leaning tower of Pisa
berry	장과 | 커피의 열매	/ˈbɛɹi/	명사	We went berrying in the summer
lacking	결핍된	/ˈɫækɪŋ/	형용사	Lacking in stamina
verge	가장자리 | 직면하다 | 향하다	/ˈvɝdʒ/	명사	On the verge of tears
lucifer		/ˈɫusəfɝ/	명사	As long you've a lucifer to light your fag
contribute	기부하다 | 기부를 하다 | 기고하다	/kənˈtɹɪbjut/	동사	
jewellery			명사	
richards		/ˈɹɪtʃɝdz/	명사	
erotic	애욕의	/ɪˈɹɑtɪk/	형용사	
sibling		/ˈsɪbɫɪŋ/	명사	
est		/ˈɛst/	명사	
disk	원반 레코드 | 평원반 레코드	/ˈdɪsk/	명사	The moon's disk hung in a cloudless sky
comic_strip			명사	
obstacle	방해 | 장애 | 거침	/ˈɑbstəkəɫ/	명사	Lack of imagination is an obstacle to one's advancement
ale		/ˈeɪɫ/	명사	
coral	산호 | 산호빛 | 산호층	/ˈkɔɹəɫ/	명사	
hamburger	햄버거	/ˈhæmbɝɡɝ/	명사	
redemption	구원 | 되삼 | 보상물	/ɹɪˈdɛmpʃən/	명사	
concussion	격동	/kənˈkəʃən/	명사	
disgust	역겨움 | 역겹게하다 | 정떨어지게 하다	/dɪsˈɡəst/	동사	This spoilt food disgusts me
wright		/ˈɹaɪt/	명사	
nsa			명사	
arise	생기다 | 일어나다	/ɝˈaɪz/	동사	
dolphin		/ˈdɑɫfən/	명사	
solving		/ˈsɑɫvɪŋ/	명사	
plasma	원형질 | 유장 | 임파액	/ˈpɫæzmə/	명사	Particles in space exist in the form of a plasma
singapore		/ˈsɪŋəˌpɔɹ/	명사	
scram		/ˈskɹæm/	동사	
regain	다시 도착하다 | 탈환하다 | 회복하다	/ɹɪˈɡeɪn/	동사	She regained control of herself
conductor	도선 | 안내자 | 피뢰침	/kənˈdəktɝ/	명사	
gender		/ˈdʒɛndɝ/	명사	
cocky	잘난체하는 | 건방진 | 뽐내는	/ˈkɑki/	형용사	A very cocky young man
deciding	결승의	/ˌdɪˈsaɪdɪŋ/	명사	Cast the deciding vote
dispute	분쟁 | 논쟁하다	/dɪˈspjut/	동사	He had a dispute with his wife
brute	감각이 없는 | 짐승	/ˈbɹut/	명사	
telly		/ˈtɛɫi/	명사	The British call a tv set a telly
capsule	캡슐 | 삭 | 교갑	/ˈkæpsəɫ/	명사	
psychopath	정신 병자	/ˈsaɪkoʊˌpæθ/	명사	
dumpster		/ˈdəmpstɝ/	명사	
lira		/ˈɫɪɹə/	명사	
bind	묶다 | 속박하다-굳어지다 | 끈	/ˈbaɪnd/	동사	Bind the books in leather
crust	겉 | 겉껍질 | 지각	/ˈkɹəst/	명사	The bread crusted in the oven
poorly		/ˈpuɹɫi/	부사	The team played poorly
bundle	보따리 | 싸다 | 다발	/ˈbəndəɫ/	명사	He bundled up his few possessions
vibrate	후들거리다 | 오싹하게하다 | 마음이 떨리다	/ˈvaɪbɹeɪt/	동사	
ricardo	리카도	/ɹɪˈkɑɹdoʊ/	명사	
encouraging		/ɛnˈkɝɪdʒɪŋ/	형용사	Encouraging advances in medical research
polo	폴로	/ˈpoʊɫoʊ/	명사	
ada		/ˈeɪdə/	명사	ADA deficiency can lead to one form of severe combined immunodeficiency disease
meteor	유성	/ˈmitiɝ/	명사	
firmly	단단하게 | 단단히 | 확고하게	/ˈfɝmɫi/	부사	We firmly believed it
hormone	호르몬 | 호르몬제	/ˈhɔɹˌmoʊn/	명사	
starboard	우현 | 우현으로 돌리다	/ˈstɑɹbɝd/	명사	
chauffeur	운전사로 일하다 | 의운전사로 일하다 | 자동차로 안내하다	/ˈʃoʊfɝ/	명사	
download		/ˈdaʊnˌɫoʊd/	동사	
garrison	수비대 | 요새지	/ˈɡæɹɪsən/	명사	
recovering		/ɹəˈkəvɝɪŋ/	형용사	
heated	덥다 | 뜨거워진 | 격한	/ˈhitəd/	형용사	A heated argument
hillary		/ˈhɪɫɝi/	명사	
postcard	엽서	/ˈpoʊˌskɑɹd/	명사	
convert	전환 | 개종하다 | 태환하다	/ˈkɑnvɝt/	동사	Convert lead into gold
sissy		/ˈsɪsi/	명사	
reef	축범부 | 축범하다 | 암초	/ˈɹif/	명사	Reef the sailboat's mast
treasury	보물 | 국고 | 국고금고	/ˈtɹɛʒɝi/	명사	
calmly	냉정히 | 고요히 | 태연하게	/ˈkɑɫmɫi/	부사	He spoke calmly to the rioting students
mathematics	수학	/ˌmæθəˈmætɪks/	명사	
ar		/ˈɑɹ/	명사	
shameful	부끄러운 | 창피한	/ˈʃeɪmfəɫ/	형용사	A shameful display of cowardice
abbey	수도원	/ˈæbi/	명사	
strategic	국외 의존의	/stɹəˈtidʒɪk/	형용사	Strategic weapon
payroll	급료 지불부	/ˈpeɪˌɹoʊɫ/	명사	The company had a long payroll
beethoven	베토벤	/ˈbeɪtoʊvən/	명사	He enjoyed Beethoven most of all
immense	막대하다	/ˌɪˈmɛns/	형용사	Immense numbers of birds
heartless	매몰차다	/ˈhɑɹtɫəs/	형용사	
montgomery		/mɑntˈɡəmɹi/	명사	
protector	보호자 | 보호물 | 섭정	/pɹəˈtɛktɝ/	명사	
michelangelo	건축가	/ˌmaɪkəˈɫændʒəˌɫoʊ/	명사	
teller	세는 사람 | 투표 집계원	/ˈtɛɫɝ/	명사	
raging	격노한 | 맹렬하다	/ˈɹeɪdʒɪŋ/	형용사	A raging battle
mop		/ˈmɑp/	동사	Mop the hallway now
sol		/ˈsɑɫ/	명사	
atom	원자 | 미량 | 미진	/ˈætəm/	명사	
unload	부리다 | 처분하다	/ənˈɫoʊd/	동사	Unload the cargo
detector	검사기 | 발견자	/dɪˈtɛktɝ/	명사	
switching		/ˈswɪtʃɪŋ/	명사	
stinky		/ˈstɪŋki/	형용사	
regional	국부의 | 지방적인	/ˈɹidʒənəɫ/	형용사	A regional dialect
secrecy	기밀 엄수	/ˈsikɹəsi/	명사	
thigh	넓적다리	/ˈθaɪ/	명사	
rigged	식범장의	/ˈɹɪɡd/	형용사	They rigged the bomb to the ignition
thesis	테제 | 논제	/ˈθisəs/	명사	
consume	소비되다 | 타버리다 | 초췌해지다	/kənˈsum/	동사	The fire consumed the building
atlantis		/ætˈɫænɪs/	명사	
leverage	수단 | 지레의 힘	/ˈɫɛvɝɪdʒ/	명사	We need to leverage this company
weary	피로하다 | 싫어진 | 피로한	/ˈwɪɹi/	형용사	
costa	주맥	/ˈkɔstɑ/	명사	
rue	루타 | 비탄 | 회오	/ˈɹu/	명사	To his rue, the error cost him the game
employ	고용되어 | 종사하다 | 고용	/ɛmˈpɫɔɪ/	동사	He was in the employ of the city
provoke	성나게 하다 | 불러 일으키다	/pɹəˈvoʊk/	동사	Her behavior provoked a quarrel between the couple
stool	걸상 | 밑동 | 변보기	/ˈstuɫ/	명사	
postpone	미루다 | 물리다	/poʊˈspoʊn/	동사	Let's postpone the exam
extensive	조방의 | 대규모의	/ɪkˈstɛnsɪv/	형용사	They suffered extensive damage
beau	구혼자 | 멋장이 | 멋진사람	/ˈboʊ/	명사	
urgently		/ˈɝdʒəntɫi/	부사	Health care reform is needed urgently
optimistic	낙천적 | 낙천적인 | 낙관적인	/ˌɑptəˈmɪstɪk/	형용사	Optimistic plans
lotus	연꽃 | 망우수	/ˈɫoʊtəs/	명사	
spooky		/ˈspuki/	형용사	
skate	스케이트 | 홍어 | 잠깐 언급하다	/ˈskeɪt/	명사	The Dutch often skate along the canals in winter
maze	미로	/ˈmeɪz/	명사	
fireplace	노	/ˈfaɪɝˌpɫeɪs/	명사	The fireplace was so large you could walk inside it
vicar	대리 감목 | 회당 신부 | 대리자	/ˈvɪkɝ/	명사	
beetle	공이 | 갑충 | 딱정벌레	/ˈbitəɫ/	명사	They beetled off home
horace	호라티우스	/ˈhɔɹəs/	명사	
stupidity	미련 | 수주대토 | 우매	/stuˈpɪdɪˌti/	명사	
restricted	대외비의 | 한정된 | 기밀의	/ɹiˈstɹɪktəd/	형용사	Of restricted importance
skating		/ˈskeɪtɪŋ/	명사	
homo		/ˈhoʊmoʊ/	명사	
hostess	여급 | 여주인 | 안주인	/ˈhoʊstəs/	명사	
sneaky	몰래하는	/ˈsniki/	형용사	
swollen	물이 불은 | 부푼	/ˈswoʊɫən/	형용사	Growing ever more swollen-headed and arbitrary
unlocked		/ənˈɫɑkt/	형용사	An unlocked room
mixture	혼방직물 | 혼성 | 혼합	/ˈmɪkstʃɝ/	명사	A gradual mixture of cultures
diagnose	진단하다	/ˌdaɪəɡˈnoʊs/	동사	
ri			명사	
liberation	해방	/ˌɫɪˌbɝˈeɪʃən/	명사	She worked for women's liberation
nay	아뇨 | 뿐만아니라 | 아니글쎄	/ˈneɪ/	명사	The nays have it
reindeer	순록	/ˈɹeɪnˌdɪɹ/	명사	
shampoo	샴푸 | 마사지 하다	/ʃæmˈpu/	명사	
milton		/ˈmɪɫtən/	명사	
skiing	스키술	/ˈskiɪŋ/	명사	
overhead	상공에 | 고가의 | 총경비	/ˈoʊvɝˈhɛd/	명사	An overhead crossing
disturbance	방해물 | 소동	/dɪˈstɝbəns/	명사	There was too much anger and disturbance
crank	크랭크 | 회전반 | 기울기 쉬운	/ˈkɹæŋk/	동사	Crank up the engine
crocodile	크로코다일 | 악어 | 긴 행렬	/ˈkɹɑkəˌdaɪɫ/	명사	
sierra		/siˈɛɹə/	명사	
motivation	성취동기	/ˌmoʊtəˈveɪʃən/	명사	His motivation was at a high level
mist	기	/ˈmɪst/	명사	The windshield misted over
sculpture	조각 | 조각상 | 조각품	/ˈskəɫptʃɝ/	명사	
adrenaline		/əˈdɹɛnəɫən/	명사	
malik		/ˈmæɫɪk/	명사	Maliks rule the hinterland of Afghanistan under the protection of warlords
allied		/ˈæˌɫaɪd/	형용사	An Allied victory
manor	장원 | 영지	/ˈmænɝ/	명사	
convoy	경호함 | 피호송자 | 호위대	/ˈkɑnˌvɔɪ/	명사	The trucks convoyed the cars across the battle zone
merit	장점 | 공죄 | 뛰어남	/ˈmɛɹət/	명사	Work of great merit
cutter	커터 | 재단기 | 재단사	/ˈkətɝ/	명사	
stressful		/ˈstɹɛsfəɫ/	형용사	The stressful days before a war
bikini	비키니환초 | 여자 수영복	/bɪˈkini/	명사	
sway	흔들다 | 일렁 | 좌우하다	/ˈsweɪ/	동사	The tall building swayed
virgil		/ˈvɝdʒəɫ/	명사	
soy	간장	/ˈsɔɪ/	명사	
salty	짠 | 다루기 힘드는	/ˈsɔɫti/	형용사	
elf	꼬마요정 | 초저주파 | 난쟁이 꼬마	/ˈɛɫf/	명사	
disney		/ˈdɪzni/	명사	
contractor	도급자 | 수축근 | 청부인	/ˈkɑnˌtɹæktɝ/	명사	
rodeo	로디오	/ˈɹoʊdiˌoʊ/	명사	
crackers	머리가 돈	/ˈkɹækɝz/	형용사	Crackers are often mistakenly called hackers
playboy	탕아 | 난봉꾼	/ˈpɫeɪˌbɔɪ/	명사	
arch	궁형 | 홍예 | 아치	/ˈɑɹtʃ/	명사	Her back arches
scanner	주사 공중선	/ˈskænɝ/	명사	They used scanners to monitor police radio channels
bathe	씻다-해수욕 | 끼얹다	/ˈbeɪð/	동사	The room was bathed in sunlight
cardiac	본문의 | 심장병환자	/ˈkɑɹdiˌæk/	형용사	
argentina	아르헨티나	/ˌɑɹdʒənˈtinə/	명사	
velvet	벨벳	/ˈvɛɫvət/	명사	
stem	줄기 | 줄거리 | 굽	/ˈstɛm/	명사	Thematic vowels are part of the stem
taiwan	타이완	/ˈtaɪˈwɑn/	명사	
warfare	교전	/ˈwɔɹˌfɛɹ/	명사	Diplomatic warfare
lakh			명사	
filter	여과재 | 필터 | 여과기	/ˈfɪɫtɝ/	동사	Filter out the impurities
pumped		/ˈpəmpt/	형용사	He was so pumped he couldn't sleep
sterling		/ˈstɝɫɪŋ/	형용사	
gran		/ˈɡɹæn/	명사	
disc		/ˈdɪsk/	명사	
percentage	백분위수 | 비율	/pɝˈsɛnədʒ/	명사	
bravery	용기 | 용감	/ˈbɹeɪvɝi/	명사	
ida	이다산 | 소아시아의 산	/ˈaɪdə/	명사	
preserved	유지되다	/pɹəˈzɝvd/	형용사	Preserved meats
pd			명사	
morality	덕행 | 도의 | 덕	/mɝˈæɫəti/	명사	
crate	자동차 | 대바구니 | 나무 상자	/ˈkɹeɪt/	명사	Crate the paintings before shipping them to the museum
mina		/ˈminə/	명사	
complication	합병증 | 병발증 | 여병	/ˌkɑmpɫəˈkeɪʃən/	명사	Her coming was a serious complication
smoothly	반드럽게 함 | 반드러운 부분	/ˈsmuðɫi/	부사	Put the plans into effect quickly and smoothly
cradle	요람시대 | 요람지 | 이동대	/ˈkɹeɪdəɫ/	동사	He cradles the child in his arms
leopard	표범	/ˈɫɛpɝd/	명사	
gardner		/ˈɡɑɹdnɝ/	명사	
athens	아테네	/ˈæθənz/	명사	In the 5th century BC ancient Athens was the world's most powerful and civilized city
magnet	자석	/ˈmæɡnət/	명사	
psychotic		/ˌsaɪˈkɑtɪk/	형용사	
vaccine	백신 | 우두종	/ˌvækˈsin/	명사	
motivated		/ˈmoʊtəˌveɪtəd/	형용사	A group of politically motivated men
aggression		/əˈɡɹɛʃən/	명사	
willis		/ˈwɪɫɪs/	명사	
burglary	밤도둑질	/ˈbɝɡɫɝi/	명사	
stumble	더듬거리다 | 비틀거리게 하다 | 헛딛어 곱드러지다	/ˈstəmbəɫ/	동사	The drunk man stumbled about
buns		/ˈbənz/	명사	
geneva	제네바	/dʒəˈnivə/	명사	
increasingly		/ɪnˈkɹisɪŋɡɫi/	부사	She became increasingly depressed
sidewalk	보도 | 인도 | 포장	/ˈsaɪdˌwɔk/	명사	
shady	그늘의 | 좋지않은 | 수상한	/ˈʃeɪdi/	형용사	A shady operation
resolution	결의문 | 소산 | 해상도	/ˌɹɛzəˈɫuʃən/	명사	He always wrote down his New Year's resolutions
tapped		/ˈtæpt/	형용사	He tapped me on the shoulder
punks		/ˈpəŋks/	명사	
scenery	풍경 | 경관 | 무대 배경	/ˈsinɝi/	명사	They worked all night painting the scenery
hitch	걸다 | 매다 | 일치하다	/ˈhɪtʃ/	동사	Hitch the trailer to the car
severed		/ˈsɛvɝd/	형용사	His head was severed from his body
wink	깜박이다 | 반짝이다 | 눈깜박임	/ˈwɪŋk/	동사	She winked at him
initially	처음에 | 시초에	/ˌɪˈnɪʃəɫi/	부사	
assessment	수입사정 | 재산평가 | 부과	/əˈsɛsmənt/	명사	The assessment for repairs outraged the club's membership
shredder	서류촌단기 | 강판	/ˈʃɹɛdɝ/	명사	
miner	지뢰 공병 | 갱부	/ˈmaɪnɝ/	명사	
focusing		/ˈfoʊkəsɪŋ/	명사	
rainy	비가오는 | 비 섞인 | 비에 젖은	/ˈɹeɪni/	형용사	
amendment	수정 | 개정	/əˈmɛndmənt/	명사	
getaway	스타트	/ˈɡɛtəˌweɪ/	명사	The thieves made a clean getaway
recognised		/ˈɹɛkəɡˌnaɪzd/	형용사	
blackout	암전	/ˈbɫæˌkaʊt/	명사	He has a total blackout for events of the evening
leash	세마리 | 가죽끈 | 가죽끈으로 매다	/ˈɫiʃ/	명사	He's always gotten a long leash
muhammad		/mʊˈhɑməd/	명사	
eyebrow	눈썹	/ˈaɪˌbɹaʊ/	명사	
bouncing	튀는 | 펄펄 | 기운찬	/ˈbaʊnsɪŋ/	명사	A bouncing baby
nipple	쩢꼭지 | 젖꼭지 | 그리스 주입구	/ˈnɪpəɫ/	명사	
raft	뗏목배 | 부잔교 | 뗏목을 쓰다	/ˈɹæft/	명사	Raft these logs
pharaoh		/ˈfeɪɹoʊ/	명사	
refreshing	시원하다 | 참신 | 서늘하다	/ɹɪˈfɹɛʃɪŋ/	형용사	Common sense of a most refreshing sort
abel	아벨	/ˈeɪbəɫ/	명사	
beatles		/ˈbitəɫz/	명사	
confined		/kənˈfaɪnd/	형용사	
contagious	전염적으로 | 옮기 쉬운 | 전염독이 있는	/kənˈteɪdʒəs/	형용사	A contagious grin
beijing	베이징 | 북경	/ˌbeɪˈʒɪŋ/	명사	
frequently	자주 | 번번이	/ˈfɹikwəntɫi/	부사	
operational	사용중인 | 작전상의 | 조작적	/ˌɑpɝˈeɪʃənəɫ/	형용사	An operational aircraft
basil		/ˈbæzəɫ/	명사	
babylon	바빌론	/ˈbæbəˌɫɑn/	명사	
drilling	송곳질 | 조파법 | 구멍 뚫기	/ˈdɹɪɫɪŋ/	명사	
buffet	뷔페	/ˈbəfət/	동사	The wind buffeted him
cocoa	코코아 | 다갈색 | 코코아의	/ˈkoʊkoʊ/	명사	
perception	지각 | 력	/pɝˈsɛpʃən/	명사	Luther had a new perception of the Bible
thudding			형용사	Thudding bullets
blare	울다-울리다-울림	/ˈbɫɛɹ/	동사	The horns of the taxis blared
dense	자욱하다 | 조밀한 | 짙다	/ˈdɛns/	형용사	Dense vegetation
pending	미결정의	/ˈpɛndɪŋ/	형용사	Business still pending
nod	끄덕이다 | 급히다 | 꾸벅임	/ˈnɑd/	동사	
crunch	오독오독깨물다 | 결정적 시기 | 짓밟아 부숨	/ˈkɹəntʃ/	동사	A financial crunch
nervously	소심하게 | 초조하게	/ˈnɝvəsɫi/	부사	We watched the stock market nervously
caribbean	카리브해 | 카리브사람 | 카리브사람의	/ˌkɛɹɪˈbiən/	명사	
bouquet		/buˈkeɪ/	명사	
stabbing		/ˈstæbɪŋ/	형용사	A stabbing pain
boone		/ˈbun/	명사	
philosopher	철학자 | 철인	/fəˈɫɑsəfɝ/	명사	
bulb	구근	/ˈbəɫb/	명사	The bulb of a syringe
sinner		/ˈsɪnɝ/	명사	
ongoing		/ˈɑnˌɡoʊɪŋ/	형용사	An ongoing economic crisis
editing	작성 | 편 | 감수	/ˈɛdətɪŋ/	명사	The same family has been editing the influential newspaper for almost 100 years
veteran	노련자 | 베테랑 | 퇴역군인	/ˈvɛtɝən/	명사	A veteran officer
drip	물방울 | 똑똑 떨어지다 | 적하	/ˈdɹɪp/	동사	There's a drip through the roof
mara		/ˈmɑɹə/	명사	
inspiring		/ˌɪnˈspaɪɝɪŋ/	형용사	The patient has trouble inspiring
gale	강풍 | 미풍 | 폭소	/ˈɡeɪɫ/	명사	
flint	라이터돌 | 부싯돌	/ˈfɫɪnt/	명사	
nova		/ˈnoʊvə/	명사	
nevada	네바다 | 미국서부의 주	/nəˈvædə/	명사	
membership	회원수 | 일원임	/ˈmɛmbɝˌʃɪp/	명사	They polled their membership
raphael	라파엘	/ˈɹeɪfiəɫ/	명사	
chalk	분필 | 득점 | 백악	/ˈtʃɑk/	명사	
liable	빠지기쉬운 | 걸리기 쉬운	/ˈɫaɪəbəɫ/	형용사	Liable to diabetes
manuscript	원고 | 손으로 쓴 | 초고	/ˈmænjəsˌkɹɪpt/	명사	
organised			형용사	
clanging		/ˈkɫæŋɪŋ/	형용사	A clanging gong
rama	라마화신	/ˈɹɑmə/	명사	In Hindu folklore Rama is the epitome of chivalry and courage and obedience to sacred law
austria	오스트리아	/ˈɔstɹiə/	명사	
unaware	무심히 | 불의에	/ˌənəˈwɛɹ/	형용사	Unaware of the newborn hope
loot	약탈물 | 부정이득 | 약탈하다	/ˈɫut/	명사	During the earthquake people looted the stores that were deserted by their owners
perish	멸망하다 | 말라 죽다	/ˈpɛɹɪʃ/	동사	The children perished in the fire
processed		/ˈpɹɑsɛst/	형용사	He was processed by the sheriff
clone	클론 | 영양계	/ˈkɫoʊn/	명사	People can clone a sheep nowadays
whoosh		/ˈhwuʃ/	동사	He whooshed the doors open
hangover	숙취 | 유습	/ˈhæˌŋoʊvɝ/	명사	Hangovers from the 19th century
wretch		/ˈɹɛtʃ/	명사	
weasel	족제비 | 수륙 양용차	/ˈwizəɫ/	명사	
columbia	컬럼비아 | 컬럼비아호 | 컬럼비아 대학교	/kəˈɫəmbiə/	명사	
israeli	이스라엘의	/ˌɪzˈɹeɪɫi/	명사	
shatter	분쇄하다 | 부수다	/ˈʃætɝ/	동사	Shatter the plate
lace	가미하다 | 편상화 | 레이스	/ˈɫeɪs/	동사	Lace a tablecloth
indication	표 | 지적 | 표시도수	/ˌɪndəˈkeɪʃən/	명사	Indications of strain
cora		/ˈkɔɹə/	명사	
drifting		/ˈdɹɪftɪŋ/	명사	Sand drifting like snow
undress	벗기다 | 옷을 벗기다	/ənˈdɹɛs/	동사	A state of undress
depart	출발하다 | 떠나다 | 가시다	/dɪˈpɑɹt/	동사	The train departs at noon
monument	비 | 기념관 | 기념문	/ˈmɑnjəmənt/	명사	
tyre		/ˈtaɪɹ/	명사	
lorraine	로렌	/ɫɝˈeɪn/	명사	
pow	포로 | 꽝	/ˈpaʊ/	명사	
hazel	담갈색	/ˈheɪzəɫ/	명사	
rep	렙 | 조직에서의 지위	/ˈɹɛp/	명사	
tart	새콤하다 | 갈보	/ˈtɑɹt/	명사	
mocking		/ˈmɑkɪŋ/	형용사	Her mocking smile
sinister	사악하다 | 음험한 | 불행하다	/ˈsɪnɪstɝ/	형용사	A sinister smile
judas	엿보는 구멍	/ˈdʒudəs/	명사	
assemble	모이다 | 짜맞추다 | 조립하다	/əˈsɛmbəɫ/	동사	Assemble your colleagues
shortcut	지름길	/ˈʃɔɹtˌkət/	명사	
transformation	변화 | 변신 | 전성	/ˌtɹænsfɝˈmeɪʃən/	명사	
generosity	관대 | 도량	/ˌdʒɛnɝˈɑsəti/	명사	
amusement	재미	/əmˈjuzmənt/	명사	
beta	베타	/ˈbeɪtə/	명사	The candidate, considered a beta male, was perceived to be unable to lead his party to victory
counseling	조언 | 카운슬링	/ˈkaʊnsəɫɪŋ/	명사	
measured	박자가 맞는 | 신중한	/ˈmɛʒɝd/	형용사	With measured irony
gamma		/ˈɡæmə/	명사	
evidently	보매 | 명백히	/ˈɛvədəntɫi/	부사	She was in bed and evidently in great pain
dubai		/duˈbaɪ/	명사	
lantern	정탑 | 칸델라 | 환등	/ˈɫæntɝn/	명사	
combine	합치다 | 겸비하다 | 겸하다	/ˈkɑmbaɪn/	동사	Combine resources
nero	네로	/ˈnɪɹoʊ/	명사	
trey		/ˈtɹeɪ/	명사	
limp	절뚝거림 | 절뚝거리다 | 파행하다	/ˈɫɪmp/	동사	Gave a limp handshake
imply	시사하다 | 내포하다 | 수반하다	/ˌɪmˈpɫaɪ/	동사	
matrix	자모 | 자궁 | 세포 간질	/ˈmeɪtɹɪks/	명사	
kilometre		/ˌkɪˈɫɔˌmətɝ/	명사	
evacuation	명도 | 피난 | 후송	/iˈvækjəˈweɪʃən/	명사	
earliest		/ˈɝɫiəst/	형용사	Verdi's earliest and most raucous opera
incompetent	무능력자 | 무능력의 | 무자격의	/ˌɪnˈkɑmpətənt/	명사	Incompetent at chess
closure	폐점 | 폐쇄 | 종지	/ˈkɫoʊʒɝ/	명사	Debate was closured
descent	내리받이 | 하강	/dɪˈsɛnt/	명사	
parachute	낙하산 | 낙하산 수송의	/ˈpɛɹəˌʃut/	명사	
analyze	분석하다	/ˈænəˌɫaɪz/	동사	Analyze a specimen
crushing	궤멸적인 | 박살내는 | 분쇄하는	/ˈkɹəʃɪŋ/	형용사	A crushing blow
classmate	급우 | 동창 | 동급생	/ˈkɫæsˌmeɪt/	명사	
excessive	과하다 | 터무니없는 | 과도하다	/ɪkˈsɛsɪv/	형용사	Excessive charges
hump	노력하다 | 육봉 | 화가남	/ˈhəmp/	동사	The hump of a camel
fuzzy	보풀같은	/ˈfəzi/	형용사	A vague and fuzzy idea of the world of finance
tad	소량	/ˈtæd/	명사	A tad too expensive
punishing	처형하는 | 고통을 주는 | 제재	/ˈpənɪʃɪŋ/	형용사	Set a punishing pace
pageant	야외극 | 패전트 | 허식	/ˈpædʒənt/	명사	
wan	해쓱하다	/ˈwɑn/	형용사	The wan light of dawn
wildlife		/ˈwaɪɫdˌɫaɪf/	명사	Chemicals could kill all the wildlife
poking		/ˈpoʊkɪŋ/	명사	
homecoming	동창회 | 귀향	/ˈhoʊmˌkəmɪŋ/	명사	
swelling		/ˈswɛɫɪŋ/	명사	The bellies of the starving children are swelling
shrieking		/ˈʃɹikɪŋ/	명사	
squawk	꽥꽥 거리다	/ˈskwɔk/	동사	The squawk of car horns
practiced		/ˈpɹæktəst/	형용사	A practiced marksman
christianity	기독교 | 기독교 교파 | 기독교적 신앙	/ˌkɹɪstʃiˈænɪti/	명사	
hazard	모험 | 해보다	/ˈhæzɝd/	명사	Drinking alcohol is a health hazard
stretched		/ˈstɹɛtʃt/	형용사	The park stretched beneath the train line
dea		/ˈdi/	명사	
slug	괄태충 | 잎벌레 | 대형의 공목	/ˈsɫəɡ/	명사	He took a slug of hard liquor
frustration	좌절	/fɹəˈstɹeɪʃən/	명사	Her constant complaints were the main source of his frustration
deception	속은 상태 | 속임	/dɪˈsɛpʃən/	명사	
trespassing		/ˈtɹɛsˌpæsɪŋ/	형용사	Trespassing hunters
elimination	제거 | 배출	/ɪˌɫɪməˈneɪʃən/	명사	
comforting	기분을 돋우는	/ˈkəmfɝtɪŋ/	형용사	
preach	창도하다 | 설교하다 | 전도하다	/ˈpɹitʃ/	동사	The minister is not preaching this Sunday
practise		/ˈpɹæktɪs/	동사	
damages		/ˈdæmədʒəz/	명사	
ex-boyfriend		/ˈɛksˈbɔɪˌfɹɛnd/	명사	
significance	의미 | 중대성	/səɡˈnɪfɪkəns/	명사	The significance of a red traffic light
drummer	고수	/ˈdɹəmɝ/	명사	
specimen	표본	/ˈspɛsəmən/	명사	They collected a urine specimen for urinalysis
voodoo	부두교 | 부두교의 | 부두 도사	/ˈvuˌdu/	명사	
misunderstand	착각하다 | 오해하다	/ˌmɪsəndɝˈstænd/	동사	
asthma	천식	/ˈæzmə/	명사	
hypocrite	위선자	/ˈhɪpəˌkɹɪt/	명사	
snort	배기음 | 씨근거리 | 콧김	/ˈsnɔɹt/	동사	The critic snorted contemptuously
advocate	변호인 | 주장자	/ˈædvəˌkeɪt/	동사	The doctor advocated a smoking ban in the entire house
radioactive		/ˌɹeɪdioʊˈæktɪv/	형용사	Radioactive decay
richmond	등이 있음 | 등으로 이루어짐	/ˈɹɪtʃmənd/	명사	
apprentice	견습 | 도제 | 계시로삼다	/əˈpɹɛntəs/	명사	She apprenticed with the great master
unreasonable	무리 | 비합리적인 | 부당하다	/ənˈɹiznəbəɫ/	형용사	Unreasonable demands
siege	포위 | 공성 | 줄기차게 공격하다	/ˈsidʒ/	명사	
cobra	코브라	/ˈkoʊbɹə/	명사	
harbour		/ˈhɑɹbɝ/	동사	
illegally		/ˌɪˈɫiɡəɫi/	부사	They dumped the waste illegally
rattle	딸랑이 | 왁자지껄 | 향음기관	/ˈɹætəɫ/	동사	The death rattle
trim	목조부 | 때리다 | 조절하다	/ˈtɹɪm/	동사	Trim an airplane
antibiotic	상생물질 | 항생 물질학	/ˌæntaɪbaɪˈɑtɪk/	형용사	When antibiotics were first discovered they were called wonder drugs
declaration	신고 | 성명 | 공포	/ˌdɛkɫɝˈeɪʃən/	명사	His declaration of innocence
virtual	가상적	/ˈvɝtʃuəɫ/	형용사	Virtual reality
intuition	직각 | 직감	/ˌɪntuˈɪʃən/	명사	He had an intuition that something had gone wrong
twenty-five		/ˈtwɛntiˌfaɪv/	형용사	
bypass	보조도로 | 측관 | 측로-우회하다	/ˈbaɪˌpæs/	동사	You cannot bypass these rules!
pneumonia	폐렴	/nəˈmoʊnjə/	명사	
manly	사내다운 | 늠름하다	/ˈmænɫi/	형용사	
slowing		/ˈsɫoʊɪŋ/	명사	
dungeon	토굴감옥	/ˈdəndʒən/	명사	
intercept	요격하다 | 방수하다 | 차단하다	/ˌɪnɝˈsɛpt/	동사	The fighter plane was ordered to intercept an aircraft that had entered the country's airspace
substantial	실질의 | 다대한 | 실질적	/səbˈstænʃəɫ/	형용사	The substantial world
brag	흰소리 | 허풍떨다 | 떠벌리다	/ˈbɹæɡ/	동사	His brag cornfield
pitcher	물주전자 | 투수	/ˈpɪtʃɝ/	명사	Our pitcher has a sore arm
amigo		/əˈmiˌɡoʊ/	명사	
courtyard	안뜰 | 안마당	/ˈkɔɹtˌjɑɹd/	명사	
royalty	인세 | 상연료 | 왕령	/ˈɹɔɪəɫti/	명사	The wedding was attended by royalty
spontaneous	자발성 | 자발행위 | 천연의	/spɑnˈteɪniəs/	형용사	Spontaneous laughter
ca	역연령	/ˈkɑ/	명사	
restroom		/ˈɹɛsˌtɹum/	명사	
peep	삐악삐악 | 훔쳐보다 | 훔쳐봄	/ˈpip/	동사	He peeped his head through the window
ache	통증 | 쑤시다	/ˈeɪk/	동사	She ached for a cigarette
swat		/ˈswɑt/	명사	
emerge		/ˈimɝdʒ/	동사	He felt new emotions emerge
gambler	도박꾼 | 노름꾼	/ˈɡæmbɫɝ/	명사	
insecure	확실치 않은 | 확신이 안가는 | 위태위태	/ˈɪnsəkjɝ/	형용사	An insecure future
attendant	수반물 | 시중꾼 | 출석자	/əˈtɛndənt/	명사	Attendant circumstances
sympathetic	찬성하는 | 공명하는 | 호의적	/ˌsɪmpəˈθɛtɪk/	형용사	Sympathetic words
heroine	주인공 | 여장부 | 여주인공	/ˈhɛɹoʊən/	명사	
choked	메인 | 진저리난 | 숨막히는	/ˈtʃoʊkt/	형용사	She choked her anger
unidentified		/ˌənaɪˈdɛntəˌfaɪd/	형용사	An unidentified species
plumbing	연관류 | 배관 공사	/ˈpɫəmɪŋ/	명사	
crude	미완성인 | 생짜의 | 초기인	/ˈkɹud/	형용사	The crude facts
dictionary	사전 | 사서	/ˈdɪkʃəˌnɛɹi/	명사	
demo	데모 | 민주당원	/ˈdɛmoʊ/	명사	We will demo the new software in Washington
oppose	대항시키다 | 투쟁하다 | 저항하다	/əˈpoʊz/	동사	The board opposed his motion
fingernail	손톱	/ˈfɪŋɡɝˌneɪɫ/	명사	
mineral	광물 | 무기물 | 광석	/ˈmɪnɝəɫ/	명사	Mineral elements
collateral	방계의 | 방계친 | 부대사실	/kəˈɫætɝəɫ/	형용사	Collateral evidence
istanbul	이스탄불	/ˌɪstɑnˈbuɫ/	명사	
venom	독	/ˈvɛnəm/	명사	
tempting	부추기는 | 마음이 당기는	/ˈtɛmptɪŋ/	형용사	A tempting repast
relay	교대자 | 중계하다 | 계전기	/ˈɹiˌɫeɪ/	명사	The relay was successful
bamboo	대나무 | 대	/bæmˈbu/	명사	
broadcasting	방송사업	/ˈbɹɔdˌkæstɪŋ/	명사	
banking	은행업 | 은행업의 | 횡경사	/ˈbæŋkɪŋ/	명사	
hebrew	히브리말 | 이스라엘 말 | 히브리 사람	/ˈhibɹu/	명사	The old Hebrew prophets
electronics	전자공학	/ˌɪˌɫɛkˈtɹɑnɪks/	명사	
octopus	문어 | 쭈꾸미 | 낙지	/ˈɑktəˌpʊs/	명사	
meaningful		/ˈminɪŋfəɫ/	형용사	A meaningful pause
stranded	고성낙일	/ˈstɹændɪd/	형용사	Several stranded fish in a tide pool
daytime	낮 | 주간	/ˈdeɪˌtaɪm/	명사	It is easier to make the repairs in the daytime
dowry		/ˈdaʊɹi/	명사	
starved	굶주린 | 굶어 죽는	/ˈstɑɹvd/	형용사	They starved the prisoners
collision	충돌 | 알력 | 격돌	/kəˈɫɪʒən/	명사	A collision of interests
comeback	컴백 | 복귀	/ˈkəmˌbæk/	명사	
hungarian	헝가리 사람	/həŋˈɡɛɹiən/	명사	Hungarian folk music
faculty	학부 | 동업자 단체 | 학부의 교수단	/ˈfækəɫti/	명사	
operative	수술의 | 탐정 | 작업의	/ˈɑpɝətɪv/	형용사	The operative word
liza		/ˈɫizə/	명사	
tenant	차가인 | 거주자 | 차지인	/ˈtɛnənt/	명사	The landlord can evict a tenant who doesn't pay the rent
revealing	시현 | 계발적 | 묵시	/ɹiˈviɫɪŋ/	형용사	Her dress was scanty and revealing
ko		/ˈkoʊ/	명사	
ounce	온스	/ˈaʊns/	명사	
mediterranean		/ˌmɛdətɝˈeɪniən/	명사	Mediterranean countries
gadget		/ˈɡædʒət/	명사	
paramedic	조산원등 | 진료 보조자 | 낙하산 위생병	/ˌpɛɹəˈmɛdɪk/	명사	
console	위문하다 | 위로하다 | 제어장치	/ˈkɑnsoʊɫ/	명사	The bust of Napoleon stood on a console
cyril	키릴로스	/ˈsɪɹəɫ/	명사	
drawers	드로어즈	/ˈdɹɔɹz/	명사	
caravan	트레일러 | 여행자단 | 여행하다	/ˈkæɹəˌvæn/	명사	We were part of a caravan of almost a thousand camels
spinal	가시의 | 등뼈의 | 척추의	/ˈspaɪnəɫ/	명사	
bummer		/ˈbəmɝ/	명사	Having to stand in line so long was a real bummer
crippled		/ˈkɹɪpəɫd/	형용사	A crippled soldier
defy	대돌다 | 반항하다 | 도전하다	/dɪˈfaɪ/	동사	
luna	달의 여신	/ˈɫunə/	명사	
queue	대기행렬 | 변발	/ˈkju/	명사	
blinded		/ˈbɫaɪndɪd/	형용사	The criminals were punished and blinded
recess	휴게 | 휴교하다 | 휴회	/ˈɹisɛs/	명사	Recess the piece of wood
countdown	카운트다운 | 초읽기	/ˈkaʊntˌdaʊn/	명사	
dracula	드라큘라	/ˈdɹækjuɫə/	명사	
quarterback	쿼터백	/ˈkwɔɹtɝˌbæk/	명사	Quarterback is the most important position on the team
eminence	고귀 | 저명 | 탁월	/ˈɛmənəns/	명사	A scholar of great eminence
willingly	자진해서 | 기꺼이 | 쾌히	/ˈwɪɫɪŋɫi/	부사	I willingly accept
speculation	사색 | 투기	/ˌspɛkjəˈɫeɪʃən/	명사	Speculations about the outcome of the election
cheeky	뻔뻔스러운	/ˈtʃiki/	형용사	
powerless		/ˈpaʊɝɫəs/	형용사	
cruelty	잔혹 | 끔찍함 | 잔학	/ˈkɹuəɫti/	명사	
external	대외적인 | 외면적인 | 피상적인	/ɪkˈstɝnəɫ/	형용사	External commerce
quarantine	검역소 | 검역하다 | 고립시키다	/ˈkwɔɹənˌtin/	명사	My dog was quarantined before he could live in England
shush	쉿잇!		동사	
allegation	확언 | 주장	/ˌæɫəˈɡeɪʃən/	명사	An allegation of malpractice
tito		/ˈtitoʊ/	명사	
sands		/ˈsændz/	명사	
spelling	철자	/ˈspɛɫɪŋ/	명사	
taliban		/ˈtæɫɪˌbæn/	명사	The Taliban enforced a strict Muslim code of behavior
tablet	서판 | 타블렛 | 편지지 첩	/ˈtæbɫət/	명사	A tablet of soap
founder	조사 | 제엽염 | 주물공	/ˈfaʊndɝ/	명사	The horses foundered
gandhi	간디	/ˈɡɑndi/	명사	
squash	으깨다 | 으끄러지다 | 흐믈흐믈하게 하다	/ˈskwɑʃ/	명사	
saloon	사교실 | 큰 방 | 객실	/səˈɫun/	명사	
tuition	학비 | 수업료	/tjuˈɪʃən/	명사	Tuition and room and board were more than $25,000
tame	길들다 | 길들인 | 누르다	/ˈteɪm/	동사	A tame Christmas party
occasional	때때로의 | 우인론 | 이따금의	/əˈkeɪʒənəɫ/	형용사	Occasional headaches
clinical	임상 | 병실용의 | 분석적인	/ˈkɫɪnəkəɫ/	형용사	Clinical case study
serpent	뱀자리 | 유혹자	/ˈsɝpənt/	명사	
criticism	비난 | 평 | 비판	/ˈkɹɪtɪˌsɪzəm/	명사	Constructive criticism is always appreciated
sawyer	톱장이	/ˈsɔɪɝ/	명사	
fading	페이딩	/ˈfeɪdɪŋ/	명사	Her bloom was fading
prop	받침 | 소품 | 지주	/ˈpɹɑp/	명사	Before every scene he ran down his checklist of props
mend	수선하다 | 정정하다	/ˈmɛnd/	동사	My broken leg is mending
lonesome	외롭다 | 외로운 | 쓸쓸하다	/ˈɫoʊnsəm/	형용사	A lonesome pine
separately		/ˈsɛpɝətɫi/	부사	
legion	군단	/ˈɫidʒən/	명사	The American Legion
tsk	쯧 | 못마땅해하다		동사	
accompanied		/əˈkəmpənid/	형용사	The nurse accompanied the old lady everywhere
tread	가로장 | 바퀴거리 | 밟기	/ˈtɹɛd/	동사	Tread grapes to make wine
findings		/ˈfaɪndɪŋz/	명사	An area rich in archaeological findings
toronto		/tɝˈɑntoʊ/	명사	
exploit	채굴하다 | 미끼삼다 | 쥐어짜다	/ˈɛksˌpɫɔɪt/	동사	He is exploiting the students
scorpion	전갈 | 전갈채찍	/ˈskɔɹpiən/	명사	
curb	비절후종 | 장외 시장 | 연석	/ˈkɝb/	명사	
opium	아편 | 아편중독	/ˈoʊpiəm/	명사	
athletic	장장한 | 운동경기의	/æθˈɫɛtɪk/	형용사	Athletic playing
jumper	잠바 | 비약하다 | 움찔하다	/ˈdʒəmpɝ/	명사	He is one hell of a jumper
seminar	세미나 | 뜻에서세미나 | 연구 집회	/ˈsɛməˌnɑɹ/	명사	
commence	일으키다 | 학위를 받다 | 개시하다	/kəˈmɛns/	동사	
neglected		/nəˈɡɫɛktəd/	형용사	A neglected child
tavern	선술집	/ˈtævɝn/	명사	
worthwhile		/ˈwɝθˈwaɪɫ/	형용사	A worthwhile book
morale	사기 | 도의 | 풍기	/mɝˈæɫ/	명사	
cleaners		/ˈkɫinɝz/	명사	
caviar	진미 | 캐비아의 알젖	/ˈkæviˌɑɹ/	명사	
welcoming		/ˈwɛɫkəmɪŋ/	형용사	A welcoming smile
evaluation	평가 | 값을구함	/iˌvæɫjuˈeɪʃən/	명사	
morton		/ˈmɔɹtən/	명사	
disguised	변장한 | 속임수의	/dɪsˈɡaɪzd/	형용사	We disguised our faces before robbing the bank
precision	정밀도 | 적실성 | 정밀	/pɹiˈsɪʒən/	명사	Note the meticulous precision of his measurements
cube	세제곱 | 입방 | 입방체	/ˈkjub/	명사	Cube the cheese
revelation	발각 | 발현 | 천계	/ˌɹɛvəˈɫeɪʃən/	명사	
titanic	타이탄 신의	/taɪˈtænɪk/	형용사	
doggy	개를 좋아하는	/ˈdɔɡi/	명사	
babbling	재잘거리는 | 졸졸 흐르는	/ˈbæbəɫɪŋ/	명사	Babbling brooks
riches	재물 | 부 | 명리	/ˈɹɪtʃəz/	명사	
diabetes	당뇨병	/ˌdaɪəˈbitiz/	명사	
alternate	호생의 | 대리교체원 | 번갈아서의	/ˈɔɫtɝˌneɪt/	형용사	Stems with alternate leaves
diversion	견제 | 기분 전환	/daɪˈvɝʒən/	명사	A diversion from the main highway
effectively	실제상	/ˈifɛktɪvɫi/	부사	She is effectively his wife
dedication	헌정 | 바침 | 경주	/ˌdɛdəˈkeɪʃən/	명사	
wager	결투재판 | 내기 | 걸다	/ˈweɪdʒɝ/	명사	
sinclair		/ˈsɪnkɫɛɹ/	명사	
smelly	냄새나는	/ˈsmɛɫi/	형용사	
rating	정격 | 평가액 | 평점	/ˈɹeɪtɪŋ/	명사	
trench	참호 | 잠식하다	/ˈtɹɛntʃ/	동사	Trench the fields
cameraman	카메라맨 | 추ㅏ영 기사 | 카메라 상인	/ˈkæmɝəmən/	명사	
hawkins		/ˈhɔkɪnz/	명사	
stanton		/ˈstæntən/	명사	
edison		/ˈɛdɪsən/	명사	
batter	처부수다 | 타자-연타하다 | 포격하다-반죽	/ˈbætɝ/	동사	
dye	염색 | 물감 | 물들이다	/ˈdaɪ/	동사	Please dye these shoes
abduction		/æbˈdəkʃən/	명사	
prospect	시굴하다 | 전망 | 답사하다	/ˈpɹɑspɛkt/	명사	His prospects as a writer are excellent
morrison		/ˈmɔɹɪsən/	명사	
manslaughter	살인죄 | 고살죄	/ˈmænˌsɫɔtɝ/	명사	
remedy	요법 | 변상 | 의료	/ˈɹɛmədi/	명사	Remedy his illness
damp	습기있는 | 축죽한 | 기를 꺽다	/ˈdæmp/	형용사	Clothes damp with perspiration
cologne	쾰른 | 오드콜로뉴	/kəˈɫoʊn/	명사	
outsider	외부 사람 | 외지인 | 국외자	/aʊtˈsaɪdɝ/	명사	
serum	혈청 | 장액	/ˈsɪɹəm/	명사	
oral	구술	/ˈɔɹəɫ/	형용사	An oral vaccine
shades	음영	/ˈʃeɪdz/	명사	They used umbrellas as shades
woe	아아! | 슬프도다! | 고뇌	/ˈwoʊ/	명사	
receipts		/ɹiˈsits/	명사	
alias	별명	/ˈeɪɫiəs/	명사	Mr. Smith, alias Mr. Lafayette
apron	앞무대 | 앞치마 | 에이프런	/ˈeɪpɹən/	명사	
kentucky	켄터키 강	/kənˈtəki/	명사	
tonic	강직성의 | 으뜸음의 | 강세가 있는	/ˈtɑnɪk/	명사	Tonic muscle contraction
squeak	끽끽 | 앙앙 | 앙앙울다	/ˈskwik/	동사	The squeak of shoes on powdery snow
dim	둔해지다 | 어둑한 | 어둡다	/ˈdɪm/	형용사	Took a dim view of things
steep	가풀막 | 급경사진 | 담금	/ˈstip/	형용사	The steep attic stairs
sod	뗏장 | 떼	/ˈsɑd/	명사	The poor sod couldn't even buy a drink
cinderella	신데렐라 | 숨은 미인	/ˌsɪndɝˈɛɫə/	명사	
eyewitness	목격자	/ˈaɪˈwɪtnəs/	명사	
flattering	아첨하는 | 알랑거리는	/ˈfɫætɝɪŋ/	형용사	A flattering color
overdose		/ˈoʊvɝˌdoʊs/	동사	The rock star overdosed and was found dead in his hotel room
doubled		/ˈdəbəɫd/	형용사	The dose is doubled
automobile		/ˈɔtəmoʊˌbiɫ/	명사	
cain	카인 | 형제 살해범	/ˈkeɪn/	명사	
loo		/ˈɫu/	명사	
brittany		/ˈbɹɪtəni/	명사	
tyson		/ˈtaɪsən/	명사	
kidnapper	납치범 | 유괴자	/ˈkɪdˌnæpɝ/	명사	
dispose	배치하다	/dɪˈspoʊz/	동사	The dots are unevenly disposed
margarita	마르가리타	/ˌmɑɹɡɝˈitə/	명사	
hash	고쳐 만듦	/ˈhæʃ/	명사	Hash the potatoes
grieving		/ˈɡɹivɪŋ/	형용사	
hound		/ˈhaʊnd/	명사	The detectives hounded the suspect until they found him
boogie	코딱지=	/ˈbuɡi/	명사	
cloak		/ˈkɫoʊk/	명사	
crabs		/ˈkɹæbz/	명사	
pastry	반죽과자	/ˈpeɪstɹi/	명사	
successor	후임자 | 상속인 | 후계자	/səkˈsɛsɝ/	명사	He was President Lincoln's successor
cheerleader	치어리더	/ˈtʃɪɹˌɫidɝ/	명사	He has become a cheerleader for therapeutic cloning
critic	혹평가 | 평론가 | 비판하는 사람	/ˈkɹɪtɪk/	명사	
macho	사나이	/ˈmɑtʃoʊ/	명사	
stunned		/ˈstənd/	형용사	The news stunned her
fuller	축융공	/ˈfʊɫɝ/	명사	
accidental	우발 | 우발적	/ˌæksəˈdɛnəɫ/	명사	Accidental poisoning
convey	전하다 | 나르다 | 양도하다	/kənˈveɪ/	동사	She conveyed the message to me
prototype	모범 | 원형	/ˈpɹoʊtəˌtaɪp/	명사	He is the prototype of good breeding
barcelona	바르셀로나	/ˌbɑɹsɪˈɫoʊnə/	명사	
fling	메어치다 | 발질 | 태질치다	/ˈfɫɪŋ/	동사	Fling the frisbee
cupcake	컵케이크	/ˈkəpˌkeɪk/	명사	
warsaw	폴란드의 수도	/ˈwɔɹˌsɔ/	명사	
ax	도끼	/ˈæks/	명사	The NSF axed the research program and stopped funding it
uptight	초조한	/əpˈtaɪt/	형용사	
inclined	하고 싶어하여 | 경향을 나타내며 | 경사진각도를 이루는	/ˌɪnˈkɫaɪnd/	형용사	An inclined plane
stocking	스타킹 | 긴 양말	/ˈstɑkɪŋ/	명사	He supervised the stocking of the stream with trout
scrooge	스크루지	/ˈskɹudʒ/	명사	
sensational	감동적 | 대평판의 | 선정적	/sɛnˈseɪʃənəɫ/	형용사	A sensational concert--one never to be forgotten
jockey	운전수 | 조종사 | 경마의 기수	/ˈdʒɑki/	동사	A computer jockey
mourn	몽상하다 | 애도하다	/ˈmɔɹn/	동사	She is mourning her dead child
intercom		/ˈɪntɝˌkɑm/	명사	
tory	영국 왕당원 | 보수당원 | 왕당원	/ˈtɔɹi/	명사	
penthouse	달개 지붕 | 옥상의 소옥	/ˈpɛntˌhaʊs/	명사	
quack	가짜약 | 꽥꽥 울다 | 돌팔이 의사	/ˈkwæk/	명사	The ducks quacked
peck	펙 | 쪼아 줍다 | 흠을 잡다	/ˈpɛk/	동사	
gospel	복음 | 복음서 | 신조	/ˈɡɑspəɫ/	명사	His word was gospel
presumably	그럴 듯하게	/pɹəˈzuməbɫi/	부사	Presumably, he missed the train
assumption	떠맡음 | 건방짐 | 상정	/əˈsəmpʃən/	명사	The Nazi assumption of power in 1934
rumble	갱들의 싸움 | 덜거덕 소리 | 꾸르륵 소리나다	/ˈɹəmbəɫ/	명사	
hugging		/ˈhəɡɪŋ/	명사	
sideways	모로	/ˈsaɪdˌweɪz/	부사	Leaning sideways
organisation		/ˌɔɹɡənɪˈzeɪʃən/	명사	
lowered		/ˈɫoʊɝd/	형용사	With lowered eyes
ct		/ˈkɔɹt/	명사	
troll	노래하다 | 윤창하다 | 견지질하다	/ˈtɹoʊɫ/	동사	The child trolled her hoop
squid	오징어	/ˈskwɪd/	명사	
freeway	고속도 | 주관고속도로	/ˈfɹiˌweɪ/	명사	
believer	신자 | 신도 | 교도	/bəˈɫivɝ/	명사	
tornado		/tɔɹˈneɪˌdoʊ/	명사	
cowardly	비겁하게도 | 비겁한 | 겁을 내어	/ˈkaʊɝdɫi/	형용사	Cowardly dogs, ye will not aid me then
notch	애로 | 벤자리 | 얻게하다	/ˈnɑtʃ/	명사	Mandibular notch
elijah	엘리야	/ɛˈɫaɪdʒə/	명사	
annoy	속태우다 | 당황케하다 | 성나게 하다	/əˈnɔɪ/	동사	
loaf	놀고지내다 | 제 잇속 | 요리의 일종	/ˈɫoʊf/	명사	A loaf of cheese
idiotic		/ˌɪdiˈɑtɪk/	형용사	An idiotic idea
inconvenience	불편 | 부자유 | 귀찮음	/ˌɪnkənˈvinjəns/	명사	
plum	자두 | 건포도 | 양오얏	/ˈpɫəm/	부사	A political plum
solicitor	법무관	/səˈɫɪsətɝ/	명사	
amnesia	건망증 | 기억력 상실	/æmˈniʒə/	명사	
distinct	특수 | 선명하다 | 별개	/dɪˈstɪŋkt/	형용사	A distinct flavor
sweeping	파죽지세 | 밀어내림 | 불어제침	/ˈswipɪŋ/	형용사	A sweeping glance
arson	방화	/ˈɑɹsən/	명사	The British term for arson is fire-raising
furthermore	또한 | 아울러 | 더욱 더	/ˈfɝðɝˌmɔɹ/	부사	Computer chess games are getting cheaper all the time; furthermore, their quality is improving
quarry	추구물 | 채석장 | 사냥감	/ˈkwɔɹi/	명사	A British term for `quarry' is `stone pit'
puss		/ˈpəs/	명사	
depot	역 | 저장소	/ˈdipoʊ/	명사	
circulation	대출부수 | 보급부수 | 유통어음	/ˈsɝkjəˌɫeɪʃən/	명사	A fan aids air circulation
socialist	사회주의자 | 사회당원 | 노동당원	/ˈsoʊʃəɫəst/	명사	
dryer		/ˈdɹaɪɝ/	명사	
mutter	얼거림	/ˈmətɝ/	동사	
vomiting	구토 | 구역질	/ˈvɑmətɪŋ/	명사	
moody		/ˈmudi/	명사	He sat in moody silence
reich		/ˈɹaɪk/	명사	
receiver	수상기 | 리시버 | 배기실	/ɹəˈsivɝ/	명사	
semen	정액 | 정수	/ˈsimən/	명사	
converted	개장한 | 개종한	/kənˈvɝtɪd/	형용사	She converted to Buddhism
harness	마구 | 이용하다 | 집무중에	/ˈhɑɹnəs/	동사	Harness the horse
slate	석판 | 슬레이트 | 점판암	/ˈsɫeɪt/	명사	He slated his talk for 9 AM
padre	종군 신부	/ˈpæˌdɹeɪ/	명사	
necessity	필요 | 필요성 | 궁상	/nəˈsɛsəti/	명사	
orderly	연락병 | 전령 | 순서바른	/ˈɔɹdɝɫi/	형용사	An orderly crowd confronted the president
scold	앵앵거리다 | 질책하다 | 문책	/ˈskoʊɫd/	동사	He scolded about anything that he thought was wrong
certainty	확신 | 확실성	/ˈsɝtənti/	명사	His victory is a certainty
marian		/ˈmɛɹiən/	형용사	
knox	녹스	/ˈnɑks/	명사	
upright	곧게선 | 정직한 | 꼿꼿이	/ˈəˌpɹaɪt/	형용사	An upright post
trek		/ˈtɹɛk/	명사	
patron	후원자	/ˈpeɪtɹən/	명사	
reborn		/ˈɹiˈbɔɹn/	형용사	
reel	얼레 | 릴 | 스풀	/ˈɹiɫ/	명사	
typewriter	타자기 | 타이프라이터	/ˈtaɪˌpɹaɪtɝ/	명사	
utmost	최대의 | 가장먼	/ˈətˌmoʊst/	형용사	Utmost contempt
patsy		/ˈpætsi/	명사	
remotely	멀게 | 미미하게	/ɹiˈmoʊtɫi/	부사	It is remotely possible
glee	환희 | 유쾌	/ˈɡɫi/	명사	
revolver	연발권총 | 회전로	/ɹɪˈvɑɫvɝ/	명사	
lockdown		/ˈɫɑkˌdaʊn/	명사	
woof		/ˈwuf/	명사	
brunch	늦은조반	/ˈbɹəntʃ/	명사	We brunch in Sundays
dwell	거주하다 | 길게 논하다	/ˈdwɛɫ/	동사	Don't dwell on the past
coyote	코요테	/ˈkaɪoʊt/	명사	
squat	웅크리기 | 쭈그리다 | 쭈린 자세	/ˈskwɑt/	동사	A little church with a squat tower
manic	조병의 | 조병 환자	/ˈmænɪk/	형용사	Outbursts of drunken violence and manic activity and creativity
groove	상궤 | 홈	/ˈɡɹuv/	명사	Groove a vinyl record
bangkok	타이의 수도	/ˈbæŋkɑk/	명사	
uncovered	담보가 없는 | 덮개가 없는 | 차페물이 없는	/ənˈkəvɝd/	형용사	
mailbox		/ˈmeɪɫˌbɑks/	명사	
lynch	린치를 가하다	/ˈɫɪntʃ/	동사	The blood-thirsty mob lynched the alleged killer of the child
scrape	면도하다 | 긁어모으다 | 긁적	/ˈskɹeɪp/	동사	The cat scraped at the armchair
commandant	지휘관 | 사령	/ˌkɑmənˈdɑnt/	명사	
conventional	약정의 | 협정의 | 틀에 박힌	/kənˈvɛnʃənəɫ/	형용사	Conventional wisdom
stockholm	스웨덴의 수도	/ˈstɑkˌhoʊɫm/	명사	The Nobel Prize is awarded in Stockholm
transaction	취급 | 트랜잭션 | 초악티니드 계열	/tɹænˈzækʃən/	명사	No transactions are possible without him
ignition	시동 | 점화 | 아크점화	/ˌɪɡˈnɪʃən/	명사	
interpol		/ˈɪntɝˌpoʊɫ/	명사	
epidemic	유행병 | 역병	/ˌɛpəˈdɛmɪk/	명사	An epidemic outbreak of influenza
shaggy	털복숭이	/ˈʃæɡi/	형용사	
statistics	통계 | 통계학	/stəˈtɪstɪks/	명사	
shattering		/ˈʃætɝɪŋ/	형용사	The shattering peal of artillery
intercourse	성교	/ˈɪnɝˌkɔɹs/	명사	
flashing	섬발 | 번쩍이는 | 섬광	/ˈfɫæʃɪŋ/	명사	The lights were flashing
destructive	파멸시키는	/dɪˈstɹəktɪv/	형용사	Destructive criticism
grilled	창살이 있는	/ˈɡɹɪɫd/	형용사	The student was grilled for two hours on the subject of phonology
oregon	미국북서부의 주	/ˈɔɹəˌɡɑn/	명사	
paycheck		/ˈpeɪˌtʃɛk/	명사	
solitude	독거 | 고독	/ˈsɑɫəˌtud/	명사	
panther	표범 | 퓨마	/ˈpænθɝ/	명사	
exhausting		/ɪɡˈzɔstɪŋ/	형용사	An exhausting march
lambert	람베르트 | 램베스	/ˈɫæmbɝt/	명사	
omega		/oʊˈmeɪɡə/	명사	The Alpha and the Omega, the first and the last, the beginning and the end
belgium		/ˈbɛɫdʒəm/	명사	
liability		/ˌɫaɪəˈbɪɫɪti/	명사	
hunk		/ˈhəŋk/	명사	A hunk of bread
trout	송어	/ˈtɹaʊt/	명사	
repent	회개하다 | 기어다니는 | 뉘우치다	/ɹɪˈpɛnt/	동사	
prosperity	번창 | 번영	/pɹɑˈspɛɹəti/	명사	
literary	문학적 | 문어체 | 문학작품	/ˈɫɪtɝˌɛɹi/	형용사	A literary style
martyr	순교자 | 죽이다 | 괴로워하는 사람	/ˈmɑɹtɝ/	명사	Saint Sebastian was martyred
northwest	북서 | 서북부 | 북서의	/ˌnɔɹθˈwɛst/	명사	
connecticut	코네티컷	/kəˈnɛtəkət/	명사	
privileged	면책특권의 | 특권이 있는	/ˈpɹɪvɪɫədʒd/	형용사	The privileged few
webster		/ˈwɛbstɝ/	명사	
excess	과다 | 부절제 | 초과량	/ˈɛkˌsɛs/	명사	Trying to lose excess weight
unemployment	실업 | 실직 | 실업자수	/ˌənɪmˈpɫɔɪmənt/	명사	Unemployment is a serious social evil
viking	바이킹	/ˈvaɪkɪŋ/	명사	
munich	뮌헨	/ˈmjunɪk/	명사	
install	설치하다	/ˌɪnˈstɔɫ/	동사	Install the washer and dryer
arrogance	교만 | 건만 | 건방	/ˈɛɹəɡəns/	명사	
jeopardy		/ˈdʒɛpɝdi/	명사	
hacker		/ˈhækɝ/	명사	True hackers subscribe to a code of ethics and look down upon crackers
reset	다시놓다 | 정골하다 | 다시 갈다	/ˈɹisɛt/	동사	Reset instruments and dials
risen	일어나 | 부활한	/ˈɹɪzən/	형용사	Christ is risen!
dependent	종속적 | 의지하고 있는 | 부양 가족	/dɪˈpɛndənt/	형용사	Dependent children
goon		/ˈɡun/	명사	
macleod		/məˈkɫaʊd/	명사	
milady	마님	/mɪˈɫeɪˌdi/	명사	
wolfe		/ˈwʊɫf/	명사	
abnormal	이상 | 이상적 | 변태의	/æbˈnɔɹməɫ/	형용사	Abnormal profits
bandage	안대 | 붕대	/ˈbændɪdʒ/	명사	Bandage an incision
heed	주의하다 | 주목	/ˈhid/	동사	Heed the advice of the old men
pronounced		/pɹəˈnaʊnst/	형용사	A pronounced flavor of cinnamon
bullying		/ˈbʊɫiɪŋ/	명사	
charter	특허하다 | 헌장 | 전세내다	/ˈtʃɑɹtɝ/	명사	
shelley		/ˈʃɛɫi/	명사	
litter	들것 | 깔짚 | 낳다	/ˈɫɪtɝ/	명사	Cigar butts littered the ground
standby	구급선 | 대기의 구령	/ˈstændˈbaɪ/	명사	A standby generator
generate	발생시키다	/ˈdʒɛnɝˌeɪt/	동사	The computer generated this image
residue	잔류물 | 잔류 | 잔여	/ˈɹɛzəˌdu/	명사	
composed	구성되어 | 차분하다	/kəmˈpoʊzd/	형용사	She composed a poem
immigrant	귀화식물 | 외래동물 | 이주자	/ˈɪməɡɹənt/	명사	
probable	보결선수	/ˈpɹɑbəbəɫ/	형용사	He foresaw a probable loss
newman		/ˈnumən/	명사	
vicinity	근접 | 근방 | 부근	/vəˈsɪnəti/	명사	The plane crashed in the vicinity of Asheville
flank	측면에서다 | 측면 | 옆구리	/ˈfɫæŋk/	명사	They attacked the enemy's right flank
d	에너지성 | 음주문란 | 일람후일	/ˈdi/	명사	
functioning		/ˈfəŋkʃənɪŋ/	형용사	A functioning flashlight
predictable	범용한	/pɹiˈdɪktəbəɫ/	형용사	
scrambled		/ˈskɹæmbəɫd/	형용사	A scrambled plan of action
expansion	확장 | 전개 | 확대	/ɪkˈspænʃən/	명사	The expansion of (a+b)^2 is a^2 + 2ab + b^2
pittsburgh		/ˈpɪtsbɝɡ/	명사	
angus		/ˈæŋɡəs/	명사	
scarlet	주홍빛 | 주홍색	/ˈskɑɹɫət/	명사	
itchy	탐이나서 안달하는 | 가려운	/ˈɪtʃi/	형용사	He had an itchy toe from the mosquito bite
stirring		/ˈstɝɪŋ/	명사	A stirring movie
penn		/ˈpɛn/	명사	
ensign	기수	/ˈɛnsən/	명사	
barrels		/ˈbæɹəɫz/	명사	
voter	투표자 | 선거인 | 유권자	/ˈvoʊtɝ/	명사	
haste	성급 | 급속 | 서두름	/ˈheɪst/	명사	He soon regretted his haste
existing		/ɪɡˈzɪstɪŋ/	형용사	The existing system
commotion	동요 | 소요 | 소동	/kəˈmoʊʃən/	명사	A commotion of people fought for the exits
belonging		/bɪˈɫɔŋɪŋ/	명사	With his classmates he felt a sense of belonging
extinct	끊어진 | 꺼진 | 사멸한	/ɪkˈstɪŋkt/	형용사	An extinct volcano
bumper	범퍼 | 부딪는 | 초만원의	/ˈbəmpɝ/	명사	We quaffed a bumper of ale
mao		/ˈmaʊ/	명사	
mare	암말	/ˈmɛɹ/	명사	
heist	장물 | 도욱 | 강도질하다	/ˈhaɪst/	명사	
cynical	냉소적인 | 빈정대는	/ˈsɪnɪkəɫ/	형용사	
input	입력하다 | 입력 | 인풋	/ˈɪnˌpʊt/	명사	
recite	읊다 | 낭송하다 | 복창하다	/ɹəˈsaɪt/	동사	She recited a poem
expired		/ɪkˈspaɪɹd/	형용사	An expired passport
slash	난도질 | 터놓은 자리 | 난도질하다	/ˈsɫæʃ/	동사	Prices were slashed
columbus	콜럼버스	/kəˈɫəmbəs/	명사	
exaggerate	과장하다 | 침소봉대 | 허풍떨다	/ɪɡˈzædʒɝˌeɪt/	동사	Tended to romanticize and exaggerate this `gracious Old South' imagery
guided		/ˈɡaɪdəd/	형용사	A guided missile
pineapple	파인애플 | 수류탄	/ˈpaɪˌnæpəɫ/	명사	
morals	풍속	/ˈmɔɹəɫz/	명사	
colleen		/ˌkɑˈɫin/	명사	
posing		/ˈpoʊzɪŋ/	명사	Don't pay any attention to him--he is always posing to impress his peers!
fireman	소방수 | 소방대원 | 화부	/ˈfaɪɹmən/	명사	
thorn	가시	/ˈθɔɹn/	명사	He's a thorn in my flesh
workout	연습시합 | 때려 눕히기	/ˈwɝˌkaʊt/	명사	
extraterrestrial	지구밖의 | 대기권외의	/ˌɛkstɹətɝˈɛstɹiəɫ/	형용사	Is there extraterrestrial life?
conceive	말로표현하다 | 착상하다 | 마음에 품다	/kənˈsiv/	동사	She cannot conceive
tightly	팽팽하게 | 단단히 | 꼭꼭	/ˈtaɪtɫi/	부사	A tightly packed pub
orlando		/ɔɹˈɫænˌdoʊ/	명사	
tennessee	미국남동부의 주	/ˌtɛnəˈsi/	명사	
diaz		/ˈdiˌæz/	명사	
vacant	결원의 | 비다 | 멍한	/ˈveɪkənt/	형용사	The throne is never vacant
infantry	보병과 | 보병연대 | 보병	/ˈɪnfəntɹi/	명사	
booking	치부 | 출연 계약 | 기입	/ˈbʊkɪŋ/	명사	Wondered who had made the booking
rhodes	로즈 | 로도스섬	/ˈɹoʊdz/	명사	
breakup	해산 | 붕괴	/ˈbɹeɪˌkəp/	명사	
purity	순수 | 순도 | 순정	/ˈpjʊɹəti/	명사	
honourable		/ˈɑnɝəbəɫ/	형용사	
militia	의용군 | 국민군 | 시민군	/məˈɫɪʃə/	명사	Their troops were untrained militia
mechanics	기계학 | 역학	/məˈkænɪks/	명사	The mechanics of prose style
mackenzie	메켄지강	/məˈkɛnzi/	명사	
bronx		/ˈbɹɑŋks/	명사	
hasty	급한 | 지레짐작	/ˈheɪsti/	형용사	Made a hasty exit
colorful	다채로운 | 다채롭다	/ˈkəɫɝfəɫ/	형용사	Colorful language
ramp	램프 | 진입로 | 트랩	/ˈɹæmp/	명사	The ramped auditorium
boulevard	한길	/ˈbʊɫəˌvɑɹd/	명사	
xavier	자비에르	/ˈzeɪvjɝ/	명사	
intriguing		/ˌɪnˈtɹiɡɪŋ/	형용사	An intriguing smile
rook	루크 | 당까마귀 | 타짜꾼	/ˈɹʊk/	명사	
atm		/ˈeɪˌtiˈɛm/	명사	ATM is used for both LAN and WAN
acquire	습득하다	/əˈkwaɪɝ/	동사	They acquired a new pet
gent		/ˈdʒɛnt/	명사	
oswald		/ˈɔzwɔɫd/	명사	
dedicate	봉납하다	/ˈdɛdəˌkeɪt/	동사	She dedicated her book to her parents
pi	원주율	/ˈpaɪ/	명사	
milord			명사	
debut	데뷔 | 초연하다 | 처음사교계에 나도다	/ˈdeɪbju/	명사	The band debuts a new song or two each month
occupy	점령자 | 차지 | 점령하다	/ˈɑkjəˌpaɪ/	동사	The young prince will soon occupy the throne
restrain	머금다 | 누르다 | 못하게 하다	/ɹiˈstɹeɪn/	동사	
cod	속이기 | 화학적 산소요구량	/ˈkɑd/	명사	
clarity	투명함 | 명확 | 깨끗하고 맑음	/ˈkɫɛɹəti/	명사	When she awoke the clarity was back in her eyes
daft	들떠서 떠들어대는	/ˈdæft/	형용사	
islamic		/ˌɪzˈɫɑmɪk/	형용사	
calculated	계산된 | 알맞아 | 하게끔 되어	/ˈkæɫkjəˌɫeɪtɪd/	형용사	A calculated insult
grumpy	심술난	/ˈɡɹəmpi/	형용사	
ki		/ˈki/	명사	
picasso	도예가	/pɪˈkɑsoʊ/	명사	
eddy	화방수 | 소용돌이	/ˈɛdi/	명사	
peso	쿠바 | 페소 | 페소 은화	/ˈpeɪsoʊ/	명사	
infirmary	병실 | 의무실 | 치료소	/ɪnˈfɝmɝi/	명사	
sermon		/ˈsɝmən/	명사	
greasy	진창의 | 기름진	/ˈɡɹisi/	형용사	Greasy coveralls
zealand	덴마크최대의 섬	/ˈziɫənd/	명사	
anatomy		/əˈnætəmi/	명사	He studied the anatomy of crimes
straightforward	똑바로 | 올바르다 | 단적	/ˈstɹeɪtˈfɔɹwɝd/	형용사	A straightforward gaze
prejudice	편견 | 비뚤어진 생각 | 선입관	/ˈpɹɛdʒədɪs/	명사	
flare	발끈하다 | 너울너울타오르다 | 플레어가 되다	/ˈfɫɛɹ/	명사	A colitis flare
milky		/ˈmɪɫki/	형용사	
premiere	초연 | 주연 여배우	/pɹɛˈmɪɹ/	명사	The premiere showing
glamorous	매력에 찬	/ˈɡɫæmɝəs/	형용사	Glamorous movie stars
cinnamon	유계색 | 육계색의 | 육계피	/ˈsɪnəmən/	명사	
referee	심판하다 | 레퍼리 | 심판원	/ˌɹɛfɝˈi/	명사	
threshold	문간 | 문지방	/ˈθɹɛˌʃoʊɫd/	명사	On the threshold of manhood
civilisation			명사	
torpedo	어뢰 | 수뢰 | 어뢰로 파괴하다	/tɔɹˈpiˌdoʊ/	명사	
housewife	가정주부	/ˈhaʊˌswaɪf/	명사	
tours		/ˈtɔɹz/	명사	
fossil	구제도 | 화석의 | 화석	/ˈfɑsəɫ/	명사	
abdomen	배 | 단전 | 복부	/ˈæbdəmən/	명사	
soak	잠금 | 흠뻑젖게하다 | 불리다	/ˈsoʊk/	동사	Soak the bandage with disinfectant
contestant	이의신청자 | 경쟁자 | 경기자	/kənˈtɛstənt/	명사	
stretching		/ˈstɹɛtʃɪŋ/	명사	
hoffman		/ˈhɔfmən/	명사	
truman	트루먼	/ˈtɹumən/	명사	
educational	교육상의 | 교육적인	/ˌɛdʒəˈkeɪʃənəɫ/	형용사	An educational film
resurrection	재유행 | 시체의 도굴 | 전인류의 부활	/ˌɹɛzɝˈɛkʃən/	명사	It produced a resurrection of hope
latte		/ˈɫɑˌteɪ/	명사	
politically		/ˈpɫɪtɪkɫi/	부사	Politically organized units
ds	예탁 주식		명사	
rejection	거절 | 배제	/ɹiˈdʒɛkʃən/	명사	Rejection of the transplanted liver
clutch	수중 | 핀치 | 마수	/ˈkɫətʃ/	동사	She clutched her purse
fusion	융착 | 융해물	/ˈfjuʒən/	명사	
gloomy	우울하다 | 어둡다 | 두렵다	/ˈɡɫumi/	형용사	A gloomy silence
madly	미쳐서	/ˈmædɫi/	부사	She fought back madly
cambridge	케임브리지 대학	/ˈkeɪmbɹɪdʒ/	명사	
lighthouse		/ˈɫaɪtˌhaʊs/	명사	
chronic	만성 | 만성적인 | 오래 게속하는	/ˈkɹɑnɪk/	형용사	A chronic smoker
sustain	지지하다 | 부양하다 | 승인하다	/səˈsteɪn/	동사	She alone sustained her family
stanford		/ˈstænfɝd/	명사	
valet	보이	/væˈɫeɪ/	명사	
nobel	노벨 | 노밸상 창시자 | 스웨덴의 화학자	/noʊˈbɛɫ/	명사	
southeast	남동 | 남동에서의 | 남동미	/ˌsaʊˈθist/	명사	
resemblance	의사 | 유사점 | 닮음	/ɹiˈzɛmbɫəns/	명사	
suicidal	자살의 | 자살적인	/ˌsuəˈsaɪdəɫ/	형용사	Suicidal impulses
wed	결혼하다	/ˈwɛd/	동사	We were wed the following week
taped		/ˈteɪpt/	형용사	Carefully taped pieces of glass served as a windowpane
avatar	화신 | 권화	/ˈævəˌtɑɹ/	명사	The very avatar of cunning
wireless	무선 | 무전국 | 라디오의	/ˈwaɪɹɫɪs/	명사	A wireless security system
paddle	물장난하다 | 철벙 거리다	/ˈpædəɫ/	동사	Paddle your own canoe
louse	결판내다 | 기생충	/ˈɫaʊs/	명사	
itch	못견디다 | 가려움 | 가렵다	/ˈɪtʃ/	동사	His skin itched
gibberish	횡설수설	/ˈɡɪbɝɪʃ/	명사	
withdrawal	철퇴 | 탈퇴	/wɪðˈdɹɔəɫ/	명사	The withdrawal of French troops from Vietnam
porno	포르노 작가	/ˈpɔɹnoʊ/	명사	
pry	애써서 얻다 | 지레로 올리다 | 채근하다	/ˈpɹaɪ/	동사	Don't pry into my personal matters!
sexuality		/ˌsɛkʃuˈæɫəti/	명사	
br			명사	
considerate	마음씨 좋은 | 신중한	/kənˈsɪdɝət/	형용사	Friends considerate enough to leave us alone
sovereign	임금 | 최상의 | 군주	/ˈsɑvɹən/	형용사	A sovereign state
pas	선행권 | 파스	/ˈpɑz/	명사	
voicemail		/ˈvɔɪsˌmeɪɫ/	명사	
cadet	아우 | 사관후보생 | 견습생	/kəˈdɛt/	명사	
clarify	정화하다 | 뚜렷해 지다 | 맑아지다	/ˈkɫɛɹəˌfaɪ/	동사	Clarify the butter
immature	유년기의 | 미완성의 | 생경한	/ˌɪmətˈjʊɹ/	형용사	Immature behavior
marguerite	마거리트	/ˌmɑɹɡɝˈit/	명사	
banish	떨어버리다 | 추방하다	/ˈbænɪʃ/	동사	Banish bad thoughts
dairy	우유점 | 착유장 | 낙농장	/ˈdɛɹi/	명사	
attach	달다 | 연결되다 | 연결하다	/əˈtætʃ/	동사	The spider's thread attached to the window sill
sliding	미끄러지는 | 미끄러짐 | 활주	/ˈsɫaɪdɪŋ/	형용사	
spectacle	구경거리	/ˈspɛktəkəɫ/	명사	The tragic spectacle of cripples trying to escape
yin		/ˈjɪn/	명사	The interaction of yin and yang maintains the harmony of the universe
delusional		/dɪˈɫuʒənəɫ/	형용사	
allegiance	충성 | 전념 | 충실	/əˈɫidʒəns/	명사	
slope	경사도 | 경사면 | 비탈면	/ˈsɫoʊp/	명사	The terrain sloped down
awareness	의식 | 인식 | 알아채고있음	/əˈwɛɹnəs/	명사	He had no awareness of his mistakes
decker	장식자	/ˈdɛkɝ/	명사	They rode in a double-decker bus
competitor	경쟁자 | 경쟁상대	/kəmˈpɛtətɝ/	명사	
overreact		/ˈoʊvɝɹiˈækt/	동사	Don't overreact to the bad news--take it easy
observing	관측적인	/əbˈzɝvɪŋ/	형용사	
paste	페이스트	/ˈpeɪst/	명사	He pasted his opponent
wits	지혜	/ˈwɪts/	명사	I was scared out of my wits
fiery	불타고있는 | 불같다	/ˈfaɪɝi/	형용사	A fiery desert wind
typically	예에 따라	/ˈtɪpɪkəɫi/	부사	Tom was typically hostile
eclipse	실추 | 능가하다	/əˈkɫɪps/	동사	The Sun eclipses the moon today
oyster	굴	/ˈɔɪstɝ/	명사	
scraping	긁음 | 깍음 | 할큄	/ˈskɹeɪpɪŋ/	명사	They collected blood scrapings for analysis
impose	안수하다 | 말참견하다 | 용훼하다	/ˌɪmˈpoʊz/	동사	Social relations impose courtesy
revenue	수익 | 세무서 | 총수입	/ˈɹɛvəˌnu/	명사	
alabama	미국 남부의	/ˌæɫəˈbæmə/	명사	The Alabamas were members of the Creek Confederacy
departed		/dɪˈpɑɹtɪd/	형용사	Relics of a departed era
user	사용자	/ˈjuzɝ/	명사	
cracker	딱총 | 크래커 | 파쇄기	/ˈkɹækɝ/	명사	Crackers are often mistakenly called hackers
undoubtedly	의심할 여지없이	/ənˈdaʊtɪdɫi/	부사	It's undoubtedly very beautiful
mozart	볼프강 아마데우스 | 오스트리아의 작곡가	/ˈmoʊtsɑɹt/	명사	The concert was mostly Mozart
dent		/ˈdɛnt/	명사	The bicycle dented my car
charmed	매혹된 | 마법에 걸린 | 마법으로 보호된	/ˈtʃɑɹmd/	형용사	She charmed him into giving her all his money
spiral	나선 | 나선 비행 | 나선형으로 하다	/ˈspaɪɹəɫ/	명사	The path spirals up the mountain
ka		/ˈkɑ/	명사	
louisiana		/ɫuˌiziˈænə/	명사	
touchdown	터치다운 | 단시간의 착륙	/ˈtətʃˌdaʊn/	명사	
posh	호화로운	/ˈpɑʃ/	형용사	A posh restaurant
correction	수정 | 교정 | 징계	/kɝˈɛkʃən/	명사	The correction of his vision with eye glasses
chubby	통통하다	/ˈtʃəbi/	형용사	
manifest	나타나다	/ˈmænəˌfɛst/	동사	Manifest disapproval
steroid		/stɝˈɔɪd/	명사	
genie	제니	/ˈdʒini/	명사	
dakota	다코타	/dəˈkoʊtə/	명사	
witchcraft	마법 | 마력	/ˈwɪtʃˌkɹæft/	명사	
archives	고기록 | 공무서보관소 | 공문서	/ˈɑɹˌkaɪvz/	명사	
trance	꿈결 | 황홀상태 | 비몽 사몽	/ˈtɹæns/	명사	
symphony	심포니 | 교향곡	/ˈsɪmfəni/	명사	We heard the Vienna symphony
traumatic	외상약 | 외상치료의	/tɹɔˈmætɪk/	형용사	Few experiences are more traumatic than losing a child
frequent	늘모이다 | 상습적인 | 자주가다	/ˈfɹiˌkwɛnt/	형용사	A frequent guest
modeling		/ˈmɑdəˌɫɪŋ/	명사	
sporting	스포츠맨다운	/ˈspɔɹtɪŋ/	형용사	Sporting events
affecting	감동적인	/əˈfɛktɪŋ/	형용사	The homecoming of the released hostages was an affecting scene
spacecraft		/ˈspeɪsˌkɹæft/	명사	
talbot	톨벗	/ˈtæɫbət/	명사	
reno	리노	/ˈɹinoʊ/	명사	
benton		/ˈbɛntən/	명사	
calculate	계산하다 | 산적하다 | 의자하다	/ˈkæɫkjəˌɫeɪt/	동사	
fiddle	빈들빈들 보내다	/ˈfɪdəɫ/	동사	Don't fiddle with the screws
stein		/ˈstaɪn/	명사	
persistent	고집하는 | 끈질기다 | 지속하는	/pɝˈsɪstənt/	형용사	The persistent gills of fishes
despicable	비열한	/dɪˈspɪkəbəɫ/	형용사	Would do something as despicable as murder
salem	살렘	/ˈseɪɫəm/	명사	
mischief	위해 | 고자 | 재난의 씨	/ˈmɪstʃəf/	명사	
brussels		/ˈbɹəsəɫz/	명사	
arc	아크 | 전호 | 호	/ˈɑɹk/	명사	
ripper	찢는 사람	/ˈɹɪpɝ/	명사	Jack the Ripper was probably a madman
vitamin	비타민	/ˈvaɪtəmən/	명사	
cognac	코냑	/ˈkɑnˌjæk/	명사	
imbecile	매우 어리석은 | 저능	/ˈɪmbəsaɪɫ/	명사	
cove	산구석 | 후미진곳 | 산골짜기 길	/ˈkoʊv/	명사	
lair	숨는 장소 | 쉬는 장소	/ˈɫɛɹ/	명사	
directing		/daɪˈɹɛktɪŋ/	형용사	Felt his mother's directing arm around him
stepfather		/ˈstɛpˌfɑðɝ/	명사	
viral	바이러스의 | 바이러스성의 | 여과성 병원체의	/ˈvaɪɹəɫ/	형용사	Viral infection
congregation	교직원회 | 집회 | 회중	/ˌkɑŋɡɹəˈɡeɪʃən/	명사	A great congregation of birds flew over
illinois		/ˌɪɫəˈnɔɪ/	명사	
coco	코코야자	/ˈkoʊˌkoʊ/	명사	
crisp	돌돌말린 | 새뜻한 | 포테이토칩	/ˈkɹɪsp/	형용사	Crisp potato chips
outrage	포학	/ˈaʊˌtɹeɪdʒ/	명사	
flexible	구부리기 쉬운 | 어거하기 쉬운 | 시키는대로 하는	/ˈfɫɛksəbəɫ/	형용사	Flexible schedules
goo	찐득거리는 것	/ˈɡu/	명사	
licking	핥음 | 지게 함 | 때림	/ˈɫɪkɪŋ/	명사	They suffered a convincing licking
funk	무서움 | 기가 죽다 | 연기가 나다	/ˈfəŋk/	명사	He was in a funk
tao		/ˈdaʊ/	명사	
captive	포로의 | 빠진 사람 | 잡힌 사람	/ˈkæptɪv/	명사	
montreal	상공업 중심지	/ˌməntɹiˈɔɫ/	명사	
zen	좌선하는 사람	/ˈzɛn/	명사	
knuckles	뼈마디	/ˈnəkəɫz/	명사	
canteen	반합 | 수통 | 식기상자	/kænˈtin/	명사	
credibility	신빙성 | 진실성 | 신뢰성	/ˌkɹɛdəˈbɪɫɪti/	명사	
disconnected		/ˌdɪskəˈnɛktɪd/	형용사	The iron is disconnected
flats		/ˈfɫæts/	명사	The salt flats of Utah
controversial	쟁점이 되는	/ˌkɑntɹəˈvɝʃəɫ/	형용사	Rushdie's controversial book
enthusiastic	열광의 | 의욕적	/ɪnˌθuziˈæstɪk/	형용사	An enthusiastic response
cork	코르크 | 코르크나무 | 코르크 제품	/ˈkɔɹk/	명사	The baseball player stuffed his bat with cork to make it lighter
acute	급성 | 절실하다 | 뾰족하다	/əkˈjut/	형용사	Acute appendicitis
icy	얼음의 | 얼음이 찬 | 얼음이 많은	/ˈaɪsi/	형용사	Icy northern waters
wormhole		/ˈwɝmˌhɔɫ/	명사	
flyer	한단 | 쾅하고 떨어지다 | 삐라	/ˈfɫaɪɝ/	명사	
bladder	방광	/ˈbɫædɝ/	명사	
caretaker	관리인 | 집보는 사람	/ˈkɛɹˌteɪkɝ/	명사	He acted as a caretaker until a new president could be elected
pep	기운을 북돋다	/ˈpɛp/	명사	This tonic is guaranteed to give you more pep
programming	프로그래밍	/ˈpɹoʊˌɡɹæmɪŋ/	명사	
drained		/ˈdɹeɪnd/	형용사	A drained marsh
metallic	냉철하다	/məˈtæɫɪk/	형용사	Metallic luster
seldom	않는 | 좀처럼 | 좀체	/ˈsɛɫdəm/	부사	
poetic	시적인 | 시의	/poʊˈɛtɪk/	형용사	A poetic romance
contaminated	오염되다	/kənˈtæməˌneɪtɪd/	형용사	Contaminated evidence
duct	관 | 도관 | 도관의	/ˈdəkt/	명사	The tear duct was obstructed
insensitive	반응없는 | 둔감한	/ˌɪnˈsɛnsətɪv/	형용사	Insensitive to radiation
initiate	신입자 | 입회자 | 창업기의	/ˌɪˈnɪʃiˌeɪt/	동사	He initiated a new program
nonetheless	그럼에도 불구하고	/ˌnənðəˈɫɛs/	부사	
grinding	제분 | 압제의 | 타기	/ˈɡɹaɪndɪŋ/	명사	Vegetable grindings clogged the drain
composition	문장 | 구도 | 구성물	/ˌkɑmpəˈzɪʃən/	명사	He got an A on his composition
adjourn	휴회하다	/əˈdʒɝn/	동사	The court adjourned
indulge	대사를 베풀다 | 마음대로 하다 | 마음대로 하게하다	/ˌɪnˈdəɫdʒ/	동사	She indulges in ice cream
wrench	렌치 | 비틂	/ˈɹɛntʃ/	동사	Wrench one's ankle
flaw	하자 | 금가다 | 결점	/ˈfɫɔ/	명사	A flaw caused the crystal to shatter
messiah	메시아	/məˈsaɪə/	명사	
concluded		/kənˈkɫudəd/	형용사	We concluded a cease-fire
accustomed	평소의	/əˈkəstəmd/	형용사	His accustomed thoroughness
napkin	냅킨 | 냅킨으로 싸다	/ˈnæpkɪn/	명사	
doorway	문간	/ˈdɔɹˌweɪ/	명사	He stuck his head in the doorway
muddy	탁하다 | 진흙탕의 | 흙탕	/ˈmədi/	형용사	Muddy the water
saturn	도성	/ˈsætɝn/	명사	Saturday is Saturn's Day
intentionally	일부러	/ˌɪnˈtɛnʃənəɫi/	부사	He used that word intentionally
canned	술취한 | 미리 준비된	/ˈkænd/	형용사	Canned laughter
appearing		/əˈpɪɹɪŋ/	명사	
ballistics	탄도학	/bəˈɫɪstɪks/	명사	
suction	흡인 | 빨기 | 빨아들이게 하는	/ˈsəkʃən/	명사	Suction the uterus in an abortion
hideout	은신처	/ˈhaɪˌdaʊt/	명사	
startled	놀란	/ˈstɑɹtəɫd/	형용사	..startled him awake
replacing		/ɹɪˈpɫeɪsɪŋ/	명사	Replacing the star will not be easy
solemn	격식 차린 | 중후하다 | 묵직하다	/ˈsɑɫəm/	형용사	A solemn promise
override	타고 넘다	/ˈoʊvɝˌɹaɪd/	동사	Health considerations override financial concerns
carver	고기베는 사람 | 고기베는 나이프	/ˈkɑɹvɝ/	명사	
lea	풀밭	/ˈɫi/	명사	
mosquito	모기	/məˈskitoʊ/	명사	
fragrance	향기 | 방향 | 향료	/ˈfɹeɪɡɹəns/	명사	
detain	억류하다 | 말리다	/dɪˈteɪn/	동사	
meadow		/ˈmɛˌdoʊ/	명사	
youngster	어린이 | 어린애 | 어린아이	/ˈjəŋstɝ/	명사	`tiddler' is a British term for youngster
needy		/ˈnidi/	형용사	They try to help the needy
whitey	흰둥이	/ˈhwaɪˌti/	명사	
inhabitant	서식동물 | 거주자	/ɪnˈhæbətənt/	명사	
break-in		/ˈbɹeɪˌkɪn/	명사	
harass		/hɝˈæs/	동사	Harass the enemy
ro		/ˈɹoʊ/	명사	
interpretation	해석	/ˌɪnˌtɝpɹɪˈteɪʃən/	명사	The edict was subject to many interpretations
burying		/ˈbɛɹiɪŋ/	명사	
incomplete	불완전자동사 | 미완성의	/ˌɪnkəmˈpɫit/	형용사	An incomplete forward pass
titan	타이탄 | 타이탄의 | 거인	/ˈtaɪtən/	명사	
retard	지진아 | 정신박약자 | 지체시키다	/ɹiˈtɑɹd/	동사	This drug will retard your heart rate
dilemma	궁지	/dɪˈɫɛmə/	명사	
mutt	잡종개 | 똥개	/ˈmət/	명사	
prominent	극명 | 유수 | 두드러진	/ˈpɹɑmənənt/	형용사	A prominent citizen
hoover	진공청소기	/ˈhuvɝ/	명사	
temp	임시 직원	/ˈtɛmp/	명사	
consul	집정관	/ˈkɑnsəɫ/	명사	
hairdresser	미용사	/ˈhɛɹˌdɹɛsɝ/	명사	
planting	기초 밑층 | 파종	/ˈpɫæntɪŋ/	명사	The planting of corn is hard work
justified		/ˈdʒəstəˌfaɪd/	형용사	
jensen		/ˈdʒɛnsən/	명사	
stuffing		/ˈstəfɪŋ/	명사	
norwegian	노르웨이이	/ˌnɔɹˈwidʒən/	명사	Norwegian herring
dork			명사	
stalling		/ˈstɔɫɪŋ/	명사	The inexperienced driver kept stalling the car
intimacy	정교 | 친숙 | 친숙성	/ˈɪntəməsi/	명사	The absence of fences created a mysterious intimacy in which no one knew privacy
tucked	걷어지른 | 걷어 올린 | 접어 넣은	/ˈtəkt/	형용사	A fancy tucked shirt
examiner	실사자 | 검사관 | 시험관	/ɪɡˈzæmənɝ/	명사	The examiner searched for clues
qualify	간주하다	/ˈkwɑɫəˌfaɪ/	동사	Qualify these remarks
imminent	박두한 | 촉박한	/ˈɪmənənt/	형용사	In imminent danger
masked	숨긴 | 가면을 쓴	/ˈmæskt/	형용사	He masked his disappointment
diesel	디젤차	/ˈdisəɫ/	명사	
meditation	명상 | 명상록 | 심사 숙고	/ˌmɛdəˈteɪʃən/	명사	The habit of meditation is the basis for all real knowledge
bulk	쌓아올리다 | 부피 | 더미	/ˈbəɫk/	명사	The parcel bulked in the sack
prosecute	고소하다 | 기소하다	/ˈpɹɑsəkˌjut/	동사	The State of California prosecuted O.J. Simpson
mumble	중얼 거리다 | 중얼거리는 말	/ˈməmbəɫ/	동사	The old man had no teeth left and mumbled his food
defined		/dɪˈfaɪnd/	형용사	Each child has clearly defined duties
oklahoma		/ˌoʊkɫəˈhoʊmə/	명사	
paw	발로 치다 | 서투르게 다루다	/ˈpɔ/	명사	The bear pawed the door
default	불이행	/dɪˈfɔɫt/	명사	He lost the game by default
doughnut	도넛	/ˈdoʊˌnət/	명사	
haunting	출몰 | 잊혀지지 않는	/ˈhɔntɪŋ/	형용사	Haunting memories
staircase		/ˈstɛɹˌkeɪs/	명사	
plaster	회반죽 | 고약 | 반창고	/ˈpɫæstɝ/	명사	Plaster the broken arm
proceedings		/pɹəˈsidɪŋz/	명사	
amends	보상하다 | 벌충	/əˈmɛndz/	명사	How can I make amends
fraternity	형제간	/fɹəˈtɝnəti/	명사	The medical fraternity
freud		/ˈfɹɔɪd/	명사	
kendall		/ˈkɛndəɫ/	명사	
armored	무장한 | 장갑한	/ˈɑɹmɝd/	형용사	
birdie		/ˈbɝdi/	동사	
volcanic		/vɑɫˈkænɪk/	형용사	A volcanic temper
samson	힘센 장사 | 히브리의 역사	/ˈsæmsən/	명사	
cleopatra	클레오파트라	/ˌkɫiəˈpætɹə/	명사	
carve	조각하다 | 고기를 베다 | 베어 나누다	/ˈkɑɹv/	동사	Father carved the ham
brink	찰나	/ˈbɹɪŋk/	명사	On the brink of bankruptcy
martian		/ˈmɑɹʃən/	형용사	
hybrid	잡종 | 잡종의	/ˈhaɪbɹəd/	명사	The vice-presidency is a hybrid of administrative and legislative offices
knockout	녹아웃 | 큰 타격	/ˈnɑˌkaʊt/	명사	A knockout punch
chunk	큰 덩어리	/ˈtʃəŋk/	명사	We won a chunk of money
construct	구성개념 | 구조하다 | 몸매가 좋은	/ˈkɑnstɹəkt/	동사	Construct a proof
confiscate	몰수된 | 몰수하다	/ˈkɑnfəˌskeɪt/	동사	The police confiscated the stolen artwork
interrogate	추궁하다 | 심문하다	/ˌɪnˈtɛɹəˌɡeɪt/	동사	
voyager	여행자	/ˈvɔɪədʒɝ/	명사	
commerce	상업 | 교역 | 통상	/ˈkɑmɝs/	명사	
precaution	경각심	/pɹiˈkɔʃən/	명사	He put an ice pack on the injury as a precaution
printer	프린터 | 인쇄업자 | 인서기	/ˈpɹɪnɝ/	명사	
nagging	쨍쨍거리는 | 끈질긴	/ˈnæɡɪŋ/	형용사	Nagging parents
hag	버커리	/ˈhæɡ/	명사	
skinner	가죽 상인	/ˈskɪnɝ/	명사	
lunchtime	점심시간 | 점심때	/ˈɫəntʃˌtaɪm/	명사	He observed a regular lunchtime
imported		/ˌɪmˈpɔɹtɪd/	형용사	
transcript	베낀것 | 사본 | 등본	/ˈtɹænsˌkɹɪpt/	명사	He read a transcript of the interrogation
conceal	잠적 | 비밀로 하다 | 가리다	/kənˈsiɫ/	동사	She conceals her anger well
holler	지르다	/ˈhɑɫɝ/	동사	What was he hollering about?
chug		/ˈtʃəɡ/	동사	
paranoia	편집광	/ˌpɛɹəˈnɔɪə/	명사	
compel	억지로시키다 | 억지로 복종시키다	/kəmˈpɛɫ/	동사	The water shortage compels conservation
airborne		/ˈɛɹˌbɔɹn/	형용사	
sentiment	정취 | 다감 | 정서	/ˈsɛnəmənt/	명사	
syria	시리아	/ˈsɪɹiə/	명사	
babysitting	일	/ˈbeɪbiˌsɪtɪŋ/	명사	
improving		/ˌɪmˈpɹuvɪŋ/	형용사	An improving economy
hare		/ˈhɛɹ/	명사	He hared down the hill
withdrawn		/wɪðˈdɹɔn/	형용사	
staged	연출된 | 일부러 꾸민 | 무대에 올려진	/ˈsteɪdʒd/	형용사	A staged version of the novel
englishman	영국선 | 잉글랜드 사람	/ˈɪŋɡɫɪʃmən/	명사	
hopkins		/ˈhɑpkɪnz/	명사	
admirable		/ˈædmɝəbəɫ/	형용사	Trains ran with admirable precision
vouch		/ˈvaʊtʃ/	동사	Will he vouch for me?
trivial	보잘것 없는	/ˈtɹɪviəɫ/	형용사	A trivial young woman
parcel	소포 | 소화물 | 소포로 하다	/ˈpɑɹsəɫ/	명사	The developers parceled the land
scroll	수결 | 족자	/ˈskɹoʊɫ/	명사	Scroll down to see the entire text
desired	바랐던 | 희망했던	/dɪˈzaɪɝd/	형용사	It produced the desired effect
appealing	애원적인 | 매력적인 | 마음을 끄느	/əˈpiɫɪŋ/	형용사	An appealing sense of humor
designate	임명하다 | 지명하다 | 명명하다	/ˈdɛzəɡˌneɪt/	동사	
imprisonment	수금 | 징역 | 투옥	/ˌɪmˈpɹɪzənmənt/	명사	The imprisonment of captured soldiers
fleming	플랑드르인	/ˈfɫɛmɪŋ/	명사	
cooling	냉각	/ˈkuɫɪŋ/	명사	The cooling was overhead fans
cartwright	달구지 목수	/ˈkɑɹˌtɹaɪt/	명사	
uncertain	분명치 않은	/ənˈsɝtən/	형용사	An uncertain smile
deliberate	유유한 | 협의하다 | 신중한	/dɪˈɫɪbɝˌeɪt/	형용사	With all deliberate speed
anticipated		/ænˈtɪsəˌpeɪtɪd/	형용사	
isolate	절연하다 | 단리시키다 | 고립시키다	/ˈaɪsəˌɫeɪt/	동사	The chemist managed to isolate the compound
tighten	바싹 죄다 | 탄탄하게 하다 | 오그라들다	/ˈtaɪtən/	동사	Tighten the wire
venue	밀회 | 범행지 | 재판지	/ˈvɛnju/	명사	
irritating	짜증나는 | 신경질나는 | 아리게하는	/ˈɪɹəˌteɪtɪŋ/	형용사	An irritating delay
revolt	난리 | 반역하다 | 반항적태도	/ɹiˈvoʊɫt/	명사	The people revolted when bread prices tripled again
lunar	달의	/ˈɫunɝ/	형용사	
rightful	적법의	/ˈɹaɪtfəɫ/	형용사	A rightful inheritance
southwest	남서 | 남서의 | 남서부 지방	/ˌsaʊθˈwɛst/	명사	
maine		/ˈmeɪn/	명사	
marvel	경이 | 경탄	/ˈmɑɹvəɫ/	동사	
chained		/ˈtʃeɪnd/	형용사	
snoop	기웃거리며 서성대다	/ˈsnup/	동사	
trunks		/ˈtɹəŋks/	명사	
sully	더럽히다 | 손상하다	/ˈsəɫi/	동사	Sully someone's reputation
excused		/ɪkˈskjuzd/	형용사	One of the excused jurors planned to write a book
communicating		/kəmˈjunəˌkeɪtɪŋ/	명사	
bloodshed	참사 | 유혈	/ˈbɫədˌʃɛd/	명사	He avenged the bloodshed of his kinsmen
offender	반칙자 | 범죄자 | 범죄인	/əˈfɛndɝ/	명사	
offspring	자손	/ˈɔfsˌpɹɪŋ/	명사	She was the mother of many offspring
monstrous	기괴한 | 어처구니 없는	/ˈmɑnstɹəs/	형용사	Twisted into monstrous shapes
bruising		/ˈbɹuzɪŋ/	형용사	A bruising experience
doorman		/ˈdɔɹˌmæn/	명사	
prohibited		/pɹoʊˈhɪbətəd/	형용사	
props		/ˈpɹɑps/	명사	Before every scene he ran down his checklist of props
penetrate	꿰둘다 | 둘고보다 | 간파하다	/ˈpɛnəˌtɹeɪt/	동사	She was penetrated with sorrow
intervene	끼이다 | 개재하다 | 중재하다	/ˌɪntɝˈvin/	동사	Eight days intervened
osaka		/oʊˈsɑkə/	명사	
cairo	카이로	/ˈkaɪɹoʊ/	명사	
patriot	애국자 | 우국지사	/ˈpeɪtɹiət/	명사	
bowls		/ˈboʊɫz/	명사	
infamous	악랄한 | 아주나쁜 | 불명예스러운	/ˈɪnfəməs/	형용사	The infamous Benedict Arnold
shag	주워 되던지다 | 더부룩하게 하다	/ˈʃæɡ/	명사	He bought a shag rug
lettuce	상추 | 양상추 | 양상군자	/ˈɫɛtəs/	명사	
inferior	싸구려 | 아래쪽의 | 밑에붙이는	/ˌɪnˈfɪɹiɝ/	형용사	Inferior alveolar artery
boredom	권태	/ˈbɔɹdəm/	명사	
amos	아모스	/ˈeɪməs/	명사	
tolerance	아량 | 내약력 | 혀용차	/ˈtɑɫɝəns/	명사	
cashier	지점장 | 출납원	/kæˈʃɪɹ/	명사	Cashier the literal sense of this word
polls		/ˈpoʊɫz/	명사	
caliber	재간 | 직경	/ˈkæɫəbɝ/	명사	An executive of low caliber
underpants	하의	/ˈəndɝˌpænts/	명사	
seller	판매인	/ˈsɛɫɝ/	명사	
sensed		/ˈsɛnst/	형용사	I sensed the real meaning of his letter
vertical	종적 | 대정의 | 수직의	/ˈvɝtɪkəɫ/	형용사	A vertical camera angle
dart	표창 | 던지는 창	/ˈdɑɹt/	동사	His forefinger darted in all directions as he spoke
zipper	지퍼 | 패스너	/ˈzɪpɝ/	명사	
gabby	말많은 | 수다스러운	/ˈɡæbi/	형용사	Kept from her housework by gabby neighbors
shankar		/ˈʃæŋkɑɹ/	명사	
acceptance	인용 | 수리 | 수령	/ækˈsɛptəns/	명사	The proposal found wide acceptance
traveler	나그네 | 여행가 | 여행자	/ˈtɹævəɫɝ/	명사	
timeline		/ˈtaɪmɫaɪn/	명사	
emerald	선녹색의	/ˈɛmɝɹəɫd/	명사	
pc	피시 | 고속 순찰함	/ˈpiˈsi/	명사	
hassle		/ˈhæsəɫ/	명사	
thrilling	장렬한 | 신령하다 | 오싹하게 하는	/ˈθɹɪɫɪŋ/	형용사	A thrilling performer to watch
hopeful	유망한	/ˈhoʊpfəɫ/	형용사	A hopeful new singer on Broadway
stoke	쑤셔 일으키다	/ˈstoʊk/	동사	
sneaker		/ˈsnikɝ/	명사	
conditioning	조절하기	/kənˈdɪʃənɪŋ/	명사	
supporter	부양자 | 가터 | 조연자	/səˈpɔɹtɝ/	명사	All their supporters came out for the game
teal	상오리	/ˈtiɫ/	명사	
instruction	지도 | 소송위임장 | 인도	/ˌɪnˈstɹəkʃən/	명사	Our instruction was carefully programmed
flaming	현란한 | 아주 좋은	/ˈfɫeɪmɪŋ/	형용사	Flaming passions
freight	출하하다 | 운송화물 | 화물수송	/ˈfɹeɪt/	명사	We pay the freight
undressed	발가벗은 | 약장의 | 잠옷 바람의	/ənˈdɹɛst/	형용사	Undressed hides
boiler	보일러 | 끓이는 그릇	/ˈbɔɪɫɝ/	명사	
edo		/ˈidoʊ/	명사	
uneasy	걱정되는 | 불안하다 | 술렁	/əˈnizi/	형용사	Gave an uneasy laugh
benedict		/ˈbɛnəˌdɪkt/	명사	
davy	선서서	/ˈdeɪvi/	명사	
efficiency	능렬 | 효율성 | 효율화	/ɪˈfɪʃənsi/	명사	She did the work with great efficiency
yelp	깽깽	/ˈjɛɫp/	동사	The puppies yelped
counterfeit	위작 | 모조하다 | 위조 물건	/ˈkaʊntɝˌfɪt/	명사	Counterfeit money
afterlife	여생	/ˈæftɝˌɫaɪf/	명사	
one-way		/ˈwənˈweɪ/	형용사	One-way streets
smiley		/ˈsmaɪɫi/	명사	
twat		/ˈtwɑt/	명사	
eccentric	별난사람 | 편심론 | 편심륜	/ˌɛkˈsɛntɹɪk/	명사	Eccentric circles
wand	과녁판 | 지휘봉	/ˈwɑnd/	명사	Stems bearing slender wands of flowers
vi		/ˈvaɪ/	명사	
memphis		/ˈmɛmfəs/	명사	
formidable	만만찮은	/ˈfɔɹmədəbəɫ/	형용사	A formidable opponent
lesser	보다작은	/ˈɫɛsɝ/	형용사	The lesser anteater
gel	겔 | 교화체	/ˈdʒɛɫ/	명사	
tee		/ˈti/	명사	They were waiting on the first tee
launching	런칭 | 진수	/ˈɫɔntʃɪŋ/	명사	
cocksucker		/ˈkɑkˌsəkɝ/	명사	
crore			명사	
retiring	내향적인 | 은퇴하는 | 퇴직의	/ɹiˈtaɪɝɪŋ/	형용사	A shy retiring girl
authorization	인가	/ˌɔθɝəˈzeɪʃən/	명사	Deputies are given authorization to make arrests
probability	확률 | 개연성 | 가망	/ˌpɹɑbəˈbɪɫəˌti/	명사	For a while mutiny seemed a probability
accessory	액세서리 | 악세사리 | 종범의	/ækˈsɛsɝi/	명사	He was charged with being accessory to the crime
deport	이송하다	/dɪˈpɔɹt/	동사	
contrast	대조 | 대조하다 | 대조법	/ˈkɑntɹæst/	명사	The students contrast considerably in their artistic abilities
hooks		/ˈhʊks/	명사	Wait till I get my hooks on him
remark	알아차리다 | 주목하다 | 인지하다	/ɹiˈmɑɹk/	동사	It passed without remark
liaison	연결 발음 | 밀통 | 간통	/ˈɫeɪˌzɑn/	명사	He provided a liaison with the guerrillas
crater	분화구 | 크레이터 | 탄공	/ˈkɹeɪtɝ/	명사	
distribute	주연하다 | 확충하다 | 배급하다	/dɪˈstɹɪbjut/	동사	Values distribute
vocalizing			명사	
credits		/ˈkɹɛdɪts/	명사	The credits were given at the end of the film
stability	안정 | 안정성 | 착실	/stəˈbɪɫɪti/	명사	
stench	악취	/ˈstɛntʃ/	명사	
taps	소등 나팔 | 영결 나팔	/ˈtæps/	명사	
flea	벼룩 | 벼룩빗댐	/ˈfɫi/	명사	
compelling	강제적인	/kəmˈpɛɫɪŋ/	형용사	Compelling ambition
hubby		/ˈhəbi/	명사	
self-esteem			명사	
suburb	변두리 지역 | 교외	/ˈsəbɝb/	명사	
clocks		/ˈkɫɑks/	명사	
peacock	공작	/ˈpiˌkɑk/	명사	
bragging	호언	/ˈbɹæɡɪŋ/	명사	
hurrah	만세하고 외치다 | 환호하여 맞이하다	/hʊˈɹɑ/	명사	Let's give the team a big hurrah
moo	음매 울다	/ˈmu/	동사	
silently	고요하게 | 잠자코 | 묵묵부답	/ˈsaɪɫəntɫi/	부사	
subconscious	잠재의식 | 부의식	/səbˈkɑnʃəs/	형용사	
fatso	뚱뚱보		명사	
pluck	획 당기다 | 잡아채다	/ˈpɫək/	동사	Pluck the capon
refined	정묘한 | 정제된 | 세련되다	/ɹəˈfaɪnd/	형용사	To gild refined gold
bungalow	방갈로	/ˈbəŋɡəˌɫoʊ/	명사	
surge	파동 | 파도치다 | 풀어주다	/ˈsɝdʒ/	동사	The boats surged
uranium	우라늄 | 우라늄 원자로 | 우라늄 핵분열	/jɝˈeɪniəm/	명사	
menace	위협 | 위협하다 | 으르다	/ˈmɛnəs/	명사	He spoke with desperate menace
christie	크리스티 | 크리스차니아 회전	/ˈkɹɪsti/	명사	
cone	구과 | 나사조개 | 방울열매	/ˈkoʊn/	명사	
sauna	증기욕	/ˈsɔnə/	명사	
extinction	사멸 | 종식 | 절명	/ɪkˈstɪŋkʃən/	명사	The extinction of a species
bonding	접속 | 결합 | 접합	/ˈbɑndɪŋ/	명사	
equality	대등 | 등식 | 평등	/ɪˈkwɑɫəti/	명사	
bourgeois	부르조아 | 중산계급의사람 | 중산 계급의	/ˈbʊɹʒwɑ/	형용사	A bourgeois mentality
insert	넣다 | 삽입자막 | 써넣다	/ˈɪnˌsɝt/	동사	Insert your ticket here
teens		/ˈtinz/	명사	
downhill	편한 | 내리받이 | 쇠퇴하는	/ˈdaʊnˈhɪɫ/	명사	Running downhill, he gained a lot of speed
pedal	페달	/ˈpɛdəɫ/	명사	The word for a pedal extremity is `foot'
levi	세째아들	/ˈɫivaɪ/	명사	
peru	페루 | 남아메리카의 공화국	/pɝˈu/	명사	
irving		/ˈɝvɪŋ/	명사	
buddhist	불가 | 불교도 | 불교적	/ˈbudəst/	명사	Buddhist sculpture
terrain	지형	/tɝˈeɪn/	명사	They decided to attack across the rocky terrain
screening	가리기 | 차페 | 체질하기	/ˈskɹinɪŋ/	명사	
mu		/ˈmu/	명사	
coaching		/ˈkoʊtʃɪŋ/	명사	She is coaching the crew
premature	이르다 | 때 아닌 | 너무 이른	/ˌpɹiməˈtʃʊɹ/	형용사	A premature infant
undone	파멸한	/ənˈdən/	형용사	His shoelaces were undone
qi		/ˈki/	명사	
communism	공산 | 공산주의	/ˈkɑmjəˌnɪzəm/	명사	
fitted		/ˈfɪtəd/	형용사	A fitted overcoat
treacherous	반역하는 | 기대에 어긋나는 | 배반하는	/ˈtɹɛtʃɝəs/	형용사	Treacherous intrigues
inspect	사열하다 | 시찰하다 | 면밀하게 살피다	/ˌɪnˈspɛkt/	동사	Please inspect your father's will carefully
irresistible	좋다 할수없는	/ˌɪɹɪˈzɪstəbəɫ/	형용사	Irresistible beauty
elia	필명	/əˈɫaɪə/	명사	
northeast	동북 | 동북에 | 동북에서 온	/ˌnɔɹˈθist/	명사	
sparrow	참새	/ˈspɛɹoʊ/	명사	
performer	연기자 | 연예인 | 광대	/pɝˈfɔɹmɝ/	명사	
brew	양조하다 | 조짐이보이다 | 양조	/ˈbɹu/	동사	The tea is brewing
ingenious	창의력이 있는 | 독창적인 | 영리하다	/ˌɪnˈdʒinjəs/	형용사	An ingenious solution to the problem
turd	똥		명사	
challenger	도전자 | 첼린저 | 거부자	/ˈtʃæɫəndʒɝ/	명사	
baghdad		/ˈbæɡdæd/	명사	Baghdad is one of the great cities of the Muslim world
bulletin	게시 | 공보	/ˈbʊɫɪtən/	명사	
preview	시사= | 시연	/ˈpɹivˌju/	명사	
jinx		/ˈdʒɪŋks/	명사	This project is jinxed!
immortality	무궁 | 영속성 | 불멸	/ˌɪmɔɹˈtæɫɪti/	명사	
procession	행진 | 행렬	/pɹəˈsɛʃən/	명사	Processions were forbidden
melon	참외 | 멜론 | 참외류	/ˈmɛɫən/	명사	
aire			명사	
knob	손잡이	/ˈnɑb/	명사	
domain	자구 | 영토 | 개인 소유지	/doʊˈmeɪn/	명사	His domain extended into Europe
conclude	결말짓다 | 추단하다 | 말을 맺다	/kənˈkɫud/	동사	We concluded a cease-fire
dresser	멋쟁이 | 옷입는 사람 | 의상 담당자	/ˈdɹɛsɝ/	명사	She's an elegant dresser
straining		/ˈstɹeɪnɪŋ/	명사	Straining our ears to hear
beads		/ˈbidz/	명사	Beads of sweat on his forehead
windy	바람이 센	/ˈwaɪndi/	형용사	A windy dash home
patent	특허 | 열려 있는 | 지재권	/ˈpætənt/	명사	Patent advantages
profitable	유리 | 이문이 있는 | 유익한	/ˈpɹɑfətəbəɫ/	형용사	Profitable speculation on the stock market
salvage	구조 화물	/ˈsæɫvədʒ/	동사	
lass		/ˈɫæs/	명사	
poof	훅하는 소리	/ˈpuf/	명사	
productive	기름지다 | 비옥한	/pɝˈdəktɪv/	형용사	Productive farmland
derby	더비 경마	/ˈdɝbi/	명사	
goldfish	금붕어	/ˈɡoʊɫdˌfɪʃ/	명사	
capitol	국회의사당 | 신전	/ˈkæpɪtəɫ/	명사	
leisure	여가 | 안일 | 여유로움	/ˈɫɛʒɝ/	명사	He lacked the leisure for golf
buff	담황색의가죽	/ˈbəf/	명사	Swimming in the buff
odin		/ˈoʊdən/	명사	
springfield	스프링필드	/ˈspɹɪŋˌfiɫd/	명사	
tracker	트래커 | 수색자 | 경찰견	/ˈtɹækɝ/	명사	
kyoto		/ˈkjoʊtoʊ/	명사	
heave	올림 | 허덕이다 | 수평 전위	/ˈhiv/	동사	A bad case of the heaves
dickie		/ˈdɪki/	명사	
goodwill	영업권 | 호의	/ˈɡʊdˈwɪɫ/	명사	
boar	멧돼지 | 수퇘지	/ˈbɔɹ/	명사	
slater	쥐며느리 | 슬레이트 공 | 지붕이는 사람	/ˈsɫeɪtɝ/	명사	
bogus	가짜의	/ˈboʊɡəs/	형용사	
brunette		/bɹuˈnɛt/	명사	A brunette beauty
jab	꽉 찌르기	/ˈdʒæb/	동사	He warned me with a jab with his finger
hippie	히피	/ˈhɪpi/	명사	
ting	딸랑딸랑	/ˈtɪŋ/	동사	
incidentally	말이난 김에 | 덧붙여 말하자면	/ˌɪnsɪˈdɛntəɫi/	부사	Incidentally, I won't go to the party
face-to-face		/ˈfeɪstuˈfeɪs/	부사	A face-to-face encounter
gi	병 | 미군병사 | 여군병사		명사	The soldiers GIed the barracks
webb		/ˈwɛb/	명사	
compensate	보상하다	/ˈkɑmpənˌseɪt/	동사	She was compensated for the loss of her arm in the accident
tasting		/ˈteɪstɪŋ/	명사	
outbreak		/ˈaʊtˌbɹeɪk/	명사	The outbreak of hostilities
sow	심다 | 암퇘지 | 흩 뿌리다	/ˈsaʊ/	동사	Sow suspicion or beliefs
hallucination	환각 | 착각 | 환시	/həˌɫusəˈneɪʃən/	명사	His dreams of vast wealth are a hallucination
copenhagen	코펜하겐 | 회청색	/ˈkoʊpənˌhɑɡən/	명사	Copenhagen is sometimes called the Paris of the North
hiv		/ˈeɪˈtʃaɪˈvi/	명사	
dandy		/ˈdændi/	명사	
detour	우회도로 | 우회 | 우회로	/ˈditʊɹ/	명사	
desperation	필사 | 기를 씀 | 자포자기	/ˌdɛspɝˈeɪʃən/	명사	Courage born of desperation
wrestle	분투 | 레슬링하다	/ˈɹɛsəɫ/	동사	They had a fierce wrestle
entrust	위임하다	/ɛnˈtɹəst/	동사	The messenger was entrusted with the general's secret
parting	이별 | 떠나가는 | 별세	/ˈpɑɹtɪŋ/	명사	Parting is such sweet sorrow
err		/ˈɛɹ/	동사	
savannah		/səˈvænə/	명사	
concealed		/kənˈsiɫd/	형용사	A concealed weapon
dreamer	공상가	/ˈdɹimɝ/	명사	
mandatory	명령의	/ˈmændəˌtɔɹi/	형용사	Attendance is mandatory
finances	재정 | 금융	/ˈfaɪˌnænsɪz/	명사	
nightingale	나이팅게일 | 미성의 가수	/ˈnaɪtɪŋɡeɪɫ/	명사	
premier	제일위 | 가장 오래된	/pɹɛˈmɪɹ/	명사	An architect of premier rank
squire	대지주 | 시골신사 | 치안판사	/ˈskwaɪɹ/	명사	
kgb		/ˌkeɪˌdʒiˈbi/	명사	
parasite	기식자 | 기생 동물 | 기생충 감염증	/ˈpɛɹəˌsaɪt/	명사	
borrowing	차용 | 차용어 | 빈 것	/ˈbɑɹoʊɪŋ/	명사	The borrowing of ancient motifs was very apparent
influential	세력있는 | 유력 | 유력하다	/ˌɪnfɫuˈɛnʃəɫ/	형용사	An influential newspaper
mammy	흑인 할멈		명사	
absorb	흡수되다 | 흡수하다 | 동화하다	/əbˈzɔɹb/	동사	The sponge absorbs water well
concentrated	집중된	/ˈkɑnsənˌtɹeɪtɪd/	형용사	Concentrated study
tyrant	참주 | 폭군	/ˈtaɪɹənt/	명사	His father was a tyrant
measuring		/ˈmɛʒɝɪŋ/	명사	His mental measurings proved remarkably accurate
exchanged		/ɪksˈtʃeɪndʒd/	형용사	
portugal	포르투갈 | 포르투칼	/ˈpɔɹtʃəɡəɫ/	명사	
maths			명사	
decoration	장식 | 훈장 | 장식품	/ˌdɛkɝˈeɪʃən/	명사	
orion	오리온 | 오리온 자리	/oʊˈɹaɪən/	명사	
ownership	소유주임 | 소유자로서의 자격	/ˈoʊnɝˌʃɪp/	명사	
tweet	지저귀는 소리 | 짹짹	/ˈtwit/	동사	The small bird was tweeting in the tree
raspberry	나무 딸기	/ˈɹæzˌbɛɹi/	명사	
racial		/ˈɹeɪʃəɫ/	형용사	Racial differences
firstly		/ˈfɝstɫi/	부사	
suv		/ˌɛsˌjuˈvi/	명사	
intimidated		/ˌɪnˈtɪmɪˌdeɪtɪd/	형용사	
skunk	스컹크 | 영패시키다 | 역겨운 녀석	/ˈskəŋk/	명사	
parsons		/ˈpɑɹsənz/	명사	
nearer		/ˈnɪɹɝ/	부사	They drew nearer
audible	들리는	/ˈɑdəbəɫ/	형용사	He spoke in an audible whisper
communion	종교 단체 | 교우 | 조합	/kəmˈjunjən/	명사	The governor took Communion with the rest of the congregation
whinny			동사	
hindu	힌두교 | 힌두사람 | 힌두의	/ˈhɪnˌdu/	명사	The Hindu faith
sphere	지구본 | 구면 | 구체하다	/ˈsfɪɹ/	명사	His social sphere is limited
renaissance	르네상스 | 부흥기 | 문예부흥	/ˌɹɛnəˈsɑns/	명사	
anomaly	불규칙 | 변칙	/əˈnɑməɫi/	명사	
pursued		/pɝˈsud/	명사	She pursued many activities
klein		/ˈkɫaɪn/	명사	
chant	노래하기 | 영창조 | 성가	/ˈtʃænt/	동사	The rabbi chanted a prayer
outlaw	법익 박탈 | 무법자 | 비합법적으로 하다	/ˈaʊtˌɫɔ/	동사	An outlaw strike
surname	성	/ˈsɝˌneɪm/	명사	
mid		/ˈmɪd/	형용사	A mid-June wedding
emmy	에미상	/ˈɛmi/	명사	
laden	실린	/ˈɫeɪdən/	형용사	Laden with grief
economics	경제학	/ˌɛkəˈnɑmɪks/	명사	
ballroom	무도회장 | 무도실	/ˈbɔɫˌɹum/	명사	
shortage	동이 남 | 미달 | 부족액	/ˈʃɔɹtədʒ/	명사	
phenomenal		/fəˈnɑmənəɫ/	형용사	Phenomenal science
czech	체코사람 | 체코의 | 체코스로바키아사람	/ˈtʃɛk/	명사	The Czech border
maneuver	군대를 움직이다 | 책략으로 움직이다 | 책략	/məˈnuvɝ/	명사	He made a great maneuver
tremble	전율하다 | 떨하다 | 흔들리다	/ˈtɹɛmbəɫ/	동사	
hooking		/ˈhʊkɪŋ/	명사	He took lessons to cure his hooking
sweetness	감미로움 | 사랑스러움	/ˈswitnəs/	명사	He was charmed by the sweetness of her manner
disrespectful	무례한	/ˌdɪsɹɪˈspɛktfəɫ/	형용사	Remarks disrespectful of the law
dane	덴마크사람	/ˈdeɪn/	명사	
consulate	영사관	/ˈkɑnsəɫət/	명사	
logo		/ˈɫoʊɡoʊ/	명사	
scalpel	메스	/ˈskæɫpəɫ/	명사	
seymour		/ˈsimɔɹ/	명사	
competent	요구에 맞는 | 자격이 있는	/ˈkɑmpətɪnt/	형용사	A competent court
bi	둘	/ˈbaɪ/	명사	
basics		/ˈbeɪsɪks/	명사	Let's get down to basics
texture	감촉 | 천감 | 결	/ˈtɛkstʃɝ/	명사	The wall had a smooth texture
leftovers		/ˈɫɛfˌtoʊvɝz/	명사	He had leftovers for dinner last night
wimp		/ˈwɪmp/	명사	
conquest	점령지 | 피정복자 | 정복	/ˈkɑŋkwɛst/	명사	The conquest of space
norris		/ˈnɔɹɪs/	명사	
mounted	말탄 | 기동력이 있는 | 기마의	/ˈmaʊnɪd/	형용사	They mounted the aerator on a floating
algorithm	연산방식	/ˈæɫɡɝˌɪðəm/	명사	
chile	칠레	/ˈtʃɪɫi/	명사	
wail	비탄하다 | 울부짖다	/ˈweɪɫ/	동사	Wail in self-pity
decree	명영 | 법령 | 포고하다	/dɪˈkɹi/	명사	The King only can decree
jeremiah	예레미아 | 예레미 야서	/ˌdʒɛɹəˈmaɪə/	명사	
rewrite	고쳐 씀 | 고쳐 쓰다 | 다시 쓰다	/ˈɹiˌɹaɪt/	동사	The rewrite was much better
momentum	여세 | 타성 | 운동량	/moʊˈmɛntəm/	명사	The car's momentum carried it off the road
caption	설명문 | 캡션 | 표제	/ˈkæpʃən/	명사	A mere caption unworthy of a reply
hua		/ˈhuə/	명사	
weighing	계량	/ˈweɪɪŋ/	명사	
roasted		/ˈɹoʊstəd/	형용사	His former students roasted the professor at his 60th birthday
subpoena	소환하다 | 소환장	/səˈpinə/	동사	The witness and her records were subpoenaed
foe	적군 | 원수	/ˈfoʊ/	명사	They had been political foes for years
hick		/ˈhɪk/	명사	
cm			명사	
nag	욕설하며 들볶다 | 끈질기게 괴롭히다 | 성가시게 잔소리하다	/ˈnæɡ/	동사	She nags her husband all day long
hiking		/ˈhaɪkɪŋ/	명사	We were hiking in Colorado
stepmother	계모 | 의붓어머니	/ˈstɛpˌməðɝ/	명사	
formally	형식적으로 | 의식에 얽매여	/ˈfɔɹməɫi/	부사	He was dressed rather formally
revive	환원하다 | 기운이나다 | 되살아나다	/ɹiˈvaɪv/	동사	Interest in ESP revived
unnatural	인도에 어긋나는 | 보통이 아닌	/ənˈnætʃɝəɫ/	형용사	An unnatural death
pip	삐이하다 | 가벼운 병 | 가금의 혓병	/ˈpɪp/	명사	
renting	임차	/ˈɹɛntɪŋ/	명사	
onstage	무대위의	/ˌɑnˈsteɪdʒ/	형용사	It was time for her to go onstage
comfy	푹신푹신하다	/ˈkəmfi/	형용사	Feeling comfy now?
heath	히스	/ˈhiθ/	명사	
marrow	골 | 골수	/ˈmɛɹoʊ/	명사	
minority	소수당	/maɪˈnɔɹəti/	명사	He held a minority position
portable	휴대용 | 휴대용의	/ˈpɔɹtəbəɫ/	형용사	A portable television set
popularity	인기 | 대중성 | 통속성	/ˌpɑpjəˈɫɛɹəti/	명사	The universal popularity of American movies
telegraph	전신기 | 타전하다 | 전신	/ˈtɛɫəˌɡɹæf/	명사	
hesitation	주저	/ˌhɛzəˈteɪʃən/	명사	After some hesitation he agreed
cluster	송이 | 덩어리 | 성단	/ˈkɫəstɝ/	명사	A cluster of admirers
grandad		/ˈɡɹænˌdæd/	명사	
jog	콱 밀기	/ˈdʒɑɡ/	동사	Jog along the canal
slay	끔찍하게 죽이다 | 살해하다 | 학살하다	/ˈsɫeɪ/	동사	
sparkling	번쩍임	/ˈspɑɹkəɫɪŋ/	형용사	Sparkling water
shithead	똥살 놈 | 마리화나 상용자	/ˈʃɪtˌhɛd/	명사	
tiring	지겹다	/ˈtaɪɹɪŋ/	형용사	
germ	배종 | 세균 | 발아하다	/ˈdʒɝm/	명사	
handbag	핸드백	/ˈhændˌbæɡ/	명사	
unlimited	한량 | 무한한 | 끝없는	/ənˈɫɪmətɪd/	형용사	To start with a theory of unlimited freedom is to end up with unlimited despotism
thumping		/ˈθəmpɪŋ/	명사	A thumping loss
vinegar	식초 | 초 | 횟감	/ˈvɪnəɡɝ/	명사	
splinter	깎이다 | 파편 | 지저깨비	/ˈspɫɪntɝ/	동사	The wood splintered
remarkably	두드러지게	/ɹiˈmɑɹkəbɫi/	부사	
nineteen		/ˈnaɪnˈtin/	형용사	
enchanted		/ɛnˈtʃænɪd/	형용사	
respectful	형님 | 존중하는 | 경의를 표하는	/ɹɪˈspɛktfəɫ/	형용사	Respectful behavior
wrapping	포장	/ˈɹæpɪŋ/	명사	
tar	타르	/ˈtɑɹ/	명사	
ducky		/ˈdəˌki/	명사	
unfaithful		/ənˈfeɪθfəɫ/	형용사	An unfaithful lover
stance	선 자세	/ˈstæns/	명사	
barker		/ˈbɑɹkɝ/	명사	
financially	재정적으로 | 재정상	/ˌfaɪˈnænʃəɫi/	부사	This was financially unattractive
clam	클램프 | 조개 | 대합조개	/ˈkɫæm/	명사	
clanking		/ˈkɫæŋkɪŋ/	형용사	Clanking chains
sarcastic		/sɑɹˈkæstɪk/	형용사	
blur	몽롱 | 흐리게하다-더러움	/ˈbɫɝ/	동사	The fog blurs my vision
nosy	참견잘하는 | 코가 큰사람	/ˈnoʊzi/	형용사	He flipped through my letters in his nosy way
boyle		/ˈbɔɪɫ/	명사	
pasha	파샤	/ˈpɑʃə/	명사	
attacker		/əˈtækɝ/	명사	
horribly		/ˈhɔɹəbɫi/	부사	
inject	도입하다	/ˌɪnˈdʒɛkt/	동사	Inject hydrogen into the balloon
descend	내리다 | 급승하다	/dɪˈsɛnd/	동사	She was descended from an old Italian noble family
wi			명사	
liberated		/ˈɫɪˌbɝˌeɪtɪd/	형용사	A liberated lifestyle
burner	버너	/ˈbɝnɝ/	명사	A diesel engine is an oil burner
fluffy	괴깔의 | 푸한 | 푹신푹신하다	/ˈfɫəfi/	형용사	
melancholy	우수 | 우울 | 울적	/ˈmɛɫənˌkɑɫi/	명사	Growing more melancholy every hour
anal		/ˈeɪnəɫ/	형용사	Anal thermometer
grieve	가슴 아파하다 | 마음 아파하다 | 몹시 슬퍼하다	/ˈɡɹiv/	동사	His behavior grieves his mother
awe		/ˈɑ/	명사	The famous professor awed the undergraduates
gallon	갤런	/ˈɡæɫən/	명사	
unprecedented	파격적 | 선례가 없는 | 신기한	/ənˈpɹɛsɪˌdɛntɪd/	형용사	An unprecedented expansion in population and industry
yank	확 잡아당기다	/ˈjæŋk/	명사	
jamaica	자메이카	/dʒəˈmeɪkə/	명사	
brutally		/ˈbɹutəɫi/	부사	
extortion	재물강요죄 | 강탈	/ɛkˈstɔɹʃən/	명사	The extortion by dishonest officials of fees for performing their sworn duty
disciple	제자	/dɪˈsaɪpəɫ/	명사	
simultaneously	동시의	/ˌsaɪməɫˈteɪniəsɫi/	부사	They spoke simultaneously
elves		/ˈɛɫvz/	명사	
lupin	루핀콩	/ˈɫupən/	명사	
postman	우편물 집배인	/ˈpoʊsmən/	명사	
senseless		/ˈsɛnsɫəs/	형용사	A senseless act
chapman		/ˈtʃæpmən/	명사	
hostel	호스텔	/ˈhɑstəɫ/	명사	
cockroach	바퀴	/ˈkɑˌkɹoʊtʃ/	명사	
clamp	겸자 | 감자더미 | 거멀못	/ˈkɫæmp/	동사	Clamp the chair together until the glue has hardened
chemist	약사 | 화학자	/ˈkɛmɪst/	명사	
professionally	직업상	/pɹəˈfɛʃənəɫi/	부사	Professionally trained staff
faded	쇠토한 | 빛깔이 바랜 | 시든	/ˈfeɪdəd/	형용사	The faded tones of an old recording
vargas		/ˈvɑɹɡəs/	명사	
gunpowder	화약	/ˈɡənˌpaʊdɝ/	명사	
inc		/ˈɪŋk/	명사	
gala		/ˈɡæɫə/	명사	
surroundings	분위기 | 사위 | 주변에	/sɝˈaʊndɪŋz/	명사	
wisconsin		/wɪˈskɑnsən/	명사	
cackle	꼬꼬댁 | 깔깔웃다 | 꽥꽥	/ˈkækəɫ/	동사	The women cackled when they saw the movie star step out of the limousine
withstand	저항하다 | 잘 견디다	/wɪθˈstænd/	동사	The new material withstands even the greatest wear and tear
contemporary	그당시의 | 최신의	/kənˈtɛmpɝˌɛɹi/	형용사	Contemporary leaders
harlem	흑인구역	/ˈhɑɹɫəm/	명사	
half-hour		/ˈhæˌfaʊɝ/	명사	
arsenal	조병창 | 병기고 | 군수품 창고	/ˈɑɹsənəɫ/	명사	
underway	여행중인	/ˌəndɝˈweɪ/	형용사	Preparations for the trial are underway
donut		/ˈdoʊˌnət/	명사	
digs		/ˈdɪɡz/	명사	
siegfried		/ˈsiɡˌfɹid/	명사	
billionaire	억만장자	/ˌbɪɫjəˈnɛɹ/	명사	
cardboard	명색뿐인 | 보드지 | 판지의	/ˈkɑɹdˌbɔɹd/	명사	Cardboard caricatures of historical figures
everlasting	영겁 | 끝없는 | 영원한	/ˌɛvɝˈɫæstɪŋ/	형용사	Life everlasting
liverpool		/ˈɫɪvɝˌpuɫ/	명사	
cooperative	협조적인 | 협력적인 | 소비조합의	/koʊˈɑpɝˌeɪtɪv/	형용사	A cooperative effort
diploma	졸업 증서 | 힉위 증서 | 면허장	/dɪˈpɫoʊmɑ/	명사	
neural		/ˈnjʊɹəɫ/	형용사	Neural disorder
rural	시골의 | 촌스러운	/ˈɹʊɹəɫ/	형용사	Unpaved rural roads
receptionist	접수원.응접원	/ɹiˈsɛpʃənɪst/	명사	
millennium		/məˈɫɛniəm/	명사	
layout	한벌	/ˈɫeɪˌaʊt/	명사	
immoral	도덕에 어긋나는 | 외설하다 | 음란한	/ˌɪˈmɔɹəɫ/	형용사	They considered colonialism immoral
hiss	쉿하다	/ˈhɪs/	동사	The performers could not be heard over the hissing of the audience
usher	안내인 | 전갈하다 | 조교사	/ˈəʃɝ/	명사	The usher showed us to our seats
impulsive	충동적인 | 순간력의 | 추진적인	/ˌɪmˈpəɫsɪv/	형용사	An impulsive force
pollution	오염 | 불결	/pəˈɫuʃən/	명사	
admirer	구혼자 | 찬양자 | 숭배자	/ædˈmaɪɹɝ/	명사	She had many admirers
rejoice	반기다 | 향유하다	/ɹɪˈdʒɔɪs/	동사	
iowa	아이오와	/ˈaɪəwə/	명사	
hindi	북인도의 | 힌디어	/ˈhɪndi/	명사	
holder		/ˈhoʊɫdɝ/	명사	A cigarette holder
merge	몰입케 하다 | 합병하다	/ˈmɝdʒ/	동사	The cells merge
journalism	신문업 | 저널리즘 | 신문기수투의 문체	/ˈdʒɝnəˌɫɪzəm/	명사	
nominated		/ˈnɑməˌneɪtəd/	형용사	The President nominated her as head of the Civil Rights Commission
sundown	일몰	/ˈsənˌdaʊn/	명사	
miraculous	기적적인	/mɝˈækjəɫəs/	형용사	
prescribed		/pɹisˈkɹaɪbd/	형용사	In prescribed order
swearing		/ˈswɛɹɪŋ/	명사	
massachusetts	매사추세츠	/ˌmæsəˈtʃusəts/	명사	
junction	접합점 | 합류점 | 접속역	/ˈdʒəŋkʃən/	명사	
consumption	소비 | 소비하다 | 소비량	/kənˈsəmpʃən/	명사	The consumption of energy has increased steadily
metropolis	주요도시	/məˈtɹɑpəɫəs/	명사	
iceland		/ˈaɪsɫənd/	명사	
bridal	신부의 | 새색시	/ˈbɹaɪdəɫ/	형용사	Bridal procession
victorious	이긴 | 승리를 거둔	/vɪkˈtɔɹiəs/	형용사	The victorious entry
squirt	분수 | 분출	/ˈskwɝt/	동사	The boy squirted water at his little sister
modified		/ˈmɑdəˌfaɪd/	형용사	He modified his views on same-gender marriage
casket	넣다	/ˈkæskət/	명사	
blaze	불꽃 | 화재 | 드날림	/ˈbɫeɪz/	명사	The blaze spread rapidly
destroyer	구축함 | 파괴자	/dɪˈstɹɔɪɝ/	명사	A destroyer of the environment
offshore	난바다로 | 역외 | 근해 어업	/ˈɔfˈʃɔɹ/	부사	An offshore island
tendency	기운 | 추세 | 풍조	/ˈtɛndənsi/	명사	A tendency to be too strict
nip	일본인 | 상해 | 꼬집음	/ˈnɪp/	명사	Nip off the flowers
scanning	스캐닝	/ˈskænɪŋ/	명사	
first-class		/ˌfɝstˈkɫæs/	형용사	A first-class mind
viva		/ˈvivə/	명사	
intensive	집약적 | 강조하는 | 집중인	/ˌɪnˈtɛnsɪv/	형용사	Research-intensive
endangered		/ɛnˈdeɪndʒɝd/	형용사	An endangered species
va			명사	
das		/ˈdæs/	명사	
backward	개약의	/ˈbækwɝd/	부사	A backward view
chamberlain	징수원 | 체임벌린 | 회계관	/ˈtʃeɪmbɝɫən/	명사	
sari	사리	/ˈsɑɹi/	명사	
thermal		/ˈθɝməɫ/	형용사	Thermal capacity
fiber	섬유질 | 단섬유 | 수염뿌리	/ˈfaɪbɝ/	명사	
last-minute		/ˌɫæsˈmɪnət/	형용사	Last-minute arrangements
circumstance	전말 | 생활상태 | 요란스러움	/ˈsɝkəmˌstæns/	명사	Pomp and circumstance
geography	지문 | 지리 | 지리학	/dʒiˈɑɡɹəfi/	명사	
interpret	통역하다 | 해몽하다 | 기계번역하다	/ˌɪnˈtɝpɹət/	동사	How do you interpret his behavior?
sicily	시칠리아섬	/ˈsɪsəɫi/	명사	
preaching	설교	/ˈpɹitʃɪŋ/	명사	Your preaching is wasted on him
transporter		/tɹænˈspɔɹtɝ/	명사	
bosom	흉부슴속 | 믿고 있는 | 품	/ˈbʊzəm/	명사	She bosomed his letters
salsa	살사	/ˈsɔɫsə/	명사	
eighty	여든	/ˈeɪti/	형용사	
shred	끄트러기 | 조각 | 조각조각으로 하다	/ˈʃɹɛd/	명사	
dread	두려워하다 | 두려움	/ˈdɹɛd/	동사	The dread presence of the headmaster
duration	지속	/ˈdʊˈɹeɪʃən/	명사	The ceremony was of short duration
formality	정식 | 형식존중 | 형식	/fɔɹˈmæɫəti/	명사	A mere formality
heater	가열기 | 굽는 사람	/ˈhitɝ/	명사	
par	동수준 | 환평가 | 법정 평가	/ˈpɑɹ/	명사	On a par with the best
smug	공부벌레 | 혼자 우쭐대는	/ˈsməɡ/	형용사	A smug glow of self-congratulation
ordeal	호된시련	/ɔɹˈdiɫ/	명사	
agriculture	농업 | 농무 | 농예	/ˈæɡɹɪˌkəɫtʃɝ/	명사	
fowler	들새 사냥꾼	/ˈfaʊɫɝ/	명사	
lasting	지속하는	/ˈɫæstɪŋ/	형용사	A lasting relationship
abyss	혼돈 | 지옥 | 심연	/əˈbɪs/	명사	
aurora	오로라 | 극광 | 서광	/ɝˈɔɹə/	명사	
sleigh		/ˈsɫeɪ/	명사	
frenchman	프랑스인	/ˈfɹɛntʃmæn/	명사	
rouge	루즈 | 벵갈라 | 스크럼	/ˈɹuʒ/	명사	She rouged her cheeks
redhead	흰죽지오리	/ˈɹɛdˌhɛd/	명사	
creativity	창의력 | 창의성 | 창조성	/ˌkɹieɪˈtɪvəti/	명사	
dominant	딸림음의 | 속음의 | 우성의	/ˈdɑmənənt/	형용사	The dominant partner in the marriage
isis	이시스풍요의 여신	/ˈaɪsəs/	명사	
kip		/ˈkɪp/	명사	Roused him from his kip
corny	곡류의 | 틴ㄴ의 | 멜로드라마적인	/ˈkɔɹni/	형용사	
graphic	그래픽 | 도표로 나타낸 | 생생하다	/ˈɡɹæfɪk/	형용사	Graphic symbols
irrational	불합리 | 분별없는	/ˌɪˈɹæʃənəɫ/	형용사	Irrational fears
mathematical		/ˌmæθəˈmætɪkəɫ/	형용사	Mathematical proof
sacked		/ˈsækt/	형용사	The barbarians sacked Rome
chariot	꽃마차 | 마차로 나르다	/ˈtʃɛɹiət/	명사	
havoc		/ˈhævək/	명사	
midget	난쟁이	/ˈmɪdʒət/	명사	
celestial	천사 | 천국의 | 천인	/səˈɫɛstʃəɫ/	형용사	Celestial peace
upgrade	승격시키다 | 진보하다 | 치받이	/ˈəpˈɡɹeɪd/	동사	The company upgraded their personnel
blasting	발파 | 폭파 | 호된 꾸지람	/ˈbɫæstɪŋ/	형용사	The air conditioning was blasting cold air at us
videotape		/ˈvɪdioʊˈteɪp/	명사	
wedded		/ˈwɛdɪd/	형용사	
transit	통행 | 운송 | 횡단하다	/ˈtɹænzɪt/	명사	The comet will transit on September 11
wellington		/ˈwɛɫɪŋtən/	명사	
abide	지탱하다	/əˈbaɪd/	동사	
reserves	지원군 | 예비품	/ɹiˈzɝvz/	명사	
rim	언저리 | 큰테 | 테두리	/ˈɹɪm/	명사	The ball hit the rim and bounced off
chico		/ˈtʃiˌkoʊ/	명사	
decisive	과다한 | 단화한 | 확고한	/dɪˈsaɪsɪv/	형용사	Cast the decisive vote
cheesy	치즈질의	/ˈtʃizi/	형용사	
symbolic	상징적 | 기호를 사용하는 | 상징적인	/sɪmˈbɑɫɪk/	형용사	Symbolic thinking
clink	땡그랑 소리 | 유치장	/ˈkɫɪŋk/	동사	Champagne glasses clinked to make a toast
handicapped	심신 장애의 | 핸디캡이 붙은	/ˈhændiˌkæpt/	형용사	
mating	교미하다 | 교배	/ˈmeɪtɪŋ/	명사	The mating of some species occurs only in the spring
cranky	기울기 쉬운 | 변덕스런 | 병약한	/ˈkɹæŋki/	형용사	
molecule	분자	/ˈmɑɫəkˌjuɫ/	명사	
sheridan		/ˈʃɛɹɪdən/	명사	
animation	생기 | 만화영화제작 | 활발	/ˌænəˈmeɪʃən/	명사	
grail		/ˈɡɹeɪɫ/	명사	
voluntarily	자유의사로 | 자발적 | 자발적으로	/ˌvɑɫənˈtɛɹəɫi/	부사	He voluntarily submitted to the fingerprinting
creeping	기어서 | 오싹하는 | 탐해법	/ˈkɹipɪŋ/	명사	
furnace	화덕	/ˈfɝnəs/	명사	
titus	디도서	/ˈtaɪtəs/	명사	
pierced		/ˈpɪɹst/	형용사	The cold pierced her bones
toothpaste	치약	/ˈtuθˌpeɪst/	명사	
cuddle	새우잠 자다 | 껴안고 귀여워하다 | 서로 껴안다	/ˈkədəɫ/	동사	I cuddled the baby
langley	랭글리	/ˈɫæŋɡɫi/	명사	
bankruptcy	파탄 | 파산	/ˈbæŋkɹəpsi/	명사	Moral bankruptcy
lever	지레	/ˈɫɛvɝ/	명사	
shaman	샤먼 | 무당	/ˈʃeɪmən/	명사	
weeds		/ˈwidz/	명사	
mash	매시 | 엿기름물 | 짓이기다	/ˈmæʃ/	동사	Mash the garlic
regent	섭정 | 평의원	/ˈɹidʒənt/	명사	
tile	타일 | 기와 | 기와를 이다	/ˈtaɪɫ/	명사	Tile the wall and the floor of the bathroom
decoy	미끼새 | 꾀어들이다 | 유인하다	/dəˈkɔɪ/	명사	
crusade	개혁운동 | 성전	/kɹuˈseɪd/	명사	
vivid	선명한 | 생생하다	/ˈvɪvəd/	형용사	A vivid description
catering		/ˈkeɪtɝɪŋ/	명사	
dishonest		/dɪˈsɑnəst/	형용사	Dishonest politicians
lurk	잠복하다	/ˈɫɝk/	동사	
shaky	비슬비슬하는 | 위태위태	/ˈʃeɪki/	형용사	A shaky marriage
barren	메마른 땅 | 불모지 | 임신 못하는	/ˈbæɹən/	형용사	Writing barren of insight
alligator	악어	/ˈæɫəˌɡeɪtɝ/	명사	
moth	나방 | 좀벌레	/ˈmɔθ/	명사	
uncover	목로하다 | 덮개를 벗기다 | 바르집다	/ənˈkəvɝ/	동사	Uncover your belly
clack	지껄여댐 | 딱딱거리다 | 꼬꼬댁거리다	/ˈkɫæk/	동사	
doggie		/ˈdɔɡi/	명사	
unicorn	일각수	/ˈjunɪˌkɔɹn/	명사	
goofy	바보같은 | 얼빠진	/ˈɡufi/	명사	Wore a goofy hat
businessmen		/ˈbɪznɪsˌmɛn/	명사	
defender	방어자	/dɪˈfɛndɝ/	명사	
alarmed	겁 먹은 | 불안해 하는	/əˈɫɑɹmd/	형용사	The empty house alarmed him
goody		/ˈɡʊdi/	명사	
noose	덫에 걸다 | 목매는 밧줄 | 유대	/ˈnus/	명사	
chic	맵시	/ˈʃik/	형용사	
forgiving	용서하는	/fɝˈɡɪvɪŋ/	형용사	A kindly forgiving nature
thatcher		/ˈθætʃɝ/	명사	
index	색인 | 지수 | 지침	/ˈɪndɛks/	명사	The government indexes wages and prices
blush	붉히다 | 빨개지다 | 부끄러워하다	/ˈbɫəʃ/	동사	Her cheeks blushed in the cold winter air
fertile	다산하는 | 번식력이 있는 | 기름지다	/ˈfɝtəɫ/	형용사	Fertile farmland
armour		/ˈɑɹmɝ/	명사	
twinkle	빤짝임 | 깜빡할 사이	/ˈtwɪŋkəɫ/	동사	There's a perpetual twinkle in his eyes
parted	나뉜 | 부분으로 나뉜	/ˈpɑɹtɪd/	형용사	Moses parted the Red Sea
syndicate	기업연합 | 평의원단 | 신디케이트	/ˈsɪndəˌkeɪt/	명사	The banks syndicated
technician	기사 | 기술자 | 정비사	/tɛkˈnɪʃən/	명사	
waffle	와플<과자> | 쓸데없는 소리	/ˈwɑfəɫ/	명사	
baroness	남작부인 | 여남작	/ˈbɛɹənɪs/	명사	
castro	카스트로	/ˈkæstɹoʊ/	명사	
malfunction	기능부전 | 고장나다	/mæɫˈfəŋkʃən/	명사	The coffee maker malfunctioned
memorable	잊지 못할	/ˈmɛmɝəbəɫ/	형용사	
middle-aged	중년	/ˈmɪdəˌɫeɪɡd/	형용사	
thea		/ˈθiə/	명사	
calorie	칼로리	/ˈkæɫɝi/	명사	
cuisine	요리장	/kwɪˈzin/	명사	
motorbike		/ˈmoʊtɝˌbaɪk/	명사	
acknowledged		/ækˈnɑɫɪdʒd/	형용사	His acknowledged error
cox	콕스	/ˈkɑks/	명사	
sedative	가라앉히는	/ˈsɛdətɪv/	명사	Took a hot drink with sedative properties before going to bed
array	정렬 | 배열시키다 | 경영진	/ɝˈeɪ/	명사	An array of troops in battle order
tenderness	다정 | 마음이 무름	/ˈtɛndɝnəs/	명사	The best results are generally obtained by inserting the needle into the point of maximum tenderness
garland	화환	/ˈɡɑɹɫənd/	명사	They garlanded the statue
smuggled		/ˈsməɡəɫd/	형용사	She smuggled cigarettes across the border
reversed	거꾸로된 | 뒤집은 | 취소되다	/ɹiˈvɝst/	형용사	The trend was reversed
beforehand	미리 | 사전 | 전부터	/bɪˈfɔɹˌhænd/	형용사	Was beforehand with her report
continuous	지속적 | 끊임없는 | 그칠줄 모르는	/kənˈtɪnjuəs/	형용사	Lived in continuous fear
mri		/ˌɛˌmɑˈɹaɪ/	명사	
synthetic		/sɪnˈθɛtɪk/	형용사	Synthetic leather
agitated	동요한 | 흥분한	/ˈædʒəˌteɪtɪd/	형용사	Agitated parents
attendance	참석 | 돌봄 | 출석하다	/əˈtɛndəns/	명사	Attendance was up by 50 per cent
maple	단풍	/ˈmeɪpəɫ/	명사	
wanker		/ˈwɑŋkɝ/	명사	
firearm	화기	/ˈfaɪˌɹɑɹm/	명사	He wore his firearm in a shoulder holster
signor		/ˈsinjɔɹ/	명사	
graffiti	낙서	/ɡɹəˈfiti/	명사	
linen	린네르 | 린네르류 | 아마실	/ˈɫɪnən/	명사	
defect	하자 | 결함 | 폐품	/ˈdifɛkt/	명사	This device permits detection of defects in the lungs
patriotic	애국의	/ˌpeɪtɹiˈɑtɪk/	형용사	
ethical	도덕상의 | 윤리적	/ˈɛθɪkəɫ/	형용사	Ethical theories
pest	유해물 | 악성 유행병 | 페스트	/ˈpɛst/	명사	He sprayed the garden to get rid of pests
spectrum	분광 | 가청전파 | 스펙트럼	/ˈspɛktɹəm/	명사	
distinction	차별 | 탁월 | 특질	/dɪˈstɪŋkʃən/	명사	He learned the distinction between gold and lead
decorate	수식하다 | 장식하다 | 치장하다	/ˈdɛkɝˌeɪt/	동사	Decorate the room for the party
bounds	제한	/ˈbaʊndz/	명사	What he did was beyond the bounds of acceptable behavior
mandarin	중국 귤 | 중국 관화 | 귤빛의 물감	/ˈmændɝən/	명사	
reluctant	달갑지 않은 | 다루기 힘드는	/ɹiˈɫəktənt/	형용사	A reluctant smile
rand	랜드	/ˈɹænd/	명사	
retain	존속시키다 | 마음에 간직하다 | 고용하다	/ɹiˈteɪn/	동사	She retains a lawyer
educate	교육하다 | 양성하다 | 훈련하다	/ˈɛdʒəˌkeɪt/	동사	We must educate our youngsters better
minnesota		/ˌmɪnɪˈsoʊtə/	명사	
mp			명사	
cruiser	만유자 | 순양함 | 순항 답사자	/ˈkɹuzɝ/	명사	
screwdriver	드라이버 | 나사돌리개 | 칵테일의 일종	/ˈskɹuˌdɹaɪvɝ/	명사	
exploration	탐사 | 탐지 | 탐험	/ˌɛkspɫɝˈeɪʃən/	명사	He called for a careful exploration of the consequences
mace	권표	/ˈmeɪs/	명사	
newborn	부활한 | 신생의 | 신생아	/ˈnubɔɹn/	형용사	A newborn infant
shivering	벌벌	/ˈʃɪvɝɪŋ/	명사	The children are shivering--turn on the heat!
slime	찰흙	/ˈsɫaɪm/	동사	The snake slimed his victim
oddly	기이하게 | 홀수로	/ˈɑdɫi/	부사	
badger	그모피 | 오소리 | 지분대다	/ˈbædʒɝ/	동사	
eyeball	눈알 | 안구	/ˈaɪˌbɔɫ/	명사	
panama	파나마 지협 | 파나마 공화국	/ˈpænəˌmɑ/	명사	
hypothesis	상정 | 가설	/haɪˈpɑθəsəs/	명사	A scientific hypothesis that survives experimental testing becomes a scientific theory
drought	한발 | 가뭄	/ˈdɹaʊt/	명사	When England defeated Pakistan it ended a ten-year drought
rembrandt	렘브란트	/ˈɹɛmˌbɹænt/	명사	
absorbed	마음을 빼앗긴	/əbˈzɔɹbd/	형용사	The absorbed light intensity
clinking	멋들어진 | 멋들어지게 | 땡그랑 울리는		형용사	
executioner	실행자	/ˌɛksəkˈjuʃənɝ/	명사	
darts	다츠	/ˈdɑɹts/	명사	
lingerie	란제리	/ˈɫɑnʒɝˌeɪ/	명사	
thinner	신나	/ˈθɪnɝ/	명사	Skimmed milk is much thinner than whole milk
tug	잡아 당기다 | 끌다	/ˈtəɡ/	동사	This movie tugs at the heart strings
cornered	구석에 몰린 | 진퇴 양난	/ˈkɔɹnɝd/	형용사	She had me cornered between the porch and her car
uptown	주택지구의 | 높은 지대의	/ˈəpˈtaʊn/	명사	Uptown residential areas
clash	충돌 | 저촉되다 | 덜그럭거리다	/ˈkɫæʃ/	명사	These colors clash
aerial	공중에 치솟은 | 공중의 | 기체의	/ˈɛɹiəɫ/	명사	Aerial particles
relentless	가차없는	/ɹɪˈɫɛntɫɪs/	형용사	Relentless persecution
viable		/ˈvaɪəbəɫ/	형용사	
wen	혹	/ˈwɛn/	명사	
marley		/ˈmɑɹɫi/	명사	
limitation	한도 | 기한 | 한정	/ˌɫɪmɪˈteɪʃən/	명사	Statute of limitations
criticize	비판하다 | 흠을 잡다 | 비평하다	/ˈkɹɪtɪˌsaɪz/	동사	The paper criticized the new movie
continental	대륙사람 | 대륙성의 | 대륙주의	/ˌkɑntəˈnɛnəɫ/	형용사	Continental drift
bookstore	서점	/ˈbʊkˌstɔɹ/	명사	
balanced	균형식 | 완전 영양식	/ˈbæɫənst/	형용사	A balanced blend of whiskeys
workplace		/ˈwɝkˌpɫeɪs/	명사	
theta		/ˈθeɪtə/	명사	
dixie	딕시 | 큰 냄비	/ˈdɪksi/	명사	
dumbass		/ˈdəmˌbæs/	명사	
superstitious	미신저긴	/ˌsupɝˈstɪʃəs/	형용사	Finally realized that the horror he felt was superstitious in origin
clause	절 | 구	/ˈkɫɔz/	명사	
fudge	날조하다 | 당치않은 | 캔디의 일종	/ˈfədʒ/	동사	Fudge the figures
bennet	뱀우무의일종	/ˈbɛnɪt/	명사	
councilman		/ˈkaʊnsəɫmən/	명사	
slogan	구호 | 모토 | 슬로건	/ˈsɫoʊɡən/	명사	
trinity		/ˈtɹɪnəti/	명사	
quadrant	사분면 | 사분원 | 사분의	/ˈkwɑdɹənt/	명사	
ivory	상아 | 상아색 | 기다란 앞니	/ˈaɪvɝi/	명사	
velocity	속력 | 빠르기	/vəˈɫɑsəti/	명사	
composer	구도자 | 작자	/kəmˈpoʊzɝ/	명사	
mccarthy		/məˈkɑɹθi/	명사	
covert	암암리의 | 우복우 | 잠복소	/ˈkoʊvɝt/	명사	Covert actions by the CIA
builder		/ˈbɪɫdɝ/	명사	
insignificant	사소한 | 사소하다 | 미미	/ˌɪnsɪɡˈnjɪfɪkənt/	형용사	Insignificant sounds
dire		/ˈdaɪɝ/	형용사	A dire emergency
comply	응하다 | 따르다	/kəmˈpɫaɪ/	동사	You must comply or else!
credentials	신임장	/kɹəˈdɛnʃəɫz/	명사	
trend	기운	/ˈtɹɛnd/	명사	He followed current trends
providence	섭리 | 검약 | 절약심	/ˈpɹɑvədəns/	명사	Divine providence
sparkle	번득이다 | 번득임 | 번쩍이다	/ˈspɑɹkəɫ/	동사	He had a sparkle in his eye
chump	잘속는 사람	/ˈtʃəmp/	명사	
derrick	데릭 기중기	/ˈdɛɹɪk/	명사	
flooding	큰물 | 범람	/ˈfɫədɪŋ/	명사	
maintained		/meɪnˈteɪnd/	형용사	He maintained his innocence
ladyship	영부인		명사	
artifact	가공품 | 고기물	/ˈɑɹtəˌfækt/	명사	
allegedly		/əˈɫɛdʒədɫi/	부사	He was on trial for allegedly murdering his wife
howl	짖음 | 멀리서 짖다 | 울부짖으며 말하다	/ˈhaʊɫ/	명사	Howl with sorrow
deploy	전개시키다	/dɪˈpɫɔɪ/	동사	The U.S. deploys its weapons in the Middle East
showtime		/ˈʃoʊˌtaɪm/	명사	
thornton		/ˈθɔɹntən/	명사	
deposition	증언 | 진술	/ˌdɛpəˈzɪʃən/	명사	
handshake	악수	/ˈhændˌʃeɪk/	명사	
neglect	외면하다 | 태만하여 | 간과하다	/nəˈɡɫɛkt/	동사	He neglects his children
adapted		/əˈdæptɪd/	형용사	Seeds precisely adapted to the area
overdue	연착한	/ˈoʊvɝˈdu/	형용사	An overdue installment
slayer		/ˈsɫeɪɝ/	명사	
headphone		/ˈhɛdˌfoʊn/	명사	
appoint	지명하다 | 지정하다 | 귀속을 정하다	/əˈpɔɪnt/	동사	A beautifully appointed house
rotation	회전 | 윤번 | 자전	/ɹoʊˈteɪʃən/	명사	The plane made three rotations before it crashed
solely	오직 | 오로지	/ˈsoʊəɫi/	부사	Did it solely for money
aging		/ˈeɪdʒɪŋ/	명사	
pitching	뒷질 | 포서 | 투구	/ˈpɪtʃɪŋ/	명사	The pitching and tossing was quite exciting
viewing	텔레비전 보기 | 텔레비전 프로 | 조망	/ˈvjuɪŋ/	명사	
memorize	기억나다 | 암기하다	/ˈmɛmɝˌaɪz/	동사	Have you memorized your lines for the play yet?
freshen	신선하게 되다	/ˈfɹɛʃən/	동사	She freshened up after the tennis game
mango	망고	/ˈmæŋɡoʊ/	명사	
valued	존중되는 | 평가된	/ˈvæɫjud/	형용사	A valued friend
sonar	수중음파 탐지기	/ˈsoʊnɑɹ/	명사	Sonar is an acronym for sound navigation ranging
crichton		/ˈkɹɪtʃtən/	명사	
decay	쇠미하다 | 부패 | 부식	/dɪˈkeɪ/	명사	The unoccupied house started to decay
eu		/ˈiˌju/	명사	
nightfall	저녁때 해질녁 | 황혼	/ˈnaɪtˌfɔɫ/	명사	
miniature	미세화법 | 축소화 | 모형	/ˈmɪniəˌtʃʊɹ/	명사	A miniature camera
omen	전조 | 흉조	/ˈoʊmən/	명사	He looked for an omen before going into battle
bai			명사	
chum	낚시 밑밥 | 친구가 되다	/ˈtʃəm/	명사	
posse	민병대 | 경관대	/ˈpɑsi/	명사	
mutiny	반란 | 반항 | 반항하다	/ˈmjutəni/	명사	
toaster		/ˈtoʊstɝ/	명사	
span	경간 | 한뼘 | 전장	/ˈspæn/	명사	The parking lot spans 3 acres
jumbo	대성공자 | 코끼리군	/ˈdʒəmboʊ/	형용사	
mystical	신비의 | 비법의	/ˈmɪstɪkəɫ/	형용사	Mystical religion
researcher	연구자 | 연구원 | 탐색자	/ˈɹisɝtʃɝ/	명사	
dung	똥거름	/ˈdəŋ/	명사	You must dung the land
welsh		/ˈwɛɫʃ/	명사	The Welsh coast
frat			명사	
waterfall	폭포	/ˈwɔtɝˌfɔɫ/	명사	
disgusted		/dɪsˈɡəstəd/	형용사	Grew more and more disgusted
windshield		/ˈwɪndˌʃiɫd/	명사	
plantation	농장 | 식민 | 대농원	/ˌpɫænˈteɪʃən/	명사	
antenna	안테나 | 촉각 | 더듬이	/ænˈtɛnə/	명사	He had a special antenna for public relations
havana	아바나	/həˈvænə/	명사	
edit	필름편집 | 편집하다	/ˈɛdət/	동사	She edited the juiciest scenes
superficial	면적의 | 얕다 | 천박한	/ˌsupɝˈfɪʃəɫ/	형용사	A superficial mind
allergy	알레르기	/ˈæɫɝdʒi/	명사	
comparing		/kəmˈpɛɹɪŋ/	명사	
dirk		/ˈdɝk/	명사	
timber	인품 | 수목 | 큰 재목	/ˈtɪmbɝ/	명사	
supervision	통할 | 감리 | 주관	/ˌsupɝˈvɪʒən/	명사	
siberia	시베리아	/saɪˈbɪɹiə/	명사	
winding	구부러짐 | 곡절 | 굽이	/ˈwaɪndɪŋ/	형용사	A winding country road
rust	무위 | 녹병 | 녹병균	/ˈɹəst/	동사	The pipes rusted
intensity	강렬 | 세기 | 집약도	/ɪnˈtɛnsəti/	명사	He adjusted the intensity of the sound
hiccup	딸꾹질	/ˈhɪkəp/	명사	How do you cure the hiccups?
jogging	조깅	/ˈdʒɑɡɪŋ/	명사	
confrontation	대치 | 직면 | 대결주의자	/ˌkɑnfɹənˈteɪʃən/	명사	The government was not ready for a confrontation with the unions
trustworthy	미덥다	/ˈtɹəstˌwɝði/	형용사	A trustworthy report
coaster	밑받침 | 코스터 | 활강 썰매	/ˈkoʊstɝ/	명사	
paragraph	문구 | 신문의 | 마디	/ˈpæɹəˌɡɹæf/	명사	This story is well paragraphed
adios		/ˌɑdiˈoʊs/	명사	
unexpectedly	의외로 | 예상외로 | 돌연	/ˌənɪkˈspɛktɪdɫi/	부사	
amuse		/əmˈjuz/	동사	The play amused the ladies
splashing		/ˈspɫæʃɪŋ/	명사	Water was splashing on the floor
soviets		/ˈsoʊviˌɛts/	명사	The Soviets said they wanted to increase trade with Europe
lorry	화물 자동차	/ˈɫɔɹi/	명사	
dominate	우세하다 | 위압하다 | 억제하다	/ˈdɑməˌneɪt/	동사	The villa dominates the town
unreal	공상의	/ənˈɹiɫ/	형용사	Ghosts and other unreal entities
representation	표현 | 분장 | 개념작용	/ˌɹɛpɹəzɛnˈteɪʃən/	명사	Certain representations were made concerning police brutality
bending	굴절	/ˈbɛndɪŋ/	명사	
gallant	용감한 | 늠름하다	/ˈɡæɫənt/	형용사	A gallant warrior
satisfying	만족을 주는	/ˈsætɪsˌfaɪɪŋ/	형용사	
cheater	사기꾼 | 협잡꾼	/ˈtʃitɝ/	명사	
pornography	도색 | 춘화 | 호색문학	/pɔɹˈnɑɡɹəfi/	명사	
urn	납골단지 | 항아리	/ˈɝn/	명사	
assign	배당하다 | 명하다 | 지정하다	/əˈsaɪn/	동사	We were assigned new uniforms
vine	포도나무 | 덩굴	/ˈvaɪn/	명사	
auspicious	길조의 | 상서로운 | 경사롭다	/ɑˈspɪʃəs/	형용사	An auspicious beginning for the campaign
tripping		/ˈtɹɪpɪŋ/	형용사	A tripping singing measure
seafood	시푸드 | 어개 | 해산물	/ˈsiˌfud/	명사	
mellow	풍부하고 아름다운	/ˈmɛɫoʊ/	형용사	With age, he mellowed
hawaiian	하와이 말 | 하와이 사람 | 하와이 사람의	/həˈwaɪən/	명사	
ac	교직양용의	/ˈeɪˈsi/	명사	In the US most household current is AC at 60 cycles per second
adultery	간음죄 | 부정 | 간음	/əˈdəɫtɝi/	명사	Adultery is often cited as grounds for divorce
scatter	뿌리다 | 흐트러지다 | 흩뿌리다	/ˈskætɝ/	동사	Scatter cards across the table
lotion	로션 | 세척제 | 외용 물약	/ˈɫoʊʃən/	명사	A lotion for dry skin
opposing		/əˈpoʊzɪŋ/	형용사	Opponent (or opposing) armies
dominated		/ˈdɑməˌneɪtəd/	형용사	
unpack	꾸러미를 끄르다 | 부리다	/ənˈpæk/	동사	Unpack the presents
violate	위반하다 | 강간하다	/ˈvaɪəɫeɪt/	동사	Violate my privacy
transmit	전하다 | 유전하다 | 전도하다	/tɹænzˈmɪt/	동사	Transmit a message
testicle		/ˈtɛsˌtɪkəɫ/	명사	
hungary	헝가리	/ˈhəŋɡɝi/	명사	
well-being	복리	/ˌwɛɫˈbiɪŋ/	명사	
porridge		/ˈpɔɹədʒ/	명사	
gavel	의사봉	/ˈɡævəɫ/	명사	
eliot		/ˈɛɫiət/	명사	
titty			명사	
strengthen	강화하다 | 강해지다	/ˈstɹɛŋθən/	동사	His body strengthened
sensitivity	감성 | 감광도 | 민감	/ˌsɛnsɪˈtɪvɪti/	명사	Sensitivity to pain
fitzgerald		/fɪtsˈdʒɛɹəɫd/	명사	
removal	철거 | 제거하다 | 제거	/ɹɪˈmuvəɫ/	명사	He had surgery for the removal of a malignancy
morocco	모로코	/mɝˈɑkoʊ/	명사	
saddam		/ˈsɑdəm/	명사	
hive	꿀벌통	/ˈhaɪv/	명사	Bees hive honey and pollen
outdoor	문밖의	/ˈaʊtˌdɔɹ/	형용사	Outdoor clothes
dew	이슬방울 | 이슬 | 이슬로 적시다	/ˈdu/	명사	In the morning the grass was wet with dew
mt	쾌속 어뢰정	/ˈɛmˈti/	명사	
soaking	흠뻑젖어서	/ˈsoʊkɪŋ/	명사	
vitals			명사	
navigation	항법 | 항해 | 항해학항법	/ˈnævəˈɡeɪʃən/	명사	The channel will be open to navigation as soon as the ice melts
intrigue	음모	/ˈɪntɹiɡ/	명사	
harp	하프 | 거문고자리 | 몇번이고 되뇌다	/ˈhɑɹp/	명사	She harped the Saint-Saens beautifully
margin	이문 | 증거금 | 난외	/ˈmɑɹdʒən/	명사	The margin of victory
anthem	서가 | 찬미가	/ˈænθəm/	명사	
aa			명사	
kylie		/ˈkaɪˌɫi/	명사	
fertility	지력 | 풍요 | 다산	/fɝˈtɪɫəti/	명사	
amazingly		/əˈmeɪzɪŋɫi/	부사	Amazingly, he finished medical school in three years
horrific		/hɔˈɹɪfɪk/	형용사	Horrific conditions in the mining industry
indictment	기소장 | 기소고발 | 고발	/ˌɪnˈdaɪtmənt/	명사	The book is an indictment of modern philosophy
superstition	미신	/ˌsupɝˈstɪʃən/	명사	
ultrasound	초음파	/ˌəɫtɹəˈsaʊnd/	명사	
sincerity	진실 | 진심 | 성의	/sɪnˈsɛɹəti/	명사	His sincerity inspired belief
hamburg	함부르크	/ˈhæmbɝɡ/	명사	
casper		/ˈkæspɝ/	명사	
dumplings		/ˈdəmpɫɪŋz/	명사	
digest	소화하다 | 간추리다 | 삭다	/ˈdaɪdʒɛst/	동사	I cannot digest milk products
whacked		/ˈhwækt/	형용사	The teacher whacked the boy
jacks		/ˈdʒæks/	명사	
thump		/ˈθəmp/	동사	A bible-thumping Southern Baptist
proportion	비례시키다 | 비율 | 용적	/pɹəˈpɔɹʃən/	명사	A building of vast proportions
quantity	양 | 분량 | 미지수	/ˈkwɑntəti/	명사	He had a quantity of ammunition
weave	꾸미다 | 헤치고 나아가다 | 누비듯이 나아가다	/ˈwiv/	동사	
corrupted		/kɝˈəptɪd/	형용사	Spoke a corrupted version of the language
gallows	교수대	/ˈɡæɫoʊz/	명사	
budge	조금움직이다 | 달싹하다	/ˈbədʒ/	동사	
fraction	분수 | 우수리	/ˈfɹækʃən/	명사	
afar		/əˈfɑɹ/	부사	We traveled afar
measurement	측량 | 도량법 | 치수	/ˈmɛʒɝmənt/	명사	The measurements were carefully done
landlady	여자지주 | 여관의 여주인 | 안주인	/ˈɫændˌɫeɪdi/	명사	
certified	공인의 | 정신이상자로 증명된 | 인증	/ˈsɝtəˌfaɪd/	형용사	Certified grade AAA meat
dusk	땅거미	/ˈdəsk/	명사	
insisting		/ˌɪnˈsɪstɪŋ/	명사	
indoors	옥내에서	/ˈɪnˌdɔɹz/	부사	
saliva	타액	/səˈɫaɪvə/	명사	
homey	아늑한	/ˈhoʊmi/	형용사	A homey little inn
whispered		/ˈhwɪspɝd/	형용사	A long whispered conversation
cyanide	시안화물 | 청산칼리 | 청산염	/ˈsaɪˌnaɪd/	명사	
diver	보자기 | 잠수부 | 해녀	/ˈdaɪvɝ/	명사	
eligible	적임의 | 택해도 좋은	/ˈɛɫədʒəbəɫ/	형용사	An eligible bachelor
robbins		/ˈɹɑbɪnz/	명사	
wiggle	뒤흔듦 | 뒤흔드는 선	/ˈwɪɡəɫ/	동사	
awaken		/əˈweɪkən/	동사	They were awakened to the sad facts
cid	시드	/ˈsɪd/	명사	
stained		/ˈsteɪnd/	형용사	Tear-stained cheeks
elevated	고상한 | 거나한	/ˈɛɫəˌveɪtɪd/	형용사	An elevated platform
transparent	빤히 들여다뵈는 | 투명한	/tɹænˈspɛɹənt/	형용사	A transparent lie
unclear	아슴하다	/ənˈkɫɪɹ/	형용사	The law itself was unclear on that point
aria	아리아 | 영창	/ˈɑɹiə/	명사	
solidarity	연대적 | 연대감 | 단결	/ˌsɑɫəˈdɛɹəti/	명사	
sidekick	짝패	/ˈsaɪdˌkɪk/	명사	
vulcan		/ˈvəɫkən/	명사	
bradford		/ˈbɹædfɝd/	명사	
belgian		/ˈbɛɫdʒən/	형용사	The Belgian Queen
seemingly	겉으로는 | 겉으로 보기에 | 표면상	/ˈsimɪŋɫi/	부사	The child is seemingly healthy but the doctor is concerned
cling	집착하다 | 배어들다 | 달라 붙다	/ˈkɫɪŋ/	동사	The dress clings to her body
component	거동하다 | 처신하다	/kəmˈpoʊnənt/	명사	Spare components for cars
missouri	미국중부의 주	/məˈzɝə/	명사	The Missouri and Mississippi Rivers together form the third longest river in the world
constance	콘스탄트호	/ˈkɑnstəns/	명사	
batting	배팅 | 탄솜	/ˈbætɪŋ/	명사	
sap	수액 | 대호 | 점점 무너뜨리다	/ˈsæp/	명사	
marbles		/ˈmɑɹbəɫz/	명사	He still had all his marbles and was in full possession of a lively mind
shifting	바뀌는	/ˈʃɪftɪŋ/	형용사	Taffeta with shifting colors
refill	다시 차다 | 두 그릇째 | 새 보충물	/ˈɹifɪɫ/	명사	Refill my glass, please
famine	대부족 | 기근	/ˈfæmən/	명사	
sneeze	재채기 | 재채기하다	/ˈsniz/	명사	Pepper makes me sneeze
provisions	식물 | 식량 | 양식	/pɹəˈvɪʒənz/	명사	
shite			명사	
syringe	주사기 | 관장기 | 세척기	/ˈsɪɹɪndʒ/	명사	
platinum	백금 | 백금색	/ˈpɫætənəm/	명사	
preferably	즐겨 | 이왕이면 | 차라리	/ˈpɹɛfɝəbɫi/	부사	Clean it well, preferably with warm water
exhaust	배기 | 다써버리다 | 지쳐버리게하다	/ɪɡˈzɔst/	동사	Exhaust one's savings
electromagnetic	전자기의	/ˌɪˌɫɛktɹoʊmæɡˈnɛtɪk/	형용사	Electromagnetic energy
consumer	소비자 | 사용자	/kənˈsumɝ/	명사	
lasagna	라자냐	/ɫɑˈsɑnjə/	명사	
catastrophic	파국적 | 비극적 | 파멸적인	/ˌkætəˈstɹɑfɪk/	형용사	Catastrophic illness
winchester	윈체스터 총	/ˈwɪnˌtʃɛstɝ/	명사	
serge	서지 | 세루	/ˈsɝdʒ/	명사	
relic	성골 | 성보 | 유물	/ˈɹɛɫɪk/	명사	
merger	합병 | 합동	/ˈmɝdʒɝ/	명사	
muck	퇴비	/ˈmək/	동사	The child mucked up his shirt while playing ball in the garden
socially	사회적 | 사교상 | 터놓고	/ˈsoʊʃəɫi/	부사	Socially unpopular
enlist	입대하다 | 병적에 넣다 | 협력하다	/ˌɛnˈɫɪst/	동사	
philippines	필리핀	/ˈfɪɫəˌpinz/	명사	
archbishop	대주교 | 대감독대주교 | 대감독	/ˈɑɹtʃˈbɪʃəp/	명사	
smuggle	밀항하다 | 밀수하다	/ˈsməɡəɫ/	동사	She smuggled cigarettes across the border
climax	극상 | 오르가슴 | 점층법	/ˈkɫaɪˌmæks/	명사	The climax of the artist's career
progressive	누진적인 | 진보론자	/pɹəˈɡɹɛsɪv/	형용사	Progressive euchre
wheezing		/ˈhwizɪŋ/	형용사	
singles		/ˈsɪŋɡəɫz/	명사	
pillar	기둥 | 주석	/ˈpɪɫɝ/	명사	He is a pillar of the community
fearful	무섭다 | 무서운 | 걱정하여	/ˈfɪɹfəɫ/	형용사	A fearful glance
spade	포미박기 | 스페이드페 | 가래	/ˈspeɪd/	명사	Spades were trumps
saucer	받침접시	/ˈsɔsɝ/	명사	
ratio	비 | 비율	/ˈɹeɪʃiˌoʊ/	명사	
craving	갈망 | 열망하는	/ˈkɹeɪvɪŋ/	명사	
nashville		/ˈnæʃvɪɫ/	명사	
obscure	덮어 감추다 | 막연하다 | 애매	/əbˈskjʊɹ/	동사	An obscure flaw
signora			명사	
troublesome		/ˈtɹəbəɫsəm/	형용사	A troublesome infection
rubble	잡석 | 쇄석	/ˈɹəbəɫ/	명사	
largely	너그러이 | 크게 | 아낌없이	/ˈɫɑɹdʒɫi/	부사	These accounts are largely inactive
admiration	칭찬 | 흠모 | 감탄	/ˌædmɝˈeɪʃən/	명사	A small token in admiration of your works
flap	날개침 | 펄럭임 | 펄럭거리다	/ˈfɫæp/	동사	He wrote on the flap of the envelope
brutality	야만성 | 무자비 | 잔인성	/bɹuˈtæɫəti/	명사	
prevail	설복하다 | 유행되다 | 잘 되다	/pɹiˈveɪɫ/	동사	He prevailed upon her to visit his parents
anguish	고뇌 | 번뇌	/ˈæŋɡwɪʃ/	명사	
whim	변덕	/ˈhwɪm/	명사	
nada		/ˈnɑdɑ/	명사	
cum	붙은 | 딸린의 뜻 | 애액	/ˈkəm/	명사	
cupid	큐핏 | 미소년	/ˈkjupɪd/	명사	
colonial	군체의 | 식민의 | 식민지풍의	/kəˈɫoʊniəɫ/	형용사	Coral is a colonial organism
frau	독일 여인	/ˈfɹaʊ/	명사	
perpetrator		/ˈpɝpəˌtɹeɪtɝ/	명사	
watermelon	수박	/ˈwɔtɝˌmɛɫən/	명사	
rooftop	옥상의 | 옥상에 있는	/ˈɹufˌtɑp/	명사	
athena		/əˈθinə/	명사	
extraction	풀이 | 적출 | 달여냄	/ɛkˈstɹækʃən/	명사	The dentist gave her a local anesthetic prior to the extraction
rhino	향수병에 걸린	/ˈɹaɪˌnoʊ/	명사	
diarrhea	설사 | 설사병 | 배탈	/ˌdaɪɝˈiə/	명사	
disregard	무시하다 | 외면하다 | 무시	/ˌdɪsɹɪˈɡɑɹd/	동사	Disregard the errors
warmed		/ˈwɔɹmd/	형용사	A cup of warmed milk
goggles		/ˈɡɑɡəɫz/	명사	
colombia		/kəˈɫəmbiə/	명사	
fitness	건강함 | 양호함 | 적합하다	/ˈfɪtnəs/	명사	They had to prove their fitness for the position
scalp	머릿가죽	/ˈskæɫp/	명사	The enemies were scalped
watchman	야경	/ˈwɑtʃmən/	명사	
caress	애무하다 | 즐겁게 들리다 | 어루만지듯 닿다	/kɝˈɛs/	동사	He caressed her face
exclusively	오로지 | 독점적으로	/ɪkˈskɫusɪvɫi/	부사	He works for Mr. Smith exclusively
misty	눈물 어린 | 몽롱한	/ˈmɪsti/	형용사	The misty evening
aura	발기체	/ˈɔɹə/	명사	The place had an aura of romance
helm		/ˈhɛɫm/	명사	The President is at the helm of the Ship of State
crockett	크로킷	/ˈkɹɑkɪt/	명사	
adored		/əˈdɔɹd/	형용사	Adored grandchildren
shilling		/ˈʃɪɫɪŋ/	명사	
hedge	가로막다 | 바자울 | 장벽	/ˈhɛdʒ/	명사	Hedge your bets
snorting		/ˈsnɔɹtɪŋ/	명사	The addict was snorting cocaine almost every day
viper	살무사	/ˈvaɪpɝ/	명사	
digger	갱부	/ˈdɪɡɝ/	명사	
breaker	깨뜨리는사람 | 깨뜨리는 기계 | 부서지는 파도	/ˈbɹeɪkɝ/	명사	
meatball	고기 완자	/ˈmitˌbɔɫ/	명사	
suppress	발표하지 않다 | 토벌하다 | 진압하다	/səˈpɹɛs/	동사	Suppress a yawn
witty	경묘하다	/ˈwɪti/	형용사	His sermons were unpredictably witty and satirical as well as eloquent
wonderfully		/ˈwəndɝfəɫi/	부사	
shogun		/ˈʃoʊɡən/	명사	
encouragement	독려 | 조성 | 진흥	/ɛnˈkɝɪdʒmənt/	명사	
goddamned		/ˈɡɑdˌdæmd/	형용사	He's a damn (or goddam or goddamned) fool
posting		/ˈpoʊstɪŋ/	명사	The posting was made in the cash account
cleanse	씻다 | 세척하다 | 정화하다	/ˈkɫɛnz/	동사	Purgatory is supposed to cleanse you from your sins
abbot	수도원장	/ˈæbət/	명사	
sizzling	지글지글 소리내는	/ˈsɪzəɫɪŋ/	형용사	A sizzling steak
lyon		/ˈɫaɪən/	명사	
mustang	반야생의 말	/ˈməsˌtæŋ/	명사	
kg			명사	
rested		/ˈɹɛstəd/	형용사	He rested his bad leg
reflected		/ɹɪˈfɫɛktɪd/	형용사	Reflected light
stand-up		/ˈstænˌdəp/	형용사	A stand-up comic
habitat	생육지 | 수중 거주실 | 산지	/ˈhæbəˌtæt/	명사	A marine habitat
molecular		/məˈɫɛkjəɫɝ/	형용사	Molecular oxygen
obnoxious		/ɑbˈnɑkʃəs/	형용사	
wraith	유령 | 생령		명사	
sarcasm	비꼼 | 빈정대는말 | 빈정댐	/ˈsɑɹˌkæzəm/	명사	He used sarcasm to upset his opponent
tung		/ˈtəŋ/	명사	
renowned	명성있는	/ɹɪˈnaʊnd/	형용사	A renowned painter
tofu		/ˈtoʊfu/	명사	
wildly	과격하게 | 야생적 | 거칠게	/ˈwaɪɫdɫi/	부사	He gesticulated wildly
refund	반제 | 반제하다 | 돈을 갚다	/ˈɹiˌfənd/	명사	Please refund me my money
pulp	펄프 | 펄프가 되다 | 펄프로 만들다	/ˈpəɫp/	명사	He pounded it to a pulp
exaggerated	떠벌린 | 과장된	/ɪɡˈzædʒɝˌeɪtəd/	형용사	An exaggerated opinion of oneself
embedded	내장형	/ɛmˈbɛdɪd/	형용사	An embedded subordinate clause
chateau	샤토 | 큰 저택	/ʃæˈtoʊ/	명사	
provoked		/pɹəˈvoʊkt/	형용사	The provoked animal attacked the child
antony	안토니우스	/ˈæntəni/	명사	
resemble	비슷하다 | 닮다 | 유사하다	/ɹiˈzɛmbəɫ/	동사	This paper resembles my own work
sticker	스티커 | 딱지 | 밑질긴 손님	/ˈstɪkɝ/	명사	
unstoppable		/ənˈstɑpəbəɫ/	형용사	As unstoppable as the wind
veal		/ˈviɫ/	명사	
fe		/ˈfeɪ/	명사	
isle	섬에 살다	/ˈaɪɫ/	명사	
characteristic	특수 | 특질있는 | 특징적인	/ˌkɛɹəktɝˈɪstɪk/	명사	Stripes characteristic of the zebra
cold-blooded		/ˈkoʊɫdˈbɫədəd/	형용사	Cold-blooded killing
zap	타살하다	/ˈzæp/	동사	They gave it another zap of radiation
reaper	수확기 | 수확자	/ˈɹipɝ/	명사	
biblical		/ˈbɪbɫəkəɫ/	형용사	Biblical Hebrew
puck	퍽아이스 하키	/ˈpək/	명사	
mystic	신비주의자 | 신비주으자	/ˈmɪstɪk/	형용사	
speedy	조속한 | 신속하다 | 민속하다	/ˈspiˌdi/	형용사	A speedy recovery
hoax	속이다 | 야바위	/ˈhoʊks/	명사	
intersection	교선 | 교점 | 교차	/ˌɪntɝˈsɛkʃən/	명사	The set of red hats is the intersection of the set of hats and the set of red things
presently	목하 | 이참에	/ˈpɹɛzəntɫi/	부사	She will arrive presently
supplier	공급하는 사람 | 부품 제조업자	/səˈpɫaɪɝ/	명사	
shuffle	걸치다 | 뒤섞다 | 뒤섞음	/ˈʃəfəɫ/	동사	Shuffle the cards
edited		/ˈɛdətəd/	형용사	She edited the juiciest scenes
vegan		/ˈvɛɡən/	명사	
outdoors		/ˈaʊtˈdɔɹz/	부사	He wanted to get outdoors a little
distinctive	독보적 | 특수한 | 독특하다	/dɪˈstɪŋktɪv/	형용사	Jerusalem has a distinctive Middle East flavor
upcoming		/ˈəpˌkəmɪŋ/	형용사	The upcoming spring fashions
brighton	브라이튼	/ˈbɹaɪtən/	명사	
granger		/ˈɡɹeɪndʒɝ/	명사	
peeing		/ˈpiɪŋ/	명사	
oracle	사람 | 신탁 | 현인	/ˈɔɹəkəɫ/	명사	
glitter	반짝이다 | 빛나다 | 번쩍이다	/ˈɡɫɪtɝ/	동사	
amulet	부적	/ˈæmjəɫət/	명사	
suspend	정직시키다 | 미결로 두다 | 지불을 정지하다	/səˈspɛnd/	동사	Suspend the particles
guild	길드 | 협회 | 조합	/ˈɡɪɫd/	명사	
convertible		/kənˈvɝtəbəɫ/	명사	A convertible sofa
squared		/ˈskwɛɹd/	형용사	I squared with him
steward	여객계원 | 식사 담당원 | 간사	/ˈstuɝd/	명사	
weston		/ˈwɛstən/	명사	
gateway		/ˈɡeɪtˌweɪ/	명사	
rite	관례	/ˈɹaɪt/	명사	The rite of baptism
distributed		/dɪˈstɹɪbjətəd/	형용사	
pavement	인도	/ˈpeɪvmənt/	명사	
projector	계획자 | 투사기 | 사영의	/pɹəˈdʒɛktɝ/	명사	
rugby	럭비	/ˈɹəɡbi/	명사	
baldwin		/ˈbɔɫdwən/	명사	
obscene	외설스럽다 | 외설하다	/ɑbˈsin/	형용사	Obscene telephone calls
zebra	얼룩말	/ˈzibɹə/	명사	
analyst	분석자 | 해석학자 | 경제분석가	/ˈænəɫɪst/	명사	
eta			명사	In 1968 ETA launched a campaign of political assassinations of government officials
detonator	기폭 | 퇴관 | 기폭약	/ˈdɛtəˌneɪtɝ/	명사	
disneyland	디즈니랜드 | 몽환경	/ˈdɪzniˌɫænd/	명사	
rails		/ˈɹeɪɫz/	명사	
earthly	세속의	/ˈɝθɫi/	형용사	Our earthly home
modesty	겸양 | 정숙	/ˈmɑdəsti/	명사	
assess	산정하다 | 과세하다	/əˈsɛs/	동사	Our house hasn't been assessed in years
librarian	사서 | 도서관원	/ɫaɪˈbɹɛˌɹiən/	명사	
suffice	충분하다 | 족하다	/səˈfaɪs/	동사	A 'B' grade doesn't suffice to get me into medical school
gravitational		/ˌɡɹævɪˈteɪʃənəɫ/	형용사	
slumber	수면	/ˈsɫəmbɝ/	명사	Calm as a child in dreamless slumber
sodium	나트륨	/ˈsoʊdiəm/	명사	
trajectory	탄도 | 궤도	/tɹəˈdʒɛktɝi/	명사	
credible		/ˈkɹɛdəbəɫ/	형용사	A credible witness
canary	여자가수 | 카나리아 | 카나리아제도산의	/kəˈnɛɹi/	명사	
eyesight	시각 | 시력	/ˈaɪˌsaɪt/	명사	
jug	항아리	/ˈdʒəɡ/	명사	
duplicate	물표 | 전당표 | 사본	/ˈdupɫəˌkeɪt/	동사	A duplicate key
capitalism	자본주의	/ˈkæpɪtəˌɫɪzəm/	명사	
polished	닦은 | 광택이 있는	/ˈpɑɫɪʃt/	형용사	His polished prose
xi		/ˈʃi/	명사	
differ		/ˈdɪfɝ/	동사	I beg to differ!
chaotic	혼돈된	/keɪˈɑtɪk/	형용사	
gardening	원예	/ˈɡɑɹdənɪŋ/	명사	My hobby is gardening
tinker	땜장이 | 서투른 일	/ˈtɪŋkɝ/	동사	Can you tinker with the T.V. set--it's not working right
forecast	예상 | 예보 | 예측하다	/ˈfɔɹˌkæst/	동사	
pinched		/ˈpɪntʃt/	형용사	Small pinched faces
tangled	엉클어지다	/ˈtæŋɡəɫd/	형용사	The tangled ropes
plunge	뒷질하다 | 처박음 | 쳐박다	/ˈpɫəndʒ/	동사	The stock market plunged
bulletproof	방탄	/ˈbʊɫətˌpɹuf/	형용사	Bulletproof vest
module	모듈	/ˈmɑdʒuɫ/	명사	
firewood	장작 | 나무마개	/ˈfaɪɝˌwʊd/	명사	They collected and cut their own firewood
overly		/ˈoʊvɝɫi/	부사	
retail	산매 | 산매하다 | 소매로	/ˈɹiˌteɪɫ/	동사	I'll sell it to you retail only
appalling	심한 | 끔찍하다 | 섬뜩하다	/əˈpɔɫɪŋ/	형용사	Appalling conditions
felicia		/fəˈɫiʃə/	명사	
sliced	회	/ˈsɫaɪst/	형용사	Sliced tomatoes
braces		/ˈbɹeɪsəz/	명사	
livestock	가축	/ˈɫaɪvˌstɑk/	명사	
gunman	총잡이	/ˈɡənmən/	명사	
dictate	받아쓰게하다 | 명령하다	/ˈdɪkˌteɪt/	동사	The dictates of reason
picky	깐깐하다	/ˈpɪki/	형용사	
platter	접시	/ˈpɫætɝ/	명사	
vulture	독수리 | 욕심쟁이	/ˈvəɫtʃɝ/	명사	
organism	생물 | 유기체	/ˈɔɹɡəˌnɪzəm/	명사	The social organism
scarecrow	허수아비 | 말라깽이	/ˈskæɹˌkɹoʊ/	명사	
manufacturing	가공 | 조제하다	/ˌmænjəˈfæktʃɝɪŋ/	명사	Manufacturing is vital to Great Britain
pup	새끼를 낳다	/ˈpəp/	명사	
mitzvah		/ˈmɪtsvə/	명사	
crackle	빙렬무늬 | 우지직우지직하는 소리	/ˈkɹækəɫ/	동사	A crackle glaze
proudly		/ˈpɹaʊdɫi/	부사	He walked proudly into town
interpreter	해석자 | 통역자 | 연출자	/ˌɪnˈtɝpɹətɝ/	명사	His paintings reveal a sensitive interpreter of nature
leigh		/ˈɫi/	명사	
genetically		/dʒəˈnɛtɪkɫi/	부사	Genetically passed down talents
frying		/ˈfɹaɪɪŋ/	명사	
redeem	태환하다 | 되사다 | 속신하다	/ɹɪˈdim/	동사	
ledge	암초 | 좁은선반	/ˈɫɛdʒ/	명사	
qing		/ˈkɪŋ/	명사	
tyranny	폭정 | 학정 | 참주정치	/ˈtɪɹəni/	명사	
charleston	찰스턴	/ˈtʃɑɹəɫstən/	명사	
rosy	홍안의 | 장미가 많은 | 장미로 만든	/ˈɹoʊzi/	형용사	Rosy predictions
nomination	추천임명 | 지명 | 선임	/ˌnɑməˈneɪʃən/	명사	His nomination was hotly protested
textbook	교과서	/ˈtɛkstˌbʊk/	명사	A textbook example
descendants		/dɪˈsɛndənts/	명사	
sabine	사빈 말 | 사빈 사람	/səˈbin/	명사	
finland	피란드	/ˈfɪnˌɫænd/	명사	
unsolved		/ənˈsɑɫvd/	형용사	Many crimes remain unsolved
pioneer	공병 | 개척자 | 선구자	/ˌpaɪəˈnɪɹ/	동사	She pioneered a graduate program for women students
angelica	안젤리카 | 일종의 리큐르술	/ˈændʒəˌɫikə/	명사	
throttle	스로틀 | 감속시키다 | 목을 조르다	/ˈθɹɑtəɫ/	명사	
powered	강력 엔진	/ˈpaʊɝd/	형용사	Kerosine-powered jet engines
carving	조각물 | 고기베어내기 | 조소	/ˈkɑɹvɪŋ/	명사	
thrive	부자가 되다 | 번영하다	/ˈθɹaɪv/	동사	
icu	집중 치료부		명사	
pong		/ˈpɔŋ/	명사	
alphabet	알파벳	/ˈæɫfəˌbɛt/	명사	
threesome		/ˈθɹisəm/	명사	
accordingly	따라서 | 그에 따라서 | 그에 알맞게	/əˈkɔɹdɪŋɫi/	부사	She acted accordingly
sect	당파 | 교파	/ˈsɛkt/	명사	
maternity	모성 | 어머니임 | 어머니다움	/məˈtɝnɪti/	명사	
scarce	드문 | 희귀하다 | 결핍한	/ˈskɛɹs/	부사	Fresh vegetables were scarce during the drought
internship		/ˈɪntɝnˌʃɪp/	명사	
unwell	월경중인 | 기분이 나쁜	/ənˈwɛɫ/	형용사	Is unwell and can't come to work
import	수입하다 | 중요하다 | 수입액	/ˈɪmˌpɔɹt/	명사	The import of his announcement was ambiguous
temporal	순간적인 | 측두골 | 관자놀이의	/ˈtɛmpɝəɫ/	형용사	Temporal processing
mohammed	마호메트	/moʊˈhæmɪd/	명사	
anticipate	예상되다 | 예상하다	/ænˈtɪsəˌpeɪt/	동사	This composition anticipates Impressionism
democrat	민주주의자	/ˈdɛməˌkɹæt/	명사	
terminated		/ˈtɝməˌneɪtɪd/	형용사	The abruptly terminated interview
spree	법석댐	/ˈspɹi/	명사	
interviewer	면담자 | 탐방기자 | 회견자	/ˈɪntɝvˌjuɝ/	명사	
respectfully	삼가	/ɹɪˈspɛktfəɫi/	부사	
futile	무효의	/ˈfjutəɫ/	형용사	A futile effort
dictator	구술자 | 독재자 | 명령자	/ˈdɪkteɪtɝ/	명사	My boss is a dictator who makes everyone work overtime
stuffy	통풍이 안되는 | 딱딱하다	/ˈstəfi/	형용사	A stuffy feeling in my chest
mammal	포유동물	/ˈmæməɫ/	명사	
fasten	고착하다 | 차다 | 꽉 달라붙다	/ˈfæsən/	동사	Fasten the lock onto the door
neptune	대양 | 해왕성 | 냅튠바다	/ˈnɛptun/	명사	
pharmaceutical	약제의 | 조제의	/ˌfɑɹməˈsutɪkəɫ/	형용사	The pharmaceutical industry
persian	페르시아의 | 페르시아 사람	/ˈpɝʒən/	명사	The majority of Irani are Persian Shiite Muslims
tactic		/ˈtæktɪk/	명사	
itching	하고싶어 못견딤 | 가려운 | 가려움	/ˈɪtʃɪŋ/	명사	I'm itching--the air is so dry!
observer	업저버 | 준수자 | 관찰자	/əbˈzɝvɝ/	명사	
tesla		/ˈtɛsɫə/	명사	
wallpaper	벽지	/ˈwɔɫˌpeɪpɝ/	명사	
austrian	오스트리아의 | 오스트리아사의사람	/ˈɔstɹiən/	명사	
output	출력 | 산출	/ˈaʊtˌpʊt/	명사	
goliath	골리앗	/ɡəˈɫaɪəθ/	명사	
joyful		/ˈdʒɔɪfəɫ/	형용사	A joyful occasion
spouse	여보 | 배필 | 처	/ˈspaʊs/	명사	
rightly	정확히 | 정당히 | 가히	/ˈɹaɪtɫi/	부사	He was rightly considered the greatest singer of his time
naming	명명	/ˈneɪmɪŋ/	명사	The part he failed was the naming of state capitals
stale	신선치 않은 | 김빠진 | 케케묵은	/ˈsteɪɫ/	형용사	The beer was stale
teamwork	협동	/ˈtimˌwɝk/	명사	It will take money, good planning and, above all, teamwork
obedient	순종하는 | 유순한 | 다소 곳하다	/oʊˈbidiənt/	형용사	Obedient children
raving	광란하는 | 미쳐날뛰는 | 광란	/ˈɹeɪvɪŋ/	명사	The raving of maniacs
dioxide	이산화물	/daɪˈɑkˌsaɪd/	명사	
boner	큰 실수	/ˈboʊnɝ/	명사	
bc		/ˌbiˈsi/	부사	
implant	이식하다 | 꽂아 넣다	/ˈɪmˌpɫænt/	동사	The dentist implanted a tooth in the gum
mari		/ˈmɑɹi/	명사	
satisfactory	달갑다 | 마뜩하다 | 더할나위 없는	/ˌsætəsˈfæktɹi/	형용사	His grades were satisfactory
espresso	에스프레소 커피 | 에스프레소 커피점	/ˌɛksˈpɹɛˌsoʊ/	명사	
bach		/ˈbɑk/	명사	He played Bach on the organ
sleeper	자는 사람 | 침대차 | 침목	/ˈsɫipɝ/	명사	That movie was the sleeper of the summer
ration	급식하다 | 배급하다 | 하루분의 양식	/ˈɹæʃən/	명사	Cigarettes are rationed
munch		/ˈməntʃ/	명사	He tried to talk between munches on the sandwich
stag	수짐승 | 남자들만의 | 수사슴	/ˈstæɡ/	동사	
dominique		/dɔmɪˈnik/	명사	
backseat	뒷자리 | 말석	/bækˈsit/	명사	Tennis has had to take a backseat while his work is so demanding
analyzed		/ˈænəˌɫaɪzd/	형용사	The analyzed data indicated surprising trends
reschedule		/ɹiˈskɛdʒuɫ/	동사	We had to reschedule the doctor's appointment
uphold	시인하다 | 후원하다 | 받치다	/əpˈhoʊɫd/	동사	
sorority	여학생회	/sɝˈɔɹəti/	명사	
princeton	프린스턴	/ˈpɹɪnstən/	명사	
inconvenient	폐가되는 | 부자유스런	/ˌɪnkənˈvinjənt/	형용사	An early departure is inconvenient for us
crumb		/ˈkɹəm/	명사	Crumb the table
reconstruction	복구 | 재건 | 개축공사	/ˌɹikənˈstɹəkʃən/	명사	
pipeline	송유관 | 정보 루트 | 도관으로 보내다	/ˈpaɪˌpɫaɪn/	명사	A pipeline runs from the wells to the seaport
reunite	재결합시키다 | 화해시키다	/ˌɹiuˈnaɪt/	동사	
confidentiality	기밀성 | 비밀성 | 엄밀	/ˌkɑnfəˌdɛnʃiˈæɫəti/	명사	You must respect the confidentiality of your client's communications
overrule		/ˈoʊvɝˌɹuɫ/	동사	The Republicans were overruled when the House voted on the bill
enlightenment	구경각 | 피안 | 계몽	/ˌɛnˈɫaɪtənmənt/	명사	The Enlightenment brought about many humanitarian reforms
puddle	이긴 진흙 | 흙탕물로 적시다 | 웅덩이	/ˈpədəɫ/	동사	Puddle young plants
comfortably	편히 | 안락하게 | 부족함이 없이	/ˈkəmfɝtəbɫi/	부사	He works comfortably on three continents
ukraine	우크라이나	/juˈkɹeɪn/	명사	
demonic		/dɪˈmɑnɪk/	형용사	Something demonic in him--something that could be cruel
demise	서거 | 양위하다	/dɪˈmaɪz/	명사	
donatello			명사	
fungus	균 | 진균류	/ˈfəŋɡəs/	명사	
barefoot	맨발로 | 맨발의	/ˈbɛɹˌfʊt/	형용사	The barefoot boy
beak	귀때 | 누조 | 주둥이	/ˈbik/	명사	
fanfare	과시	/ˈfænˌfɛɹ/	명사	Her arrival was greeted with a rousing fanfare
maryland		/ˈmɛɹəɫənd/	명사	
mascot	마스코트 | 행운의 부적	/ˈmæsˌkɑt/	명사	
drastic	과감한	/ˈdɹæstɪk/	형용사	Drastic measures
proceeding	조처 | 회보 | 소송절차	/pɹəˈsidɪŋ/	명사	
intrude	관입시키다 | 억지로 밀어넣다 | 참견하다	/ˌɪnˈtɹud/	동사	They intruded on our dinner party
stile	층계	/ˈstaɪɫ/	명사	
deprived		/dɪˈpɹaɪvd/	형용사	A childhood that was unhappy and deprived, the family living off charity
advertisement	광고	/ˌædvɝˈtaɪzmənt/	명사	
farting		/ˈfɑɹtɪŋ/	명사	
foremost	맨 먼저 | 으뜸가다	/ˈfɔɹˌmoʊst/	형용사	He put his best foot foremost
adjustment	정리 | 수정 | 조절	/əˈdʒəstmənt/	명사	
charade	제스처 게임	/ʃɝˈeɪd/	명사	
puncture	빵꾸 | 빵꾸나다 | 찌름	/ˈpəŋkʃɝ/	동사	Puncture a tire
spank	날랜 말 | 철썩 갈기다	/ˈspæŋk/	명사	
utah		/ˈjuˌtɔ/	명사	
abs		/ˈæbz/	명사	
minimal	극소의	/ˈmɪnəməɫ/	형용사	Her grades were minimal
requirement	필요 | 필요조건 | 요구물	/ɹɪˈkwaɪɹmənt/	명사	The requirements of his work affected his health
greenhouse	온실	/ˈɡɹinˌhaʊs/	명사	Greenhouse gases
marx		/ˈmɑɹks/	명사	
vermont		/vɝˈmɑnt/	명사	
comprehend		/ˌkɑmpɹiˈhɛnd/	동사	Do you comprehend the meaning of this letter?
canoe	카누 | 통나무 배 | 카누로 가다	/kəˈnu/	명사	Canoe along the canal
baton	바통 | 지휘봉	/ˈbæˌtɑn/	명사	
arsehole		/ˈɑɹsˌhoʊɫ/	명사	
partially	불공평하게 | 편파적으로 | 일부분은	/ˈpɑɹʃəɫi/	부사	He was partially paralyzed
sensing		/ˈsɛnsɪŋ/	명사	
kinky	근육의 경련 | 꼬임 | 비틀림	/ˈkɪŋki/	형용사	
microscope		/ˈmaɪkɹəˌskoʊp/	명사	The invention of the microscope led to the discovery of the cell
intimidating		/ˌɪnˈtɪmɪˌdeɪtɪŋ/	형용사	
babu		/bɑˈbu/	명사	
vaguely	막연히	/ˈveɪɡɫi/	부사	He looked vaguely familiar
hardship	어려움 | 고욕 | 풍파	/ˈhɑɹdʃɪp/	명사	A life of hardship
gramps			명사	
doubles		/ˈdəbəɫz/	명사	She doubles as his wife and secretary
knitting	뜨개질 | 편물	/ˈnɪtɪŋ/	명사	
administrator	행정가 | 행정관	/ədˈmɪnəˌstɹeɪtɝ/	명사	
blacksmith	대장장이	/ˈbɫæksˌmɪθ/	명사	
correspondence	서신왕래 | 왕복문서 | 상응	/ˌkɔɹəˈspɑndəns/	명사	The results of two tests were in correspondence
fashionable		/ˈfæʃənəbəɫ/	형용사	A fashionable cafe
overlooked		/ˈoʊvɝˌɫʊkt/	형용사	
matron	기혼 부인	/ˈmeɪtɹən/	명사	
arcade	아케이드 | 줄지은 홍예랑	/ɑɹˈkeɪd/	명사	
quits		/ˈkwɪts/	형용사	We're now quits
outnumber		/aʊtˈnəmbɝ/	동사	
verbal	동사의 | 동사적인 | 말로 나타낸	/ˈvɝbəɫ/	형용사	Verbal aptitude
mc		/ˈɛmˈsi/	명사	
terminate		/ˈtɝməˌneɪt/	동사	The company terminated 25% of its workers
rye	호밀 | 호밀 흑빵 | 호밀의 씨	/ˈɹaɪ/	명사	
presidency	통할 | 통솔	/ˈpɹɛzədənsi/	명사	Andrew Jackson expanded the power of the presidency beyond what was customary before his time
devote	몰두하다 | 전념하다	/dɪˈvoʊt/	동사	This land was devoted to mining
dumps		/ˈdəmps/	명사	
improvise	즉석에서하다 | 즉석에서 짓다	/ˈɪmpɹəˌvaɪz/	동사	After the hurricane destroyed our house, we had to improvise for weeks
starship		/ˈstɑɹˌʃɪp/	명사	
fumes		/ˈfjumz/	명사	
caw	까악까악 | 까악까악 울다	/ˈkɔ/	동사	
aluminum	알루미늄	/əˈɫumənəm/	명사	
everest		/ˈɛvɝəst/	명사	
commonwealth	연방 | 민주국가 | 공화국	/ˈkɑmənˌwɛɫθ/	명사	
cappuccino		/ˌkæˌpuˈtʃinoʊ/	명사	
cucumber	오이	/ˈkjukəmbɝ/	명사	
inventor	발명가 | 발명자 | 창출자	/ˌɪnˈvɛntɝ/	명사	
folder	접지기 | 접책 | 접는 사람	/ˈfoʊɫdɝ/	명사	
walton		/ˈwɔɫtən/	명사	
reasoning	논법 | 이성 | 추리력	/ˈɹizənɪŋ/	명사	
adequate	충분한	/ˈædəˌkweɪt/	형용사	An adequate income
snicker		/ˈsnɪkɝ/	동사	
glued		/ˈɡɫud/	형용사	His eyes were glued on her
hangar	격납고	/ˈhæŋɝ/	명사	
godmother	대모	/ˈɡɑdˌməðɝ/	명사	
empty-handed		/ˈɛmptiˈhændɪd/	형용사	The returned from the negotiations empty-handed
forum	공회의 광장	/ˈfɔɹəm/	명사	
foolishness	우매 | 어리석음	/ˈfuɫɪʃnəs/	명사	Adjusting to an insane society is total foolishness
crest	놀치다 | 도가머리 | 용마루	/ˈkɹɛst/	명사	The river crested last night
playful	놀기 좋아하는	/ˈpɫeɪfəɫ/	형용사	Playful children just let loose from school
peer	동배 | 보이기 시작하다	/ˈpɪɹ/	동사	We peered into the back of the shop to see whether a salesman was around
bleach	마전하다 | 노천 관람석 | 표백하다	/ˈbɫitʃ/	명사	Bleach the laundry
disastrous		/dɪˈzæstɹəs/	형용사	The battle was a disastrous end to a disastrous campaign
lineup	진용 | 라인업	/ˈɫaɪˌnəp/	명사	
glamour		/ˈɡɫæmɝ/	명사	
coronation	대관식 | 대관	/ˌkɔɹəˈneɪʃən/	명사	
halo	무리 | 후광	/ˈheɪɫoʊ/	명사	A halo of smoke
highlight	중요사건 | 중요부분 | 화제거리	/ˈhaɪˌɫaɪt/	동사	Highlight the area above your eyebrows
pluto	명왕성 | 프간의 송유관	/ˈpɫutoʊ/	명사	Pluto was discovered by Clyde Tombaugh in 1930
arabia	아라비아	/əˈɹeɪbiə/	명사	
imperative	긴요한 | 긴급한 | 필수적	/ˌɪmˈpɛɹətɪv/	형용사	Requests that grew more and more imperative
trader	상인 | 장사꾼	/ˈtɹeɪdɝ/	명사	
galileo	천문학자	/ˌɡæɫəˈɫeɪoʊ/	명사	
tainted		/ˈteɪntɪd/	형용사	
drugstore	약방	/ˈdɹəɡˌstɔɹ/	명사	
lense			명사	
obstruction	방해 | 장애 | 지장	/əbˈstɹəkʃən/	명사	Obstruction of justice
segment	조각 | 분할하다 | 분절	/ˈsɛɡmənt/	명사	Segment an orange
envious	시기하는 | 부러워하는	/ˈɛnviəs/	형용사	Envious of their art collection
twisting		/ˈtwɪstɪŋ/	명사	It broke off after much twisting
insured	보험계약자 | 보험이 걸린 | 보험금 수취인	/ˌɪnˈʃʊɹd/	형용사	An insured risk
overlook	내려다보다 | 빠뜨리고 보다	/ˈoʊvɝˌɫʊk/	동사	I am overlooking her work
icon	도상 | 화상 | 아이콘	/ˈaɪkɑn/	명사	
commentator	시사해설자 | 주석자	/ˈkɑmənˌteɪtɝ/	명사	
pitt		/ˈpɪt/	명사	
cerebral		/ˈsɛɹəbɹəɫ/	형용사	Cerebral activity
qin		/ˈkɪn/	명사	
spoiling		/ˈspɔɪɫɪŋ/	명사	He is spoiling for a fight
tsar		/ˈtsɑɹ/	명사	
cushion	베이스 | 쿠션 | 방석	/ˈkʊʃən/	명사	Cushion the blow
divers	여러가지의	/ˈdaɪvɝz/	형용사	Tourist offices of divers nationalities
hallowed	존경받는	/ˈhæɫoʊd/	형용사	Jerusalem's hallowed soil
chute	활강사면로 | 낙숫물 도랑	/ˈʃut/	명사	
cavity	공동 | 충치 | 강	/ˈkævəti/	명사	
sahib			명사	
strung		/ˈstɹəŋ/	형용사	Keys strung on a red cord
watts		/ˈwɑts/	명사	
monopoly	독점물 | 독점자 | 독차지	/məˈnɑpəɫi/	명사	A monopoly on silver
apache	아파치 | 파리의 깡패	/əˈpætʃi/	명사	
caffeine	카페인	/kæˈfin/	명사	
squeezing		/ˈskwizɪŋ/	명사	
stutter	떠듬적거리다 | 말을 떠듬거리다 | 더듬다	/ˈstətɝ/	동사	
rut	바퀴자국 | 발정하다 | 상례	/ˈɹət/	명사	They fell into a conversational rut
opener	여는물건 | 여는사람 | 개시자	/ˈoʊpənɝ/	명사	She played Chopin for her opener
impotent	노쇠자 | 뇌쇠한 | 무력자	/ˈɪmpətənt/	형용사	Felt impotent rage
franchise	선거권 | 총판권	/ˈfɹænˌtʃaɪz/	명사	
entity		/ˈɛntəti/	명사	
slimy	흙투성이인 | 굽실굽실하는	/ˈsɫaɪmi/	형용사	A slimy little liar
hygiene	위생학	/ˈhaɪˌdʒin/	명사	Personal hygiene
containment	봉쇄 | 견제	/kənˈteɪnmənt/	명사	The containment of the rebellion
knickers	제기랄	/ˈnɪkɝz/	명사	
jumpy	신경질적 | 튀어 오르는	/ˈdʒəmpi/	형용사	
irregular	같지않은 | 등외품 | 반칙의	/ˌɪˈɹɛɡjəɫɝ/	형용사	Irregular jeans
lowly	비천한 | 천하게	/ˈɫoʊɫi/	형용사	A lowly corporal
controller	감사역 | 관제관 | 제어장치	/kənˈtɹoʊɫɝ/	명사	The speed controller on his turntable was not working properly
rung	가로대 | 가로장	/ˈɹəŋ/	명사	
hades	황천	/ˈheɪdiz/	명사	No one goes to Hades with all his immense wealth
anarchy	무정부 | 혼란	/ˈænɝˌki/	명사	
wisely		/ˈwaɪzɫi/	부사	She acted wisely when she invited her parents
dramatically	극적으로 | 희곡적으로	/dɹəˈmætɪkəɫi/	부사	He confessed dramatically
touchy	다루기 힘든	/ˈtətʃi/	형용사	A touchy subject
fay	접합시키다	/ˈfeɪ/	명사	
seventy	칠십 | 일흔	/ˈsɛvəni/	형용사	
stealth	은신	/ˈstɛɫθ/	명사	
yearbook	연보 | 연감	/ˈjɪɹˌbʊk/	명사	
poll	투표 결과 | 투표소 | 투표하다	/ˈpoʊɫ/	명사	
bigfoot		/ˈbɪɡˌfʊt/	명사	
ninety	아흔	/ˈnaɪnti/	형용사	
dharma		/ˈdɑɹmə/	명사	
cramp	구속물 | 알기어려운 | 쥐가 나게하다	/ˈkɹæmp/	명사	
cockpit	조종석 | 투계장 | 투기장	/ˈkɑkˌpɪt/	명사	
truthful	진실하다 | 진실의 | 정직한	/ˈtɹuθfəɫ/	형용사	A truthful person
lilith	릴리스	/ˈɫɪɫɪθ/	명사	
ghastly	할쑥한 | 파랗게 질린 | 지독하다	/ˈɡæstɫi/	형용사	Ghastly shrieks
edwin		/ˈɛdwən/	명사	
corrections		/kɝˈɛkʃənz/	명사	For a career in corrections turn to the web site of the New Jersey Department of Corrections
missionary	선교사	/ˈmɪʃəˌnɛɹi/	명사	
infinity	무한대	/ˌɪnˈfɪnɪti/	명사	
cola	콜라 | 생계비 조정 | 콜라의 복수	/ˈkoʊɫə/	명사	
penance	고해 | 참회 | 고행	/ˈpɛnəns/	명사	
moist	습한 | 비가 많은 | 눅눅하다	/ˈmɔɪst/	형용사	Eyes moist with tears
sham	엉터리 | 사이비 | 모의전	/ˈʃæm/	명사	
founding	주조	/ˈfaʊndɪŋ/	명사	
caldwell	콜드웰	/ˈkɔɫdwɛɫ/	명사	
orientation	지도 | 태도 시정	/ˌɔɹiɛnˈteɪʃən/	명사	Showed a Marxist orientation
flop	펄썩 | 펄떡펄떡거리다 | 털썩 떨어짐	/ˈfɫɑp/	동사	He fell flop on his face
columbo		/ˌkoʊˈɫəmboʊ/	명사	
jamming		/ˈdʒæmɪŋ/	명사	
crossroads	네거리 | 십자로	/ˈkɹɔsˌɹoʊdz/	명사	Freud's work stands at the crossroads between psychology and neurology
infrared	적외선 | 적외선의	/ˌɪnfɹɝˈɛd/	명사	Infrared radiation
pleading	변론 | 변호	/ˈpɫidɪŋ/	명사	She was pleading insanity
carroll	캐롤	/ˈkæɹəɫ/	명사	
flushed		/ˈfɫəʃt/	형용사	The garbage flushed down the river
gaming	도박	/ˈɡeɪmɪŋ/	명사	
gurgle	콸콸 흘러나오다 | 까르륵	/ˈɡɝɡəɫ/	동사	`Help,' the stabbing victim gurgled
prairie	대초원	/ˈpɹɛɹi/	명사	
saudi		/ˈsaʊdi/	명사	The Saudi royal family
aching		/ˈeɪkɪŋ/	형용사	
abusive	입 사나운	/əbˈjusɪv/	형용사	Abusive punishment
vermin	건달 | 해충	/ˈvɝmɪn/	명사	He examined the child's head for vermin
rift	열극 | 뻐개진 틈 | 균열	/ˈɹɪft/	명사	The sun shone through a rift in the clouds
wiring	가선 | 배선	/ˈwaɪɹɪŋ/	명사	
gauge	게이지 | 궤간 | 위치 관계	/ˈɡeɪdʒ/	동사	The wire is gauged
lifelong	평생의 | 일생의 | 종신	/ˈɫaɪˈfɫɔŋ/	형용사	A lifelong friend
abstract	추상파 | 방심한 | 초록	/ˈæbˌstɹækt/	동사	Abstract science
pilgrimage	긴 여행 | 인생 행로	/ˈpɪɫɡɹəmədʒ/	명사	
theoretically		/ˌθiɝˈɛtɪkəɫi/	부사	He worked the problem out theoretically
mythology	신화학	/məˈθɑɫəˌdʒi/	명사	
render	되게하다 | 초벌칠하다 | 드리다	/ˈɹɛndɝ/	동사	Render a verdict
iq		/ˈaɪkˈju/	명사	
licked		/ˈɫɪkt/	형용사	The dog licked her hand
android	인간모양의 로봇	/ˈænˌdɹɔɪd/	명사	
rhythmic	규칙적으로 순환하는	/ˈɹɪðmɪk/	형용사	The rhythmic chiming of church bells
pianist	피아니스트	/ˈpiənɪst/	명사	
clover		/ˈkɫoʊvɝ/	명사	
unwanted		/ənˈwɔntɪd/	형용사	Removed the unwanted vegetation
salvador		/ˈsæɫvəˌdɔɹ/	명사	
troupe	일행	/ˈtɹup/	명사	
feat	묘기 | 공적	/ˈfit/	명사	He performed a great feat
primarily	원래 | 본래 | 워낙	/pɹaɪˈmɛɹəɫi/	부사	This is primarily a question of economics
preposterous	비상식의 | 터무니 없는	/pɹɪˈpɑstɝəs/	형용사	A preposterous attempt to turn back the pages of history
unseen	보이지않는 | 본적이없는	/ənˈsin/	형용사	
constantine	콘스탄티누스 대제	/ˈkɑnstənˌtaɪn/	명사	
outlet	배출구 | 판로 | 출수구	/ˈaʊtˌɫɛt/	명사	She had no other outlet for her feelings
git	쓸모없는 놈	/ˈɡɪt/	명사	The British call a contemptible person a `git'
pictured		/ˈpɪktʃɝd/	형용사	The snow-covered Alps pictured in her imagination
functional	기능적 | 직무상의	/ˈfəŋkʃənəɫ/	형용사	Functional deafness
nitrogen	질소	/ˈnaɪtɹədʒən/	명사	
cc		/ˌsiˈsi/	명사	
right-hand	오른편의	/ɹaɪtˈhænd/	형용사	A right-hand turn
speechless	어색하다 | 말을 못하는	/ˈspitʃɫəs/	형용사	Speechless with shock
delusion	미망	/dɪˈɫuʒən/	명사	He has delusions of competence
follow-up		/ˈfɑɫoʊˌəp/	명사	His new software is a follow-up to the programs they started with
refrain	멀리하다 | 반복구 | 후렴	/ɹɪˈfɹeɪn/	명사	He refrained from hitting him back
jerking		/ˈdʒɝkɪŋ/	명사	The patient's legs were jerkings
engaging	마음 끄는 | 매력 있는	/ɛnˈɡeɪdʒɪŋ/	형용사	An engaging frankness
accountable		/əˈkaʊnəbəɫ/	형용사	Fully accountable for what they did
piles	치질	/ˈpaɪɫz/	명사	
intro	서주	/ˈɪntɹoʊ/	명사	
orgy	유흥 | 법석대기 | 섹스파티	/ˈɔɹdʒi/	명사	An orgy of shopping
jaguar		/ˈdʒæˌɡwɑɹ/	명사	
fatigue	피로 | 피곤 | 노역	/fəˈtiɡ/	명사	Political fatigue
charitable	관대한 | 자비로운 | 자선의	/ˈtʃæɹətəbəɫ/	형용사	A charitable trust
stirred		/ˈstɝd/	형용사	
invader	침입자 | 침략자	/ˌɪnˈveɪdɝ/	명사	
wench		/ˈwɛntʃ/	명사	
heartbroken	비탄에 젖은	/ˈhɑɹtˌbɹoʊkən/	형용사	
suffocating		/ˈsəfəˌkeɪtɪŋ/	형용사	The room was suffocating--hot and airless
underage		/ˈəndɝɪdʒ/	형용사	
bugged		/ˈbəɡd/	형용사	Even the car is bugged
metropolitan	대주교교구의	/ˌmɛtɹəˈpɑɫətən/	형용사	Metropolitan area
hamster		/ˈhæmstɝ/	명사	
omelet	오믈렛	/ˈɑmɫət/	명사	
humility	겸허 | 겸손	/hjuˈmɪɫɪti/	명사	Not everyone regards humility as a virtue
grad		/ˈɡɹæd/	명사	
obedience	복종 | 교회의 권위	/oʊˈbidiəns/	명사	Their children were never very strong on obedience
grub	굼벵이 | 파내다 | 삼류문인	/ˈɡɹəb/	명사	
victorian	빅토리아 여왕의 | 근엄하다 | 빅토리아 왕조풍의	/vɪkˈtɔɹiən/	형용사	Victorian morals
lassie		/ˈɫæsi/	명사	
posed		/ˈpoʊzd/	형용사	She posed as the Czar's daughter
resentment	원성 | 원한 | 부아	/ɹɪˈzɛnmənt/	명사	
locke		/ˈɫɑk/	명사	
dat		/ˈdæt/	명사	
booming	급등하는	/ˈbumɪŋ/	형용사	Business is booming
shay		/ˈʃeɪ/	명사	
brigadier		/ˌbɹɪɡəˈdɪɹ/	명사	
intrusion	관입 | 침해 | 점유 횡령	/ˌɪnˈtɹuʒən/	명사	
hedgehog	고슴도치 | 호저	/ˈhɛdʒˌhɑɡ/	명사	
tacky		/ˈtæki/	형용사	
saviour			명사	
physicist	물리학자	/ˈfɪzɪsɪst/	명사	
yonder	저기에 | 훨씬 저쪽의	/ˈjɑndɝ/	형용사	The hills yonder
anyplace	어디나 | 어디라도	/ˈɛniˌpɫeɪs/	부사	
forfeit	상실하다 | 몰수되다 | 몰수된	/ˈfɔɹfɪt/	명사	Forfeited property
lullaby	자장가	/ˈɫəɫəˌbaɪ/	명사	
oasis	오아시스 | 위안의 장소	/oʊˈeɪsɪs/	명사	
unleash	가죽끈을 풀다	/ənˈɫiʃ/	동사	Unleash one's anger
avenger	복수자	/əˈvɛndʒɝ/	명사	
indifferent	관계없는 | 아무래도 좋은 | 치우치지 않는	/ˌɪnˈdɪfɝənt/	형용사	Indifferent to her plea
boxers		/ˈbɑksɝz/	명사	
truthfully	속으로	/ˈtɹuθfəɫi/	부사	He answered the question as truthfully as he could
organise			동사	
grin	씩웃다	/ˈɡɹɪn/	동사	
arranging		/ɝˈeɪndʒɪŋ/	명사	
hydra	히드라 | 바닷뱀자리	/ˈhaɪdɹə/	명사	Hydra was slain by Hercules
genesis	창세기	/ˈdʒɛnəsəs/	명사	
energetic	정력적인	/ˌɛnɝˈdʒɛtɪk/	형용사	An energetic group of hikers
postal	우체국의	/ˈpoʊstəɫ/	형용사	Postal delivery
aloud	똑똑히 | 큰 소리로	/əˈɫaʊd/	부사	Cried aloud for help
archive		/ˈɑɹˌkaɪv/	명사	
nauseous	욕지기나게 하는	/ˈnɔʃəs/	형용사	
muse	시심 | 심사 묵고하다	/ˈmjuz/	동사	Euterpe was his muse
ernst		/ˈɝnst/	명사	
constitutional	구성상 | 입헌적인 | 체질상의	/ˌkɑnstəˈtuʃənəɫ/	형용사	Constitutional walk
recital	독주회 | 시연회 | 리사이틀	/ɹəˈsaɪtəɫ/	명사	His wife gave a recital of his infidelities
covenant	날인증서 | 계약 조항 | 계약하다	/ˈkəvənənt/	명사	They covenanted with Judas for 30 pieces of silver
cloudy	흐리다 | 구름같은 | 구름 무늬의	/ˈkɫaʊdi/	형용사	A cloudy liquid
prestige	부귀 | 위세 | 위신	/pɹɛˈstiʒ/	명사	He wanted to achieve power and prestige
olivier		/ˌoʊˈɫɪˌviˌeɪ/	명사	
helper	돕는사람 | 지원자 | 조수	/ˈhɛɫpɝ/	명사	
astray	길을잃어	/əˈstɹeɪ/	부사	He was led astray
ip		/ˈaɪˈpi/	명사	
casing	문츨 | 케이스 | 쇠 파이프	/ˈkeɪsɪŋ/	명사	The casings had rotted away and had to be replaced
coo	거참 | 정답게 속삭이다 | 정답게 소곤거리다	/ˈku/	동사	The mother who held her baby was cooing softly
sterile	균없는 | 살균한 | 메마른	/ˈstɛɹəɫ/	형용사	A sterile operating area
bagel		/ˈbeɪɡəɫ/	명사	
intimidate	위협시키다 | 협박하다	/ˌɪnˈtɪmɪˌdeɪt/	동사	Her boss intimidates her
forgery	위조 | 위조 문서 | 위서	/ˈfɔɹdʒɝi/	명사	
kenya	케냐	/ˈkɛnjə/	명사	
vector	방향량 | 벡터 | 진로를 인도하다	/ˈvɛktɝ/	명사	Fleas are vectors of the plague
huck		/ˈhək/	명사	
nausea	매스꺼움 | 배멀미 | 욕지기	/ˈnɔziə/	명사	
detonate	폭발시키다	/ˈdɛtəˌneɪt/	동사	The bomb detonated at noon
lenin		/ˈɫɛnən/	명사	
inhuman	비인간적인 | 초인적인	/ˌɪnˈhjumən/	형용사	A babel of inhuman noises
horsepower		/ˈhɔɹˌspaʊɝ/	명사	
pascal	파스칼 | 물리학자 | 수학자	/pæˈskæɫ/	명사	
informer	고발자 | 스파이 | 통지자	/ˌɪnˈfɔɹmɝ/	명사	
hoot	부엉부엉울다 | 야유하다	/ˈhut/	동사	The toughs and blades of the city hoot and bang their drums, drink arak, play dice, and dance
plugged		/ˈpɫəɡd/	형용사	The drain was plugged
oriental	동양학 | 동양통 | 동양풍	/ˌɔɹiˈɛnəɫ/	형용사	Oriental civilization
tram	광차 | 시가전차	/ˈtɹæm/	명사	
reyes		/ˈɹeɪɪs/	명사	
chaplain	교회사 | 군목 | 예배당목사	/ˈtʃæpɫən/	명사	
farce	소극 | 익살극	/ˈfɑɹs/	명사	
whipping	물매 | 채질 | 채찍질	/ˈhwɪpɪŋ/	명사	Some sharp and whipping lines
violently	폭력적으로 | 격렬히 | 심하게	/ˈvaɪəɫəntɫi/	부사	They attacked violently
ashtray	재떨이 | 재투성이	/ˈæʃˌtɹeɪ/	명사	
neigh		/ˈneɪ/	명사	
spoilt			형용사	A refrigerator full of spoilt food
nobility	고결함 | 남작 | 숭고	/noʊˈbɪɫəti/	명사	
scoot	휙 달림 | 휙 달리다	/ˈskut/	동사	
abdominal		/æbˈdɑmənəɫ/	형용사	Abdominal muscles
blueprint	청사진 | 청사유수	/ˈbɫuˌpɹɪnt/	명사	A blueprint for a house
dealings		/ˈdiɫɪŋz/	명사	He has always been honest is his dealings with me
pitched		/ˈpɪtʃt/	형용사	He pitched his voice very low
coalition	연립 | 제휴	/ˌkoʊəˈɫɪʃən/	명사	
espionage	간첩행위	/ˈɛspiənɑdʒ/	명사	
dishwasher		/ˈdɪʃˌwɑʃɝ/	명사	
minded		/ˈmaɪndəd/	형용사	I am not minded to answer any questions
cheyenne	샤이엔족 | 샤이언 말	/ʃaɪˈɛn/	명사	
wrestler	씨름꾼 | 레슬링선수	/ˈɹɛsəɫɝ/	명사	
barbarian	야만인 | 미개한	/bɑɹˈbɛɹiən/	명사	Barbarian invaders
loony	미치광이	/ˈɫuni/	명사	
kangaroo	캥거루	/ˌkæŋɡɝˈu/	명사	
dialect	사투리 | 방언 | 통용어	/ˈdaɪəˌɫɛkt/	명사	The immigrants spoke an odd dialect of English
counsellor		/ˈkaʊnsəɫɝ/	명사	
tsunami		/suˈnɑmi/	명사	A colossal tsunami destroyed the Minoan civilization in minutes
locket	로킷	/ˈɫɑkɪt/	명사	
sorcerer	마법사 | 마술사	/ˈsɔɹsɝɝ/	명사	
pilgrim	순례자 | 순례	/ˈpɪɫɡɹəm/	명사	
incorrect	관례상어긋난	/ˌɪnkɝˈɛkt/	형용사	An incorrect calculation
parameter	모수 | 보조변수 | 매개 변수	/pɝˈæmətɝ/	명사	
risotto		/ˌɹiˈsɔˌtoʊ/	명사	
unreliable	부실	/ˌənɹiˈɫaɪəbəɫ/	형용사	An unreliable trestle
agricultural		/ˌæɡɹəˈkəɫtʃɝəɫ/	형용사	An agricultural college
willard		/ˈwɪɫɝd/	명사	
marital	남편의 | 부부간의 | 혼인의	/ˈmɛɹətəɫ/	형용사	Marital fidelity
wilkes		/ˈwɪɫks/	명사	
scramble	그러모으다 | 불규칙하게 뻗다 | 기어오르다	/ˈskɹæmbəɫ/	동사	The friend scrambled after them
hera		/ˈhɪɹə/	명사	
starvation	아사 | 허기 | 굶주림	/stɑɹˈveɪʃən/	명사	The besiegers used starvation to induce surrender
summons	호출 | 호출하다 | 법정에 소환하다	/ˈsəmənz/	명사	
aquarium	수족관 | 양어지	/əˈkwɛɹiəm/	명사	
sanity	온건 | 정신이 건전함 | 건전	/ˈsænəti/	명사	
caste	사성 | 카스트 | 배타적계급	/ˈkæst/	명사	Lose caste by doing work beneath one's station
wedge	밀어 제치다 | 밀고 나가다 | 쐐기	/ˈwɛdʒ/	명사	
bedside	머리맡 | 배겟머리 | 침대곁	/ˈbɛdˌsaɪd/	명사	The doctor stood at her bedside
tribunal	법관석 | 법정	/tɹəbˈjunəɫ/	명사	
emerson		/ˈɛmɝsən/	명사	
automated		/ˈɔtəˌmeɪtɪd/	형용사	An automated stoker
treachery	배심 | 배신 | 반역	/ˈtɹɛtʃɝi/	명사	
explorer	탐험가 | 탐구자	/ɪksˈpɫɔɹɝ/	명사	
greens	채소	/ˈɡɹinz/	명사	
dunk		/ˈdəŋk/	동사	He dunked the ball
amused	즐거워 하는	/əmˈjuzd/	형용사	We are not amused
kappa	카파	/ˈkæpə/	명사	
goblin	악귀	/ˈɡɑbɫɪn/	명사	
lark	종다리 | 희롱거리다	/ˈɫɑɹk/	명사	
commissioned		/kəˈmɪʃənd/	형용사	Commissioned broker
reassuring	든든하다	/ˌɹiəˈʃʊɹɪŋ/	형용사	A very reassuring remark
disclose	노출시키다 | 폭로하다 | 발설하다	/dɪˈskɫoʊz/	동사	The curtain rose to disclose a stunning set
seaside		/ˈsiˌsaɪd/	명사	
politely	깍듯이	/pəˈɫaɪtɫi/	부사	The policeman answered politely, `Now look here, lady...'
preoccupied		/pɹiˈɑkjəˌpaɪd/	형용사	A preoccupied frown
incense	아부 | 분향하다 | 향내	/ˈɪnˌsɛns/	명사	Incense filled the room
folly	우론 | 어리석음 | 어리석은 짓	/ˈfɑɫi/	명사	Trying to drive through a blizzard is the height of folly
pear	배 | 성양배 | 진주빛	/ˈpɛɹ/	명사	
irs		/ˈaɪˌɑˈɹɛs/	명사	
lavender	라벤더 | 연보라색	/ˈɫævəndɝ/	형용사	
graceful	아담하다 | 우미한	/ˈɡɹeɪsfəɫ/	형용사	
stretcher	들것 | 뻗는 사람	/ˈstɹɛtʃɝ/	명사	
simulation	모의실험 | 꾀병	/ˌsɪmjəˈɫeɪʃən/	명사	
groovy	흠이 있는	/ˈɡɹuvi/	형용사	
basin	대야 | 세면기	/ˈbeɪsən/	명사	The basin of the Great Salt Lake
luncheon	오찬	/ˈɫəntʃən/	명사	
disobey	듣지 않다 | 반항하다	/ˌdɪsəˈbeɪ/	동사	He disobeyed his supervisor and was fired
snot	코딱지 | 콧물	/ˈsnɔt/	명사	
mil	밀	/ˈmɪɫ/	명사	
sinful	죄많은 | 죄있는	/ˈsɪnfəɫ/	형용사	A sinful person
yearning	동경	/ˈjɝnɪŋ/	명사	
gruesome		/ˈɡɹusəm/	형용사	Gruesome evidence of human sacrifice
aide		/ˈeɪd/	명사	
masculine	남자같은 | 남자다운	/ˈmæskjəɫən/	형용사	A masculine cadence
mortimer		/ˈmɔɹtɪmɝ/	명사	
hopper		/ˈhɑpɝ/	명사	At hopscotch, the best hoppers are the children
banjo	밴조	/ˈbænˌdʒoʊ/	명사	
camelot	캐멀롯	/ˈkæməˌɫɑt/	명사	
blazing		/ˈbɫeɪzɪŋ/	형용사	The blazing sun
dos		/ˈdoʊs/	명사	
crowned	관식을 단 | 왕관을 쓴 | 춤이 있는	/ˈkɹaʊnd/	형용사	A high-crowned hat
painkiller	진통제	/ˈpeɪnˌkɪɫɝ/	명사	
rave	격찬하다 | 절규하다 | 격찬하는	/ˈɹeɪv/	동사	He gave it a rave
silvia		/ˈsɪɫviə/	명사	
cover-up		/ˈkəvɝˌəp/	명사	
cassette	파트로네 | 필름통 | 카세트 플레이어	/kəˈsɛt/	명사	
sorting	소팅	/ˈsɔɹtɪŋ/	명사	The bottleneck in mail delivery is the process of sorting
misplaced		/mɪsˈpɫeɪst/	형용사	Misplaced tickets
prehistoric		/ˌpɹihɪˈstɔɹɪk/	형용사	Prehistoric peoples
designing	의장 | 설계의	/dɪˈzaɪnɪŋ/	명사	A selfish and designing nation obsessed with the dark schemes of European intrigue
suspense	미결정 | 서스펜스 | 이도저도 아님	/səˈspɛns/	명사	The play kept the audience in suspense
jap		/ˈdʒæp/	명사	
renounce	선서하고 버리다 | 기권하다 | 단념하다	/ɹɪˈnaʊns/	동사	She renounced her husband
herald	고지자 | 문장관 | 보도자	/ˈhɛɹəɫd/	동사	The chieftain had a herald who announced his arrival with a trumpet
randomly		/ˈɹændəmɫi/	부사	The houses were randomly scattered
stylish	멋있다 | 멋진 | 멋쟁이의	/ˈstaɪɫɪʃ/	형용사	The stylish resort of Gstadd
spleen	비장 | 지라 | 비위	/ˈspɫin/	명사	
investing		/ˌɪnˈvɛstɪŋ/	명사	
protestant		/ˈpɹɑtəstənt/	형용사	Protestant churches
circumstantial	정황적인 | 처지상 | 생활상태의	/ˌsɝkəmˈstænʃəɫ/	형용사	A circumstantial report about the debate
smear	손상 시키다 | 얼룩 | 더럽혀지다	/ˈsmɪɹ/	명사	Smear the wall with paint
pantry	식료품실	/ˈpæntɹi/	명사	
guiding		/ˈɡaɪdɪŋ/	형용사	A guiding principle
flavour			명사	
erection	발기 | 설립 | 직립	/ɪˈɹɛkʃən/	명사	
gravel	자갈	/ˈɡɹævəɫ/	명사	
raccoon	미국너구리	/ɹæˈkun/	명사	
classics	고문	/ˈkɫæsɪks/	명사	
enlighten	개화하다 | 계몽하다 | 깨우치다	/ˌɛnˈɫaɪtən/	동사	Can you enlighten me--I don't understand this proposal
enhance		/ɛnˈhæns/	동사	This will enhance your enjoyment
spinach	시금치	/ˈspɪnətʃ/	명사	
binding	동이는 | 속박하는 | 결박	/ˈbaɪndɪŋ/	명사	A binding contract
goldman		/ˈɡoʊɫdmən/	명사	
invalid	병약자 | 병자 | 병약한	/ˈɪnvəɫəd/	명사	Invalid reasoning
johns		/ˈdʒɑnz/	명사	
fashioned		/ˈfæʃənd/	형용사	Beautifully fashioned dresses
ledger	대장 | 기입장 | 대석	/ˈɫɛdʒɝ/	명사	
majestic		/məˈdʒɛstɪk/	형용사	Majestic cities
zhou		/ˈʒu/	명사	
historian	역사가 | 사가	/hɪˈstɔɹiən/	명사	
diplomat	외교관	/ˈdɪpɫəˌmæt/	명사	
wrinkle	주름잡다 | 주름지다	/ˈɹɪŋkəɫ/	명사	The dress got wrinkled
aryan	아리아족	/ˈɑɹiən/	명사	
para		/ˈpɛɹə/	명사	
palestine	팔레스타인	/ˈpæɫəˌstaɪn/	명사	
insulin	인슐린	/ˈɪnsəɫən/	명사	
pagan	무종교자 | 이교화하다 | 이교도	/ˈpeɪɡən/	명사	
swimmer	수영자 | 헤엄치는 사람	/ˈswɪmɝ/	명사	He is not a good swimmer
disgraced		/dɪsˈɡɹeɪst/	형용사	
bygone		/ˈbaɪˌɡɔn/	명사	Let bygones be bygones
intellect	지능 | 지력 | 지성	/ˈɪnəˌɫɛkt/	명사	He has a keen intellect
accommodate	숙박시키다 | 적응시키다 | 화해시키다	/əˈkɑməˌdeɪt/	동사	This hotel can accommodate 250 guests
posture	자세	/ˈpɑstʃɝ/	명사	Stood with good posture
giraffe	기린 | 지라프	/dʒɝˈæf/	명사	
petersburg		/ˈpitɝzbɝɡ/	명사	
hammering	탕탕치는 | 망치로 침 | 맹타	/ˈhæmɝɪŋ/	명사	
damaging		/ˈdæmɪdʒɪŋ/	형용사	Damaging to career and reputation
colossal	터무니없는	/kəˈɫɑsəɫ/	형용사	Has a colossal nerve
renew	새로워지다 | 갱신하다 | 부활하다	/ɹɪˈnu/	동사	They renewed their membership
iceberg	빙산 | 빙산의 일각 | 불감증인 여자	/ˈaɪsbɝɡ/	명사	Iceberg is still the most popular lettuce
vigilante	자경단원	/ˌvɪdʒəˈɫænti/	명사	
emile		/eɪˈmiɫ/	명사	
cellular	셀룰러 | 통화존식의 | 셀 방식의	/ˈsɛɫjəɫɝ/	형용사	Cellular physiology
indecent	음란한	/ˌɪnˈdisənt/	형용사	An indecent gesture
dangerously	위험하게	/ˈdeɪndʒɝəsɫi/	부사	He came dangerously close to falling off the ledge
ramona		/ɹəˈmoʊnə/	명사	
grammar	문법 | 문전 | 문법책	/ˈɡɹæmɝ/	명사	
thrash	갈기다 | 도리깨질 | 뒹굴다	/ˈθɹæʃ/	동사	The system is thrashing again!
hutch	우릿간	/ˈhətʃ/	명사	
pager	삐삐	/ˈpeɪdʒɝ/	명사	
dispatcher	배차원 | 발송 계원	/ˈdɪsˌpætʃɝ/	명사	
stump	꼬투리 | 의족 | 의족으로 걷다	/ˈstəmp/	명사	This problem stumped her
gator		/ˈɡeɪtɝ/	명사	
teammate	팀의 일원	/ˈtiˌmeɪt/	명사	It was his first start against his former teammates
disconnect	떼다	/dɪskəˈnɛkt/	동사	There is a vast disconnect between public opinion and federal policy
morally	도덕적으로	/ˈmɔɹəɫi/	부사	Morally unjustified
feud	반목	/ˈfjud/	명사	The two professors have been feuding for years
apiece	제각기	/əˈpis/	부사	
theatrical	극장의	/θiˈætɹɪkəɫ/	형용사	A theatrical pose
distinguish	두르러지가하다 | 분류하다	/dɪˈstɪŋɡwɪʃ/	동사	We distinguish several kinds of maple
strive	노력하다 | 겨루다	/ˈstɹaɪv/	동사	
flourish	융성 | 활약하다 | 번영하다	/ˈfɫɝɪʃ/	동사	She entered with a great flourish
reeve	원님 | 광부 감독 | 목도리도요의 암컷	/ˈɹiv/	동사	Reeve an opening
unnecessarily	불필요하게 | 무익하게	/ənˈnɛsəˌsɛɹəɫi/	부사	They were unnecessarily rude
perceive	지각하다 | 알아채다	/pɝˈsiv/	동사	I could perceive the ship coming over the horizon
upstate		/ˈəpˈsteɪt/	부사	He lives upstate New York
accuracy	정밀 | 정확 | 적실성	/ˈækjɝəsi/	명사	He was beginning to doubt the accuracy of his compass
bitterness	격심함 | 비참함	/ˈbɪtɝnəs/	명사	
fundraiser	기금 조달자	/ˈfənˌdɹeɪzɝ/	명사	
insolent	오만한 | 발칙하다	/ˈɪnsəɫənt/	형용사	
strauss		/ˈstɹaʊs/	명사	
circular	회보 | 원의 | 주유의	/ˈsɝkjəɫɝ/	형용사	The circular motion of the wheel
purge	변동시키다 | 일소하다	/ˈpɝdʒ/	동사	Purge the water
mingle		/ˈmɪŋɡəɫ/	동사	Resourcefully he mingled music and dance
manufacture	제작 | 남작하다 | 제작하다	/ˌmænjəˈfæktʃɝ/	동사	They manufacture small toys
casually	임시로 | 아무렇지 않다	/ˈkæʒəwəɫi/	부사	Glanced casually at the headlines
handler	매니저 | 취급하는 사람	/ˈhændəɫɝ/	명사	The senator's campaign handlers
hobbs		/ˈhɑbz/	명사	
slain		/ˈsɫeɪn/	명사	A picture of St. George and the slain dragon
phd		/ˈpiˌeɪtʃˈdi/	명사	
multiply	곱하다 | 늘리다 | 상승	/ˈməɫtəˌpɫaɪ/	동사	Multiply 10 by 15
confinement	틀어박힘 | 감금 | 국한	/kənˈfaɪnmənt/	명사	He was held in confinement
divert	전용하다 | 기분을전환하다	/daɪˈvɝt/	동사	
ambrose		/ˈæmˌbɹoʊz/	명사	
ia	병명에 붙임 | 나라이름에 붙임	/ˈiə/	명사	
mit		/ˈɛˈmaɪˈti/	명사	
youthful	젊다 | 젊음에 넘치는	/ˈjuθfəɫ/	형용사	
herbal	본초서 | 식물지	/ˈɝbəɫ/	명사	Herbal tea, herbal medicine
lawful	법정의	/ˈɫɔfəɫ/	형용사	The true and lawful king
stacked	육체미 있는	/ˈstækt/	형용사	
reasonably	마땅하여 | 무리없이 | 분별있게	/ˈɹizənəbɫi/	부사	Acted quite reasonably
mainstream	주류 | 대세 | 주체	/ˈmeɪnˌstɹim/	명사	His thinking was in the American mainstream
alimony	별거수당	/ˈæɫəˌmoʊni/	명사	
budapest	부다페스트	/ˈbudəˌpɛst/	명사	
awakened		/əˈweɪkənd/	형용사	An awakened interest in ballet
ore	원광 | 광석	/ˈɔɹ/	명사	
curl	감음 | 굽어지다 | 말아올림	/ˈkɝɫ/	동사	Curl my hair, please
uprising	의거 | 오르막	/ˈəˌpɹaɪzɪŋ/	명사	The sun uprising sees the dusk night fled...
cabaret	카바레 | 카바레의 여흥	/ˌkæbɝˈeɪ/	명사	Don't expect a good meal at a cabaret
manufacturer	공장주 | 제조업자	/ˌmænjəˈfæktʃɝɝ/	명사	
boulder	큰둥근돌	/ˈboʊɫdɝ/	명사	
manpower		/ˈmænˌpaʊɝ/	명사	
mush	값싼 감상 | 전세 마차집	/ˈməʃ/	명사	
recycling	재활용 | 재이용 | 재생 이용	/ɹiˈsaɪkəɫɪŋ/	명사	
disarm	무장 해제하다	/dɪˈsɑɹm/	동사	Her charm disarmed the prosecution lawyer completely
elusive	알기어려운 | 용하게 빠져나가다	/ɪˈɫusɪv/	형용사	A haunting elusive odor
flawless	말짱하다	/ˈfɫɔɫəs/	형용사	A flawless gemstone
harmful		/ˈhɑɹmfəɫ/	형용사	Harmful effects of smoking
horseback		/ˈhɔɹsˌbæk/	명사	He rode horseback to town
owens		/ˈoʊənz/	명사	
thankfully		/ˈθæŋkfəɫi/	부사	He accepted thankfully my apologies
recreate	소창하다 | 기운을 회복시키다 | 상쾌하게 하다	/ˈɹɛkɹiˌeɪt/	동사	The students all recreate alike
navigate	항해하다 | 항행하다 | 걸어서 가다	/ˈnævəˌɡeɪt/	동사	He navigated his way to the altar
pun	신소리 | 신소리 하다 | 다져서 굳히다	/ˈpən/	명사	I do it for the pun of it
ethnic	인종학의	/ˈɛθnɪk/	형용사	Influenced by ethnic and cultural ties
esteemed		/ɪˈstimd/	형용사	Our esteemed leader
exterior	외부 | 외면 | 피상적	/ɪkˈstɪɹiɝ/	명사	Exterior paints
triad	세폭짜리	/ˈtɹaɪˌæd/	명사	
licensed	공인주류 판매점	/ˈɫaɪsənst/	형용사	Licensed pharmacist
dissolve	해소시키다 | 타다 | 녹이다	/dɪˈzɑɫv/	동사	Their marriage dissolved
iraqi	이라크사람	/ˌaɪˈɹæki/	명사	The majority of Iraqi are Arab Shiite Muslims although Sunni Muslims control the government
portfolio	손가방 | 종이 끼우개	/pɔɹtˈfoʊɫiˌoʊ/	명사	Every actor has a portfolio of photographs
pussycat		/ˈpʊsiˌkæt/	명사	
booby	견조 | 꼴찌	/ˈbubi/	명사	
knack		/ˈnæk/	명사	He had a special knack for getting into trouble
cpr			명사	
lei	레이	/ˈɫeɪ/	명사	
racism	민족적 전통 | 인종적 증오 | 인종적 차별	/ˈɹeɪˌsɪzəm/	명사	
nato	나토 | 북대서양 조약기구	/ˈneɪtoʊ/	명사	
mayo		/ˈmeɪoʊ/	명사	
stingy		/ˈstɪndʒi/	형용사	She practices economy without being stingy
kaiser	카이저	/ˈkaɪzɝ/	명사	
registry	호적등기소 | 기재 | 직업소개소	/ˈɹɛdʒɪstɹi/	명사	
shah		/ˈʃɑ/	명사	
blinking	명멸하는 | 깜박거리는 | 번쩍이는	/ˈbɫɪŋkɪŋ/	형용사	What a bally (or blinking) nuisance
duo	이중주 | 콤비	/ˈduoʊ/	명사	
gymnastics	체조	/dʒɪmˈnæstɪks/	명사	
jag	뿌다구니		명사	He clutched a jag of the rock
valiant	용감한	/ˈvæɫjənt/	형용사	A valiant soldier
exploited		/ˈɛksˌpɫɔɪtəd/	형용사	
attachment	부착 | 애착 | 애착심	/əˈtætʃmənt/	명사	Attachment to a formal agenda
crispy	부스러지기 쉬운 | 싱싱하다 | 아삭아삭하는	/ˈkɹɪspi/	형용사	
administrative		/ədˈmɪnəˌstɹeɪtɪv/	형용사	
crave		/ˈkɹeɪv/	동사	
persuasive	설득적	/pɝˈsweɪsɪv/	형용사	Persuasive eloquence
turmoil	혼란	/ˈtɝˌmɔɪɫ/	명사	
unworthy	가치 없는 | 부끄러운 | 비열한	/ənˈwɝði/	형용사	Unworthy of forgiveness
fulfil		/fʊɫˈfɪɫ/	동사	
rooting		/ˈɹutɪŋ/	명사	The pig was rooting for truffles
stoop	굴종 | 새우등 | 전락하다	/ˈstup/	동사	The eagle stooped on the mice in the field
ee	생략형 | 지소자 미	/ˈi/	명사	
demonstrated		/ˈdɛmənˌstɹeɪtɪd/	형용사	The experiment demonstrated the instability of the compound
volleyball	배구	/ˈvɑɫiˌbɔɫ/	명사	
chord	화음 | 익현 | 화현	/ˈkɔɹd/	명사	
berkeley	바클리	/ˈbɝkɫi/	명사	
oblige	하여주다	/əˈbɫaɪdʒ/	동사	We had to oblige him
radiant	광점 | 광체 | 방사되는	/ˈɹeɪˌdiənt/	형용사	A radiant sunrise
anticipation	예상 | 예기	/ænˌtɪsəˈpeɪʃən/	명사	Each of them had their own anticipations
aroused		/ɝˈaʊzd/	형용사	The aroused opposition
paralysis	마비 | 정체	/pɝˈæɫəsəs/	명사	
ferocious	사나운 | 흉악한	/fɝˈoʊʃəs/	형용사	A ferocious beating
heinous	가증한	/ˈheɪnəs/	형용사	Heinous accusations
roulette	룰렛 | 점선기 | 작은 인두	/ɹuˈɫɛt/	명사	
enjoyable	즐거운	/ˌɛnˈdʒɔɪəbəɫ/	형용사	The company was enjoyable
torso	토르소 | 허리통	/ˈtɔɹˌsoʊ/	명사	
compassionate	측은히 여기다 | 동정적인 | 동정하다	/kəmˈpæʃənət/	동사	Heard the soft and compassionate voices of women
delegation	위원단 | 파견단	/ˌdɛɫəˈɡeɪʃən/	명사	
plaque	액자	/ˈpɫæk/	명사	
alonso		/əˈɫɑnsoʊ/	명사	
bowman	활의사수	/ˈboʊmən/	명사	
uterus	자궁	/ˈjutɝəs/	명사	
buggy	초조하게 만드는	/ˈbəɡi/	명사	
tally	물표 | 부신 | 패	/ˈtæɫi/	명사	Their first tally came in the 3rd inning
unusually	보통과는 달리 | 유별나게	/ənˈjuˌʒuəɫi/	부사	She was unusually tall
tibet	티베트	/təˈbɛt/	명사	
fez	터키모 | 페즈모	/ˈfɛz/	명사	
charcoal	목탄화 | 숯 | 목탄	/ˈtʃɑɹˌkoʊɫ/	명사	
healer	치료하는 사람	/ˈhiɫɝ/	명사	
eel	뱀장어 | 빈틈없는사람	/ˈiɫ/	명사	
tamil	타밀 사람	/ˈtæmɪɫ/	명사	Tamil agglutinative phrases
camouflage	위장하다 | 위장 | 미채	/ˈkæməˌfɫɑʒ/	명사	The troops camouflaged themselves before they went into enemy territory
seagull		/ˈsiˌɡəɫ/	명사	
hub	중심부 | 바퀴통	/ˈhəb/	명사	The airport is the economic hub of the area
mailman		/ˈmeɪɫˌmæn/	명사	
furry	설태가 낀	/ˈfɝi/	형용사	A furry teddy bear
pronto		/ˈpɹɑntoʊ/	부사	
sedan	세단형 자동차	/səˈdæn/	명사	
amir		/ɑˈmɪɹ/	명사	
edible	먹을수있는	/ˈɛdəbəɫ/	명사	
trifle	낭비하다 | 좀 | 트라이플	/ˈtɹaɪfəɫ/	명사	
calcutta	캘커타	/ˌkæɫˈkətə/	명사	
colon	결장 | 콜론	/ˈkoʊɫən/	명사	
crotch	아귀 | 가랑이	/ˈkɹɑtʃ/	명사	He climbed into the crotch of a tree
costing		/ˈkɔstɪŋ/	명사	
snail	굼뱅이 | 달팽이	/ˈsneɪɫ/	명사	We went snailing in the summer
vista	가로수 길	/ˈvɪstə/	명사	
fiend	중독자 | 악마 | 악령	/ˈfind/	명사	
ultra	과격론자 | 초과 | 과격한	/ˈəɫtɹə/	형용사	An ultra conservative
pinkie	계지 | 새끼 손가락	/ˈpɪŋki/	명사	
voluntary	수의근 | 수의적인 | 능동적	/ˈvɑɫəntɛɹi/	형용사	Voluntary motions
widely	널리 | 대폭 | 활짝	/ˈwaɪdɫi/	부사	Widely separated
uncommon	유난히 | 흔하지 않은 | 드문	/ənˈkɑmən/	형용사	An uncommon sense of humor
farrell		/ˈfɛɹɪɫ/	명사	
infiltrate		/ˈɪnfɪɫˌtɹeɪt/	동사	The substance infiltrated the material
sophomore		/ˈsɑfˌmɔɹ/	명사	His sophomore year
medallion	큰 메달	/məˈdæɫjən/	명사	Medallions of veal
eiffel		/ˈaɪfəɫ/	명사	
wilder		/ˈwaɪɫdɝ/	명사	
dyke		/ˈdaɪk/	명사	
bailiff	집행관 | 법정내의 간수 | 집달리	/ˈbeɪɫəf/	명사	
peril	위해 | 모험 | 위험에 빠뜨리다	/ˈpɛɹəɫ/	명사	
plaintiff		/ˈpɫeɪnəf/	명사	
emilia		/əˈmiɫiə/	명사	
transmitted		/tɹænsˈmɪtɪd/	형용사	Genetically transmitted features
bonnet	남자모자 | 보닛 | 여자모자	/ˈbɑnət/	명사	
assassinated		/əˈsæsəˌneɪtɪd/	형용사	He assassinated his enemy's character
emptiness	빔 | 빈 곳 | 텅 빔	/ˈɛmptinəs/	명사	The emptiness of outer space
normandy	노르망디	/ˈnɔɹməndi/	명사	
cheetah	치타	/ˈtʃitə/	명사	
whiz	윙윙하다	/ˈhwɪz/	명사	He heard the whiz of bullets near his head
saga	계도소설 | 대하소설 | 무용 전설	/ˈsɑɡə/	명사	
bullock	불깐소	/ˈbʊɫək/	명사	
binoculars	쌍안경	/bəˈnɑkjəɫɝz/	명사	
accord	일치	/əˈkɔɹd/	동사	We are in accord with your proposal
diva		/ˈdivə/	명사	
birmingham		/ˈbɝmɪŋˌhæm/	명사	
sita			명사	
concierge	수위	/ˌkɑnsiˈɛɹʒ/	명사	
clams		/ˈkɫæmz/	명사	
questionable	수상 | 수상하다 | 의심스럽다	/ˈkwɛstʃənəbəɫ/	형용사	Questionable motives
spook	유령	/ˈspuk/	명사	The noise spooked the horse
pinpoint	핀 끝의	/ˈpɪnˌpɔɪnt/	명사	Can you pinpoint the position of the enemy?
hereafter	이래 | 금후 | 내세에서	/hɪˈɹæftɝ/	부사	Hope to win salvation hereafter
brook	냇물 | 실개천	/ˈbɹʊk/	명사	
weakened		/ˈwikənd/	형용사	The fever weakened his body
marshals		/ˈmɑɹʃəɫz/	명사	
ironically	비꼬아 | 얄궂게도 | 반어적으로	/aɪˈɹɑnɪkɫi/	부사	She began to mimic him ironically
bodily	통째로 | 육체적인-몸소	/ˈbɑdəɫi/	부사	Bodily functions
hypnosis	최면 | 최면술 | 최면상태	/hɪpˈnoʊsəs/	명사	
secretive	솔직하지 않은	/ˈsikɹətɪv/	형용사	
dominion	통치령 | 통치 | 주권	/dəˈmɪnjən/	명사	France held undisputed dominion over vast areas of Africa
civic	시민의 | 시의 | 공민답게	/ˈsɪvɪk/	형용사	
torus	꽃받기 | 꽃턱 | 원환체		명사	
uncertainty	불명 | 불확정	/ənˈsɝtənti/	명사	The uncertainty of the outcome
vortex		/ˈvɔɹtɛks/	명사	
tights	티이츠	/ˈtaɪts/	명사	
cello	첼로	/ˈtʃɛɫoʊ/	명사	
herring	청어	/ˈhɛɹɪŋ/	명사	
ab		/ˈæb/	명사	
disability	무력 | 불구 不具	/ˌdɪsəˈbɪɫɪti/	명사	Reading disability
griffith		/ˈɡɹɪfəθ/	명사	
orchid	난초 | 연자주 빛의	/ˈɔɹkɪd/	명사	
hostility	전쟁상태 | 적의 | 적대	/hɑˈstɪɫəti/	명사	He could not conceal his hostility
housekeeping		/ˈhaʊˌskipɪŋ/	명사	
wonderland		/ˈwəndɝˌɫænd/	명사	
andromeda	안드로메다자리 | 이디오피아 자리	/ænˈdɹɑmədə/	명사	
premium	덤 | 덧돈 | 프리미엄	/ˈpɹimiəm/	명사	Premium gasoline at a premium price
broccoli	모란채	/ˈbɹɑkəɫi/	명사	
garfield	가필드	/ˈɡɑɹˌfiɫd/	명사	
mussolini		/ˌmusoʊˈɫini/	명사	
pottery	도기 | 도기 제조 | 오지 그릇	/ˈpɑtɝi/	명사	
shrapnel	유산탄	/ˈʃɹæpnəɫ/	명사	
planner	계획표	/ˈpɫænɝ/	명사	
rounded	둥글린 | 원순음의 | 끝수가 없는	/ˈɹaʊndəd/	형용사	Low rounded hills
cactus	선인장	/ˈkæktəs/	명사	
motherland	조국 | 모국	/ˈməðɝˌɫænd/	명사	
wilt	시들다 | 청고병 | 이울다	/ˈwɪɫt/	동사	The flowers wilted
unbelievably		/ˌənbəˈɫivəbɫi/	부사	He was unbelievably angry
fairness	금빛 | 형평성 | 예쁨	/ˈfɛɹnəs/	명사	The judge recognized the fairness of my claim
continuously	계속 | 마구 | 마냥	/kənˈtɪnjuəsɫi/	부사	The function is continuously differentiable
monarch	군주	/ˈmɑˌnɑɹk/	명사	
narrative	화술 | 화술의 | 설화	/ˈnæɹətɪv/	명사	Narrative poetry
roth		/ˈɹɔθ/	명사	
catcher	캐처 | 캐처보트	/ˈkæˌtʃɝ/	명사	A catcher plays behind the plate
dictatorship	독재정권 | 독재	/dɪkˈteɪtɝˌʃɪp/	명사	
controversy	논전 | 논쟁 | 논의	/ˈkɑntɹəˌvɝsi/	명사	
dignified	고귀한 | 위험 있는 | 음전	/ˈdɪɡnəˌfaɪd/	형용사	Her dignified demeanor
tilt	차일 | 찌르기 | 기울임	/ˈtɪɫt/	동사	The tower is tilting
pretentious	뽐내는	/pɹiˈtɛnʃəs/	형용사	A pretentious fraud
dell		/ˈdɛɫ/	명사	
jeopardize	위험에 빠뜨리다	/ˈdʒɛpɝˌdaɪz/	동사	
osborne		/ˈɔzˌbɔɹn/	명사	
diversity	다름	/daɪˈvɝsɪti/	명사	A diversity of possibilities
shabby	헌 | 초라하다 | 쩨쩨하다	/ˈʃæbi/	형용사	Shabby furniture
brownie	유년단원 | 땅콩이든 판초콜릿	/ˈbɹaʊni/	명사	
overdo	너무쓰다 | 과로케하다 | 너무 삶다	/ˈoʊvɝˈdu/	동사	
horrid		/ˈhɔɹəd/	형용사	When she was bad she was horrid
overrate	과대 평가하다	/ˌoʊvɝˈɹeɪt/	동사	
rethink	재고하다	/ɹiˈθɪŋk/	동사	
mastered		/ˈmæstɝd/	형용사	Her pain completely mastered her
reopen	재개되다 | 다시 열다 | 다시 열리다	/ɹiˈoʊpən/	동사	They reopened the theater
tux		/ˈtəks/	명사	
axis	축	/ˈæksəs/	명사	The Axis opposed the Allies in World War II
orchard	과수원 | 과수재배자	/ˈɔɹtʃɝd/	명사	
pleasing	마뜩하다 | 흐뭇하다	/ˈpɫizɪŋ/	형용사	A pleasing sensation
unforgivable		/ˌənfɔɹˈɡɪvəbəɫ/	형용사	
distressed	피로한 | 궁핍한	/dɪˈstɹɛst/	형용사	Distressed about her son's leaving home
bubbling		/ˈbəbəɫɪŋ/	형용사	Bubbling champagne
interact	막간극 | 상호작용하다 | 막간	/ˌɪnɝˈækt/	동사	He should interact more with his colleagues
burgundy		/ˈbɝɡəndi/	명사	
trillion		/ˈtɹɪɫjən/	명사	In England they call a trillion a billion
onwards	향하여	/ˈɑnwɝdz/	부사	
reservoir	저수통 | 잉크통 | 급수소	/ˈɹɛzəvˌwɑɹ/	명사	A reservoir of talent
participation	참여 | 참가 | 간여하다	/pɑɹˌtɪsəˈpeɪʃən/	명사	
caucasian	백인 | 코카서스지방의 | 백색 인종의	/kɔˈkeɪʒən/	명사	Caucasian languages
serbian	세르비아의 | 세르비아 사람의	/ˈsɝbiən/	명사	
manhood	남성기 | 남자다움 | 남자임	/ˈmænˌhʊd/	명사	He feared the speedy decline of all manhood
lao	라오족	/ˈɫaʊ/	형용사	
in-law		/ɪnˈɫɔ/	명사	
caramel	설탕엿 | 캐러멜 | 캐러멜 색	/ˈkɛɹəməɫ/	명사	
slander	비훼하다 | 중상하다	/ˈsɫændɝ/	명사	
drunkard		/ˈdɹəŋkɝd/	명사	
blooming	한차인 | 활짝핀 | 어처구니 없는	/ˈbɫumɪŋ/	명사	
one-on-one		/ˈwənəˈnɑn/	형용사	One-on-one defense
rinse	가셔냄 | 가시다 | 가심	/ˈɹɪns/	동사	
artwork	수공예품 | 도판 제작	/ˈɑɹtˌwɝk/	명사	The publisher was responsible for all the artwork in the book
stormy	폭풍우의 | 소란스러운	/ˈstɔɹmi/	형용사	A stormy argument
refresh	충전하다 | 먹고 마시다 | 새로이 공급하다	/ɹɪˈfɹɛʃ/	동사	The cool water refreshed us
elisa		/əˈɫisə/	명사	
expanded	평체인 | 확대한 | 팽창한	/ɪkˈspændəd/	형용사	His business expanded rapidly
chilling	쌀쌀한 | 냉담한	/ˈtʃɪɫɪŋ/	형용사	
congo	콩고 | 콩고강	/ˈkɑŋɡoʊ/	명사	
afghan	아프카니스탄 사람	/ˈæfˌɡæn/	명사	
backside	뒤쪽	/ˈbækˌsaɪd/	명사	
antarctica	남극대륙	/ˌæˈnɑɹtɪkə/	명사	Antarctica is twice the size of Australia
sandal	가죽신 | 샌들	/ˈsændəɫ/	명사	
investigative		/ˌɪnˈvɛstəˌɡeɪtɪv/	형용사	Investigative reporting
yawn	하품하다	/ˈjɔn/	동사	He could not suppress a yawn
collaboration	협조 | 공저 | 이적행위	/kəˌɫæbɝˈeɪʃən/	명사	They worked either in collaboration or independently
untouched	손대지 않은 | 언급되지 않은	/ənˈtətʃt/	형용사	An untouched cocktail in her hand
hussein		/huˈseɪn/	명사	
tuxedo	턱시도	/ˌtəkˈsidoʊ/	명사	
mak		/ˈmæk/	명사	
finer		/ˈfaɪnɝ/	형용사	A finer musician
manure	밑거름 | 비료 | 거름	/məˈnʊɹ/	명사	
compatible		/kəmˈpætəbəɫ/	형용사	A compatible married couple
moor	무어사람	/ˈmʊɹ/	동사	
keg	작은 나무통	/ˈkɛɡ/	명사	
monsignor		/mɑnˈsinjɝ/	명사	
peeled		/ˈpiɫd/	형용사	
dona		/ˈdoʊnə/	명사	Dona Marguerita
seeker	탐구자	/ˈsikɝ/	명사	They are seekers after truth
watering	살수	/ˈwɔtɝɪŋ/	명사	His eyes were watering
malaria	말라리아 | 말라리아의 독기	/məˈɫɛɹiə/	명사	
sinatra		/səˈnɑtɹə/	명사	
lending	대출 | 대여	/ˈɫɛndɪŋ/	명사	
dodger	파도막이	/ˈdɑdʒɝ/	명사	
fortnight		/ˈfɔɹtˌnaɪt/	명사	Most major tennis tournaments last a fortnight
reassure	재보증하다 | 안심시키다	/ˌɹiəˈʃʊɹ/	동사	I reassured him that we were safe
braun		/ˈbɹɔn/	명사	
meddling	간섭 | 참견	/ˈmɛdəɫɪŋ/	형용사	
overthrow	타도 | 타도하다 | 파괴	/ˈoʊvɝˌθɹoʊ/	동사	She was unprepared for this sudden overthrow of their normal way of living
postmortem	사후 토의	/ˌpoʊstˈmɔɹtɛm/	명사	Postmortem changes
excellence	미점 | 능가 | 우수성	/ˈɛksəɫəns/	명사	A center of manufacturing excellence
latch	고리쇠	/ˈɫætʃ/	동사	
dickens	디킨즈	/ˈdɪkənz/	명사	The dickens you say
leeds		/ˈɫidz/	명사	
obsessive	강박 관념의 | 강박관념을 일츠키는	/əbˈsɛsɪv/	명사	Obsessive gambling
upwards		/ˈəpwɝdz/	부사	Prices soared upwards
oatmeal	오트밀	/ˈoʊtˌmiɫ/	명사	
midday		/ˈmɪdˌdeɪ/	명사	
unmarried	미혼	/ənˈmɛɹid/	형용사	Unmarried men and women
bowie	사냥칼	/ˈboʊi/	명사	
mercenary	용병	/ˈmɝsəˌnɛɹi/	명사	Mercenary killers
perk	새침떨다 | 점잔빼다 | 머리를 쳐들다	/ˈpɝk/	명사	
outrun	달려서 이기다 | 도가 지나치다	/aʊˈtɹən/	동사	
copying	등사 | 전사	/ˈkɑpiɪŋ/	명사	
upload		/ˈəˌpɫoʊd/	동사	
freya	프로이야	/ˈfɹeɪə/	명사	
inland	내륙 | 국내로 | 내륙으로	/ˈɪnˌɫænd/	형용사	The town is five miles inland
yorkshire		/ˈjɔɹkʃɝ/	명사	
humbly	낮추고 | 겸손히 | 검소하다	/ˈhəmbɫi/	부사	He humbly lowered his head
participating		/pɑɹˈtɪsəˌpeɪtɪŋ/	형용사	The participating organizations
python	비단뱀	/ˈpaɪθɑn/	명사	
puberty	사춘기 | 묘령	/ˈpjubɝti/	명사	
crumble	바수다 | 크럼블 | 부스러지다	/ˈkɹəmbəɫ/	동사	The cookies crumbled
toot	뚜우뚜우	/ˈtut/	명사	
clot		/ˈkɫɑt/	동사	
exterminate	근절하다	/ɪkˈstɝməˌneɪt/	동사	Hitler wanted to exterminate the Jews, Gypsies, Communists, and homosexuals of Europe
rake	소사하다 | 갈퀴 | 부지깽이	/ˈɹeɪk/	동사	The gunfire raked the coast
cholesterol	콜레스테롤	/kəˈɫɛstɝˌɔɫ/	명사	
deli		/ˈdɛɫi/	명사	
augustus		/ɑˈɡəstəs/	명사	
sublime	고상한 | 장엄 | 장엄하다	/səˈbɫaɪm/	형용사	Some salts sublime when heated
demolition	폭파 | 파괴하다 | 파괴	/ˌdɛməˈɫɪʃən/	명사	
methane	메탄	/ˈmɛˌθeɪn/	명사	
appendix	부록	/əˈpɛndɪks/	명사	
dashing	멋부린 | 기운찬	/ˈdæʃɪŋ/	형용사	Waves were dashing against the rock
plank	밑에 놓다 | 디딤널 | 디딤판	/ˈpɫæŋk/	명사	Planked vegetable
chevy		/ˈʃɛˌvi/	동사	
zurich	취리히	/ˈzʊɹɪk/	명사	Zurich is the center of the German-speaking part of Switzerland
invading		/ˌɪnˈveɪdɪŋ/	형용사	
loner		/ˈɫoʊnɝ/	명사	
senile		/ˈsiˌnaɪɫ/	형용사	
commando	의용군 | 특공대 | 코만도	/kəˈmænˌdoʊ/	명사	
mantle	맨틀 | 망토	/ˈmæntəɫ/	명사	The ivy mantles the building
manufactured		/ˌmænjəˈfæktʃɝd/	형용사	
broth	고깃국	/ˈbɹɔθ/	명사	
interaction	상호의 영향 | 상호작용	/ˌɪnɝˈækʃən/	명사	
lsd		/ˌɛˌɫɛsˈdi/	명사	
sesame	깨 | 참깨	/ˈsɛsəmi/	명사	
auschwitz	아우슈비츠	/ˈaʊʃwɪts/	명사	
restraint	근신 | 삼가기 | 억제력	/ɹiˈstɹeɪnt/	명사	Legal restraints
devour	탐독하다 | 개걸스럽게 먹다 | 멸망시키다	/dɪˈvaʊɝ/	동사	She devoured his novels
sardine	정어리	/sɑɹˈdin/	명사	
orb	구 | 구체 | 안구	/ˈɔɹb/	명사	
govern	제어하다 | 통치하다 | 관제하다	/ˈɡəvɝn/	동사	Who is governing the country now?
respiratory		/ˈɹɛspɝəˌtɔɹi/	형용사	Respiratory assistance
elope	눈맞아달아나다	/ɪˈɫoʊp/	동사	The young couple eloped and got married in Las Vegas
wreckage	잔해 | 난파	/ˈɹɛkədʒ/	명사	They searched the wreckage for signs of survivors
lumber	잡동사니 | 쿵쿵걷다 | 재목	/ˈɫəmbɝ/	명사	The heavy man lumbered across the room
consist	있다 | 되어있다 | 존재하다	/kənˈsɪst/	동사	What does love consist in?
needless		/ˈnidɫəs/	형용사	A strikers' tent camp...was burned with needless loss of life
faulty		/ˈfɔɫti/	형용사	He submitted a faulty report
alps	알프스 산맥	/ˈæɫps/	명사	
assassinate	암살하다	/əˈsæsəˌneɪt/	동사	He assassinated his enemy's character
edinburgh	에딘버러	/ˈɛdənbɝoʊ/	명사	
staggering	비틀거리는	/ˈstæɡɝˌɪŋ/	형용사	Suffered a staggering defeat
murmur	웅성대다 | 중얼 거림 | 졸졸 소래내다	/ˈmɝmɝ/	동사	She murmured softly to the baby in her arms
bologna	볼로냐소시지 | 아탈리아북부도시	/bəˈɫoʊni/	명사	
brushing	솔질 | 솔로 칠함	/ˈbɹəʃɪŋ/	명사	
advancing		/ədˈvænsɪŋ/	형용사	We are advancing technology every day
commonly	공통적 | 흔히 | 보통으로	/ˈkɑmənɫi/	부사	
mentality	심성 | 심적 상태 | 정신 활동	/mɛnˈtæɫəti/	명사	
hammered		/ˈhæmɝd/	형용사	A bowl of hammered brass
meltdown	노심 융해	/ˈmɛɫtˌdaʊn/	명사	There is little likelihood of a meltdown comparable to the American banking collapse in March 1933
mastermind	지도자 | 주모자 | 입안 지도하다	/ˈmæstɝˌmaɪnd/	명사	He masterminded the robbery
brow	미간	/ˈbɹaʊ/	명사	The sun set behind the brow of distant hills
galactic		/ɡəˈɫæktɪk/	형용사	The galactic plane
strand	좌초시키다	/ˈstɹænd/	명사	A strand of pearls
tedious	지루한 | 무료하다 | 장황한	/ˈtidiəs/	형용사	Tedious days on the train
burrito		/bɝˈitoʊ/	명사	
encrypt		/ɛnˈkɹɪpt/	동사	
threads	나사산	/ˈθɹɛdz/	명사	
gill		/ˈɡɪɫ/	명사	
cremate	화장하다 | 소각하다	/ˈkɹimeɪt/	동사	Cremate a corpse
prosper	번영하다	/ˈpɹɑspɝ/	동사	
ferdinand		/ˈfɝdɪˌnæn/	명사	
handicap	불구 | 핸디캡 | 핸디붙은 경주	/ˈhændiˌkæp/	명사	
disciplinary	훈육상의	/ˈdɪsəpɫəˌnɛɹi/	형용사	The mother was stern and disciplinary
hardcore	최하층의 | 극도로 노골적인	/ˈhɑɹdˈkɔɹ/	형용사	
export	수출하다 | 수출품	/ˈɛkspɔɹt/	동사	The Russians exported Marxism to Africa
snappy	짤깍짤깍 소리나는 | 활기 있는	/ˈsnæpi/	형용사	Snappy conversation
vocabulary	어휘 | 단어집	/voʊˈkæbjəˌɫɛɹi/	명사	He introduced a wide vocabulary of techniques
cromwell	크롬웰	/ˈkɹɑmwəɫ/	명사	
sling	투석 | 메달아 올리다 | 투석기로 던지다	/ˈsɫɪŋ/	동사	Sling the cargo onto the ship
murderous		/ˈmɝdɝəs/	형용사	Murderous thugs
checkmate	장군! | 외통 장군 | 좌절시키다	/ˈtʃɛkˌmeɪt/	명사	Kasparov checkmated his opponent after only a few moves
patio		/ˈpætiˌoʊ/	명사	
rebound	리바운드 | 산울림 | 되튀게하다	/ɹiˈbaʊnd/	명사	He is still on the rebound from his wife's death
baptized		/ˈbæpˌtaɪzd/	형용사	The parents had the child baptized
hoof	굽 | 발굽으로 차다	/ˈhuf/	명사	Let's hoof it to the disco
payday	봉급날 | 지불일 | 청산일	/ˈpeɪˌdeɪ/	명사	
enable	할수있게하다	/ɛˈneɪbəɫ/	동사	This skill will enable you to find a job on Wall Street
seaweed	김 | 해초 | 바닷말	/ˈsiˌwid/	명사	
delirious	무아경의 | 황홀한 | 헛소리하는	/dɪˈɫɪɹiəs/	형용사	A crowd of delirious baseball fans
cyborg	사이보그	/ˈsaɪbɔɹɡ/	명사	A cyborg is a cybernetic organism
bravely	용감하게 | 화려하게	/ˈbɹeɪvɫi/	부사	Bravely he went into the burning house
marking	반문 | 채점	/ˈmɑɹkɪŋ/	명사	
hologram		/ˈhɑɫəˌɡɹæm/	명사	
fielding	수비	/ˈfiɫdɪŋ/	명사	
dibs	청구권	/ˈdɪbz/	명사	I have dibs on that last slice of pizza
triumphant	승리를 거둔	/tɹaɪˈəmfənt/	형용사	A triumphant shout
hauling		/ˈhɔɫɪŋ/	명사	
steadily	견실하게 | 착실히	/ˈstɛdəɫi/	부사	His interest eroded steadily
bey		/ˈbeɪ/	명사	He introduced me to Ahmet Bey
projection	투영법 | 발사 | 주관의 객관화	/pɹəˈdʒɛkʃən/	명사	A prime ingredient of public speaking is projection of the voice
creed	주의 | 신조 | 사도 신경	/ˈkɹid/	명사	
acquitted		/əˈkwɪtɪd/	형용사	He stands acquitted on all charges
mink	밍크	/ˈmɪŋk/	명사	
meddle	주물럭거리다	/ˈmɛdəɫ/	동사	Don't meddle in my affairs!
spectator	관객 | 목격자 | 관찰자	/ˈspɛkteɪtɝ/	명사	The spectators applauded the performance
blushing	부끄러워함 | 얼굴이 빨개진	/ˈbɫəʃɪŋ/	형용사	The blushing boy was brought before the Principal
mix-up		/ˈmɪkˌsəp/	명사	
horseman	기수 | 마술가 | 기병	/ˈhɔɹsmən/	명사	
prescott		/ˈpɹɛskɑt/	명사	
avalanche	눈사태 | 사태 | 쇄도	/ˈævəˌɫæntʃ/	명사	The program brought an avalanche of mail
fret	격자세공 | 만자무늬 | 애달음	/ˈfɹɛt/	동사	Don't fret over these small details
glasgow		/ˈɡɫæsˌɡoʊ/	명사	
editorial	사설 | 논설	/ˌɛdəˈtɔɹiəɫ/	명사	Editorial column
bonfire	모닥불 | 화롯불	/ˈbɑnˌfaɪɝ/	명사	
micah	미가서	/ˈmaɪkə/	명사	
anu			명사	
urgency	역설 | 급박하다 | 급박히	/ˈɝdʒənsi/	명사	The urgency of his need
bearer	지참인 | 나르는 사람 | 짐꾼	/ˈbɛɹɝ/	명사	A bearer of good tidings
provincial	지방민 | 조야한	/pɹəˈvɪnʃəɫ/	형용사	Provincial government
clueless	무지한 | 우둔한	/ˈkɫuɫəs/	형용사	
chaplin	채플린	/ˈtʃæpɫən/	명사	
mercer		/ˈmɝsɝ/	명사	
tempo	템포 | 박자	/ˈtɛmˌpoʊ/	명사	
capitalist	자본주의자 | 자본주 | 자본가	/ˈkæpətəɫɪst/	형용사	A capitalist nation
bumpy	덜커덕거리는	/ˈbəmpi/	형용사	A bumpy country road
maternal	어머니다운	/məˈtɝnəɫ/	형용사	My maternal grandmother
stomp	스톰프	/ˈstɑmp/	동사	The men stomped through the snow in their heavy boots
cheeseburger	치즈버거	/ˈtʃizbɝɡɝ/	명사	
oppression	압박 | 답답함 | 횡포	/əˈpɹɛʃən/	명사	The tyrant's oppression of the people
festive		/ˈfɛstɪv/	형용사	A festive (or festal) occasion
mayhem	난동 | 신체상해	/ˈmeɪˌhɛm/	명사	
fleeting	무상 | 일과성 | 잠깐 동안의	/ˈfɫitɪŋ/	형용사	A fleeting glance
zodiac	수대 | 황도대	/ˈzoʊdiˌæk/	명사	
geezer	늙다리 | 할아범		명사	
freelance	자유 계약의 | 자유계약으로 일하다	/ˈfɹiˌɫæns/	명사	
whatnot		/ˈhwətˌnɑt/	명사	
scots		/ˈskɑts/	명사	The Scots community in New York
brutus		/ˈbɹutəs/	명사	
cylinder	탄창 | 원통 | 봄베	/ˈsɪɫəndɝ/	명사	
pouch	작은 주머니 | 주머니에 넣다 | 오므라지게 하다	/ˈpaʊtʃ/	명사	
twenty-four		/ˈtwɛntiˌfɔɹ/	형용사	
crosby	크로스비	/ˈkɹɔzbi/	명사	
plausible		/ˈpɫɔzəbəɫ/	형용사	A plausible liar
disgraceful	부끄럽다 | 욕된	/dɪsˈɡɹeɪsfəɫ/	형용사	
brushed		/ˈbɹəʃt/	형용사	A dress of brushed cotton
encore	앙코르하다	/ˈɑnˌkɔɹ/	명사	
heads-up		/ˈhɛdˌzəp/	명사	Played heads-up ball
takeoff	이륙	/ˈteɪˌkɔf/	명사	
entertained		/ˌɛnɝˈteɪnd/	형용사	He entertained the notion of moving to South America
lama	라마승 | 대라마 | 달라이라마	/ˈɫɑmə/	명사	
affectionate	애정 있는	/əˈfɛkʃənət/	형용사	Affectionate children
precedent	전례 | 선례 | 판례	/ˈpɹɛsɪdənt/	명사	
blindfold		/ˈbɫaɪndˌfoʊɫd/	명사	The hostage was blindfolded and driven away
schmuck		/ˈʃmək/	명사	
raf	영국 공군	/ˈɹæf/	명사	
hatchet	자귀	/ˈhætʃət/	명사	
statute	법률 | 법령	/ˈstætʃut/	명사	
gao		/ˈɡaʊ/	명사	
carefree	태평 | 태평스럽다	/ˈkɛɹˌfɹi/	형용사	Carefree with his money
pollen	꽃가루	/ˈpɑɫən/	명사	
endurance	내구성	/ˈɛndɝəns/	명사	The marathon tests a runner's endurance
coping	꼭대기층 | 지지름돌 | 갓돌	/ˈkoʊpɪŋ/	명사	
penitentiary	고해 신부 | 주 교도소 | 감화원	/ˌpɛnɪˈtɛntʃɝi/	형용사	Penitentiary institutions
hallucinating		/həˈɫusəneɪtɪŋ/	형용사	
combo	캄보	/ˈkɑmˌboʊ/	명사	
bowel	장의일부 | 창차	/ˈbaʊəɫ/	명사	
hypothetically		/ˌhaɪpəˈθɛtɪkɫi/	부사	
mayonnaise	마요네즈	/ˈmeɪəˌneɪz/	명사	
vineyard	포도밭 | 포도원	/ˈvɪnjɝd/	명사	
tam		/ˈtæm/	명사	
digit	아라비아 숫자	/ˈdɪdʒət/	명사	0 and 1 are digits
evolutionary	진화적인	/ˌɛvəˈɫuʃəˌnɛɹi/	형용사	Evolutionary biology
advertise	광고하다 | 공고하다	/ˈædvɝˌtaɪz/	동사	Please don't advertise the fact that he has AIDS
saline	식염제 | 짠	/səˈɫin/	명사	A saline substance
edgy	날이 날카로운 | 초조한	/ˈɛdʒi/	형용사	
parental		/pɝˈɛntəɫ/	형용사	Parental guidance
brewing	양조량 | 폭풍우의 전조 | 양조	/ˈbɹuɪŋ/	명사	The tea is brewing
tat		/ˈtæt/	명사	
disrupt	찢어 발기다 | 분열하다 | 분열시키다	/dɪsˈɹəpt/	동사	This event disrupted the orderly process
unanimous	동의의	/juˈnænəməs/	형용사	A unanimous decision
implication	언외의 의미 | 우의 | 함축	/ˌɪmpɫəˈkeɪʃən/	명사	His resignation had political implications
scallop	조개냄비	/ˈskæɫəp/	동사	Scallop the meat
vibration	진동 | 떨림	/vaɪˈbɹeɪʃən/	명사	That place gave me bad vibrations
homesick	홈식에 걸린	/ˈhoʊmˌsɪk/	형용사	
stung		/ˈstəŋ/	형용사	His remark stung her
casanova	엽색꾼	/ˌkæsəˈnoʊvɑ/	명사	
tormented		/ˈtɔɹˌmɛntɪd/	형용사	A small tormented schoolboy
steamed		/ˈstimd/	형용사	The ship steamed off into the Pacific
baptism	영세 | 침례 | 괴의 세례	/ˈbæptɪzəm/	명사	Most churches baptize infants but some insist on adult baptism
thunderclap	우뢰 소리 | 청천 벽력		명사	
harassed		/hɝˈæst/	형용사	Harassed working mothers
chimp		/ˈtʃɪmp/	명사	
restoration	복원 | 만민구제 | 만민구제설	/ˌɹɛstɝˈeɪʃən/	명사	The restoration looked exactly like the original
retribution	징벌 | 보복 | 응보	/ˌɹɛtɹəbˈjuʃən/	명사	The swiftness of divine retribution
unforgettable		/ˌənfɝˈɡɛtəbəɫ/	형용사	
afterward		/ˈæftɝwɝd/	부사	It didn't happen until afterward
adventurous	모험적인	/ædˈvɛntʃɝəs/	형용사	Adventurous pioneers
swab	스펀지 | 자루 걸레 | 헝겊	/ˈswɑb/	동사	Swab the ship's decks
inevitably	어김없이	/ˌɪˈnɛvətəbɫi/	부사	
carcass		/ˈkɑɹkəs/	명사	
notary	공증인	/ˈnoʊtɝi/	명사	
perverted	변태의	/pɝˈvɝtɪd/	형용사	Perverted practices
surrogate	감독대리 | 대리인	/ˈsɝəˌɡeɪt/	명사	Surrogate father
spat	가벼운 싸움 | 후두두 뿌리다	/ˈspæt/	동사	Mollusks or oysters spat
dazzling		/ˈdæzəɫɪŋ/	형용사	The skater's dazzling virtuosic leaps
capability	능력 | 장래성 | 뻗어날소질	/ˌkeɪpəˈbɪɫəti/	명사	The capability of a metal to be fused
midwife	산파 | 조산원 | 조산사	/ˈmɪdˌwaɪf/	명사	
grumbling		/ˈɡɹəmbəɫɪŋ/	명사	
retainer	변호약속 | 소송의뢰 | 축받이통	/ɹiˈteɪnɝ/	명사	
bleak	황량한 | 으스스 추운 | 쓸쓸한	/ˈbɫik/	형용사	Prospects were bleak
houdini		/huˈdini/	명사	
reap	수확하다 | 획득하다 | 베어들이다	/ˈɹip/	동사	
specs		/ˈspɛks/	명사	
morn		/ˈmɔɹn/	명사	I spent the morning running errands
deceit	허위	/dəˈsit/	명사	
coloured		/ˈkəɫɝd/	형용사	
degenerate	퇴보한 | 퇴보하다	/dɪˈdʒɛnɝˌeɪt/	명사	Conditions in the slums degenerated
petal	꽃잎	/ˈpɛtəɫ/	명사	
tensed	신경이 곤두선		형용사	The bodybuilder's neck muscles tensed;
battered	박살난 | 지쳐서 초라해진	/ˈbætɝd/	형용사	A battered child
mound	석가산 | 투수판	/ˈmaʊnd/	명사	They have a southpaw on the mound
accurately	정밀하게 | 또박또박	/ˈækjɝətɫi/	부사	He works very accurately
frenzy	격앙시키다 | 격앙 | 광란	/ˈfɹɛnzi/	명사	
nemesis	네메시스 | 응보 | 보복하는 사람	/ˈnɛməsɪs/	명사	
rocker	흔들목마 | 굽은 막대 | 선광기	/ˈɹɑkɝ/	명사	
whiff	훅 불다 | 담배 피우다	/ˈhwɪf/	동사	Whiff out a prayer
tagged		/ˈtæɡd/	형용사	
fringe	술장식 | 가를 두르다 | 가두리	/ˈfɹɪndʒ/	명사	The weaver fringed the scarf
peninsula	반도	/pəˈnɪnsəɫə/	명사	
radiator	공중선 | 난방기 | 방열기	/ˈɹeɪdiˌeɪtɝ/	명사	
tor	바위산	/ˈtɔɹ/	명사	
clucking		/ˈkɫəkɪŋ/	명사	
stun	기절시키다 | 간담을 서늘케하다 | 어리벙벙하게 하다	/ˈstən/	동사	
reuben	르우벤 | 르우벤족	/ˈɹubən/	명사	
somber	음침한	/ˈsɑmbɝ/	형용사	A suit of somber black
assailant	공격자	/əˈseɪɫənt/	명사	
mutation		/mjuˈteɪʃən/	명사	
straightaway	직선코스	/ˈstɹeɪtəˌweɪ/	명사	A straightaway denial
reclaim	개척 | 재생고무 | 재생이용하다	/ɹiˈkɫeɪm/	동사	Reclaim falcons
biopsy	생검법	/ˈbaɪɑpsi/	명사	
doubting		/ˈdaʊtɪŋ/	형용사	
theoretical	이론적	/ˌθiɝˈɛtɪkəɫ/	형용사	Theoretical science
indefinitely	불명확하게 | 막연히	/ˌɪnˈdɛfənətɫi/	부사	This could go on indefinitely
sen		/ˈsɛn/	명사	
forwards		/ˈfɔɹwɝdz/	부사	
pakistani	파키스탄의 | 파키스탄 사람	/ˌpækɪˈstæni/	명사	Pakistani soldiers
neon	네온 | 네온등	/ˈniɑn/	명사	
slurp	소리내어 마시기 | 소리내어 마시다	/ˈsɫɝp/	동사	He slurped his soup
felon	중죄인 | 표저	/ˈfɛɫən/	명사	
inflation	폭등 | 물가상승 | 인플레이션	/ˌɪnˈfɫeɪʃən/	명사	In inflation everything gets more valuable except money
stallion	씨말 | 종마	/ˈstæɫjən/	명사	
blackjack	큰잔 | 곤봉 | 해적기	/ˈbɫækˌdʒæk/	명사	
passive	피동 | 피동적	/ˈpæsɪv/	형용사	Passive resistance
milligram	밀리그램	/ˈmɪɫəˌɡɹæm/	명사	
irritated	초조하다 | 신경질이 난	/ˈɪɹəˌteɪtəd/	형용사	Made an irritated gesture
worldly	세상의	/ˈwɝɫdɫi/	형용사	Worldly goods and advancement
manipulation	조작	/məˌnɪpjəˈɫeɪʃən/	명사	His manipulation of his friends was scandalous
hijack	공중납치하다 | 강탈하다	/ˈhaɪˌdʒæk/	동사	They hijacked the judicial process
jingling			형용사	Jingling sleigh bells
pushy	억지가 센 | 억지가 셴 | 오지랖이 넓은.	/ˈpʊʃi/	형용사	
macaroni	마카로니	/ˌmækɝˈoʊni/	명사	Yankee Doodle stuck a feather in his cap and called it macaroni
bulldog	불독	/ˈbʊɫˌdɔɡ/	동사	
rigid	강직한 | 경식의 | 단단한	/ˈɹɪdʒəd/	형용사	A rigid strip of metal
maxim	금언 | 격언	/ˈmæksəm/	명사	
checkpoint	검문소	/ˈtʃɛkˌpɔɪnt/	명사	
soothing		/ˈsuðɪŋ/	형용사	A soothing ointment for her sunburn
hateful	미운 | 증오에 찬 | 가증스러운	/ˈheɪtfəɫ/	형용사	A hateful thing to do
folding	저게된 | 접는	/ˈfoʊɫdɪŋ/	명사	Understanding protein folding is the next step in deciphering the genetic code
reduction	축소 | 귀순 | 감수분열	/ɹəˈdəkʃən/	명사	
undermine	밑에 파다 | 은밀히 손상시키다	/ˈəndɝˌmaɪn/	동사	
frontal	이마뼈 | 전두골 | 정면의	/ˈfɹəntəɫ/	형용사	Frontal rainfall
empathy	감정이입	/ˈɛmpəθi/	명사	
achilles		/əˈkɪɫiz/	명사	
overload		/ˈoʊvɝˌɫoʊd/	동사	The aerator overloaded
piercing	꿰찌르는 | 뼈에 사무치는	/ˈpɪɹsɪŋ/	형용사	Piercing criticism
potent	힘센 | 효력이 있는	/ˈpoʊtənt/	형용사	A potent cup of tea
bristol	브리스틀	/ˈbɹɪstəɫ/	명사	
snob	금권주의자 | 속물	/ˈsnɑb/	명사	
hypothetical		/ˌhaɪpəˈθɛtəkəɫ/	형용사	Hypothetical situation
detection	검출 | 당지	/dɪˈtɛkʃən/	명사	Detection is hard on the feet
unharmed		/ənˈhɑɹmd/	형용사	
coupon	배급표 | 이자표 | 쿠폰	/ˈkjuˌpɔn/	명사	
culinary	부엌의 | 요리의	/ˈkjuɫɪˌnɛɹi/	형용사	
mahjong	마작		명사	
nonstop		/ˌnɑnˈstɑp/	형용사	A nonstop flight to Atlanta
giddy	현기증나는 | 들뜨다	/ˈɡɪdi/	형용사	A giddy precipice
silenced		/ˈsaɪɫənst/	형용사	The silenced crowd waited expectantly
goodman	바깥 주인	/ˈɡʊdmən/	명사	
disposition	성질 | 마음씨 | 성향	/ˌdɪspəˈzɪʃən/	명사	He has a happy disposition
enforce	실시하다 | 시행하다	/ɛnˈfɔɹs/	동사	
gunner	포술장교 | 총 사냥꾼 | 포수	/ˈɡənɝ/	명사	
ploy		/ˈpɫɔɪ/	명사	
suburban		/səˈbɝbən/	형용사	Suburban population
sleepover		/ˈsɫiˌpoʊvɝ/	명사	
conception	창안 | 개념 작용 | 수태	/kənˈsɛpʃən/	명사	
catalog	대학요람 | 도서목록 | 장서목록	/ˈkætəɫɔɡ/	명사	He found it in the Sears catalog
paranormal		/pɛɹəˈnɔɹməɫ/	형용사	What seemed to be paranormal manifestations
shun	차렷 | 기피하다	/ˈʃən/	동사	
jellyfish	해파리	/ˈdʒɛɫiˌfɪʃ/	명사	
municipal	시의 | 지방 자치체의	/mjuˈnɪsəpəɫ/	형용사	Municipal bonds
ruckus	소동	/ˈɹəkəs/	명사	
adviser	상담역 | 조언자 | 고문	/ædˈvaɪzɝ/	명사	An adviser helped students select their courses
commune	간담 | 코뮌 | 파리코뮌	/ˈkɑmjun/	명사	He seemed to commune with nature
granite	화강 | 화강석 | 화강암	/ˈɡɹænət/	명사	A man of granite
fr			명사	
formalities	절차	/fɔɹˈmæɫətiz/	명사	
proximity	접근	/pɹɑkˈsɪməti/	명사	
unavailable	무효의	/ˌənəˈveɪɫəbəɫ/	형용사	Fresh milk was unavailable during the emergency
fargo		/ˈfɑɹˌɡoʊ/	명사	
defenseless		/dɪˈfɛnsɫəs/	형용사	A defenseless child
innovation	일신 | 기술혁신 | 새제도	/ˌɪnəˈveɪʃən/	명사	
paradox	역설	/ˈpɛɹəˌdɑks/	명사	`I always lie' is a paradox because if it is true it must be false
trooper	기마 순경 | 주 경찰관 | 군대 수송선	/ˈtɹupɝ/	명사	
infrastructure	기본적 시설 | 항구적 기지	/ˌɪnfɹəˈstɹəktʃɝ/	명사	
barrow		/ˈbæɹoʊ/	명사	
taro	타로 토란	/ˈtɛɹoʊ/	명사	
proctor	대소인 | 감독하다. | 대리인	/ˈpɹɑktɝ/	명사	
hover	방황하다 | 하늘에 날다	/ˈhəvɝ/	동사	
feminist	페미니스트 | 여권 주장자 | 여권 확장론자	/ˈfɛmənɪst/	명사	Feminist critique
prone	수그린 | 납죽엎드린 | 경향이 있는	/ˈpɹoʊn/	형용사	A child prone to mischief
conversion	개종 | 태환 | 차환	/kənˈvɝʒən/	명사	His conversion to the Catholic faith
emerging		/ˈimɝdʒɪŋ/	형용사	
sheffield		/ˈʃɛfiɫd/	명사	
ares	아레스 | 로마신화의 아레스	/ˈɑɹz/	명사	
od			명사	
blindly	무턱대고	/ˈbɫaɪndɫi/	부사	He picked a wife blindly
rabies	광견병 | 공수병	/ˈɹeɪbiz/	명사	
formerly	전에 | 이전에	/ˈfɔɹmɝɫi/	부사	
chastity	청순 | 성적금욕 | 순결	/ˈtʃæstəti/	명사	
desirable	갖고 싶은 | 탐탁 | 달갑다	/dɪˈzaɪɝəbəɫ/	형용사	A desirable job
hoops		/ˈhups/	명사	
considerably	상당히 | 제법 | 적지않게	/kənˈsɪdɝəbɫi/	부사	The house has fallen considerably in value
baptist	침례교도 | 세례자	/ˈbæptəst/	명사	
staging	다단식 | 역마차업 | 역마차 여행	/ˈsteɪdʒɪŋ/	명사	
diabetic	당뇨병의 | 당뇨병 환자	/ˌdaɪəˈbɛtɪk/	명사	
macbeth		/məkˈbɛθ/	명사	
rehabilitation	명예회복 | 사회복귀 | 복권	/ˌɹiəˌbɪɫəˈteɪʃən/	명사	
muscular	근육의	/ˈməskjəɫɝ/	형용사	A muscular boxer
revolting	반란하는 | 메스꺼운	/ɹiˈvoʊɫtɪŋ/	형용사	
glacier	빙하	/ˈɡɫeɪʃɝ/	명사	
hiroshima		/ˌhɪˈɹoʊʃɪmə/	명사	
imitation	모의 | 흉내 | 모방모조	/ˌɪməˈteɪʃən/	명사	Decorated with imitation palm leaves
beaumont		/ˈboʊmɔnt/	명사	
unborn	태내의 | 아직 태어나지않은	/ˈənˈbɔɹn/	형용사	Unborn generations
jacobs		/ˈdʒeɪkəbz/	명사	
confirming		/kənˈfɝmɪŋ/	형용사	
garment		/ˈɡɑɹmənt/	명사	Garments of the finest silk
latter	후반 | 근자의	/ˈɫætɝ/	형용사	In the latter case
indonesia	인도네시아 공화국	/ˌɪndoʊˈniʒə/	명사	
enlightened	개화된	/ˌɛnˈɫaɪtənd/	형용사	An enlightened electorate
plight	곤경	/ˈpɫaɪt/	명사	The woeful plight of homeless people
hel	헬		명사	
dorian		/ˈdɔɹiən/	명사	
ogre		/ˈoʊɡɝ/	명사	
incision	결각렬 | 새기기 | 째기	/ˌɪnˈsɪʒən/	명사	
inquire	문의하다	/ˌɪnˈkwaɪɹ/	동사	Inquire into the disappearance of the rich old lady
tamper	함부로 변경하다	/ˈtæmpɝ/	동사	Someone tampered with the documents on my desk
prophets		/ˈpɹɑfəts/	명사	
listener	경청자	/ˈɫɪsənɝ/	명사	
kisser		/ˈkɪsɝ/	명사	
hind	고라니의 암컷 | 맨뒤의	/ˈhaɪnd/	명사	Back (or hind) legs
ulysses	왕	/juˈɫɪsiz/	명사	
dci			명사	
dublin		/ˈdəbɫɪn/	명사	
preference	특혜 | 선호 | 우선권	/ˈpɹɛfɝəns/	명사	His sexual preferences
mirage	신기루 | 망상	/mɝˈɑʒ/	명사	
prediction		/pɹiˈdɪkʃən/	명사	
dodgy	속임질 잘하는		형용사	
drenched		/ˈdɹɛntʃt/	형용사	Drenched in moonlight
backbone	기골 | 등뼈	/ˈbækˌboʊn/	명사	The backbone is the part of a communication network that carries the heaviest traffic
sighting	가늠	/ˈsaɪtɪŋ/	명사	Several sightings of enemy troops were reported
virtuous	도덕적인 | 선량한 | 덕이 있는	/ˈvɝtʃuəs/	형용사	
grizzly		/ˈɡɹɪzɫi/	명사	
slob		/ˈsɫɑb/	명사	
enquiry	인콰이어리 | 질의	/ɪnˈkwaɪˌɹi/	명사	
juror	배심원 | 심사원	/ˈdʒʊɹɝ/	명사	
strained	팽팽한 | 억지의 | 부자연스러운	/ˈstɹeɪnd/	형용사	A strained smile
brethren	동인 | 동포	/ˈbɹɛðɹən/	명사	
oblivion	잊기쉬움 | 망각	/əˈbɫɪviən/	명사	He sought the great oblivion of sleep
contracted	계약한	/ˈkɑntɹæktəd/	형용사	The spasm contracted the muscle
bookie	마권업자	/ˈbʊki/	명사	
amnesty	은사 | 특사	/ˈæmnəsti/	명사	
cot	병원 침대 | 울에 넣다 | 달아맨 침대	/ˈkɑt/	명사	
cosmetic	겉꾸리는 | 미발용의 | 미안용의	/kɑzˈmɛtɪk/	형용사	Cosmetic surgery
mortar	유발 | 모르타르 | 절구	/ˈmɔɹtɝ/	명사	Mortar the wall
friction		/ˈfɹɪkʃən/	명사	
correspondent	통신인 | 통신원 | 일치하는 것	/ˌkɔɹəˈspɑndənt/	명사	
marlowe		/ˈmɑɹˌɫoʊ/	명사	
outskirts	야외 | 교외	/ˈaʊtˌskɝts/	명사	They lived on the outskirts of Houston
veer	도서다 | 방향이 바뀌다	/ˈvɪɹ/	동사	The wind veered
gaga		/ˈɡɑˌɡə/	형용사	
wacky	광기가 있는 | 괴팍하다 | 괴팍스럽다	/ˈwæki/	형용사	Some wacky plan for selling more books
mann		/ˈmæn/	명사	
adieu		/əˈdu/	명사	
informing	유익한	/ˌɪnˈfɔɹmɪŋ/	명사	
interruption	중단 | 정지 | 차단	/ˌɪntɝˈəpʃən/	명사	The telephone is an annoying interruption
mediocre	별것이 아닌	/ˌmidiˈoʊkɝ/	형용사	There have been good and mediocre and bad artists
pathologist		/pəˈθɑɫədʒəst/	명사	
disposed	하고 싶어하는	/dɪˈspoʊzd/	형용사	The dots are unevenly disposed
knit	찌푸리다 | 편물하다 | 메리야스 류	/ˈnɪt/	동사	
exclude	제외하다 | 빼놓다 | 배척하다	/ɪkˈskɫud/	동사	The bad results were excluded from the report
scraps	부스러기	/ˈskɹæps/	명사	
unhealthy		/ənˈhɛɫθi/	형용사	Unhealthy ulcers
borgia		/ˈbɔɹdʒə/	명사	
prestigious		/pɝˈstidʒəs/	형용사	A prestigious author
rotate	교대하다 | 자전하다 | 바퀴모양의	/ˈɹoʊˌteɪt/	동사	Rotate the handle
concubine	첩 | 처	/ˈkɑnkjəˌbaɪn/	명사	
ballot	투표용지	/ˈbæɫət/	명사	The voters were balloting in this state
fischer		/ˈfɪʃɝ/	명사	
complexion		/kəmˈpɫɛkʃən/	명사	A liberal political complexion
bugle	뿔피리 | 나팔	/ˈbjuɡəɫ/	명사	
humanitarian	인도주의의 | 인도주의자 | 박애주의자	/ˌhjuˌmænəˈtɛɹiən/	명사	Humanitarian aid
gurney		/ˈɡɝni/	명사	
whit		/ˈhwɪt/	명사	
sumo		/ˈsumoʊ/	명사	
holocaust	대희생	/ˈhɑɫəˌkɔst/	명사	A nuclear holocaust
io	공보장교	/ˈaɪoʊ/	명사	
hartley		/ˈhɑɹtɫi/	명사	
salim		/ˈsæɫɪm/	명사	
sleepless	가만있지 않는	/ˈsɫipɫəs/	형용사	Lay sleepless all night
fern	실고사리 | 양치류 | 고사리	/ˈfɝn/	명사	
calcium	칼슘	/ˈkæɫsiəm/	명사	
frown	빈축 | 눈살을 찌푸리다	/ˈfɹaʊn/	동사	
deranged		/dɪˈɹeɪndʒd/	형용사	
exhaustion	피로 | 피곤 | 소모	/ɪɡˈzɔstʃən/	명사	
legislation	제정 | 입법	/ˌɫɛdʒəˈsɫeɪʃən/	명사	
discomfort	불쾌하게 하다	/dɪˈskəmfɝt/	명사	
technological	기술적	/ˌtɛknəˈɫɑdʒɪkəɫ/	형용사	Technological development
saigon	사이곤	/ˌsaɪˈɡɑn/	명사	
bermuda	대서양의 영령군도	/bɝmˈjudə/	명사	
hit-and-run		/ˈhɪtænˌɹən/	형용사	Hit-and-run units
disperse	분산하다 | 흩뜨리다	/dɪˈspɝs/	동사	Disperse particles
kosher	정결한 | 규정에 맞는	/ˈkoʊʃɝ/	형용사	A kosher kitchen
entrepreneur	중개업자 | 가극의 흥행주 | 기업가	/ˌɑntɹəpɹəˈnɝ/	명사	
worshipped		/ˈwɝʃəpt/	형용사	
unauthorized	공인되지 않은	/əˈnɔθɝˌaɪzd/	형용사	An unauthorized strike
long-distance		/ˌɫɔŋˈdistəns/	형용사	A long-distance call
romanian		/ɹoʊˈmeɪniən/	명사	Romanian folk music
melbourne	멜버른	/ˈmɛɫbɝn/	명사	
flanders	플랑드르	/ˈfɫændɝz/	명사	
connors		/ˈkɑnɝz/	명사	
drinker	급수기 | 마시는 사람 | 술꾼	/ˈdɹɪŋkɝ/	명사	
wyoming		/ˌwaɪˈoʊmɪŋ/	명사	
hotshot	소방수	/ˈhɑˌʃɑt/	명사	
myrtle	도금양	/ˈmɝtəɫ/	명사	
plateau	고원 | 플래토 상태	/pɫæˈtoʊ/	명사	
sordid	탁하다 | 야비하다	/ˈsɔɹdəd/	형용사	Sordid shantytowns
placement	놓음 | 고용	/ˈpɫeɪsmənt/	명사	The placement of the chairs
quota	할당액	/ˈkwoʊtə/	명사	The quota for Japanese imports was negotiated
adjusted		/əˈdʒəstɪd/	형용사	An adjusted insurance claim
tuning		/ˈtunɪŋ/	명사	
rockefeller		/ˈɹɑkəˌfɛɫɝ/	명사	
bartlett	바틀렛종의 배	/ˈbɑɹtɫɪt/	명사	
apparatus	장치	/ˌæpɝˈætəs/	명사	The breathing apparatus
gringo		/ˈɡɹɪŋɡoʊ/	명사	
vancouver	밴쿠버	/vænˈkuvɝ/	명사	
samaritan		/səˈmɛɹɪtən/	명사	
perceived		/pɝˈsivd/	형용사	A perceived threat
catalogue	목록	/ˈkætəˌɫɔɡ/	명사	
gall	애태우다 | 진절머리 | 노하게하다	/ˈɡɔɫ/	명사	It galls me that we lost the suit
vending		/ˈvɛndɪŋ/	명사	
scoring	채점 | 관현악보 작성 | 평정	/ˈskɔɹɪŋ/	명사	
beverage	음료	/ˈbɛvɝɪdʒ/	명사	May I take your beverage order?
fellowship	친교 | 특별연구원의 지위 | 교우	/ˈfɛɫoʊˌʃɪp/	명사	The church welcomed new members into its fellowship
thieving		/ˈθivɪŋ/	형용사	The thieving is awful at Kennedy International
tidal	조수의	/ˈtaɪdəɫ/	형용사	
genre	장르	/ˈʒɑnɹə/	명사	
unfit	적임이 아닌	/ənˈfɪt/	형용사	An unfit parent
fetus	태아	/ˈfitəs/	명사	
socialism	사회주의 | 사회주의자 | 사회당	/ˈsoʊʃəˌɫɪzəm/	명사	
oversight	빠뜨림	/ˈoʊvɝˌsaɪt/	명사	
reflex	되접다 | 반성하는 | 재귀적인	/ˈɹifɫɛks/	명사	A reflex knee jerk
vacate	퇴거하다 | 떠나가다 | 비우다	/ˈveɪkeɪt/	동사	Vacate a death sentence
goldberg		/ˈɡoʊɫdbɝɡ/	명사	
exercising		/ˈɛksɝˌsaɪzɪŋ/	명사	He did some exercising
prosperous	운이 좋은 | 행운의 길 | 번성	/ˈpɹɑspɝəs/	형용사	A prosperous family
suffocate	질식하다 | 질식시키다	/ˈsəfəˌkeɪt/	동사	His job suffocated him
roadblock	바리케이트 | 장애 | 방책	/ˈɹoʊdˌbɫɑk/	명사	
inquisition	종교재판 | 심문 | 심리	/ˌɪnkwəˈzɪʃən/	명사	
qualification	자격 | 검정 | 자격 증명서	/ˌkwɑɫəfəˈkeɪʃən/	명사	Her qualifications for the job are excellent
paparazzo			명사	
eater	부식물 | 먹는 사람	/ˈitɝ/	명사	These apples are good eaters
prefect	지사	/ˈpɹiˌfɛkt/	명사	The prefect of Paris police
flapping		/ˈfɫæpɪŋ/	명사	The bird's wings were flapping
discrimination	식별 | 차등	/dɪsˌkɹɪməˈneɪʃən/	명사	
incorporated	편입한 | 합동한 | 합병한	/ˌɪnˈkɔɹpɝˌeɪtɪd/	형용사	An incorporated town
rowdy	싸움좋아하는	/ˈɹaʊdi/	명사	Rowdy teenagers
publication	출판 | 출판물 | 발행	/ˌpəbɫɪˈkeɪʃən/	명사	
winslow		/ˈwɪnzɫoʊ/	명사	
astronomer	천문학자	/əˈstɹɑnəmɝ/	명사	
windsor	윈저가	/ˈwɪnzɝ/	명사	
nebraska	네브래스카주	/nəˈbɹæskə/	명사	
lobe	소엽 | 잎사귀	/ˈɫoʊb/	명사	
inscription	비문 | 등록공채 | 명각	/ˌɪnsˈkɹɪpʃən/	명사	
left-handed	음험한	/ˌɫɛftˈhændɪd/	형용사	Left-handed scissors
outpost	전초	/ˈaʊtˌpoʊst/	명사	
snuff	원기 왕성하게 | 코로 들이쉬다	/ˈsnəf/	명사	
luxurious	호화스런 | 사치스럽다 | 화사	/ɫəɡˈʒɝiəs/	형용사	Enjoyed a luxurious suite with a crystal chandelier and thick oriental rugs
purgatory	연옥	/ˈpɝɡəˌtɔɹi/	명사	A purgatory of drug abuse
documented		/ˈdɑkjəˌmɛnəd/	형용사	The first documented case of shark attack in those waters
showcase	진열장	/ˈʃoʊˌkeɪs/	명사	It was a showcase for democracy in Africa
delilah	데릴라	/dəˈɫaɪɫə/	명사	
unimportant	보잘것 없는 | 중요하지 않은	/ənɪmˈpɔɹtənt/	형용사	The question seems unimportant
moisture	물기 | 수분 | 습기	/ˈmɔɪstʃɝ/	명사	
lefty	왼손잡이	/ˈɫɛfti/	명사	
hendrix		/ˈhɛndɹɪks/	명사	
replica	원작의 모사 | 복제	/ˈɹɛpɫɪkə/	명사	
wondrous		/ˈwəndɹəs/	형용사	The colors changed wondrously slowly
horoscope	천궁도 | 점성	/ˈhɔɹəˌskoʊp/	명사	
hampshire	햄프셔 | 영국남해안의 주	/ˈhæmpʃaɪɝ/	명사	
morbid	섬뜩하다	/ˈmɔɹbəd/	형용사	A morbid growth
disagreement	불일치	/dɪsəˈɡɹimənt/	명사	
misguided	오도된	/mɪsˈɡaɪdɪd/	형용사	Well-meaning but misguided teachers
optimism	낙관 | 낙관주의 | 낙천주의	/ˈɑptəˌmɪzəm/	명사	
humane	인문 과학 | 친절한	/hjuˈmeɪn/	형용사	A humane education
commodore	제독 | 기함 | 준장	/ˈkɑməˌdɔɹ/	명사	
rink	잔디 볼링장 | 컬링 경기장 | 스케이트 링크	/ˈɹɪŋk/	명사	
initiation	입문 | 창시 | 입문식	/ˌɪˌnɪʃiˈeɪʃən/	명사	His initiation into the club
calamity	참변 | 참화 | 재난	/kəˈɫæməti/	명사	The whole city was affected by the irremediable calamity
nectar	미주 | 넥타 | 신주과즙	/ˈnɛktɝ/	명사	
judicial	판례 | 판단력이 있는	/dʒuˈdɪʃəɫ/	형용사	Judicial system
swarm	꿀벌떼 | 떼짓다 | 기어 오르다	/ˈswɔɹm/	동사	The garden was swarming with bees
drumming		/ˈdɹəmɪŋ/	명사	He practiced his drumming several hours every day
trolley	촉륜	/ˈtɹɑɫi/	명사	
theorist	이론가	/ˈθiɝɪst/	명사	
rowan		/ˈɹoʊən/	명사	
bowels		/ˈbaʊəɫz/	명사	
density	밀도 | 농도	/ˈdɛnsəti/	명사	
timid	유화하다 | 겁많음 | 수줍어하는	/ˈtɪmɪd/	형용사	Whitewater rafting is not for the timid
romania		/ɹoʊˈmeɪniə/	명사	
earnings	벌이 | 소득	/ˈɝnɪŋz/	명사	They saved a quarter of all their earnings
stalk	줄거리 | 활보 | 활보하다	/ˈstɔk/	동사	Stalk the woods for deer
righteousness	정의 | 의리 | 정직	/ˈɹaɪtʃəsnəs/	명사	
confide	신탁하다 | 신임하다	/kənˈfaɪd/	동사	
fencing	겁술 | 펜싱 | 담의 재료	/ˈfɛnsɪŋ/	명사	
masturbate	수음하다	/ˈmæstɝˌbeɪt/	동사	The old man wanted to be masturbated by the prostitute
vale		/ˈveɪɫ/	명사	
wiener	위너 소시지	/ˈwaɪnɝ/	명사	
painless	고심	/ˈpeɪnɫəs/	형용사	Painless dentistry
eruption	분화 | 폭발 | 분출	/ˌiˈɹəpʃən/	명사	
obligated		/ˈɑbɫəˌɡeɪtɪd/	형용사	Felt obligated to repay the kindness
mojo		/ˈmoʊdʒoʊ/	명사	
essex	영국남동부의주	/ˈɛsɪks/	명사	
eternally		/iˈtɝnəɫi/	부사	
repulsive	쫓아버리는 | 불쾌하다	/ɹiˈpəɫsɪv/	형용사	A repulsive mask
ness	네스호 | 해각	/ˈnɛs/	명사	
devise	궁리 | 강구 | 안출하다	/dɪˈvaɪs/	동사	Devise a plan to take over the director's office
headlight	전조등 | 헤드라이트	/ˈhɛdˌɫaɪt/	명사	
impeccable	나무랄데 없는	/ˌɪmˈpɛkəbəɫ/	형용사	Speaks impeccable French
crucify		/ˈkɹusəˌfaɪ/	동사	
customary	관계집 | 관습상의 | 통례의	/ˈkəstəˌmɛɹi/	형용사	Took his customary morning walk
billboard	스폰서	/ˈbɪɫˌbɔɹd/	명사	
costly	호사스러운 | 값비싼 | 희생이 큰	/ˈkɑstɫi/	형용사	
definitive		/dɪˈfɪnɪtɪv/	형용사	A definitive verdict
simplicity	단순 | 간단 | 단순성	/sɪmˈpɫɪsəti/	명사	The simplicity of a crystal
setback	차질 | 단형 물림 | 좌절	/ˈsɛtˌbæk/	명사	
liter	리터	/ˈɫitɝ/	명사	
clockwork	시계장치	/ˈkɫɑˌkwɝk/	명사	
cdc		/ˌsiˌdiˈsi/	명사	
ventilation	환기 | 통풍상태 | 환기법	/ˌvɛnəˈɫeɪʃən/	명사	She was continually adjusting the ventilation
brawl	말다툼 | 말다툼하다	/ˈbɹɔɫ/	명사	
bog	수렁에 가라앉다 | 수렁	/ˈbɑɡ/	동사	The vote would bog down the house
gob	버력 | 많음 | 뱉음 침	/ˈɡɑb/	명사	A gob of phlegm
rivera		/ɹɪˈvɛɹə/	명사	
disable	무력하게하다 | 불구로 만들다 | 무자격하게 만들다	/dɪˈseɪbəɫ/	동사	He was disabled in a car accident
lancaster	랭커스터 | 영국왕가	/ˈɫænˌkæstɝ/	명사	
pickled		/ˈpɪkəɫd/	형용사	
novelty	신형 | 신고안품 | 신기로움	/ˈnɑvəɫti/	명사	
doubtful	의심스럽다	/ˈdaʊtfəɫ/	형용사	The candidate's doubtful past
sexist		/ˈsɛksɪst/	명사	
capone	카포네	/kəˈpoʊn/	명사	
buffer	완충기	/ˈbəfɝ/	명사	Buffered saline solution for the eyes
reproduce	복사하다 | 재생하는 사람	/ˌɹipɹəˈdus/	동사	Reproduce the painting
blueberry	월귤나무의일종	/ˈbɫuˌbɛɹi/	명사	
potty	변소 | 어린이용 변기	/ˈpɑti/	형용사	Potty little details
algeria		/æɫˈdʒɪɹiə/	명사	
geometry	기하학 | 기하학책	/dʒiˈɑmətɹi/	명사	
bahamas	바하마	/bəˈhɑməz/	명사	
bleat	매애 | 매애 울다		동사	The lambs were bleating
horizontal	수평선 | 수평위치 | 수평의	/ˌhɔɹəˈzɑntəɫ/	형용사	A horizontal surface
assisted		/əˈsɪstɪd/	형용사	
indebted	부채가 있는	/ˌɪnˈdɛtɪd/	형용사	
fertilizer	비료 | 거름	/ˈfɝtəˌɫaɪzɝ/	명사	
techno	의뜻	/ˈtɛknoʊ/	명사	
hinge	어지러워 | 경첩 | 달려 있다	/ˈhɪndʒ/	명사	His absence is the hinge of our plan
helium	헬륨	/ˈhiɫiəm/	명사	
imposed		/ˌɪmˈpoʊzd/	형용사	The imposed taxation
financing	융자	/faɪˈnænsɪŋ/	명사	
restriction	제약	/ɹiˈstɹɪkʃən/	명사	The restriction of the infection to a focal area
idaho	미국북서부의 주	/ˈaɪdəˌhoʊ/	명사	
trait	얼굴 모습	/ˈtɹeɪt/	명사	
implement	용구	/ˈɪmpɫəmənt/	동사	Implement a procedure
supervise	감독하다 | 잡도리하다	/ˈsupɝˌvaɪz/	동사	
evident	뻔하다 | 명백한	/ˈɛvədənt/	형용사	Evident hostility
skank			명사	
gogh		/ˈɡoʊ/	명사	
drool		/ˈdɹuɫ/	명사	The baby drooled
coastal		/ˈkoʊstəɫ/	형용사	Coastal erosion
bargaining	거래 | 교섭 | 흥정	/ˈbɑɹɡɪnɪŋ/	명사	
matrimony		/ˈmætɹəˌmoʊni/	명사	
airfield	비행장	/ˈɛɹˌfiɫd/	명사	
sensual	관능적 | 육욕의	/ˈsɛnʃəwəɫ/	형용사	Sensual excesses
lennon		/ˈɫɛnən/	명사	
grime	그을음 | 더럼 | 때	/ˈɡɹaɪm/	명사	
feeble	약한 | 쇠락	/ˈfibəɫ/	형용사	A feeble excuse
hutton		/ˈhətən/	명사	
rugged	바위투성이의 | 거칠고 억센 | 폭풍우의	/ˈɹəɡəd/	형용사	A rugged competitive examination
potassium	칼륨 | 포타슘	/pəˈtæsiəm/	명사	
mimic	가짜의	/ˈmɪmɪk/	명사	The mimic warfare of the opera stage
homage		/ˈɑmədʒ/	명사	
devious		/ˈdiviəs/	형용사	A devious character
crimson	빨간색 | 빨갛다 | 시뻘건	/ˈkɹɪmzən/	형용사	Crimson with fury
activist	행동주의자 | 행동 대원	/ˈæktəvəst/	명사	
rowing	배젓기 | 저정용의	/ˈɹoʊɪŋ/	명사	
conditioner	조교자 | 공기조절장치 | 조절하는 사람	/kənˈdɪʃənɝ/	명사	Farm work can be a good conditioner
filmmaker	영화 회사 | 영화 제작자	/ˈfɪɫˌmeɪkɝ/	명사	
softball	연식 야구	/ˈsɔfˌbɔɫ/	명사	
outline	대체 | 대략 | 약도	/ˈaʊtˌɫaɪn/	동사	Outline his ideas
perjury	위증 | 거짓 맹세	/ˈpɝdʒɝi/	명사	
etiquette	범절 | 예법 | 에티켓	/ˈɛtəkət/	명사	
joyous	즐거운	/ˈdʒɔɪəs/	형용사	Joyous laughter
intestine		/ˌɪnˈtɛstən/	명사	
residential	주거의 | 학내 거주의 | 거주를 요하는	/ˌɹɛzɪˈdɛnʃəɫ/	형용사	Residential zoning
tortoise	거북 | 느림보	/ˈtɔɹtəs/	명사	
unjust	부당	/ənˈdʒəst/	형용사	An unjust judge
fetish	물신	/ˈfɛtɪʃ/	명사	Made a fetish of cleanliness
completion	완성 | 완료 | 마무리	/kəmˈpɫiʃən/	명사	
davenport		/ˈdævənˌpɔɹt/	명사	
heartbreak	애끊는 마음 | 상심	/ˈhɑɹtˌbɹeɪk/	명사	
safari	사냥 여행	/səˈfɑɹi/	명사	
brochure	팸플릿	/bɹoʊˈʃʊɹ/	명사	
limousine	리무진	/ˈɫɪməˌzin/	명사	
boast	뻐기다	/ˈboʊst/	동사	
magnitude	광도 | 중요도 | 진도	/ˈmæɡnəˌtud/	명사	A problem of the first magnitude
utility	실용 | 유용물 | 실요 본위의	/juˈtɪɫəti/	명사	A utility infielder
gourmet	식통 | 미식가	/ˈɡʊɹˌmeɪ/	명사	
wrecking		/ˈɹɛkɪŋ/	명사	
snore	골다	/ˈsnɔɹ/	동사	She complained that her husband snores
courting	구애	/ˈkɔɹtɪŋ/	명사	John is courting Mary
apprehended		/ˌæpɹɪˈhɛndɪd/	형용사	These apprehended truths
prescribe	처방하다 | 명령하다	/pɹəsˈkɹaɪb/	동사	
installation	설치 | 가설 | 군사시설	/ˌɪnstəˈɫeɪʃən/	명사	The telephone installation took only a few minutes
likeness	상사성 | 외관	/ˈɫaɪknəs/	명사	Man created God in his own likeness
interface	결부하다 | 공유영역 | 접점	/ˈɪnɝˌfeɪs/	명사	The interface between chemistry and biology
blindness		/ˈbɫaɪndnəs/	명사	
one-time		/ˈwənˈtaɪm/	형용사	
accelerator	가속장치 | 촉진제	/ækˈsɛɫɝˌeɪtɝ/	명사	
awol		/ˈeɪˌwɔɫ/	명사	The soldier was AWOL for almost a week
kale	양배추 수프	/ˈkeɪɫ/	명사	
tack	시침질 | 정책 | 지그재그 침로	/ˈtæk/	동사	The boat tacked
auxiliary	보조사 | 조동사 | 외인 부대	/ɑɡˈzɪɫiɛɹi/	명사	The main library and its auxiliary branches
swipe	들이켜기 | 말 사육자	/ˈswaɪp/	동사	
childbirth		/ˈtʃaɪɫdˌbɝθ/	명사	
livelihood	생활 | 살림 | 생계	/ˈɫaɪvɫiˌhʊd/	명사	He could no longer earn his own livelihood
swordsman	검색 | 검객		명사	
resourceful	자력이 있는	/ɹiˈsɔɹsfəɫ/	형용사	The most resourceful cook in town
sabbath		/ˈsæbəθ/	명사	
self-destruct		/ˈsɛɫfdɪˈstɹəkt/	동사	The machine will self-destruct if you tamper with it
incentive	장려금	/ˌɪnˈsɛnɪv/	명사	
showdown	대결	/ˈʃoʊˌdaʊn/	명사	
harding	하딩	/ˈhɑɹdɪŋ/	명사	
ref	심판관	/ˈɹɛf/	명사	
molten	족은 | 주조된	/ˈmoʊɫtən/	형용사	A mass of molten rock
frosty	싸늘한 | 추위가 매서운 | 뿌옇다	/ˈfɹɔsti/	형용사	Got a frosty reception
henceforth	차후	/ˈhɛnsˈfɔɹθ/	부사	Henceforth she will be known as Mrs. Smith
renewed		/ɹiˈnud/	형용사	Felt renewed strength
sitter	착석자	/ˈsɪtɝ/	명사	
richardson		/ˈɹɪtʃɝdsən/	명사	
fingertip		/ˈfɪŋɡɝˌtɪp/	명사	
catfish	메기	/ˈkætˌfɪʃ/	명사	
charger	돌격자 | 장약기 | 장전기	/ˈtʃɑɹdʒɝ/	명사	
disciplined		/ˈdɪsəpɫənd/	형용사	A disciplined mind
outing	외출 | 나들이	/ˈaʊtɪŋ/	명사	
glitch		/ˈɡɫɪtʃ/	명사	
jell-o			명사	
porcelain	도자기 | 자기 | 자기 제품	/ˈpɔɹsəɫən/	명사	
remarry	재혼하다 | 재혼시키다	/ɹiˈmɛɹi/	동사	
firepower	득점력 | 화력 | 득점 행위	/ˈfaɪɹˌpaʊɝ/	명사	
hampton		/ˈhæmptən/	명사	
flawed		/ˈfɫɔd/	형용사	A flawed diamond
scarcely	아니다	/ˈskɛɹsɫi/	부사	They scarcely ever used the emergency generator
roach	바퀴벌레 | 잉어과의 민물고기	/ˈɹoʊtʃ/	명사	
stairwell		/ˈstɛɹˌwɛɫ/	명사	
negligence	자유분방 | 등한 | 부주의로 인하과실	/ˈnɛɡɫədʒəns/	명사	
belgrade	벨그라드	/ˈbɛɫˌɡɹɑd/	명사	
buttocks	엉덩이 | 볼기 | 불기	/ˈbətəks/	명사	
loco	로코병 | 로코초	/ˈɫoʊkoʊ/	형용사	
bellows	주름상자 | 풀무 | 폐	/ˈbɛɫoʊz/	명사	
snowy	눈이 오는 | 오점이 없는	/ˈsnoʊi/	형용사	A long snowy winter
pelvis	골반	/ˈpɛɫvəs/	명사	
hymn	찬송가	/ˈhɪm/	명사	They hymned their love of God
audit	감사 | 결산보고 | 회계검사	/ˈɔdɪt/	명사	An email log audit
slashed		/ˈsɫæʃt/	형용사	A slashed doublet
frantic		/ˈfɹæntɪk/	형용사	Something frantic in their gaiety
aloha		/əˈɫoʊhɑ/	명사	
sahara		/səˈhɛɹə/	명사	
freshly	신선하게	/ˈfɹɛʃɫi/	부사	A freshly cleaned floor
poodle	삽살개의 일종	/ˈpudəɫ/	명사	
archaeologist	고고학자	/ˌɑɹkiˈɑɫədʒɪst/	명사	
gore	흘린피 | 응혈	/ˈɡɔɹ/	명사	
maggot	변덕 | 구더기	/ˈmæɡət/	명사	
horrifying	소름끼치는	/ˈhɔɹəˌfaɪɪŋ/	형용사	An alarming, even horrifying, picture
cider	사과술 | 사과주스	/ˈsaɪdɝ/	명사	
pompous	건방진 | 과장된	/ˈpɑmpəs/	형용사	A pompous speech
boomer	신흥지역으로모이는사람 | 큰 수캥거루	/ˈbumɝ/	명사	They expanded the schools for a generation of baby boomers
hard-on			명사	
abundance	윤택 | 부유 | 풍부	/əˈbəndəns/	명사	An age of abundance
barricade	방책 | 통행 차단물	/ˈbæɹəˌkeɪd/	명사	Barricade the streets
kali		/ˈkɑˌɫi/	명사	
literal		/ˈɫɪtɝəɫ/	형용사	A literal translation
scrubbing	걸레질	/ˈskɹəbɪŋ/	명사	
discouraged		/dɪˈskɝədʒd/	형용사	Felt discouraged by the magnitude of the problem
almond	편도	/ˈɑmənd/	명사	
chestnut	밤 | 구렁말 | 밤나무	/ˈtʃɛsˌnət/	명사	A chestnut horse
syphilis	매독	/ˈsɪfəɫɪs/	명사	
criterion		/kɹaɪˈtɪɹiən/	명사	
trainee	견습공 | 훈련생	/ˈtɹeɪˈni/	명사	
rad	과격파	/ˈɹæd/	명사	
poe		/ˈpoʊ/	명사	
farmhouse	농가	/ˈfɑɹmˌhaʊs/	명사	
samba	삼바	/ˈsɑmbə/	명사	
silicon	규소	/ˈsɪɫəkən/	명사	
reptile	악의있는 | 파충류의 | 파행하는	/ˈɹɛptaɪɫ/	명사	
leftover		/ˈɫɛfˌtoʊvɝ/	명사	Leftover meatloaf
freighter	화물선	/ˈfɹeɪtɝ/	명사	
jerky	움찔하는 | 바보같은 | 경련적인	/ˈdʒɝki/	형용사	
solemnly		/ˈsɔɫəmɫi/	부사	The judge sat there solemnly
accommodation	대부금 | 융통 | 순응	/əˌkɑməˈdeɪʃən/	명사	Overnight accommodations are available
slag		/ˈsɫæɡ/	명사	
whitman		/ˈhwɪtmən/	명사	
verified	검증되다	/ˈvɛɹəˌfaɪd/	형용사	A verified claim
fancied	상상의 | 공상의	/ˈfænsid/	형용사	A fancied wrong
partridge	자고 | 반시 | 자고고기	/ˈpɑɹtɹədʒ/	명사	
defiance	도전 | 무시 | 반항	/dɪˈfaɪəns/	명사	
stripping		/ˈstɹɪpɪŋ/	명사	
pant	헐떡임 | 숨이 참 | 확 내뿜다	/ˈpænt/	동사	The runners reached the finish line, panting heavily
mutton	양고기	/ˈmətən/	명사	
hypocrisy	위선적 행위 | 위선	/hɪˈpɑkɹəsi/	명사	
invaluable		/ˌɪnˈvæɫjəbəɫ/	형용사	
ce		/ˌsiˈi/	명사	
lucrative	이익있는 | 돈벌이가 되는	/ˈɫukɹətɪv/	형용사	
penal	형사상의	/ˈpinəɫ/	형용사	Penal servitude
orchestral	오케스트라의	/ɔɹˈkɛstɹəɫ/	형용사	Orchestral score
endlessly	가이없이 | 한없이 | 하염없다	/ˈɛndɫəsɫi/	부사	Her nagging went on endlessly
hitchcock		/ˈhɪtʃˌkɑk/	명사	
redo	다시하다	/ɹiˈdu/	동사	
illegitimate	서자	/ˌɪɫɪˈdʒɪtəmɪt/	형용사	An illegitimate seizure of power
self-respect		/ˌsɛɫfɹɪˈspɛkt/	명사	
blender	믹서 | 혼합하는것 | 혼합하는 사람	/ˈbɫɛndɝ/	명사	
accordance	조화	/əˈkɔɹdəns/	명사	The accordance to Canada of rights of access
brandt		/ˈbɹænt/	명사	
makeover		/ˈmæˌkoʊvɝ/	명사	The blighted neighborhood underwent a total makeover
viagra	비아그라 | 정력제	/viˈæɡɹə/	명사	
enhanced	높인	/ɛnˈhænst/	형용사	Careful cleaning was responsible for the enhanced value of the painting
unprofessional	전문가가 아닌 | 비직업적인	/ˌənpɹəˈfɛʃənəɫ/	형용사	Unprofessional repairs
mow	건초 곳간	/ˈmoʊ/	동사	
whiskers	구레나룻	/ˈhwɪskɝz/	명사	
tourism	유람	/ˈtʊˌɹɪzəm/	명사	Tourism is a major business in Bermuda
rebirth	부활 | 갱생 | 재탄생	/ɹiˈbɝθ/	명사	
predicament	궁경	/pɹiˈdɪkəmənt/	명사	Finds himself in a most awkward predicament
vendor	매각인 | 판매인 | 행상인	/ˈvɛndɝ/	명사	
illiterate	무식자 | 무교육자 | 글자를 모르는	/ˌɪˈɫɪtɝət/	형용사	He is musically illiterate
malicious	속 검은 | 악의 있는	/məˈɫɪʃəs/	형용사	Malicious gossip
labyrinth	미궁 | 미로	/ˈɫæbɝˌɪnθ/	명사	
psyche	사이키 | 프시케 | 나방의 일종	/ˈsaɪki/	명사	
florist	꽃장수 | 화초재배자	/ˈfɫɑɹɪst/	명사	The florist made up an attractive bouquet
unthinkable		/ənˈθɪŋkəbəɫ/	형용사	
frail	여자. | 골풀바구니 | 취약	/ˈfɹeɪɫ/	형용사	An invalid's frail body
plato	플라톤	/ˈpɫeɪtoʊ/	명사	
planetary		/ˈpɫænəˌtɛɹi/	형용사	Planetary motion
flair		/ˈfɫɛɹ/	명사	He has a flair for mathematics
ruse	계략	/ˈɹuz/	명사	
observatory	천문기상대 | 관측소 | 전망대	/əbˈzɝvəˌtɔɹi/	명사	
heavyweight	헤비급 선수	/ˈhɛviˌweɪt/	명사	
diplomacy	외교 | 외교 수완 | 수교	/dɪˈpɫoʊməsi/	명사	
ev		/ˈɛv/	명사	
nutty		/ˈnəti/	형용사	
extravagant	엉뚱하다 | 낭비하는 | 터무니 없는	/ɛkˈstɹævəɡənt/	형용사	Extravagant praise
caterpillar	모충 | 쐐기벌레 | 착취자	/ˈkætəˌpɪɫɝ/	명사	
skeptical	회의적인	/ˈskɛptəkəɫ/	형용사	A skeptical attitude
ideology	이데올로기 | 관념학 | 공리 공론	/ˌaɪdiˈɑɫədʒi/	명사	
chainsaw		/ˈtʃeɪnˌsɔ/	명사	
healthier		/ˈhɛɫθiɝ/	형용사	
prudent		/ˈpɹudənt/	형용사	A prudent manager
cutler	칼 장수	/ˈkətɫɝ/	명사	
rudder	방향타 | 키 | 꽁지깃	/ˈɹədɝ/	명사	
hermann		/ˈhɝmən/	명사	
laundering		/ˈɫɔndɝɪŋ/	명사	
kaufman		/ˈkɔfmən/	명사	
succession	연속 | 후계 | 상속자들	/səkˈsɛʃən/	명사	A succession of failures
structural		/ˈstɹəktʃɝəɫ/	형용사	Structural errors
lollipop	사탕 | 교통지시관	/ˈɫɑɫiˌpɑp/	명사	
atmospheric	대기의 | 대기중의	/ˌætməsˈfɛɹɪk/	형용사	Atmospheric tests
stride	한걸음 | 활보하다 | 큰걸음	/ˈstɹaɪd/	명사	They made big strides in productivity
blizzard		/ˈbɫɪzɝd/	명사	A blizzard of lawsuits
administer	운영하다 | 처리하다 | 관장	/ədˈmɪnəstɝ/	동사	Administer an exam
state-of-the-art		/ˌsteɪtəvðɪˈɑɹt/	형용사	State-of-the-art technology
grimm	동화작가 형제	/ˈɡɹɪm/	명사	
fireball	불덩이	/ˈfaɪɝˌbɔɫ/	명사	
individually	일일이 | 낱낱이 | 낱낱으로	/ˌɪndɪˈvɪdʒəɫi/	부사	Taken individually, the rooms were, in fact, square
flask	플라스크	/ˈfɫæsk/	명사	
swain	시골 멋쟁이	/ˈsweɪn/	명사	
hubble		/ˈhəbəɫ/	명사	
burgess		/ˈbɝdʒəs/	명사	
booster	승압기 | 부스터 | 증폭기	/ˈbustɝ/	명사	
erratic	변덕스러운	/ɪˈɹætɪk/	형용사	Erratic behavior
undergo	격다 | 체험하다 | 치르다	/ˌəndɝˈɡoʊ/	동사	The fluid undergoes shear
bearded	수염이 있는	/ˈbɪɹdəd/	형용사	Bearded wheatgrass
fucked-up		/ˈfəkˌtəp/	형용사	Situation normal--all fucked-up
salami	살라미	/səˈɫɑmi/	명사	
oval	달걀 모양의	/ˈoʊvəɫ/	형용사	
downfall	멸망 | 몰락 | 호우	/ˈdaʊnˌfɔɫ/	명사	
warwick	워릭	/ˈwɔɹwɪk/	명사	
ulcer	궤양 | 병폐 | 폐해	/ˈəɫsɝ/	명사	
domination	지배 | 제압 | 억제	/ˌdɑməˈneɪʃən/	명사	
dementia	치매	/dɪˈmɛnʃiə/	명사	
arthritis	관절염	/ɑɹˈθɹaɪtəs/	명사	
refusal	선매권 | 거절 | 거부	/ɹəfˈjuzəɫ/	명사	
volatile	비지구의 | 덧없는	/ˈvɑɫətəɫ/	형용사	Volatile stocks
beneficial	유익 | 유리 | 양호	/ˌbɛnəˈfɪʃəɫ/	형용사	The beneficial effects of a temperate climate
seaman	뱃사람 | 수병	/ˈsimən/	명사	
iranian	이란사람 | 이란의말의 | 이란 의	/ˌɪˈɹɑniən/	명사	Iranian mountains
sputtering		/ˈspətɝɪŋ/	명사	Sputtering engines
sled	썰매	/ˈsɫɛd/	명사	
mortality		/mɔɹˈtæɫəti/	명사	
hysteria	병적흥분 | 히스테리	/hɪˈstɛɹiə/	명사	
beseech	간청하다 | 탄원하다	/biˈsitʃ/	동사	
miscarriage	불착	/mɪˈskɛɹədʒ/	명사	
hun	파괴자 | 훈족 | 흉노	/ˈhən/	명사	
racer	경주자 | 회전대 | 호형 포상	/ˈɹeɪsɝ/	명사	
hoop	후프 | 굴렁쇠 | 기둥문	/ˈhup/	명사	There was still a rusty iron hoop for tying a horse
unfamiliar	잘알지 못하는	/ˌənfəˈmɪɫjɝ/	형용사	A name unfamiliar to most
slab	석판	/ˈsɫæb/	명사	
persecution		/ˌpɝsəkˈjuʃən/	명사	
monarchy	군주국 | 군주제 | 군주 정치	/ˈmɑnɑɹki/	명사	
himmler		/ˈhɪmɫɝ/	명사	
philosophical	철학적	/ˌfɪɫəˈsɑfɪkəɫ/	형용사	Philosophical writing
ping-pong	탁구	/ˈpɪŋˌpɔŋ/	명사	
soften	연성 | 상냥하게 하다	/ˈsɑfən/	동사	This liquid will soften your laundry
carmichael		/ˈkɑɹˌmaɪkəɫ/	명사	
herpes	포진 | 헤르페스	/ˈhɝpiz/	명사	
foggy	안개짙은 | 빛이새어 흐려진 | 흐린	/ˈfɑɡi/	형용사	
specialized		/ˈspɛʃəˌɫaɪzd/	형용사	A specialized tool
parvati			명사	
deem	간주하다	/ˈdim/	동사	
astronomy	천문학	/əˈstɹɑnəmi/	명사	
rein	통어 | 통어하다 | 제어법	/ˈɹeɪn/	명사	He took up the reins of government
duet		/djuˈɛt/	명사	
beginner	초보자 | 초학자 | 초심자	/bɪˈɡɪnɝ/	명사	
nebula	성무 | 각막예 | 성운	/ˈnɛbjəɫə/	명사	
fascination	매력 | 눈독들임 | 매력있는 것	/ˌfæsəˈneɪʃən/	명사	He held the children spellbound with magic tricks and other fascinations
fussy	야단법석하는	/ˈfəsi/	형용사	Fussy about clothes
elect	뽑힌 | 선거하다	/ɪˈɫɛkt/	동사	The president elect
collier	석탄선 | 석탄선 선원	/ˈkɑɫjɝ/	명사	
evaluate	평가하다	/iˈvæɫjuˌeɪt/	동사	How do you evaluate this grant proposal?
microscopic	미시적 | 극미의 | 현미경적인	/ˌmaɪkɹəˈskɑpɪk/	형용사	Microscopic analysis
hearty	풍부한	/ˈhɑɹti/	형용사	A hearty welcome
mammoth	매머드	/ˈmæməθ/	형용사	A mammoth multinational corporation
oppressed		/əˈpɹɛst/	형용사	Oppressed by a sense of failure
diameter	지름 | 직경	/daɪˈæmətɝ/	명사	
tailing		/ˈteɪɫɪŋ/	명사	
intoxicated	술취한 | 도취된	/ɪnˈtɑksəˌkeɪtɪd/	형용사	Felt intoxicated by her success
photographic		/ˌfoʊtəˈɡɹæfɪk/	형용사	Photographic equipment
descending	내려가는	/dɪˈsɛndɪŋ/	형용사	
stakeout		/ˈsteɪˌkaʊt/	명사	
submission	중재부탁 | 제출 | 항복	/səbˈmɪʃən/	명사	His submission to the will of God
prostate	전립선 | 섭호선	/ˈpɹɑˌsteɪt/	명사	
ointment	연고 | 고약	/ˈɔɪntmənt/	명사	
hr	인사과	/ˈeɪˈtʃɑɹ/	명사	
gaius			명사	
electrician	전기기술자	/ɪɫɛkˈtɹɪʃən/	명사	
aneurysm	동맥류	/ˈænjʊˌɹɪzəm/	명사	
sulk	지르퉁함 | 시무룩해지다	/ˈsəɫk/	명사	Stayed home in a sulk
actively	적극적 | 활발히	/ˈæktɪvɫi/	부사	He participated actively in the war
mortuary	매장의	/ˈmɔɹtʃuˌɛɹi/	형용사	
serenity	담담	/sɝˈɛnəti/	명사	
funded		/ˈfəndəd/	형용사	Well-funded research
mixer	믹서 | 교제가 | 사교가	/ˈmɪksɝ/	명사	
draining	배수	/ˈdɹeɪnɪŋ/	형용사	
assurance	보증	/əˈʃʊɹəns/	명사	An assurance of help when needed
bossy	두목 행세하는	/ˈbɔsi/	형용사	A bossy way of ordering others around
venezuela		/ˌvɛnɪzˈweɪɫə/	명사	
commentary	주석서 | 주석 | 논평	/ˈkɑmənˌtɛɹi/	명사	
beheaded		/bɪˈhɛdɪd/	형용사	The beheaded prisoners
unnoticed	돌보아지지 않는	/ənˈnoʊtɪst/	형용사	Hoped his departure had passed unnoticed
onward	전방에 | 나아가서 = | 전방으로	/ˈɔnwɝd/	부사	Moved onward into the forest
cleanup	숙정 | 강타자의 | 재고정리	/ˈkɫiˌnəp/	명사	
cosy		/ˈkoʊzi/	명사	
branded		/ˈbɹændɪd/	형용사	Branded criminal
plow	쟁기 | 보습 | 쟁기로 갈다	/ˈpɫaʊ/	동사	The ship plowed through the water
deluxe	호화롭게 | 호화판의 | 호화로운	/dəˈɫəks/	형용사	
aft	고무쪽에 | 후미에	/ˈæft/	부사	Stow the luggage aft
neurotic	신경증의 | 신경증환자 | 노이로제에 걸린	/nʊˈɹɑtɪk/	형용사	Neurotic disorder
rani		/ˈɹɑni/	명사	
tanker	탱커 | 전차 대원 | 유조선	/ˈtæŋkɝ/	명사	
settler	설정자 | 식민자 | 개척자	/ˈsɛtəɫɝ/	명사	
snowman	눈사람	/ˈsnoʊˌmæn/	명사	
geisha		/ˈɡeɪʃə/	명사	
transactions		/tɹænˈzækʃənz/	명사	No transactions are possible without him
extraordinarily	비상하게 | 이례적으로 | 유별나게	/ɛkˌstɹɔɹdəˈnɛɹəɫi/	부사	It will be an extraordinarily painful step to negotiate
obsolete	안쓰는 | 쓸모없이 된 | 구식의	/ˈɑbsəˌɫit/	형용사	
consultation	상담 | 참고 | 심의회	/ˌkɑnsəɫˈteɪʃən/	명사	He had a consultation with the judge
agreeable	즐겁다 | 상냥한 | 사근사근하다	/əˈɡɹiəbəɫ/	형용사	An agreeable manner
impostor	협작꾼 | 사기꾼	/ˌɪmˈpɔstɝ/	명사	
wasp	말벌같은 | 장수말벌 | 허리가 가는	/ˈwɑsp/	명사	
maturity	성숙 | 성숙도 | 만기	/məˈtʃʊɹəti/	명사	
sheik	교주 | 촌장 | 추장	/ˈʃik/	명사	
liberate	석방하다 | 해방하다 | 내놓다	/ˈɫɪˌbɝˌeɪt/	동사	The students liberated their slaves upon graduating from the university
brilliantly	찬연히 | 찬한히 | 빈들빈들하게	/ˈbɹɪɫjəntɫi/	부사	The stars shone brilliantly
surfer		/ˈsɝfɝ/	명사	
selma		/ˈsɛɫmə/	명사	
lowell		/ˈɫoʊəɫ/	명사	
bridegroom	신랑	/ˈbɹaɪdˌɡɹum/	명사	
mysteriously		/ˌmɪsˈtɪɹiəsɫi/	부사	
defective		/dɪˈfɛktɪv/	형용사	Defective speech
joss	우상 | 신상	/ˈdʒɔs/	명사	
tombstone	비석 | 묘석	/ˈtumˌstoʊn/	명사	
writings		/ˈɹaɪtɪŋz/	명사	The idea occurs with increasing frequency in Hemingway's writings
delicacy	우미 | 정교	/ˈdɛɫəkəsi/	명사	
tumble	전략하다 | 부닥치다 | 공중제비를 하다	/ˈtəmbəɫ/	동사	The clothes tumbled in the dryer
silva	수림지 | 산림 | 산림의 수목	/ˈsɛɫvə/	명사	
hospitalize	입원시키다	/ˈhɔˌspɪtəˌɫaɪz/	동사	Mother had to be hospitalized because her blood pressure was too high
fig	무화과	/ˈfɪɡ/	명사	
speculate	사색하다 | 투기하다	/ˈspɛkjəˌɫeɪt/	동사	Philosophers have speculated on the question of God for thousands of years
inflict	짊어지우다	/ˌɪnˈfɫɪkt/	동사	
stabilize	안정시키다	/ˈsteɪbəˌɫaɪz/	동사	Stabilize prices
deuce	듀스 | 재액	/ˈdus/	명사	The deuce with it
significantly	의미있는듯이 | 의미 심장하게	/sɪɡˈnɪfɪkəntɫi/	부사	The two groups differed significantly
newcomer	새로온 사람 | 풋내기	/ˈnuˌkəmɝ/	명사	He's a newcomer to Boston
sighted		/ˈsaɪtɪd/	형용사	
riddance	면함 | 벗어남	/ˈɹɪdəns/	명사	
seasoned	양념한 | 잘 마른 | 경험이 많은	/ˈsizənd/	형용사	A seasoned traveler
picket	감시원 | 초병 | 소초	/ˈpɪkɪt/	명사	Picket the goat
abc	입문서	/ˈeɪˌbiˌsi/	명사	
mecca	순례지 | 마호멧의 탄생지 | 성지	/ˈmɛkə/	명사	New York is a mecca for young artists
insomnia	불면증	/ˌɪnˈsɑmniə/	명사	
pendant	매단 | 늘임 장식 | 매달려 있는것	/ˈpɛndənt/	명사	A pendant bunch of grapes
harmonica	하모니카	/hɑɹˈmɑnɪkə/	명사	
listing	나열	/ˈɫɪstɪŋ/	명사	
heartache	마음 아픔 | 비탄	/ˈhɑɹˌteɪk/	명사	
trumpets		/ˈtɹəmpəts/	명사	
proceeds	매상고	/pɹəˈsidz/	명사	
intruding		/ˌɪnˈtɹudɪŋ/	형용사	
pasture	목장 | 목초	/ˈpæstʃɝ/	명사	
horrified	겁에 질린 | 충격 받은	/ˈhɔɹəˌfaɪd/	형용사	The news of the executions horrified us
sprain	삐다 | 삠	/ˈspɹeɪn/	동사	The hikers sprained their ankles when they fell
lovebird			명사	
rivalry	각축전 | 대항 | 적대	/ˈɹaɪvəɫɹi/	명사	
vial	약병 | 작은 유리병	/ˈvaɪəɫ/	명사	
rv	재돌입체		명사	
talisman	부적 | 호부	/ˈtæɫɪsmən/	명사	
arsenic	비소 | 비소의	/ˈɑɹsənɪk/	명사	
buchanan		/bjuˈkænən/	명사	
intake	섭취량 | 채용인원 | 섭취	/ˈɪnˌteɪk/	명사	
sheikh		/ˈʃik/	명사	
takeover	접수 | 경영권 취득	/ˈteɪˌkoʊvɝ/	명사	
foreplay	전희	/ˈfɔɹˌpɫeɪ/	명사	
thames		/ˈtɛmz/	명사	
lotte		/ˈɫɑt/	명사	
rewarding		/ɹiˈwɔɹdɪŋ/	형용사	A rewarding career as a paramedic
cornell		/kɔɹˈnɛɫ/	명사	
recession	후미진 곳 | 불황 | 불경기	/ˌɹiˈsɛʃən/	명사	
shepard		/ˈʃɛpɝd/	명사	
ukrainian	우크라이나의 | 우크라이나 말 | 우크라이나 사람	/juˈkɹeɪniən/	명사	
infectious	옮기쉬운 | 전염되기 쉬운 | 전염성의	/ˌɪnˈfɛkʃəs/	형용사	Infectious disease
morrow		/ˈmɑɹoʊ/	명사	Whenever he arrives she leaves on the morrow
yahoo	야후속의	/ˈjɑˌhu/	명사	
robertson		/ˈɹɑbɝtsən/	명사	
pious	효성스러운 | 신앙심이 깊은	/ˈpaɪəs/	형용사	
brainwashed		/ˈbɹeɪnˌwɑʃt/	형용사	Brainwashed prisoners of war
sedate		/sɪˈdeɪt/	형용사	A quiet sedate nature
colourful			형용사	
time-out		/ˈtaɪˌmaʊt/	명사	Each team has two time-outs left
bribery	증수회	/ˈbɹaɪbɝi/	명사	
geological	지질학적	/ˌdʒiəˈɫɑdʒɪkəɫ/	형용사	Geological formations
crossword	크로스워드퍼즐	/ˈkɹɔˌswɝd/	명사	
linger	오래 머물다 | 우물쭈물 보내다 | 쉬이 사라지지않다	/ˈɫɪŋɝ/	동사	Her perfume lingered on
roster	등록부 | 명부	/ˈɹɑstɝ/	명사	
rebuilding	재충	/ɹiˈbɪɫdɪŋ/	명사	
grinder	연마기 | 구치 | 그라인더	/ˈɡɹaɪndɝ/	명사	
weber	웨버	/ˈwɛbɝ/	명사	
harem	후궁 | 도장방	/ˈhɛɹəm/	명사	
proxy	서리 | 위임자 | 대용물	/ˈpɹɑksi/	명사	
timed	때에 알맞은	/ˈtaɪmd/	형용사	Closely timed intervals
toxin	독소	/ˈtɑksən/	명사	
originate	발생하다 | 발명하다	/ɝˈɪdʒəˌneɪt/	동사	The flight originates in Calcutta
tracing		/ˈtɹeɪsɪŋ/	명사	The tracing of genealogies
wham	쾅치다 | 후려 갈기다	/ˈhwæm/	동사	
ironing	다림질 | 다림질하는 옷등	/ˈaɪɝnɪŋ/	명사	She stood there ironing
mar	망쳐놓다 | 번지 레지스터 | 흠내다	/ˈmɑɹ/	동사	
docking	입거 | 도킹의 | 입거의	/ˈdɑkɪŋ/	명사	
accelerate	빨라지다 | 빨리하다	/ækˈsɛɫɝˌeɪt/	동사	The car accelerated
relive	상기하다 | 다시 체험하다 | 재현하다	/ɹiˈɫɪv/	동사	He relived the horrors of war
aggravated	가중 폭행	/ˈæɡɹəˌveɪtɪd/	형용사	Aggravated assault
downright		/ˈdaʊnˌɹaɪt/	부사	A downright lie
chandi			명사	
steaming		/ˈstimɪŋ/	형용사	A steaming kettle
wary		/ˈwɛɹi/	형용사	Taught to be wary of strangers
hemisphere	반구	/ˈhɛmɪsˌfɪɹ/	명사	
quaint	색다르고 재미있는	/ˈkweɪnt/	형용사	Quaint dialect words
magically		/ˈmædʒɪkəɫi/	부사	It disappeared magically
accordion	아코디언	/əˈkɔɹdiən/	명사	
cowardice	비겁	/ˈkaʊɝdəs/	명사	
cramped	배배꼬인 | 읽기어려운 | 비좁은	/ˈkɹæmpt/	형용사	Cramped quarters
curt	간략한 | 짧게 자른 | 불통	/ˈkɝt/	형용사	A response so curt as to be almost rude
fo			명사	
stamina	스태미너 | 인내력 | 인내성	/ˈstæmənə/	명사	
cheesecake	치즈케이크	/ˈtʃizˌkeɪk/	명사	
testosterone	테스토스테론	/ˌtɛsˈtɑstɝˌoʊn/	명사	
fend		/ˈfɛnd/	동사	The mountain climbers had to fend against the ice and snow
lux	럭스 | 조명도의 국제단위	/ˈɫəks/	명사	
crummy		/ˈkɹəmi/	형용사	
coil	코일 | 똘똘 감다 | 감기다	/ˈkɔɪɫ/	명사	Black smoke coiling up into the sky
upbringing		/ˈəpˌbɹɪŋɪŋ/	명사	
geronimo		/dʒəˈɹɔnɪˌmoʊ/	명사	
transmitting	전수	/tɹænsˈmɪtɪŋ/	명사	
barbaric	야만인의 | 잔인한 | 야만적인	/bɑɹˈbæɹɪk/	형용사	Barbaric practices
thong	회초리끈 | 가죽끈	/ˈθɔŋ/	명사	She wore thongs in her quest for the callipygian ideal
trespass	침입 | 침해	/ˈtɹɛsˌpæs/	동사	Don't trespass on my land!
ballerina	발레리나	/ˌbæɫɝˈinə/	명사	
genetics	유전학	/dʒəˈnɛtɪks/	명사	
elegance	단아 | 우아 | 과학적인 정밀성	/ˈɛɫəɡəns/	명사	The simplicity and elegance of his invention
yak	야크 | 이우소	/ˈjæk/	명사	
welles		/ˈwɛɫz/	명사	
streaming		/ˈstɹimɪŋ/	형용사	Streaming audio
navigator	항법사 | 항해자 | 항행장	/ˈnævəˌɡeɪtɝ/	명사	
cleaver	쪼개는 것	/ˈkɫivɝ/	명사	
anew	새로 | 재차 | 새삼	/əˈnu/	부사	Wanted to write the story anew
marseille		/mɑɹˈsaɪɫ/	명사	
odor	방향 | 기미	/ˈoʊdɝ/	명사	
raider	교란자 | 급습자 | 침입기	/ˈɹeɪdɝ/	명사	
crypt	토굴 | 지하실	/ˈkɹɪpt/	명사	
spam		/ˈspæm/	명사	
teeny		/ˈtini/	형용사	
twig	잔 가지	/ˈtwɪɡ/	동사	
anesthesia	마취	/ˌænɪsˈθiʒə/	명사	
scandalous	못된 | 중상적인	/ˈskændəɫəs/	형용사	Scandalous behavior
esteem	존경 | 존중하다 | 귀중히 여기다	/əˈstim/	명사	It is held in esteem
carmine	양홍색 | 카민	/ˈkɑɹmən/	명사	
spanking	기막히게 좋은	/ˈspæŋkɪŋ/	명사	A spanking breeze
devi			명사	
trot	총총걸음 | 속보 | 자습용 번역서	/ˈtɹɑt/	동사	
bb			명사	
thriving	번성 | 영화롭다 | 번성하다	/ˈθɹaɪvɪŋ/	형용사	A thriving tourist center
compose	구도하다 | 안치하다 | 작문하다	/kəmˈpoʊz/	동사	She composed a poem
indigenous	지역 고유의	/ˌɪnˈdɪdʒənəs/	형용사	The Ainu are indigenous to the northernmost islands of Japan
awakening	눈뜸 | 각성	/əˈweɪkənɪŋ/	명사	It was an early awakening
bop		/ˈbɑp/	명사	
hippies	히피족	/ˈhɪpiz/	명사	
exorcism	액막이	/ˈɛksɝˌsɪzəm/	명사	
swiftly	신속히 | 치솟다	/ˈswɪftɫi/	부사	She moved swiftly
blinding	현혹시키는 | 자갈 | 시다	/ˈbɫaɪndɪŋ/	형용사	Blinding headlights
engraved		/ɪnˈɡɹeɪvd/	형용사	Engraved invitations
kahn		/ˈkɑn/	명사	
labeled		/ˈɫeɪbəɫd/	형용사	Properly labeled luggage
comforts		/ˈkəmfɝts/	명사	All the comforts of home
ample	충분하다 | 충분한 | 흡족	/ˈæmpəɫ/	형용사	An ample supply
clang	뗑하고 울리다	/ˈkɫæŋ/	동사	He could hear the clang of distant bells
understatement		/ˈəndɝˌsteɪtmənt/	명사	
disqualified		/dɪsˈkwɑɫəˌfaɪd/	형용사	A disqualified player
tael	테일		명사	
meteorite	운석	/ˈmitiɔˌɹaɪt/	명사	
trio	삼중주 | 삼중창	/ˈtɹiˌoʊ/	명사	
centimeter	센티미터	/ˈsɛntəˌmitɝ/	명사	
fae		/ˈfaɪ/	명사	
reconnaissance	예비조사 | 정찰 | 답사	/ɹiˈkɑnəsəns/	명사	An exchange of fire occurred on a reconnaissance mission
leukemia	배혈증	/ɫuˈkimiə/	명사	
palermo		/pəˈɫɛɹmoʊ/	명사	
shareholder	주주	/ˈʃɛɹˌhoʊɫdɝ/	명사	
commandment	계명 | 계율 | 명령권	/kəˈmændmənt/	명사	
din	소음이 나다 | 뇌고 되뇌이다	/ˈdɪn/	명사	
camper	캠프 생활자 | 캠프용 자동차 | 캠핑하는 사람	/ˈkæmpɝ/	명사	
smoker	흡연자	/ˈsmoʊkɝ/	명사	
frankfurt		/ˈfɹæŋkfɝt/	명사	
serene	평화로운 | 담담하다 | 고요한	/sɝˈin/	형용사	A serene expression on her face
intentional	계획적인	/ˌɪnˈtɛnʃənəɫ/	형용사	Intentional damage
icing	당의 | 입힌 설탕	/ˈaɪsɪŋ/	명사	
fore	위험하다 | 기수에 | 에	/ˈfɔɹ/	명사	The captain went fore (or forward) to check the instruments
bali		/ˈbɑɫi/	명사	
gorge	게걸스레 먹다	/ˈɡɔɹdʒ/	명사	
hermit	은자	/ˈhɝmət/	명사	
countryman	동향인 | 지방의 주민 | 동포	/ˈkəntɹimən/	명사	
vibrant	진동하는 | 활기차다 | 울려퍼지는	/ˈvaɪbɹənt/	형용사	The men's vibrant voices
smuggler		/ˈsməɡəɫɝ/	명사	
dosage	투약 | 조제 | 주어진 분량	/ˈdoʊsədʒ/	명사	
fictional	소설적인	/ˈfɪkʃənəɫ/	형용사	A fictional character
runt	집비둘기의 일종		명사	
intolerable	애타는 | 참을수 없는 | 과도하다	/ˌɪnˈtɑɫɝəbəɫ/	형용사	An intolerable degree of sentimentality
pavilion	병동 | 전시관 | 관람석	/pəˈvɪɫjən/	명사	
pretext	구실	/ˈpɹiˌtɛkst/	명사	
skid	미끄럼막이 | 옆으로 미끄러지다	/ˈskɪd/	동사	
ibrahim		/ˌɪbɹɑˈhim/	명사	
cunningham		/ˈkənɪŋˌhæm/	명사	
barbed	마늘이 있는	/ˈbɑɹbd/	형용사	A barbed compliment
pledged		/ˈpɫɛdʒd/	형용사	I was pledged to silence
ecstatic	무아경의 | 황홀한	/ɛkˈstætɪk/	형용사	
genitals		/ˈdʒɛnətəɫz/	명사	
ancients		/ˈeɪnʃənts/	명사	
african-american		/ˈæfɹəkənəˈmɛɹəkən/	명사	Many black people preferred to be called African-American or Afro-American
weakly		/ˈwikɫi/	부사	Weakly agreed to a compromise
typhoon	태풍	/ˌtaɪˈfun/	명사	
citizenship		/ˈsɪtɪzənˌʃɪp/	명사	Award for good citizenship
turbulence	난기류 | 난류 | 휘몰아침	/ˈtɝbjəɫəns/	명사	The industrial revolution was a period of great turbulence
perpetual	사철 피는 | 영속적 | 종신	/pɝˈpɛtʃuəɫ/	형용사	Hell's perpetual fires
irons	족쇄	/ˈaɪɝnz/	명사	
lash	충격 | 걷어차다 | 부딪치다	/ˈɫæʃ/	동사	The lion lashed its tail
marshmallow	마시맬로	/ˈmɑɹʃˌmɛɫoʊ/	명사	
possum	시치미 떼다	/ˈpɑsəm/	명사	
jericho	뒈져라 | 여리고	/ˈdʒɛɹɪˌkoʊ/	명사	
saxon	색슨 사람	/ˈsæksən/	명사	For greater clarity choose a plain Saxon term instead of a latinate one
enchanting	매혹적인	/ɛnˈtʃænɪŋ/	형용사	Enchanting music
sleazy	여린 | 얄팍한	/ˈsɫizi/	형용사	The coat has a sleazy lining
imaging		/ˈɪmɪdʒɪŋ/	명사	
dis	디스의	/ˈdɪs/	명사	
amaze	질리다 | 놀래다	/əˈmeɪz/	동사	Your ability to speak six languages amazes me!
kimono	일본 옷	/kəˈmoʊnə/	명사	
court-martial	군법회의에 회부하다	/ˈkɔɹtˌmɑɹʃəɫ/	명사	
firsthand		/ˈfɝshænd/	형용사	Firsthand information
smallpox	마마 | 천연두	/ˈsmɔɫˌpɑks/	명사	
accomplishment	수행하다 | 완성 | 성사	/əˈkɑmpɫɪʃmənt/	명사	
complicate	뒤얽히게 만들다	/ˈkɑmpɫəˌkeɪt/	동사	There was a new development that complicated the matter
voltage	전압	/ˈvoʊɫtədʒ/	명사	
traction	마찰	/ˈtɹækʃən/	명사	His leg was in traction for several days
lifeguard	호위병	/ˈɫaɪfˌɡɑɹd/	명사	
swimsuit		/ˈswɪmˌsut/	명사	
discarded		/dɪˈskɑɹdɪd/	형용사	
guillotine	단두대 | 길로틴	/ˈɡijəˌtin/	명사	The French guillotined many Vietnamese while they occupied the country
ipod		/ˈaɪˌpɑd/	명사	
nuke	핵무기	/ˈnuk/	동사	
limbo	임보 | 지옥의 변방	/ˈɫɪmboʊ/	명사	
lima	리마	/ˈɫaɪmə/	명사	
marketplace	시장 | 경제계 | 경제의 장	/ˈmɑɹkətˌpɫeɪs/	명사	They were driven from the marketplace
cleansing	정화 | 깨끗이 함 | 쓸어버린 쓰레기	/ˈkɫɛnzɪŋ/	형용사	
scientifically	과학적	/ˌsaɪənˈtɪfɪkəɫi/	부사	This is scientifically interesting
pepperoni		/ˌpɛpɝˈoʊni/	명사	
dissolved		/dɪˈzɑɫvd/	형용사	Their marriage dissolved
cholera	콜레라	/ˈkɑɫɝə/	명사	
punctual		/ˈpəŋktʃuəɫ/	형용사	Punctual payment
mockery	헛수고 | 조롱 | 조소의 대상	/ˈmɑkɝi/	명사	
migraine	편두통	/ˈmaɪˌɡɹeɪn/	명사	
cedar	삼나무목재 | 히말라야삼목	/ˈsidɝ/	명사	
bends		/ˈbɛndz/	명사	
fallout	원자 재	/ˈfɔˌɫaʊt/	명사	A strategy to contain the fallout from the accounting scandal
casserole	캐서롤 | 캐서롤로 요리하다	/ˈkæsɝˌoʊɫ/	명사	
graft	독직 | 눈접	/ˈɡɹæft/	명사	Graft the cherry tree branch onto the plum tree
benefactor	기증자 | 수혜자 | 후원자	/ˈbɛnəˌfæktɝ/	명사	
vendetta		/vɛnˈdɛtə/	명사	
fatherland	조국	/ˈfɑðɝˌɫænd/	명사	
boon	은혜 | 기분이 좋은	/ˈbun/	명사	Boon companions
lazarus	나사로	/ˈɫæzɝəs/	명사	
lush	풍부한 | 파릇파릇하게 우거진	/ˈɫəʃ/	형용사	
talker	공론가	/ˈtɔkɝ/	명사	
gulp	한모금 | 꿀떡꿀떡 마시다	/ˈɡəɫp/	동사	He finished it at a single gulp
washroom	세면소	/ˈwɑʃˌɹum/	명사	
soar	부풀다 | 솟다 | 폭등하다	/ˈsɔɹ/	동사	The dollar soared against the yen
firefighter	순직	/ˈfaɪɹˌfaɪtɝ/	명사	
infect	오염하다 | 감염시키다	/ˌɪnˈfɛkt/	동사	Society was infected by racism
stimulating	자극적	/ˈstɪmjəˌɫeɪtɪŋ/	형용사	A stimulating discussion
off-limits		/ˌɔˈfɫɪmɪts/	형용사	That area is off-limits
sequel	후편	/ˈsikwəɫ/	명사	
sherwood		/ˈʃɝˌwʊd/	명사	
earnest	진지하다 | 절실 | 절실성	/ˈɝnɪst/	형용사	Both sides were deeply in earnest, even passionate
disposable		/dɪˈspoʊzəbəɫ/	형용사	Disposable assets
lem		/ˈɫɛm/	명사	
sturdy	굳세다 | 야무지다 | 장대	/ˈstɝdi/	형용사	Sturdy steel shelves
finnish	핀란드의 | 핀족의 | 핀란드 말	/ˈfɪnɪʃ/	명사	Finnish architecture
so-so		/ˈsoʊˈsoʊ/	형용사	Feeling only so-so
traditionally		/tɹəˈdɪʃənəɫi/	부사	Traditionally, we eat fried foods on Hanukah
abomination	혐오	/əˌbɑməˈneɪʃən/	명사	His treatment of the children is an abomination
compact	아담한 | 치밀한 | 꽉채우다	/ˈkɑmpækt/	명사	This powder compacts easily
hyderabad		/ˈhaɪdɝəˌbæd/	명사	
chino	치노	/ˈtʃinoʊ/	명사	
shredded		/ˈʃɹɛdɪd/	형용사	Shredded cabbage
forsake	저버리다	/fɔɹˈseɪk/	동사	
ruble	루블	/ˈɹubəɫ/	명사	
anus	항문	/ˈeɪnəs/	명사	
pharmacist	제약사 | 약제학사	/ˈfɑɹməsɪst/	명사	
unannounced	예고 없는 | 공언되지 않은	/ˌənəˈnaʊnst/	형용사	They arrived unannounced
high-tech	첨단적	/ˌhaɪˈtɛk/	형용사	
honolulu	하와이의주도	/ˌhɑnəˈɫuɫu/	명사	
calculating	계산용의 | 계산하는 | 타산지석	/ˈkæɫkjəˌɫeɪtɪŋ/	형용사	The most calculating and selfish men in the community
blindfolded		/ˈbɫaɪndˌfoʊɫdɪd/	형용사	The hostage was blindfolded and driven away
battleship	전함	/ˈbætəɫˌʃɪp/	명사	
exceptionally		/ɪkˈsɛpʃənəɫi/	부사	It worked exceptionally well
topless	매우높은 | 토플리스의 | 꼭대기가 안보이는	/ˈtɑpɫəs/	형용사	A topless cabaret
scouting	정찰활동 | 정찰 | 정찰정	/ˈskaʊtɪŋ/	명사	Scouting in enemy territory is very dangerous
durant		/ˈdʊɹənt/	명사	
alarming	놀랄 정도의	/əˈɫɑɹmɪŋ/	형용사	
bias	바이어스 | 편견 | 경사	/ˈbaɪəs/	명사	You are biasing my choice by telling me yours
fatima		/ˈfætɪmə/	명사	
molest	지분거리다	/məˈɫɛst/	동사	
believable		/bəˈɫivəbəɫ/	형용사	
overrun	무성하다 | 만연 | 초과하다	/ˈoʊvɝˌɹən/	동사	
al-qaeda		/ˌɑɫˈkaɪdɑ/	명사	
parlour		/ˈpɑɹɫɝ/	명사	
fearsome	무서운	/ˈfɪɹsəm/	형용사	
widower		/ˈwɪdoʊɝ/	명사	
versailles	베르사이유	/vɛɹˈsaɪ/	명사	
draper	피륙상 | 포목상	/ˈdɹeɪpɝ/	명사	
endanger		/ɛnˈdeɪndʒɝ/	동사	The pollution is endangering the crops
exploitation	개척 | 이기적 이용 | 착취	/ˌɛksˌpɫɔɪˈteɪʃən/	명사	The exploitation of copper deposits
summary	대체 | 요약하다 | 강요	/ˈsəmɝi/	명사	Summary justice
informal	탁 터넣은 | 사석 | 평상복의	/ˌɪnˈfɔɹməɫ/	형용사	An informal agreement
authorize	인정하다 | 인가하다	/ˈɔθɝˌaɪz/	동사	She authorized her assistant to sign the papers
promptly	정각에	/ˈpɹɑmpɫi/	부사	He did his homework promptly
dover	도버해협	/ˈdoʊvɝ/	명사	
faithfully	여불비례	/ˈfeɪθfəɫi/	부사	It always came on, faithfully, like the radio
gemini	쌍자궁 | 쌍둥이자리	/ˈdʒɛməˌnaɪ/	명사	
selfless	무욕의	/ˈsɛɫfɫəs/	형용사	
leech	거머리 | 흡혈귀 | 세로의 가장자리	/ˈɫitʃ/	명사	
sassy		/ˈsæsi/	형용사	
vegetation	식생	/ˌvɛdʒəˈteɪʃən/	명사	Pleistocene vegetation
nab	후닥닥 먹다	/ˈnæb/	동사	
carton	명중탄 | 판지 상자 | 판지	/ˈkɑɹtən/	명사	
scapegoat		/ˈskeɪpˌɡoʊt/	명사	
burr	리머 | 후음 | 그릉그릉하다	/ˈbɝ/	명사	
nd			명사	
regroup	재편성되다 | 다시 모이다 | 재편성하다	/ɹiˈɡɹup/	동사	
heller		/ˈhɛɫɝ/	명사	
machete		/məˈʃɛˌti/	명사	
rebellious	모반하는 | 반란하는 | 힘에 부치는	/ɹəˈbɛɫjəs/	형용사	A rebellious crew
reconcile	만족하게하다 | 조화시키다 | 조정하다	/ˈɹɛkənˌsaɪɫ/	동사	
eunuch	환관 | 내시 | 거세된 남자	/ˈjunək/	명사	Eunuchs guarded the harem
unrelated	혈연이 아닌 | 언급되지 않은	/ˌənɹiˈɫeɪtɪd/	형용사	
captivity		/kæpˈtɪvəti/	명사	He was held in captivity until he died
aroma	향기 | 방향 | 묘취	/ɝˈoʊmə/	명사	
barred	줄 있는 | 빗장이 있는	/ˈbɑɹd/	형용사	He barred the door
pe			명사	
manila	마닐라 삼 | 마닐라 여송연	/məˈnɪɫə/	명사	
snowball	눈뭉치 | 불두화나무	/ˈsnoʊˌbɔɫ/	명사	
armenian	아르메니아의 | 아르메니아 말 | 아르메니아 사람	/ɑɹˈminiən/	명사	
atlas	지도 | 지도책 | 아라스	/ˈætɫəs/	명사	
volt	볼트	/ˈvoʊɫt/	명사	
evasive	회피적인	/iˈveɪzɪv/	형용사	An evasive statement
piling		/ˈpaɪɫɪŋ/	명사	
eisenhower	에칭	/ˈaɪzənˌhaʊɝ/	명사	
commodity	일용품	/kəˈmɑdəti/	명사	
bimbo		/ˈbɪmboʊ/	명사	
riverside	강변 | 강기슭	/ˈɹɪvɝˌsaɪd/	명사	
dismissal	파면	/dɪsˈmɪsəɫ/	명사	
dada		/ˈdɑˌdɑ/	명사	
ballad	민요	/ˈbæɫəd/	명사	
cheerlead			동사	
haystack	건초더미	/ˈheɪˌstæk/	명사	
contamination	오염 | 오탁 | 오탁물	/kənˌtæməˈneɪʃən/	명사	
blurry	가물가물하다	/ˈbɫɝi/	형용사	The trees were just blurry shapes
lowlife	못된 놈 | 비속		명사	
malaysia	말레이지아	/məˈɫeɪʒə/	명사	
recreation	휴양 | 레크리에이션 | 도락	/ˌɹɛkɹiˈeɪʃən/	명사	Days of joyous recreation with his friends
fascism	파시즘	/ˈfæˌʃɪzəm/	명사	
scheming	책략적인 | 흉계가 있는 | 교활한	/ˈskimɪŋ/	형용사	A scheming wife
outgoing	토로 | 떠나가는 | 떠남	/ˈaʊtˌɡoʊɪŋ/	형용사	An outgoing steamship
penniless	찰가난의 | 빈털터리 | 무일푼	/ˈpɛniɫəs/	형용사	
weaken		/ˈwikən/	동사	The fever weakened his body
wrongly		/ˈɹɔŋɫi/	부사	Wouldst not play false and yet would wrongly win
whir	휙 하다 | 윙윙 돌다		명사	Whir of a bird's wings
patiently		/ˈpeɪʃəntɫi/	부사	He patiently played with the child
birch	자작나무	/ˈbɝtʃ/	명사	My father never spared the birch
incompetence	무능력 | 무자격	/ˌɪnˈkɑmpətəns/	명사	
spartan	스파르타의 | 스파르타식의 | 스파르타 사람	/ˈspɑɹtən/	형용사	Spartan courage
colombian	콜롬비아의 | 콜롬비아 사람 | 콜롬비아 사람의	/kəˈɫəmbiən/	형용사	Colombian coffee
kobe		/ˈkoʊbeɪ/	명사	
prohibition	금령	/ˌpɹoʊəˈbɪʃən/	명사	They were restrained by a prohibition in their charter
oakland		/ˈoʊkɫənd/	명사	
skateboard	활주판 | 스케이트보드	/ˈskeɪtˌbɔɹd/	명사	
similarity	의사 | 상사 | 유사	/ˌsɪməˈɫɛɹəti/	명사	
aviation	비행 | 비행술	/ˌeɪviˈeɪʃən/	명사	
despised		/dɪˈspaɪzd/	형용사	
inferno	지옥 | 지옥같은 광경	/ˌɪnˈfɝˌnoʊ/	명사	The inferno of the engine room
swoop	위로부터의 습격 | 급습하다 | 잡아채다	/ˈswup/	동사	The raptor swooped down on its prey
linden	린덴	/ˈɫɪndən/	명사	
quill	깃촉 | 찌 | 큰 깃	/ˈkwɪɫ/	명사	
diverse	다양하다	/daɪˈvɝs/	형용사	A person of diverse talents
hawking	매사냥	/ˈhɔkɪŋ/	명사	
payoff	급료 지불	/ˈpeɪˌɔf/	명사	
retaliation	앙갚음 | 보복	/ɹiˌtæɫiˈeɪʃən/	명사	
whorehouse	매음굴 | 갈보집	/ˈhɔɹˌhaʊs/	명사	
relevance	적절하다 | 타당성 | 적당	/ˈɹɛɫəvəns/	명사	
novelist	소설가	/ˈnɑvəɫəst/	명사	
mambo	맘보	/ˈmɑmboʊ/	명사	
shoplifting		/ˈʃɑˌpɫɪftɪŋ/	명사	Shrinkage is the retail trade's euphemism for shoplifting
amp		/ˈæmp/	명사	A typical household circuit carries 15 to 50 amps
soho		/ˈsoʊhoʊ/	명사	
grotesque	고딕체 | 괴기미 | 그로테스크풍	/ɡɹoʊˈtɛsk/	형용사	A grotesque reflection in the mirror
stewardess	여자 안내원 | 스튜어디스	/ˈstuɝdəs/	명사	
cochran		/ˈkɑkɹən/	명사	
jukebox	주크박스	/ˈdʒukˌbɑks/	명사	
minors		/ˈmaɪnɝz/	명사	
detecting		/dɪˈtɛktɪŋ/	명사	
atheist		/ˈeɪθiəst/	명사	Atheist leanings
algae	조류 | 해조	/ˈæɫdʒi/	명사	
haiti		/ˈheɪti/	명사	
mouthful	입 가득	/ˈmaʊθˌfʊɫ/	명사	
algebra	대수 | 대수학	/ˈæɫdʒəbɹə/	명사	
pandora	판도라	/pænˈdɔɹə/	명사	
punjab		/ˈpənˌdʒæb/	명사	
trojan		/ˈtɹoʊdʒən/	명사	The contents of a trojan can be a virus or a worm
disadvantage	불이익	/ˌdɪsədˈvænɪdʒ/	명사	This rule clearly disadvantages me
headless	지도자 없는	/ˈhɛdɫəs/	형용사	The headless horseman
cortex	피질 | 대뇌피질 | 피층	/ˈkɔɹtɛks/	명사	
valium	밸륨	/ˈveɪɫiəm/	명사	
berserk	광포한	/bɝˈsɝk/	명사	Berserk with grief
ritz		/ˈɹɪts/	명사	They put on the ritz
flack	선전담당원	/ˈfɫæk/	명사	
adamant		/ˈædəmənt/	형용사	He is adamant in his refusal to change his mind
distinctly	뚜렷하게	/dɪˈstɪŋktɫi/	부사	It's distinctly possible
doorknob		/ˈduɹnɑb/	명사	
rupture	결렬 | 짖어지다 | 헤르티나	/ˈɹəptʃɝ/	명사	
indoor	옥내의	/ˈɪnˌdɔɹ/	형용사	An indoor setting
cords		/ˈkɔɹdz/	명사	
celery	셀러리	/ˈsɛɫɝi/	명사	
residency	관저 | 주재기간 | 주재	/ˈɹɛzɪdənsi/	명사	
conveniently	편리하게	/kənˈvinjəntɫi/	부사	The switch was conveniently located
ranking	서열 | 등급매김 | 순위	/ˈɹæŋkɪŋ/	명사	
foil	물리치다 | 아말감 | 플러레	/ˈfɔɪɫ/	명사	Foil your opponent
jaffa		/ˈdʒæfə/	명사	
troublemaker	말썽꾸러기 | 난폭자	/ˈtɹəbəɫˌmeɪkɝ/	명사	
man-made	인공 | 인위적	/ˈmænˌmeɪd/	형용사	Man-made fibers
slum	빈민굴 | 뒷거리 | 빈민가	/ˈsɫəm/	명사	Attending a motion picture show by the upper class was considered sluming in the early 20th century
palestinian	팔레스타인의	/ˌpæɫɪˈstɪniən/	명사	Palestinian guerrillas
floss	괴깔 | 삶은 명주실 | 풀솜	/ˈfɫɑs/	명사	Floss your teeth after every meal
hap		/ˈhæp/	명사	He recorded all the little haps and mishaps of his life
maw	동물의 위	/ˈmɔ/	명사	
carnage		/ˈkɑɹnɪdʒ/	명사	
rapper	노커 | 두드리는 사람	/ˈɹæpɝ/	명사	
all-time	기록적	/ˌɔɫˈtaɪm/	형용사	Morale at an all-time low
vogue	유행	/ˈvoʊɡ/	명사	Leather is the latest vogue
squeaky	앙앙우는 | 찍찍소리내는	/ˈskwiki/	형용사	
aditya			명사	
undertaker	떠맡은 일 | 장의사	/ˈəndɝˌteɪkɝ/	명사	
compromising		/ˈkɑmpɹəˌmaɪzɪŋ/	형용사	She found herself in a compromising situation
eureka		/jʊˈɹikə/	명사	
privy	옥외 변소	/ˈpɹɪvi/	명사	A privy place to rest and think
sacramento		/ˌsækɹəˈmɛntoʊ/	명사	
encryption		/ɛnˈkɹɪpʃən/	명사	
burrow	굴을파다	/ˈbɝoʊ/	명사	Burrow through the forest
hoist	내걸다 | 끌어 올리기 | 기중기	/ˈhɔɪst/	동사	Hoist the flags
emphasis	어세 | 문세 | 강세	/ˈɛmfəsəs/	명사	His emphasis on civil rights
moderate	알맞은 | 중간 정도의 | 온화한	/ˈmɑdɝˌeɪt/	형용사	Moderate prices
retro	리바이벌 | 재유행	/ˈɹɛtɹoʊ/	명사	
cincinnati	신시내티	/ˌsɪnsəˈnæti/	명사	
mainframe		/ˈmeɪnˌfɹeɪm/	명사	
sociopath		/ˈsoʊsioʊˌpæθ/	명사	
nighttime	초야	/ˈnaɪtˌtaɪm/	명사	
namely	즉	/ˈneɪmɫi/	부사	
cannabis	대마초 | 마리화나 | 인도대마	/ˈkænəbəs/	명사	
spraying		/ˈspɹeɪɪŋ/	명사	
craziness	열광 | 발광	/ˈkɹeɪzinəs/	명사	
ballistic	탄도의 | 비행 물체의	/bəˈɫɪstɪk/	형용사	Ballistic missile
uncanny	기분 나쁜	/ənˈkæni/	형용사	His uncanny sense of direction
salaam		/səˈɫɑm/	명사	
rainforest		/ˈɹaɪnˌfɔɹəst/	명사	
confederate	동맹시키다 | 남부 동맹의 | 남부파 사람	/kənˈfɛdɝˌeɪt/	명사	Confederate soldiers
kelvin	켈빈 | 절대 온도	/ˈkɛɫvən/	명사	
ridicule	비웃다 | 조롱거리 | 비웃음	/ˈɹɪdəkˌjuɫ/	명사	The satirists ridiculed the plans for a new opera house
unethical		/əˈnɛθɪkəɫ/	형용사	Unethical business practices
yue		/ˈju/	명사	
manson		/ˈmænsən/	명사	
crafty	간사하게 | 교활한 | 노회하다	/ˈkɹæfti/	형용사	
chronicle	역대기 | 편년사 | 연대기	/ˈkɹɑnɪkəɫ/	동사	
vested	기득의 | 귀속이 정해진	/ˈvɛstɪd/	형용사	They vested the council with special rights
trademark	상표	/ˈtɹeɪdˌmɑɹk/	명사	The company trademarked their new gadget
trample	짓밟음 | 짓밟는 소리 | 유린하다	/ˈtɹæmpəɫ/	동사	Trample the flowers
piglet	자돈 | 돼지새끼	/ˈpɪɡɫɪt/	명사	
cherished		/ˈtʃɛɹɪʃt/	형용사	A cherished friend
shang			명사	
persuasion	설득하다 | 설득	/pɝˈsweɪʒən/	명사	I am not of your persuasion
genocide	민족 섬멸 | 몰살	/ˈdʒɛnəˌsaɪd/	명사	
brilliance	광채 | 광휘 | 재기	/ˈbɹɪɫjəns/	명사	His `Hamlet' lacks the brilliance that one expects
toledo		/təˈɫidoʊ/	명사	
persecute	지근거리다 | 박해하다	/ˈpɝsəkˌjut/	동사	Jews were persecuted in the former Soviet Union
inability	할수 없음 | 무능 | 무력	/ˌɪnəˈbɪɫɪti/	명사	
quincy		/ˈkwɪnsi/	명사	
toil	수고 | 뼈빠지게 일하다 | 휘감다	/ˈtɔɪɫ/	동사	
alexandria	나일강어귀의 항구	/ˌæɫəɡˈzændɹiə/	명사	
epi			명사	
orthodox	정교의 | 정교	/ˈɔɹθəˌdɑks/	형용사	Orthodox Judaism
custard	커스터드과자 | 냉동 커스터드 | 커스터드 소스	/ˈkəstɝd/	명사	
bosnia		/ˈbɑzniə/	명사	
wuss		/ˈwəs/	명사	
detonation		/ˌdɛtəˈneɪʃən/	명사	
evict		/ɪˈvɪkt/	동사	The landlord evicted the tenants after they had not paid the rent for four months
mailed		/ˈmeɪɫd/	형용사	
newport		/ˈnupɔɹt/	명사	
untrue	진실이 아닌 | 허망 | 허멍	/ənˈtɹu/	형용사	When lovers prove untrue
berg	빙산	/ˈbɝɡ/	명사	
bland	텁텁하다 | 담백하다	/ˈbɫænd/	형용사	A bland little drama
ancestral	조상전래	/ænˈsɛstɹəɫ/	형용사	
relish	미미 | 맛들이다 | 맛보기	/ˈɹɛɫɪʃ/	명사	She relished her fame and basked in her glory
seating	좌석 | 착석 | 수용	/ˈsitɪŋ/	명사	There is seating for 40 students in this classroom
medici	메디치가	/mɛˈdisi/	명사	
flattery	감언 | 아첨	/ˈfɫætɝi/	명사	
unspeakable		/ənˈspikəbəɫ/	형용사	Unspeakable happiness
reincarnation	환생 | 영혼 재래 | 윤회	/ˌɹiɪnkɑɹˈneɪʃən/	명사	His reincarnation as a lion
muster	점호하다 | 소집하다 | 분발시키다	/ˈməstɝ/	동사	Muster the courage to do something
schizophrenic	정신분열증의	/ˌʃɪzəˈfɹɛnɪk/	형용사	Schizophrenic patients
enjoyment	재미 | 완상 | 향락	/ˌɛnˈdʒɔɪmənt/	명사	
bangalore		/ˈbæŋɡəˌɫɔɹ/	명사	
britt		/ˈbɹɪt/	명사	
painfully	고생하여 | 수고하여 | 아파하여	/ˈpeɪnfəɫi/	부사	She moved painfully forward
overweight	초과 중량	/ˌoʊvɝˈweɪt/	형용사	
dreary	지루한 | 황량한 | 음산한	/ˈdɹɪɹi/	형용사	A series of dreary dinner parties
viola	비올라	/vaɪˈoʊɫə/	명사	
tragically	비참하게	/ˈtɹædʒɪkɫi/	부사	The adventure ended tragically
mindless	분별 없는	/ˈmaɪndɫəs/	형용사	Mindless violence
colette		/ˈkoʊˈɫɛt/	명사	
unheard	들리지 않는	/ənˈhɝd/	형용사	
pyjama			명사	
cisco		/ˈsɪsˌkoʊ/	명사	
flashy	섬광적인 | 야한	/ˈfɫæʃi/	형용사	
commend	기리다 | 위탁하다	/kəˈmɛnd/	동사	I commend my children to you
cinch	죄다 | 뱃대끈 | 꽉쥐다	/ˈsɪntʃ/	명사	
mater		/ˈmætɝ/	명사	
plucked		/ˈpɫəkt/	형용사	A plucked chicken
gen	일반 포고	/ˈdʒɛn/	명사	Give me the gen on your new line of computers
omaha	오마하	/ˈoʊməˌhɑ/	명사	
participant	참가자 | 대상자	/pɑɹˈtɪsəpənt/	명사	
yawning	하품 | 하품하고 있는	/ˈjɔnɪŋ/	형용사	A yawning abyss
faraway		/ˈfɑɹəˈweɪ/	형용사	Faraway mountains
mackerel		/ˈmækɝəɫ/	명사	
loki	로키		명사	
flake	박편 | 덮이다 | 저장 시렁	/ˈfɫeɪk/	동사	The substances started to flake
raincoat	레인 코트 | 비옷	/ˈɹeɪnˌkoʊt/	명사	
thereby		/ˈðɛɹˈbaɪ/	부사	He knocked over the red wine, thereby ruining the table cloth
sewn		/ˈsoʊn/	형용사	
nostalgia	회향병	/nɔˈstæɫdʒə/	명사	
descendant	비속	/dɪˈsɛndənt/	명사	
handyman	허드렛 일꾼	/ˈhændiˌmæn/	명사	
lagoon	초호 | 호 | 늪	/ɫəˈɡun/	명사	
merciless	용서없는 | 무참 | 가차없는	/ˈmɝsəɫəs/	형용사	A merciless critic
bouncer		/ˈbaʊnsɝ/	명사	
speck	작은 반점 | 얼룩	/ˈspɛk/	명사	Speck the cloth
lifeless	생명없는	/ˈɫaɪfɫəs/	형용사	A lifeless body
westminster	웨스트민스터 | 영국 국회	/ˌwɛstˈmɪnstɝ/	명사	
lancelot		/ˈɫænsəˌɫɑt/	명사	
anarchist		/ˈænɝˌkɪst/	명사	
amish	아미시	/ˈɑmɪʃ/	명사	
mart		/ˈmɑɹt/	명사	
sympathize	공명하다 | 동감하다 | 동정하다같이 하다	/ˈsɪmpəˌθaɪz/	동사	
croft	소작지	/ˈkɹɔft/	명사	
susanna		/suˈzænə/	명사	
shiver	조각 | 벌벌떨다	/ˈʃɪvɝ/	동사	The children are shivering--turn on the heat!
tod		/ˈtɑd/	명사	Don't just sit there on your tod
fad	도락	/ˈfæd/	명사	He always follows the latest fads
dwelling	가 | 주거 | 인가	/ˈdwɛɫɪŋ/	명사	He built a modest dwelling near the pond
decipher	판독	/dɪˈsaɪfɝ/	동사	Can you decipher this letter?
acre	에이커	/ˈeɪkɝ/	명사	
animated	기운찬	/ˈænəˌmeɪtɪd/	형용사	Animated puppets
penetration	침투력 | 관통 | 침투	/ˌpɛnəˈtɹeɪʃən/	명사	The penetration of upper management by women
tampering		/ˈtæmpɝɪŋ/	명사	
unsafe	불안하다	/ənˈseɪf/	형용사	
contraction	걸림 | 듦 | 맺음	/kənˈtɹækʃən/	명사	The contraction of a gas on cooling
chaperone		/ˈʃæpɝˌoʊn/	명사	
clipped		/ˈkɫɪpt/	형용사	A clipped poodle
singular	단수	/ˈsɪŋɡjəɫɝ/	형용사	Singular behavior
loathe		/ˈɫoʊð/	동사	I loathe that man
manipulative	손끝으로 다루는 | 속임수의	/məˈnɪpjəˌɫeɪtɪv/	형용사	The early manipulative techniques of a three-year-old child
outraged		/ˈaʊˌtɹeɪdʒd/	형용사	A look of outraged disbelief
lurch	대패	/ˈɫɝtʃ/	동사	The truck lurched down the road
ultimatum	최후 통고 | 최후의 말	/ˌəɫtəˈmeɪtəm/	명사	
delegate	부사 | 사절 | 위임하다	/ˈdɛɫəˌɡeɪt/	동사	
pedophile		/ˈpɛdəfɪɫ/	명사	
directive	명령어 | 지도적인	/daɪˈɹɛktɪv/	명사	The boss loves to send us directives
reducing	체중감소법	/ɹəˈdusɪŋ/	명사	A doctor supervised her reducing
hurtful		/ˈhɝtfəɫ/	형용사	Her hurtful unconsidered words
latino		/ɫɑˈtinoʊ/	명사	
wick		/ˈwɪk/	명사	The physician put a wick in the wound to drain it
smoothie			명사	
traumatize		/ˈtɹɔməˌtaɪz/	동사	
short-term	단기 | 단기의	/ˌʃɔɹtˈtɝm/	형용사	Short-term credit
thermometer	온도계 | 체온계 | 한란계	/θɝˈmɑmətɝ/	명사	
persona	탐탁스러운 인물	/pɝˈsoʊnə/	명사	
taping		/ˈteɪpɪŋ/	명사	
arkansas	미국중남부의 주	/ˈɑɹkənˌsɑ/	명사	
norfolk	노퍽	/ˈnɔɹfək/	명사	
yamamoto		/jɑmɑˈmoʊtoʊ/	명사	
congressional		/kənˈɡɹɛʃənəɫ/	형용사	Congressional hearing
haze	몽롱 | 아지랑이 | 연하	/ˈheɪz/	명사	
macau		/məˈkaʊ/	명사	
bazaar	시장 | 바자 | 특매장	/bəˈzɑɹ/	명사	The church bazaar
deserts		/ˈdɛzɝts/	명사	
steiner		/ˈstaɪnɝ/	명사	
mutilated		/ˈmjutəˌɫeɪtəd/	형용사	Mutilated bodies
walnut	호두색 | 호두	/ˈwɔɫˌnət/	명사	
excite	설레게 하다 | 돋구다 | 선동하다	/ɪkˈsaɪt/	동사	Excite the atoms
pegasus	페가수스 자리	/ˈpɛɡəsəs/	명사	
plutonium	플루토늄	/pɫuˈtoʊniəm/	명사	
doomsday	세계의 종말 | 최후의 심판일	/ˈdumzˌdeɪ/	명사	
co-worker		/ˈkoʊˈwɝkɝ/	명사	
cycling	사이클링 | 순환 운동	/ˈsaɪkəɫɪŋ/	명사	
one-man		/ˈwənˈmæn/	형용사	
cougar	쿠거 | 아메리카 라이온	/ˈkuɡɝ/	명사	
spaniard		/ˈspænjɝd/	명사	
asparagus	아스파라거스	/əˈspɛɹəɡəs/	명사	
quagmire	늪지 | 궁지	/ˈkwæɡˌmaɪɝ/	명사	
thorpe		/ˈθɔɹp/	명사	
blasphemy	모독 | 불경	/ˈbɫæsfəmi/	명사	
continually	빈번히	/kənˈtɪnjuəɫi/	부사	Complained continually that there wasn't enough money
nu		/ˈnu/	명사	
newlywed	신혼 | 신혼자	/ˈnuɫiˌwɛd/	명사	
huddle	밀담 | 쳐넣다 | 되는대로 해치우다	/ˈhədəɫ/	동사	A huddle of frightened women
adolescent	미숙한	/ˌædəˈɫɛsənt/	형용사	Adolescent problems
crescent		/ˈkɹɛsənt/	명사	
loch		/ˈɫɑk/	명사	
turnout	산출고 | 생산액 | 나온 사람들	/ˈtɝˌnaʊt/	명사	The turnout for the rally
nudity	나체화 | 벌거숭이 | 가림없는 물건	/ˈnudɪti/	명사	
intoxication	술기 | 취함 | 도취	/ˌɪnˌtɑksəˈkeɪʃən/	명사	The intoxication of wealth and power
interstate	각주간의 | 각주 연합회 | 주관고속도로	/ˌɪntɝˈsteɪt/	형용사	Interstate highways
spokesman	대변인	/ˈspoʊksmən/	명사	
itinerary	도정 | 여행기 | 순방하는	/aɪˈtɪnɝˌɛɹi/	명사	
monsoon	계절풍	/mɑnˈsun/	명사	
unfold	전개하다 | 펴다	/ənˈfoʊɫd/	동사	Unfold the newspaper
appetizer	전채	/ˈæpəˌtaɪzɝ/	명사	
scripture	경전	/ˈskɹɪptʃɝ/	명사	
relaxation	정력감퇴 | 경감 | 해이	/ˌɹiɫækˈseɪʃən/	명사	The relaxation of requirements
pox		/ˈpɑks/	명사	
pilar		/ˈpaɪɫɝ/	형용사	
rabid	광견의 | 미쳐 날뛰는	/ˈɹæbɪd/	형용사	Rabid isolationist
kiddy		/ˈkɪdi/	명사	
lovable		/ˈɫəvəbəɫ/	형용사	A mischievous but lovable child
termination	종결 | 만기 | 말단	/tɝməˈneɪʃən/	명사	The termination of the agreement
coy	어려워하는 | 부끄러워하는 | 수줍어하는	/ˈkɔɪ/	형용사	A politician coy about his intentions
eyelid	눈꺼풀 | 눈두덩이 | 눈까풀	/ˈaɪˌɫɪd/	명사	
high-speed		/ˈhaɪˌspid/	형용사	A high-speed food processor
insufficient	미흡하다 | 설다 | 째다	/ˌɪnsəˈfɪʃənt/	형용사	Insufficient funds
ceremonial	제의 | 의식적으로 | 형식적으로	/ˌsɛɹəˈmoʊniəɫ/	명사	Ceremonial garb
malt	맥아 | 엿기름이 되다	/ˈmɔɫt/	동사	
muller	막자	/ˈməɫɝ/	명사	
hectic	결핵환자 | 소모열	/ˈhɛktɪk/	형용사	
sudan		/suˈdæn/	명사	
brewery	양조장	/ˈbɹuɝi/	명사	
primal	근본의	/ˈpɹaɪməɫ/	형용사	Primal eras before the appearance of life on earth
narrowed		/ˈnɛɹoʊd/	형용사	The road narrowed
bidder	입후보자 | 입찰자 | 초대자	/ˈbɪdɝ/	명사	
dipped		/ˈdɪpt/	형용사	She dipped her knee
dormant	잠자는	/ˈdɔɹmənt/	형용사	A dormant volcano
diagnostic	진단상의 | 특징적인	/ˌdaɪəɡˈnɑstɪk/	형용사	A diagnostic reading test
galen	갈레노스	/ˈɡeɪɫən/	명사	
breathtaking		/ˈbɹɛθˌteɪkɪŋ/	형용사	Breathtaking adventure
saber	군도 | 사브르 | 검	/ˈseɪbɝ/	명사	
apt	하기쉬운 | 솜씨있는	/ˈæpt/	형용사	He is apt to lose
winnings		/ˈwɪnɪŋz/	명사	
embracing		/ɛmˈbɹeɪsɪŋ/	명사	
louvre	루브르 박불관	/ˈɫuvɹə/	명사	
homosexuality		/ˌhoʊmoʊˌsɛkʃuˈæɫəˌti/	명사	
solace	위로 | 위안 | 위안물	/ˈsɑɫəs/	명사	
gladiator	검투사 | 논객	/ˈɡɫædiˌeɪtɝ/	명사	
foxy	교할한 | 여유같은	/ˈfɑksi/	형용사	
scuba	스쿠바	/ˈskubə/	명사	
deprive	저해하다	/dɪˈpɹaɪv/	동사	
fender	완충물 | 전차의 완충기 | 자동차의 흙받기	/ˈfɛndɝ/	명사	In Britain they call a fender a wing
mag	반 페니	/ˈmæɡ/	명사	
damsel		/ˈdæmzəɫ/	명사	
cannibal	식인종 | 동족을 잡아먹는	/ˈkænəbəɫ/	명사	
milwaukee	밀워키	/mɪɫˈwɔki/	명사	
supplying		/səˈpɫaɪɪŋ/	명사	
rightfully		/ˈɹaɪtfəɫi/	부사	Baseball rightfully is the nation's pastime
vandalism	야만 행위	/ˈvændəɫɪzəm/	명사	
shrinking	겁내는	/ˈʃɹɪŋkɪŋ/	명사	
robotic	로봇식의 | 로봇을 이용하는	/ˌɹoʊˈbɑtɪk/	형용사	Among our robotic devices is a vacuum cleaner
rolf		/ˈɹoʊɫf/	명사	
kraut	독일 사람	/ˈkɹaʊt/	명사	
garibaldi	가리발디	/ˌɡæɹəˈbɔɫdi/	명사	
ragged	해어진 | 남루하다	/ˈɹæɡəd/	형용사	Clothes as ragged as a scarecrow's
top-secret		/ˈtɑpˈsikɹət/	형용사	
roma		/ˈɹoʊmɑ/	명사	
surplus	여유 | 잉여	/ˈsɝpɫəs/	명사	Surplus cheese distributed to the needy
judo	유도	/ˈdʒuˌdoʊ/	명사	
doctrine	주의 | 이념 | 교리	/ˈdɑktɹən/	명사	
accessible	접근하기 쉬운	/ækˈsɛsəbəɫ/	형용사	Accessible money
crazed		/ˈkɹeɪzd/	형용사	Crazed ceramics
purposely		/ˈpɝpəsɫi/	부사	
sleet	진눈개비	/ˈsɫit/	명사	If the temperature rises above freezing, it will probably sleet
yugoslavia	유고슬라비아	/ˌjuɡoʊˈsɫɑviə/	명사	Tito's Yugoslavia included Slovenia, Croatia, Macedonia, Bosnia-Herzegovina, Serbia, and Montenegro
ostrich	타조 | 타조 사육장 | 눈가리고 아웅하기	/ˈɔstɹɪtʃ/	명사	
oversee	몰래 보다 | 감독하다	/ˈoʊvɝˌsi/	동사	Who is overseeing this project?
atrocity	극악	/əˈtɹɑsəti/	명사	
landmark	경계표 | 표지	/ˈɫændˌmɑɹk/	명사	The church steeple provided a convenient landmark
cheerio	축하합니다	/ˈtʃɪɹioʊ/	명사	
unimaginable		/ˌənɪˈmædʒɪnəbəɫ/	형용사	
stimulate	자극하다 | 취하게 하다 | 북돋우다	/ˈstɪmjəˌɫeɪt/	동사	This play stimulates
incriminating		/ˌɪnˈkɹɪməˌneɪtɪŋ/	형용사	
fanatic	열광자	/fəˈnætɪk/	명사	A fanatic is one who can't change his mind and won't change the subject
surreal	초현실주의의	/sɝˈiɫ/	형용사	As irrational and surreal as a dream
sewage	시궁창	/ˈsuədʒ/	명사	
dehydrated		/dɪˈhaɪdɹeɪtəd/	형용사	Dehydrated eggs
acoustic	보청의	/əˈkustɪk/	명사	Acoustic properties of a hall
ante	돈내다	/ˈænti/	명사	
afloat	퍼져 | 떠서 | 해상에	/əˈfɫoʊt/	형용사	The main deck was afloat (or awash)
charisma	카리스마 | 카리스마적 권위 | 카리스마적 매력	/kɝˈɪzmə/	명사	
sadistic		/səˈdɪstɪk/	형용사	
iconic	우상의 | 이콘적인 | 상징적인	/ˌaɪˈkɑnɪk/	형용사	
enormously	터무니없이	/iˈnɔɹməsɫi/	부사	He was enormously popular
constructive	건설적인 | 작도의 | 추정상	/kənˈstɹəktɪv/	형용사	Constructive criticism
elk	큰사슴	/ˈɛɫk/	명사	
inexperienced		/ɪnɪkˈspɪɹiənst/	형용사	
misjudge	그릇 판단하다 | 오해하다	/mɪsˈdʒədʒ/	동사	
mast	도토리 | 마스트 | 평수부로서	/ˈmæst/	명사	
clubhouse	클럽회관	/ˈkɫəbˌhaʊs/	명사	The clubhouse needed a new roof
meade		/ˈmid/	명사	
illustrious	혁혁한	/ˌɪˈɫəstɹiəs/	형용사	An illustrious judge
nucleus	중심 | 원자핵 | 중축	/ˈnukɫiəs/	명사	
councillor			명사	
camden		/ˈkæmdən/	명사	
cowl	수도자 | 고깔 | 불똥막이	/ˈkaʊɫ/	명사	Cowl the boys and veil the girls
townsend		/ˈtaʊnzənd/	명사	
unsure		/ənˈʃʊɹ/	형용사	A very unsure young man
swanson		/ˈswɑnsən/	명사	
borderline	경계선	/ˈbɔɹdɝˌɫaɪn/	형용사	Borderline grades
provocation	성남	/ˌpɹɑvəˈkeɪʃən/	명사	The result was a provocation of vigorous investigation
perverse	곡해하는 | 심술 궂은	/pɝˈvɝs/	형용사	A perverse mood
nutrient		/ˈnutɹiənt/	명사	
occult	엄폐 | 신비적인	/əˈkəɫt/	동사	An occult fracture
socket	접속하다	/ˈsɑkət/	명사	
shawl	숄 | 어깨 걸치개	/ˈʃɔɫ/	명사	
framing	획책 | 짜맞추기 | 틀	/ˈfɹeɪmɪŋ/	명사	The framing of judicial decrees
junkyard		/ˈdʒəŋˌkjɑɹd/	명사	
cabot		/ˈkæbət/	명사	
twitch	씰룩씰룩 움직이다	/ˈtwɪtʃ/	동사	His face is twitching
browning		/ˈbɹaʊnɪŋ/	명사	
jfk		/ˈdʒiˌɛfˈkeɪ/	명사	
upward	위쪽으로 | 보다 이상 | 위로 향하는	/ˈəpwɝd/	부사	Upwardly mobile
rooted	뿌리박은 | 뿌리있는 | 정착한	/ˈɹutəd/	형용사	They stood rooted in astonishment
deserving	공적 있는	/dɪˈzɝvɪŋ/	형용사	The deserving poor
burp	트림하다	/ˈbɝp/	명사	In China it is polite to burp at the table
ludicrous	가소롭다 | 바보같은	/ˈɫudəkɹəs/	형용사	Ludicrous green hair
biography	전기 | 전기문 | 일대기	/baɪˈɑɡɹəfi/	명사	
satin	새틴 | 공단	/ˈsætən/	명사	
bridesmaid	신부들러리	/ˈbɹaɪdzˌmeɪd/	명사	
penicillin	페니실린 | 항생물질약	/ˌpɛnəˈsɪɫən/	명사	
deployment	비군사적 사역	/dɪˈpɫɔɪmənt/	명사	
predecessor	앞선 것 | 선조 | 전임	/ˈpɹɛdəˌsɛsɝ/	명사	
canon	카논 | 법규집 | 수사신부	/ˈkænən/	명사	The neoclassical canon
underlying	밑에 있는 | 기초를 이루는	/ˌəndɝˈɫaɪɪŋ/	형용사	An underlying meaning
avon	에이번강 | 영국중부의 강	/ˈeɪvɑn/	명사	
blowjob		/ˈbɫoʊˌdʒɑb/	명사	
ashton		/ˈæʃtən/	명사	
transfusion		/tɹænsˈfjuʒən/	명사	
blockade	경제봉쇄 | 봉쇄 | 교통차단	/ˌbɫɑˈkeɪd/	명사	
mischievous	장난치는	/ˈmɪstʃəvəs/	형용사	Mischievous rumors and falsehoods
jiffy		/ˈdʒɪfi/	명사	
repressed	억압된	/ɹiˈpɹɛst/	형용사	Repressed rage turned his face scarlet
biff	강타하다	/ˈbɪf/	명사	
yarn	이야기 | 방사	/ˈjɑɹn/	명사	
astonished	놀란	/əˈstɑnɪʃt/	형용사	I stood enthralled, astonished by the vastness and majesty of the cathedral
catchy	단속적인	/ˈkæˌtʃi/	형용사	A catchy question
titanium	티탄	/taɪˈteɪniəm/	명사	
deserter	탈영병 | 유기자 | 도망자	/ˈdɛzɝtɝ/	명사	
dah		/ˈdə/	명사	
documentation	문서조사	/ˌdɑkjəmɛnˈteɪʃən/	명사	His documentation of the results was excellent
playoff		/ˈpɫeɪˌɔf/	명사	
faraday		/ˈfæɹəˌdeɪ/	명사	
feisty		/ˈfaɪsti/	형용사	The champion is faced with a feisty challenger
imam	도사 | 사식승	/ˈaɪmæm/	명사	
plainly	곧이곧대로	/ˈpɫeɪnɫi/	부사	You are plainly wrong
inadequate	적성이 없는	/ˌɪˈnædəˌkweɪt/	형용사	Inadequate training
caddy	보통 차통	/ˈkædi/	명사	
astounding	신기하다	/əˈstaʊndɪŋ/	형용사	An astounding achievement
highlands		/ˈhaɪɫəndz/	명사	
hustler	호사가	/ˈhəsəɫɝ/	명사	
paternity	부계 | 아버지임	/pəˈtɝnɪti/	명사	Tests were conducted to determine paternity
washer	좌철 | 세탁하는 사람	/ˈwɑʃɝ/	명사	
disclosure	노출	/dɪˈskɫoʊʒɝ/	명사	
indigestion	체증 | 위약 | 소화 불량	/ˌɪndaɪˈdʒɛstʃən/	명사	
spur	아이젠 | 며느리발톱	/ˈspɝ/	명사	The Academy was formed to spur research
mayer		/ˈmeɪɝ/	명사	
schnapps		/ˈʃnæps/	명사	
renegade	배교의 | 배교자 | 배교자가 되다	/ˈɹɛnəˌɡeɪd/	명사	Renegade supporters of the usurper
barley	보리	/ˈbɑɹɫi/	명사	
spiked		/ˈspaɪkt/	형용사	The voltage spiked
barf		/ˈbɑɹf/	명사	
inquest	심리	/ˈɪnˌkwɛst/	명사	
humidity	습도 | 습기 | 일교차	/hjuˈmɪdəti/	명사	
featured	주요프로로 하는	/ˈfitʃɝd/	형용사	A featured actor
midwest		/ˌmɪdˈwɛst/	명사	
mythical		/ˈmɪθəkəɫ/	형용사	Mythical centaurs
paramount		/ˈpɛɹəˌmaʊnt/	형용사	
unpaid	무급의 | 지불되지 않은	/ənˈpeɪd/	형용사	Unpaid extras in the documentary
neatly	깔끔하게 | 말쑥하게 | 말끔히	/ˈnitɫi/	부사	She put the slippers under the bed neatly
hippo		/ˈhɪpoʊ/	명사	
frivolous	하찮은 | 경박한	/ˈfɹɪvəɫəs/	형용사	A frivolous novel
copyright	저작권 | 판권 | 저작권으로 보호하다	/ˈkɑpiˌɹaɪt/	명사	Did you copyright your manuscript?
twenty-two		/ˈtwɛntiˌtu/	명사	
duly	제시간에	/ˈduɫi/	부사	She was duly apprised of the raise
glide	활공 | 미끄러뜨리다 | 활주	/ˈɡɫaɪd/	동사	
enclosed	갑갑하다	/ɛnˈkɫoʊzd/	형용사	An enclosed yard
nameless	이름없는	/ˈneɪmɫəs/	형용사	Corporations responsible to nameless owners
electron	전자	/ˌɪˈɫɛktɹɑn/	명사	
constellation	별자리 | 성좌 | 성위	/ˌkɑnstəˈɫeɪʃən/	명사	
howe	움팬 땅	/ˈhaʊ/	명사	
inhabited		/ˌɪnˈhæbətəd/	형용사	Strange notions inhabited her mind
sketchy		/ˈskɛtʃi/	형용사	A sketchy account
implore	읍소 | 애원하다	/ˌɪmˈpɫɔɹ/	동사	
malice	범의 | 악의	/ˈmæɫəs/	명사	
no-good		/ˈnoʊˌɡʊd/	형용사	A no-good check
deformed	흉한	/dɪˈfɔɹmd/	형용사	Deformed thalidomide babies
billing	게시 | 프로에서의 서열	/ˈbɪɫɪŋ/	명사	
cornwall	콘월	/ˈkɔɹnwɔɫ/	명사	
crusher	분쇄기 | 쇄석기	/ˈkɹəʃɝ/	명사	
outdated		/ˈaʊtˌdeɪtɪd/	형용사	Outdated equipment
reinforced		/ˌɹiɪnˈfɔɹst/	형용사	He reinforced the concrete
newark	뉴어크	/ˈnjuɝk/	명사	
provocative	도발적 | 외설스럽다	/pɹoʊˈvɑkətɪv/	형용사	A provocative smile
hemingway		/ˈhɛmɪŋˌweɪ/	명사	
ci	기업 인식		명사	
complimentary		/ˌkɑmpɫəˈmɛntɝi/	형용사	Complimentary tickets
bethlehem	베들레헴	/ˈbɛθɫɪˌhɛm/	명사	
suppressed		/səˈpɹɛst/	형용사	A suppressed press
bordeaux	보르도	/bɔɹˈdoʊ/	명사	
festivity	경축 | 제전 | 잔치 기분	/fɛˈstɪvəti/	명사	
checkers	서양장기	/ˈtʃɛkɝz/	명사	
migration	이동 | 원자 이동 | 천이	/maɪˈɡɹeɪʃən/	명사	
brig	두대박이범선	/ˈbɹɪɡ/	명사	
bloodstream		/ˈbɫədˌstɹim/	명사	
distraught		/dɪˈstɹɔt/	형용사	Distraught with grief
grasshopper	메뚜기 | 촹충 | 소형 정찰기	/ˈɡɹæsˌhɑpɝ/	명사	
tickling			명사	
desolate	처량하다 | 음산한 | 적적하다	/ˈdɛsəˌɫeɪt/	형용사	A low desolate wail
masturbation	자위 | 수음	/ˌmæstɝˈbeɪʃən/	명사	
fiasco	큰 실수	/fiˈæskoʊ/	명사	
jem		/ˈdʒɛm/	명사	
sufficiently	충분히	/səˈfɪʃəntɫi/	부사	She was sufficiently fluent in Mandarin
hereditary	유전의	/hɝˈɛdəˌtɛɹi/	형용사	Hereditary monarchy
psychologically		/ˌsaɪkəˈɫɑdʒɪkɫi/	부사	Classify poetry psychologically
orient	떠오르는 | 동양	/ˈɔɹiˌɛnt/	동사	Orient the house towards the West
gullible		/ˈɡəɫəbəɫ/	형용사	Gullible tourists taken in by the shell game
falsely		/ˈfɔɫsɫi/	부사	
friar	수도회 | 탁발승	/ˈfɹaɪɝ/	명사	
underwood	총림	/ˈəndɝˌwʊd/	명사	
abed	잠자리에	/əˈbɛd/	부사	
gunpoint	총끝	/ˈɡənˌpɔɪnt/	명사	
luo		/ˈɫwoʊ/	명사	
realtor	복덕방 | 부동산 업자	/ˈɹiəɫtɝ/	명사	
attire	옷차림새 | 복장	/əˈtaɪɝ/	명사	
clientele	부하들 | 소송의뢰인	/ˌkɫaɪənˈtɛɫ/	명사	They have an upper class clientele
dreaded		/ˈdɹɛdɪd/	형용사	Polio is no longer the dreaded disease it once was
hatched	흙다 | 빗기다	/ˈhætʃt/	형용사	
hardened	강해진 | 단단해지 | 경화한	/ˈhɑɹdənd/	형용사	The wax hardened
innovative	혁신적인	/ˈɪnəˌveɪtɪv/	형용사	Stylistically innovative works
krone	크로네	/ˈkɹoʊnə/	명사	
patched		/ˈpætʃt/	형용사	The field was patched with snow
guideline		/ˈɡaɪdˌɫaɪn/	명사	
lockup	임대차고 | 고정 | 감금	/ˈɫɑˌkəp/	명사	
conclusive	결정적인	/kənˈkɫusɪv/	형용사	Conclusive proof
latex	유액	/ˈɫeɪˌtɛks/	명사	
chennai		/ˈtʃɛˌnaɪ/	명사	
deathbed	임종	/ˈdɛθˌbɛd/	명사	
schoolgirl		/ˈskuɫˌɡɝɫ/	명사	
fuzz	잔털 | 보풀 | 솜털	/ˈfəz/	명사	He tried to clear his head of the whisky fuzz
imposing		/ˌɪmˈpoʊzɪŋ/	형용사	An imposing residence
nationwide	전국적으로 | 전국적인	/ˈneɪʃənˈwaɪd/	형용사	It was broadcast nationwide
schoolteacher		/ˈskuɫˌtitʃɝ/	명사	
dealership	상품 총판권	/ˈdiɫɝˌʃɪp/	명사	
negotiator	교섭자	/nəˈɡoʊʃiˌeɪtɝ/	명사	
brightly	환하게	/ˈbɹaɪtɫi/	부사	
neutralize	중립시키다 | 무색케 하다 | 중화하다	/ˈnutɹəˌɫaɪz/	동사	She neutralized the solution
rosario		/ɹoʊˈzɑɹioʊ/	명사	
manicure	매니큐어 | 매니큐어하다	/ˈmænɪkjɝ/	동사	Manicure fingernails
meditate		/ˈmɛdəˌteɪt/	동사	
eavesdrop	엿듣다	/ˈivzˌdɹɑp/	동사	
viewer	뷰어 | 텔레비전 시청자 | 검사관	/ˈvjuɝ/	명사	Television viewers
mormon		/ˈmɔɹmən/	명사	The former Mormon practice of polygamy
muzzle	부리망 | 입마개 | 입부분	/ˈməzəɫ/	명사	Muzzle the dog to prevent it from biting strangers
redneck	촌놈	/ˈɹɛdˌnɛk/	명사	
seatbelt		/ˈsitˌbɛɫt/	명사	
atone	속쇠하다	/əˈtoʊn/	동사	
envoy	전권공사 | 부사 | 사절	/ˈɑnvɔɪ/	명사	
tia		/ˈtiə/	명사	
upside-down		/ˈəpsaɪdˌdaʊn/	형용사	An upside-down cake
improper	타당하지 않은 | 당치않다 | 어울리지 않는	/ˌɪmˈpɹɑpɝ/	형용사	Improper medication
niagara	나이아가라 | 나이아가라강홍수	/naɪˈæɡɹə/	명사	
highland	스코틀랜드 고지 | 고지 | 산지	/ˈhaɪɫənd/	명사	
hardworking	근면하다	/ˈhɑɹdˌwɝkɪŋ/	형용사	
medically		/ˈmɛdəkɫi/	부사	Medically trained nurses
chitter		/ˈtʃɪtɝ/	동사	
scarred		/ˈskɑɹd/	형용사	The scarred piano bench
gia			명사	The GIA has embarked on a terrorist campaign of civilian massacres
outcast	배척받은 | 버림받은사람 | 버림받은	/ˈaʊtˌkæst/	명사	
faucet	수도꼭지	/ˈfɔsət/	명사	
taboo	금기	/tæˈbu/	형용사	A taboo subject
weaponry	조병학 | 무기류	/ˈwɛpənɹi/	명사	
consensus	의견일치 | 교감	/kənˈsɛnsəs/	명사	Those rights and obligations are based on an unstated consensus
breathed		/ˈbɹiðd/	형용사	He breathed new life into the old house
gobble	가블 | 골골 울다 | 게걸스레 먹다	/ˈɡɑbəɫ/	동사	
gibber			동사	
widespread	파다하다	/ˈwaɪdsˈpɹɛd/	형용사	A widespread doctrine
boutique	여성복 장식품점	/buˈtik/	명사	
quake	떨림 | 떨리다 | 흔들림	/ˈkweɪk/	명사	
ignite	연소시키다 | 점화하다 | 발화하다	/ˌɪɡˈnaɪt/	동사	Marsh gases ignited suddenly
provider	남의 앞잡이 | 공급자	/pɹəˈvaɪdɝ/	명사	
sprinkle	뿌리다 | 부슬비 | 뿌림	/ˈspɹɪŋkəɫ/	동사	Sprinkle the lawn
serbia	세르비아	/ˈsɝbiə/	명사	
contradict	모순되다	/ˌkɑntɹəˈdɪkt/	동사	
shaping		/ˈʃeɪpɪŋ/	명사	
powdered	미숫가루	/ˈpaʊdɝd/	형용사	Powdered cellulose
indestructible		/ˌɪndəˈstɹəktɪbəɫ/	형용사	
electrocute		/ˌɪˈɫɛktɹəkˌjut/	동사	The serial killer was electrocuted
silverware	은제품	/ˈsɪɫvɝˌwɛɹ/	명사	
terence		/ˈtɛɹəns/	명사	
albany		/ˈɔɫbəni/	명사	
armory	문장학 | 병기류 | 병기고	/ˈɑɹmɝi/	명사	He dipped into his intellectual armory to find an answer
pathology	병리학 | 병상	/pəˈθɑɫədʒi/	명사	
cyclops	물벼룩 | 애꾸눈이 | 키클롭스	/ˈsaɪˌkɫɔps/	명사	
auditorium	공연장 | 대강당 | 관중석	/ˌɔdəˈtɔɹiəm/	명사	
kashmir		/ˈkæʃmiɹ/	명사	
inspirational	영감의 고무적인	/ˌɪnspɝˈeɪʃənəɫ/	형용사	
doodle		/ˈdudəɫ/	명사	
raisin	건포도	/ˈɹeɪzɪn/	명사	
emery	금강사	/ˈɛmɝi/	명사	
honorary		/ˈɑnɝˌɛɹi/	형용사	An honorary degree
concession	구내매점 | 조차지 | 특허	/kənˈsɛʃən/	명사	He got the beer concession at the ball park
midway	중간쯤에 | 오락장거리 | 중도의	/ˈmɪdˌweɪ/	형용사	
reload	재장전 | 다시재다 | 재장전하다	/ɹiˈɫoʊd/	동사	The movers reloaded the truck
dormitory	하숙집 | 사감 | 교외택지	/ˈdɔɹməˌtɔɹi/	명사	
accelerated	가속된	/ækˈsɛɫɝˌeɪtɪd/	형용사	The car accelerated
fluke	요행수 | 가자미류 | 고래꼬리	/ˈfɫuk/	명사	
nutrition	영양 | 영양영양물 | 영양물	/nuˈtɹɪʃən/	명사	
warlock	남자 마술사	/ˈwɔɹˌɫɔk/	명사	
bloat	자부하다 | 부풀리다	/ˈbɫoʊt/	명사	Hunger bloated the child's belly
proclaim	선언하다 | 포고하다 | 공표하다	/pɹoʊˈkɫeɪm/	동사	He was proclaimed King
middleton		/ˈmɪdəɫtən/	명사	
choreography	안무 | 무도법 | 무용술	/ˌkɔɹiˈɑɡɹəfi/	명사	
patriotism	애국심	/ˈpeɪtɹiəˌtɪzəm/	명사	They rode the same wave of popular patriotism
sash	어깨띠 | 장식띠 | 허리띠	/ˈsæʃ/	명사	
detached	분견된 | 공평한	/diˈtætʃt/	형용사	A detached part
intensely		/ˌɪnˈtɛnsɫi/	부사	He worked intensely
sprint	단거리 경주 | 단시간의 대활동 | 단거리를 질주하다	/ˈspɹɪnt/	동사	
endorsement	배서 | 시인	/ɛnˈdɔɹsmənt/	명사	A Democrat usually gets the union's endorsement
gage	저당물	/ˈɡeɪdʒ/	명사	
hobo	부랑자	/ˈhoʊboʊ/	명사	
gauntlet	태형 | 손가리개 | 긴 장갑	/ˈɡɔntɫət/	명사	Took up the gauntlet
crowbar	쇠지레	/ˈkɹoʊˌbɑɹ/	명사	
groin	고간 | 궁릉 | 그로인	/ˈɡɹɔɪn/	명사	The ceiling was groined
prudence	검소 | 조심 | 사려	/ˈpɹudəns/	명사	
inseparable	나눌수없는 | 떨어질수 없는 | 떨어지기 어려운것	/ˌɪnˈsɛpɝəbəɫ/	형용사	Inseparable pieces of rock
chopstick		/ˈtʃɑpˌstɪk/	명사	
guthrie		/ˈɡəθɹi/	명사	
saxophone	색소폰	/ˈsæksəˌfoʊn/	명사	
fiat	인가 | 엄명	/ˈfaɪæt/	명사	
thruster	미는사람	/ˈθɹəstɝ/	명사	
tink			동사	
visibility	가시도 | 눈에 보임	/ˌvɪzəˈbɪɫɪti/	명사	Low visibility caused by fog
passionately	격노하여 | 격심하게 | 열렬히	/ˈpæʃənətɫi/	부사	She kissed him passionately
wannabe		/ˈwɑnəˌbi/	명사	The audience was full of Madonna wannabes
tiresome	지루한 | 진저리 나는 | 귀찮은	/ˈtaɪɝsəm/	형용사	The tiresome chirping of a cricket
complexity	복잡성	/kəmˈpɫɛksəti/	명사	He enjoyed the complexity of modern computers
homicidal		/ˌhɑməˈsaɪdəɫ/	형용사	A homicidal rage
rom	집시 남자	/ˈɹɑm/	명사	
scolding	갈파 | 꾸짖는 | 꾸중	/ˈskoʊɫdɪŋ/	명사	
indict	기소하다	/ˌɪnˈdaɪt/	동사	
uninvited		/ˌənɪnˈvaɪtɪd/	형용사	Uninvited guests
insider	소식통 | 내부 사람 | 부원	/ˌɪnˈsaɪdɝ/	명사	
bondage	노예의신분	/ˈbɑndɪdʒ/	명사	He was in bondage to fear:;
indifference	무관심 | 중립 | 무차별	/ˌɪnˈdɪfɝəns/	명사	
tum	소리		명사	
slang	속어 | 이어 | 은어	/ˈsɫæŋ/	동사	Their speech was full of slang expressions
tending		/ˈtɛndɪŋ/	명사	
compton		/ˈkɑmptən/	명사	
resistant	방염제 | 레지스탕스의 일원 | 저항력이 있는	/ɹiˈzɪstənt/	형용사	Resistant to persuasion
snag	꺽인 가지	/ˈsnæɡ/	동사	She had snags in her stockings
fidelity	충실도 | 절개 | 엄수	/ˌfaɪˈdɛɫəti/	명사	
rattled		/ˈɹætəɫd/	형용사	
stalls		/ˈstɔɫz/	명사	
quickest		/ˈkwɪkɪst/	부사	
copycat	모방자 | 모방주의 | 모방주의자	/ˈkɑpiˌkæt/	명사	
wilde		/ˈwaɪɫd/	명사	
damnation	젠장 | 천벌 | 지옥에 떨어뜨림	/dæmˈneɪʃən/	명사	
burma	버마	/ˈbɝmə/	명사	
cashed		/ˈkæʃt/	형용사	I cashed the check as soon as it arrived in the mail
dodging		/ˈdɑdʒɪŋ/	명사	
canopy	닫집 | 원개 | 천개	/ˈkænəpi/	명사	
ridley		/ˈɹɪdɫi/	명사	
ogden		/ˈɑɡdən/	명사	
goof	멍청하게 만들다	/ˈɡuf/	명사	
twister	꼬는 사람 | 선풍 | 비트는 사람	/ˈtwɪstɝ/	명사	
seriousness	심각하다 | 엄숙하다 | 중대	/ˈsɪɹiəsnəs/	명사	He learned the seriousness of his illness
toothless	이가 없는	/ˈtuθɫəs/	형용사	A toothless old crone
retch	메스꺼움 | 욕지기나다		동사	
immensely		/ˌɪˈmɛnsɫi/	부사	Was immensely more important to the project as a scientist than as an administrator
overlooking	간과	/ˈoʊvɝˌɫʊkɪŋ/	형용사	I am overlooking her work
airway		/ˈɛɹˌweɪ/	명사	
lm			명사	
rickshaw			명사	
propulsion	추진	/pɹəˈpəɫʃən/	명사	
comprehensive	종합적 | 종합시험 | 내포적인	/ˌkɑmpɹiˈhɛnsɪv/	형용사	Comprehensive coverage
reckoning	계산서응보	/ˈɹɛkənɪŋ/	명사	
fabian	지구책의	/ˈfeɪbiən/	명사	A fabian policy
checkup	총점검 | 건강 진단	/ˈtʃɛˌkəp/	명사	
wad	지폐뭉치 | 다액의 돈 | 씹고난 껌	/ˈwɑd/	명사	Wad paper into the box
aeroplane			명사	
endeavor		/ɪnˈdɛvɝ/	명사	Wished him luck in his endeavor
daybreak	새벽 | 동틀녘	/ˈdeɪˌbɹeɪk/	명사	
mandate		/ˈmænˌdeɪt/	명사	Mandate a colony
drape	드레이프 | 주름잡아 드리운천 | 곱게주름잡아 걸치다	/ˈdɹeɪp/	동사	Drape the statue with a sheet
wolverine	오소리류	/ˌwʊɫvɝˈin/	명사	
socrates	소크라테스	/ˈsɑkɹəˌtiz/	명사	
subspace		/ˈsəbˌspeɪs/	명사	
unrest	불온	/ənˈɹɛst/	명사	
cram		/ˈkɹæm/	동사	Cram books into the suitcase
infinitely	무한히 | 지독히	/ˈɪnfənətɫi/	부사	He is infinitely wealthy
exemplary	본격적 | 표본적 | 모법적인	/ɪɡˈzɛmpɫɝi/	형용사	Exemplary behavior
replicate	반복된 | 접어젖히다 | 모사하다	/ˈɹɛpɫəˌkeɪt/	동사	Replicate the cell
perfected		/pɝˈfɛktɪd/	형용사	A graceful but not yet fully perfected literary style
olympus	올림푸스산	/oʊˈɫɪmpəs/	명사	
baboon	비비	/bəˈbun/	명사	
reproach	망신 | 비난 | 비난의 말	/ɹiˈpɹoʊtʃ/	명사	Words of reproach
completing		/kəmˈpɫitɪŋ/	형용사	
medusa	마녀의 하나	/məˈdusə/	명사	
sewed		/ˈsoʊd/	형용사	
teased		/ˈtizd/	형용사	The children teased the new teacher
adversary	상대방	/ˈædvɝˌsɛɹi/	명사	
stitched		/ˈstɪtʃt/	형용사	
abruptly	무뚝뚝하게 | 벌떡 | 뜻밖에	/əˈbɹəptɫi/	부사	
stacks		/ˈstæks/	명사	She amassed stacks of newspapers
sioux	수족	/ˈsu/	명사	
ether	에테르	/ˈiθɝ/	명사	
extradition		/ˌɛkstɹəˈdɪʃən/	명사	
cambodia	캄보디아	/ˌkæmˈboʊdiə/	명사	
unison	제창 | 화음 | 일치하여	/ˈjunəsən/	명사	Singing in unison
ion	이온 | 음이온	/ˈaɪˌɑn/	명사	
bozo	크고 촌스런남자	/ˈboʊˌzoʊ/	명사	
undertaking	담당	/ˈəndɝˌteɪkɪŋ/	명사	He prepared for great undertakings
enrol			동사	
sprout	싹양배추 | 싹 | 새싹	/ˈspɹaʊt/	동사	The potatoes sprouted
projected		/pɹəˈdʒɛktəd/	형용사	He projected his feelings
fink	파업파괴꾼	/ˈfɪŋk/	동사	
good-for-nothing	쓸모없는 사람		명사	A lazy no-count, good-for-nothing goldbrick
macarthur		/məˈkɑɹθɝ/	명사	
twenty-one		/ˈtwɛntiˌwɔn/	형용사	
visionary	공상가	/ˈvɪʒəˌnɛɹi/	명사	Visionary schemes for getting rich
talkative	말 많은	/ˈtɔkətɪv/	형용사	
unkind		/ənˈkaɪnd/	형용사	The unkindest cut of all
conservation	보수 | 유지	/ˌkɑnsɝˈveɪʃən/	명사	
veto	거부권 | 거부의 | 그행사	/ˈviˌtoʊ/	명사	The President vetoed the bill
heartfelt	마음으로 부터의	/ˈhɑɹtˌfɛɫt/	형용사	Heartfelt condolences
outlook	예측 | 앞길 | 관점	/ˈaʊtˌɫʊk/	명사	
wrinkled	주름진	/ˈɹɪŋkəɫd/	형용사	The dress got wrinkled
teleport		/ˈtɛɫəˈpɔɹt/	동사	
diabolical		/ˌdaɪəˈbɑɫɪkəɫ/	형용사	The diabolical expression on his face
breather	환기구멍 | 불식	/ˈbɹiðɝ/	명사	
thirty-five		/ˈθɝdiˌfaɪv/	형용사	
tut		/ˈtət/	동사	
sightseeing		/ˈsaɪtˈsiɪŋ/	명사	
unwilling	바라지 않는	/ənˈwɪɫɪŋ/	형용사	An unwilling assistant
profoundly		/pɹoʊˈfaʊndɫi/	부사	
dearie			명사	
dyed	물들인 | 염색된	/ˈdaɪd/	형용사	
cantonese	광둥말 | 광둥사람 | 광둥의	/ˌkæntəˈniz/	명사	
pika			명사	
outright		/ˈaʊˈtɹaɪt/	부사	He was killed outright
downside	아래쪽의	/ˈdaʊnˌsaɪd/	명사	There is a downside even to motherhood
oat	들뜨다 | 보리피리	/ˈoʊt/	명사	
downward	아래쪽으로 | 쇠잔하여	/ˈdaʊnwɝd/	형용사	He lay face downward
okinawa		/ˌoʊˌkɪˈnɑwə/	명사	
palate	구개 | 입맛 | 미각	/ˈpæɫət/	명사	
jihad	상전 | 옹호운동	/ˈdʒihæd/	명사	
emmet		/ˈɛmɪt/	명사	
nasal	비음 | 비음자 | 코가림	/ˈneɪzəɫ/	명사	A whining nasal voice
enduring	참는 | 견인	/ɛnˈdjʊɹɪŋ/	형용사	An enduring disposition
winged	고속의 | 팔을 다친 | 날개 있는	/ˈwɪŋd/	형용사	The winged feet of Mercury
thrashing	탈곡 | 때리기 | 도리깨질	/ˈθɹæʃɪŋ/	명사	The system is thrashing again!
musketeer		/ˌməskəˈtiɹ/	명사	
tumour			명사	
stature	키 | 신장 | 신장 성장	/ˈstætʃɝ/	명사	A man of great stature
petrify	돌이 되다	/ˈpɛtɹəˌfaɪ/	동사	Slogans petrify our thinking
baht	태국의 화폐단위	/ˈbɑt/	명사	
rematch	재시합	/ˈɹiˈmætʃ/	명사	
lakshmi			명사	
lightweight	라이트급 선수	/ˈɫaɪtˈweɪt/	명사	Lightweight wood
attentive	주의깊은	/əˈtɛntɪv/	형용사	An attentive suitor
ge			명사	
equity	형평법 | 공정 | 공평	/ˈɛkwəti/	명사	
ringer		/ˈɹɪŋɝ/	명사	
brooch	브로치	/ˈbɹoʊtʃ/	명사	
delinquent		/dɪˈɫɪŋkwənt/	형용사	Delinquent minors
schizophrenia	정신분열증	/ˌskɪtsəˈfɹiniə/	명사	
bangle	손목고리	/ˈbæŋɡəɫ/	명사	
sculptor	조각가	/ˈskəɫptɝ/	명사	
netherlands	네덜란드	/ˈnɛðɝɫəndz/	명사	
inca	잉카사람 | 잉카족	/ˈɪŋkə/	명사	
ado	법석	/əˈdu/	명사	
odessa		/oʊˈdɛsə/	명사	
neurological	신경학상의	/ˌnʊɹəˈɫɑdʒɪkəɫ/	형용사	Neurological evidence
strife		/ˈstɹaɪf/	명사	
coordinator	코오디네이터 | 등위 접속사	/koʊˈɔɹdəˌneɪtɝ/	명사	
guerrilla		/ɡɝˈɪɫə/	명사	
charismatic	카리스마적인	/kɛɹɪzˈmætɪk/	형용사	A charismatic leader
garret	제일윗층 | 다락방	/ˈɡɛɹɪt/	명사	
startling		/ˈstɑɹtɫɪŋ/	형용사	Startling earthquake shocks
historically		/hɪˈstɔɹɪkəɫi/	부사	This is historically interesting
funnel	집중하다 | 깔때기 | 통풍통	/ˈfənəɫ/	명사	Funnel the liquid into the small bottle
curator	관리자 | 평의원	/ˈkjʊɹətɝ/	명사	
campfire	캠프파이어	/ˈkæmpˌfaɪɝ/	명사	
himalayas	히말라야 산맥	/ˌhɪməˈɫaɪəs/	명사	
storeroom	광	/ˈstɔɹˌɹum/	명사	
tulip	튤립	/ˈtuɫəp/	명사	
looting	약탈 | 부정이득	/ˈɫutɪŋ/	명사	
pinball	핀볼 | 코린트 게임	/ˈpɪnˌbɔɫ/	명사	
decaf		/ˈdikæf/	명사	
sharpen	날카롭게 하다	/ˈʃɑɹpən/	동사	Sharpen the knives
refreshment	다과 | 피로 풀기 | 가벼운 음식물	/ɹəˈfɹɛʃmənt/	명사	Time for rest and refreshment by the pool
mckinley		/məˈkɪnɫi/	명사	
hathaway		/ˈhæθəˌweɪ/	명사	
leaping		/ˈɫipɪŋ/	명사	
reconciliation	체념 | 조정 | 화해	/ˌɹɛkənˌsɪɫiˈeɪʃən/	명사	The reconciliation of his checkbook and the bank statement
greenwich		/ˈɡɹɛnɪtʃ/	명사	
waterloo	대결전	/ˈwɔtɝˌɫu/	명사	He met his waterloo
isaiah	이사야	/ˌaɪˈzeɪə/	명사	
induce	귀납하다 | 유도하다 | 유발하다	/ˌɪnˈdus/	동사	Induce a crisis
grooming		/ˈɡɹumɪŋ/	명사	He is grooming his son to become his successor
cortez		/kɔɹˈtɛz/	명사	
schooling		/ˈskuɫɪŋ/	명사	A cluster of schooling fish was attracted to the bait
wasteland	불모지역 | 불모지지 | 황무지	/ˈweɪstˌɫænd/	명사	
biz	멋지다! | 잘했다!	/ˈbɪz/	명사	She's in show biz
nostalgic		/nɔˈstæɫdʒɪk/	형용사	
leprechaun		/ˈɫɛpɝkaʊn/	명사	
zulu	줄루사람	/ˈzuˌɫu/	명사	
dinge			동사	Dinge a soft hat
timetable	시간표	/ˈtaɪmˌteɪbəɫ/	명사	
barkley		/ˈbɑɹkɫi/	명사	
analogy	유추	/əˈnæɫədʒi/	명사	The models show by analogy how matter is built up
judgmental		/dʒədʒˈmɛnəɫ/	형용사	A judgmental error
nightgown	잠오		명사	
demolished		/dɪˈmɑɫɪʃt/	형용사	The home team demolished the visitors
lafayette		/ˌɫɑfeɪˈɛt/	명사	
dreamy	공상적인	/ˈdɹimi/	형용사	
vigilant		/ˈvɪdʒəɫənt/	형용사	The vigilant eye of the town watch
asgard		/ˈɑsˌɡɑɹd/	명사	
companionship	친구들 | 식자공동료 | 동무로서 사귀기	/kəmˈpænjənˌʃɪp/	명사	
dangling		/ˈdæŋɡəɫɪŋ/	명사	
pic		/ˈpɪk/	명사	
paired		/ˈpɛɹd/	형용사	The two old friends paired off
withholding		/wɪθˈhoʊɫdɪŋ/	명사	My employer is withholding taxes
burnett		/bɝˈnɛt/	명사	
bolivia	남미의공화국	/bəˈɫɪviə/	명사	
airs		/ˈɛɹz/	명사	Don't put on airs with me
demented	치매가 된	/dɪˈmɛntɪd/	형용사	
apprehend	우려하다 | 감지하다	/ˌæpɹɪˈhɛnd/	동사	
learner		/ˈɫɝnɝ/	명사	
minion	부하	/ˈmɪnjən/	명사	
fda		/ˌɛfˌdiˈeɪ/	명사	
contradiction	모순당착 | 부정 | 당착	/ˌkɑntɹəˈdɪkʃən/	명사	He spoke as if he thought his claims were immune to contradiction
vat	큰통 | 부가가치세	/ˈvæt/	명사	
puny	미약한 | 보잘것 없는.	/ˈpjuni/	형용사	A puny physique
nominee	수령명의자	/ˌnɑməˈni/	명사	
insolence	거만함 | 오만	/ˈɪnsəɫəns/	명사	
wartime		/ˈwɔɹˌtaɪm/	명사	
fm		/ˈɛˈfɛm/	명사	
grapefruit	그레이프프루츠	/ˈɡɹeɪpˌfɹut/	명사	
deodorant	방취의 | 방취제	/diˈoʊdɝənt/	명사	
concede	부여하다 | 용인하다 | 핸디캡으로서 주다	/kənˈsid/	동사	The candidate conceded after enough votes had come in to show that he would lose
hierarchy	천사들 | 위계 제도 | 천사의 계급	/ˈhaɪˌɹɑɹki/	명사	Put honesty first in her hierarchy of values
remnant	잔존물 | 지스러기	/ˈɹɛmnənt/	명사	
sever	떨어지다 | 절단하다	/ˈsɛvɝ/	동사	Sever a relationship
nacho		/ˈnæˌtʃoʊ/	명사	
munition	군수품 | 군수품을 공급하다	/mjuˈnɪʃən/	명사	
trailing	기는 | 길게 나부끼는	/ˈtɹeɪɫɪŋ/	명사	The toddler was trailing his pants
twain		/ˈtweɪn/	명사	
chilli	칠레		명사	
acceleration	가속도 | 가속 | 촉진	/ˌækˌsɛɫɝˈeɪʃən/	명사	Modern science caused an acceleration of cultural change
surya			명사	
scrubbed		/ˈskɹəbd/	형용사	She scrubbed his back
seduction		/sɪˈdəkʃən/	명사	
ezekiel	에스겔	/ˈɛzɪˌkiɫ/	명사	
chemotherapy	화학 요법	/ˌkimoʊˈθɛɹəpi/	명사	
hazardous	위험한 | 운에 맡기는 | 모험적인	/ˈhæzɝdəs/	형용사	Skydiving is a hazardous sport
meatloaf		/ˈmitɫoʊf/	명사	
collide	상충하다 | 충돌하다 | 일치하지 않다	/kəˈɫaɪd/	동사	The cars collided
sheltered		/ˈʃɛɫtɝd/	형용사	A sheltered harbor
revoke	함 | 해약하다 | 폐지하다	/ɹiˈvoʊk/	동사	He revoked the ban on smoking
cinematography	영화 촬영법	/ˌsɪnɪməˈtɑɡɹəfi/	명사	
variation	변주곡 | 변화량 | 변화물	/ˌvɛɹiˈeɪʃən/	명사	He patented a variation on the sandal
maia		/ˈmaɪə/	명사	
milkshake		/ˈmɪɫkˌʃeɪk/	명사	
newbie	초심자 | 신참자	/ˈnuˌbi/	명사	
undertake	인수하다 | 인수인 | 청부인	/ˈəndɝˌteɪk/	동사	
stellar		/ˈstɛɫɝ/	형용사	A stellar performance
dud	누더기옷 | 버린사람	/ˈdəd/	명사	He stepped on a dud mine
abode	거주 | 체류	/əˈboʊd/	명사	
latitude	자유 | 위도 | 범위	/ˈɫætəˌtud/	명사	Allowed his children considerable latitude in how they spent their money
sledge		/ˈsɫɛdʒ/	동사	The children sledged all day by the lake
shrewd	날렵하다 | 약빠르다 | 기민한	/ˈʃɹud/	형용사	He was too shrewd to go along with them on a road that could lead only to their overthrow
blurred		/ˈbɫɝd/	형용사	The blurred aims of the group
spatter		/ˈspætɝ/	명사	He heard a spatter of gunfire
nostril	콧구멍	/ˈnɑstɹɪɫ/	명사	
filet	등심살 | 망사레이스	/fɪˈɫeɪ/	명사	
locally	장소상으로 | 지방적으로	/ˈɫoʊkəɫi/	부사	It was locally decided
consistently	일관하다	/kənˈsɪstəntɫi/	부사	
u-turn		/ˈjuˌtɝn/	명사	
synchronized		/ˈsɪŋkɹəˌnaɪzd/	형용사	The synchronized flapping of a bird's wings
bumblebee	뒝벌	/ˈbəmbəɫˌbi/	명사	
ingenuity	고안력 | 교묘함 | 독창력	/ˌɪndʒəˈnuəˌti/	명사	A plot of great ingenuity
visualize		/ˈvɪʒwəˌɫaɪz/	동사	Mathematicians often visualize
juggling		/ˈdʒəɡəɫɪŋ/	명사	
beige		/ˈbeɪʒ/	명사	
oslo	노르웨이의 수도	/ˈɑzɫoʊ/	명사	
hypnotized		/ˈhɪpnəˌtaɪzd/	형용사	
enigma	불가해안 사물	/ɪˈnɪɡmə/	명사	
marseilles	마르세이유	/mɑɹˈsaɪɫəs/	명사	
memento	기념물	/mɪˈmɛntoʊ/	명사	
uphill	고개위로 | 오르막의	/ˈəpˈhɪɫ/	부사	She was talking uphill
contraband	금제품 | 밀매매 | 밀매자	/ˈkɑntɹəˌbænd/	형용사	
albanian	알바니아 말 | 알바니아 의 | 알바니아 사람	/æɫˈbeɪniən/	명사	
ravine	산골짜기	/ɹəˈvin/	명사	
protester	단언자 | 하으이자	/ˈpɹoʊˌtɛstɝ/	명사	
writ	영장	/ˈɹɪt/	명사	
stalked		/ˈstɔkt/	형용사	Her ex-boyfriend stalked her
heroism	영웅적 자질 | 영웅적 행위	/ˈhɛɹoʊˌɪzəm/	명사	He showed great heroism in battle
prolonged	연장한 | 오래 끈	/pɹəˈɫɔŋd/	형용사	We prolonged our stay
benevolent	친절한 | 자비스러운 | 어진	/bəˈnɛvəɫənt/	형용사	A benevolent society
squashed		/ˈskwɑʃt/	형용사	The squashed looking nakedness of the fledgling birds
baloney	헛소리 | 어리석은 짓=	/bəˈɫoʊni/	명사	
sweatshirt		/ˈswɛtˌʃɝt/	명사	
nutcase	미치광이		명사	
lecturing	교단	/ˈɫɛktʃɝɪŋ/	명사	
developer	개발자	/dɪˈvɛɫəpɝ/	명사	
deity	여신 | 신성	/ˈdiəti/	명사	
quebec	퀘벡	/kwəˈbɛk/	명사	
jailed		/ˈdʒeɪɫd/	형용사	
attain	달성하다	/əˈteɪn/	동사	
distributor	판매자 | 분배자	/dɪˈstɹɪbjətɝ/	명사	His company is a large distributor of software products
hype	과대광고	/ˈhaɪp/	명사	
shackle	쇠고랑 | 수갑 | 속박	/ˈʃækəɫ/	명사	
one-eyed	단안 | 외눈	/ˌwəˈnaɪd/	형용사	One-eyed Jacks are wild
housework	집안일	/ˈhaʊˌswɝk/	명사	
ferret	흰족제비	/ˈfɛɹət/	동사	She ferreted out the truth
kiev		/ˌkiˈɛv/	명사	
ghostly	유령의 | 영적인 | 유령같은	/ˈɡoʊstɫi/	형용사	A ghostly face at the window
chandelier	샹들리에	/ʃændəˈɫɪɹ/	명사	
dubious	불명하다 | 수상한 | 수상	/ˈdubiəs/	형용사	Dubious about agreeing to go
bubbly	샴페인 | 거품이 많은	/ˈbəbəɫi/	형용사	A bubbly personality
follower	추종 | 부하 | 선봉자	/ˈfɑɫoʊɝ/	명사	
starling	찌르레기	/ˈstɑɹɫɪŋ/	명사	
sup	홀짝홀짝 마시다	/ˈsəp/	명사	
albuquerque		/ˈæɫbəkɝki/	명사	
consuming	소비하는 | 애태우는 | 여위게하는	/kənˈsumɪŋ/	형용사	Politics is his consuming passion
neighboring	인가 | 이웃의	/ˈneɪbɝɪŋ/	형용사	Neighboring cities
mathias		/məˈtiəs/	명사	
explicit	명백한 | 노골적	/ɪksˈpɫɪsət/	형용사	Explicit instructions
dual	이원적인 | 이중경제 | 이중 국적	/ˈduəɫ/	형용사	Dual controls for pilot and copilot
plastered		/ˈpɫæstɝd/	형용사	Black hair plastered with pomade
bitchy	성마른 | 육감적인 | 심술궂은	/ˈbɪtʃi/	형용사	
nicotine	니코틴	/ˈnɪkəˌtin/	명사	
alumnus		/əˈɫəmnəs/	명사	
tremendously		/tɹəˈmɛndəsɫi/	부사	
madhouse		/ˈmædˌhaʊs/	명사	
hearse	대형 촉대 | 영구차 | 장의차	/ˈhɝs/	명사	
humankind		/ˈhjumənˌkaɪnd/	명사	She always used `humankind' because `mankind' seemed to slight the women
belfast	북아일랜드의 수도	/ˈbɛɫˌfæst/	명사	
partisan	가담 | 유격병	/ˈpɑɹtəzən/	명사	
recollection	상기 | 회고 | 회상	/ˌɹɛkəˈɫɛkʃən/	명사	
holdup	교통의 정체	/ˈhoʊɫˌdəp/	명사	
mantis	버마 재비 | 사마귀	/ˈmæntɪs/	명사	
birthmark	모반점	/ˈbɝθˌmɑɹk/	명사	
baldy	대머리		명사	
fundamentally	기초부터 | 원천적	/ˌfəndəˈmɛnəɫi/	부사	
traveller	여객	/ˈtɹævəɫɝ/	명사	
unravel	해결짓다 | 해소되다 | 해명하다	/ənˈɹævəɫ/	동사	Unravel the thread
tucson		/ˈtuˌsɑn/	명사	
stabilized		/ˈsteɪbəˌɫaɪzd/	형용사	The economy stabilized
banter	놀리다 | 조롱하다 | 놀림	/ˈbæntɝ/	명사	
drilled		/ˈdɹɪɫd/	형용사	We drilled French verbs every day
red-handed	손이 빨간 | 손이 피투성이의	/ˈɹɛdˈhændɪd/	형용사	Caught red-handed
taxis	주성 | 정복술	/ˈtæksiz/	명사	
consecutive	병행의 | 결과를 나타내는 | 연속적인	/kənˈsɛkjətɪv/	형용사	We numbered the papers consecutively
untouchable	대면 안되는 | 천민	/ənˈtətʃəbəɫ/	형용사	In most museums such articles are untouchable
trough	골 | 여물통 | 구유	/ˈtɹɔf/	명사	
wither	식다 | 쇠퇴시키다 | 이울게하다	/ˈwɪðɝ/	동사	
pew	펜치형 좌석 | 교회의 가족석	/ˈpju/	명사	
peseta	페세타 | 페세타 은화	/pəˈseɪtə/	명사	
embark	출범하다 | 배에 태우다	/ɛmˈbɑɹk/	동사	She embarked upon a new career
chameleon	카멜레온 | 카멜레온 자리 | 변덕쟁이	/kəˈmiɫiən/	명사	
spawn	알 | 우글거리는 아이들 | 산물	/ˈspɑn/	동사	The salmon swims upstream to spawn
quad		/ˈkwɑd/	명사	
sellers		/ˈsɛɫɝz/	명사	
stevenson	수필가	/ˈstivənsən/	명사	
walkie-talkie			명사	
rodent	갉작거리는	/ˈɹoʊdənt/	명사	
soaring	고원한	/ˈsɔɹɪŋ/	형용사	The soaring spires of the cathedral
measles	홍역	/ˈmizəɫz/	명사	
benign	인정많은	/bɪˈnaɪn/	형용사	Benign intentions
charmer		/ˈtʃɑɹmɝ/	명사	
aligned		/əˈɫaɪnd/	형용사	Pearly teeth evenly aligned
topped		/ˈtɑpt/	형용사	She topped her class every year
gnome		/ˈnoʊm/	명사	
wholesale	도매	/ˈhoʊɫˌseɪɫ/	부사	I buy food wholesale
sur		/ˈsɝ/	명사	
laddie			명사	
blitz	급습하다	/ˈbɫɪts/	명사	Hitler blitzed Poland
dole	시여물 | 짤름거리다 | 비탄	/ˈdoʊɫ/	명사	
mildly	온화하게	/ˈmaɪɫdɫi/	부사	He was mildly interested
reflecting		/ɹɪˈfɫɛktɪŋ/	형용사	A reflecting microscope
boldly	뻔뻔스럽게 | 호들갑스럽다	/ˈboʊɫdɫi/	부사	We must tackle these tasks boldly
vocation	신명 | 적성 | 사명	/voʊˈkeɪʃən/	명사	
memoir	실록 | 회상록 | 연구 논문	/ˈmɛmˌwɑɹ/	명사	
infidelity	배신 | 신앙심이 없음 | 무신앙	/ˌɪnfɪˈdɛɫɪti/	명사	
nugget		/ˈnəɡɪt/	명사	
dialysis		/daɪˈæɫəsəs/	명사	
lineage	혈통 | 계통 | 족보	/ˈɫɪniədʒ/	명사	His entire lineage has been warriors
wharf	부두 | 선창	/ˈhwɔɹf/	동사	Wharf the passengers
polygraph	다작가 | 거짓말 탐지기 | 다용도 기록계	/ˈpɑˌɫiˌɡɹæf/	명사	
recipient	수령인 | 수용자 | 수납자	/ɹəˈsɪpiənt/	명사	
hemorrhage	출혈	/ˈhɛmɝɪdʒ/	명사	
reconstruct	부흥하다 | 재건하다 | 재구성하다	/ˌɹikənˈstɹəkt/	동사	Reconstruct the events of 20 years ago
anesthetic	마취의 | 마취제 | 마취약	/ˌænəsˈθɛtɪk/	명사	An anesthetic state
consort	동행선 | 요함 | 교제하다	/kənˈsɔɹt/	동사	
revived		/ɹiˈvaɪvd/	형용사	Felt revived hope
owing	때문에 | 빚지고 있는 | 지불해야 할	/ˈoʊɪŋ/	형용사	
unorthodox	이단적인 | 정통이아닌 | 파격적인	/əˈnɔɹθəˌdɑks/	형용사	An unorthodox lifestyle
slop	세일러복 | 엎지르다 | 유동물	/ˈsɫɑp/	동사	They waded through the slop
meticulous		/məˈtɪkjəɫəs/	형용사	Meticulous research
forthcoming	곧올 | 준비돼있는 | 출현	/ˈfɔɹθˈkəmɪŋ/	형용사	The forthcoming holidays
carnegie	카네기	/ˈkɑɹnəɡi/	명사	
cobbler	서투른 장인	/ˈkɑbɫɝ/	명사	
quark	쿼크모형	/ˈkwɑɹk/	명사	
honours			명사	
manually	수동식 | 수작업	/ˈmænjuəɫi/	부사	This car shifts manually
polishing	연마	/ˈpɑɫɪʃɪŋ/	명사	Every Sunday he gave his car a good polishing
vibes		/ˈvaɪbz/	명사	
attila	훈족의왕	/əˈtɪɫə/	명사	
cranberry	덩굴월귤	/ˈkɹænˌbɛɹi/	명사	
gigolo	정부 | 기둥 서방	/ˈdʒɪɡəɫoʊ/	명사	
persist	지속하다	/pɝˈsɪst/	동사	He persisted to call me every night
puffy	훅부는 | 부푼	/ˈpəfi/	형용사	Puffy tumid flesh
fir	전나무	/ˈfɝ/	명사	
startle	깜작놀라다	/ˈstɑɹtəɫ/	동사	..startled him awake
wingman		/ˈwɪŋmən/	명사	
erect	꼿꼿이선 | 세우다 | 이룩하다	/ɪˈɹɛkt/	동사	An erect stature
mutually	서로	/ˈmjutʃuəɫi/	부사	The agreement was mutually satisfactory
roadside	길가 | 대로변 | 도로변	/ˈɹoʊdˌsaɪd/	명사	
prodigy	비범 | 신동	/ˈpɹɑdədʒi/	명사	She is a chess prodigy
kerosene	등유	/ˈkɛɹəˌsin/	명사	
governess	여성 지사 | 지사 부인	/ˈɡəvɝnəs/	명사	
integrated	융화된	/ˈɪnəˌɡɹeɪtəd/	형용사	Integrated schools
canine	개같은 | 개과의 | 개과의 동물	/ˈkeɪˌnaɪn/	명사	
reformed	개심한 | 신교의 | 칼빈파의	/ɹɪˈfɔɹmd/	형용사	A reformed drunkard
lifeline		/ˈɫaɪˌfɫaɪn/	명사	The airlift provided a lifeline for Berlin
world-class		/ˈwɝɫdˌkɫæs/	형용사	
brighten		/ˈbɹaɪtən/	동사	The paint will brighten the room
chavez		/ˈʃɑvɛz/	명사	
scottie		/ˈskɑti/	명사	
optical		/ˈɑptɪkəɫ/	형용사	Optical supplies
lug	힘껏 끎	/ˈɫəɡ/	동사	You'll have to lug this suitcase
lag	뒤떨어짐	/ˈɫæɡ/	동사	
spirited	원기 있는 | 활기차다 | 홀가분하다	/ˈspɪɹɪtɪd/	형용사	A spirited dance
hark		/ˈhɑɹk/	동사	
hopelessly	가망없이 | 절망하여	/ˈhoʊpɫəsɫi/	부사	He is hopelessly romantic
bouncy	쾌활한 | 활동적인	/ˈbaʊnsi/	형용사	Clean bouncy hair
beirut	레바논의 수도	/beɪˈɹut/	명사	
mounting		/ˈmaʊntɪŋ/	명사	
hurried	제촉하다	/ˈhɝid/	형용사	The hurried life of a city
jong		/ˈdʒɔŋ/	명사	
slaughterhouse		/ˈsɫɔtɝˌhaʊs/	명사	
oversleep		/ˌoʊvɝˈsɫip/	동사	
grinning		/ˈɡɹɪnɪŋ/	명사	
kneeling		/ˈniɫɪŋ/	명사	
billings		/ˈbɪɫɪŋz/	명사	
selfishness	욕심	/ˈsɛɫfɪʃnəs/	명사	
unloading		/ənˈɫoʊdɪŋ/	명사	
eviction		/ɪˈvɪkʃən/	명사	
manhunt	범인수사	/ˈmænˌhənt/	명사	
whirlwind	선풍	/ˈhwɝɫˌwɪnd/	명사	
dodo	도도 | 구식사람	/ˈdoʊdoʊ/	명사	
riviera		/ˌɹɪviˈɛɹə/	명사	The Riviera contains some of Europe's most popular resorts
millimeter	밀리미터	/ˈmɪɫəˌmitɝ/	명사	
wield	휘두르다	/ˈwiɫd/	동사	Wield power and authority
detachment	부대 | 분견대	/diˈtætʃmənt/	명사	
mps			명사	
fragrant	향긋하다 | 상쾌한	/ˈfɹeɪɡɹənt/	형용사	
gland	눌림쇠	/ˈɡɫænd/	명사	
delaware		/ˈdɛɫəˌwɛɹ/	명사	
faction	당파 | 당내의 당 | 파벌	/ˈfækʃən/	명사	
sleepwalking	몽유병	/ˈsɫipˌwɔkɪŋ/	명사	
hairstyle	헤어스타일 | 머리 형	/ˈhɛɹˌstaɪɫ/	명사	
tijuana		/tɪˈwɑnə/	명사	
synchro	싱크로 | 동시 작동의	/ˈsɪŋkɹoʊ/	명사	
spotless	얼룩이 없는	/ˈspɑtɫəs/	형용사	
sobriety	절주 | 근엄	/səˈbɹaɪəti/	명사	
intensify	보력하다 | 세어지다	/ɪnˈtɛnsəˌfaɪ/	동사	
heirloom	가보	/ˈɛɹˌɫum/	명사	
merrily	흥겹게 | 즐겁게 | 명랑하게	/ˈmɛɹəɫi/	부사	
unified		/ˈjunəˌfaɪd/	형용사	A unified utility system
briefs		/ˈbɹifs/	명사	
aesthetic	미술의 | 미의 | 심미적인	/ɛsˈθɛtɪk/	형용사	Aesthetic values
directory	인명부 | 지령서 | 예배 규칙서	/daɪˈɹɛktɝi/	명사	
priestess		/ˈpɹistəs/	명사	
entertainer	광대 | 대접하는사람 | 연예인	/ˌɛnɝˈteɪnɝ/	명사	
whirl	현기증나다 | 빙빙 돌리다	/ˈhwɝɫ/	동사	I gave it a whirl
aspen	사시나무	/ˈæspən/	명사	
pia		/ˈpiə/	명사	
devastation	망친	/ˌdɛvəˈsteɪʃən/	명사	Her departure left him in utter devastation
bernstein		/ˈbɝnstaɪn/	명사	
lumpy	흑투성이의 | 오돌오돌	/ˈɫəmpi/	형용사	
podium		/ˈpoʊdiəm/	명사	
discreetly		/dɪsˈkɹitɫi/	부사	
chunky	두툼한 | 덩어리가 든	/ˈtʃəŋki/	형용사	Some people seem born to be square and chunky
discredit	신용하지 않다	/dɪsˈkɹɛdət/	동사	Your actions will bring discredit to your name
custer		/ˈkəstɝ/	명사	
ajax		/ˈeɪˌdʒæks/	명사	
lebanon	레바논	/ˈɫɛbənən/	명사	
pulmonary	폐의 | 펫병의	/ˈpʊɫməˌnɛɹi/	형용사	Pulmonary disease
pawnee	질권자 | 포니어 | 포니족	/ˈpɔˈni/	명사	
ottoman	터키 사람	/ˈɑtəmən/	명사	
parrish		/ˈpɛɹɪʃ/	명사	
gibbon	긴팔원숭이	/ˈɡɪbən/	명사	
ammonia	암모니아	/əˈmoʊnjə/	명사	
ru		/ˈɑɹˈju/	명사	
pretzel		/ˈpɹɛtzəɫ/	명사	
fickle	분침 | 변덕스러운	/ˈfɪkəɫ/	형용사	
punctured		/ˈpəŋkʃɝd/	형용사	The tire punctured
visitation	순시 | 심방 | 천혜	/ˌvɪzɪˈteɪʃən/	명사	A visitation of the plague
rounding	원순화 | 둥글어지는 | 둥글어진 것	/ˈɹaʊndɪŋ/	명사	The error in the calculation was attributable to rounding
commute	대리를 하다 | 대용이 되다 | 갈다	/kəmˈjut/	동사	These operators commute with each other
carousel	회전목마	/ˈkɛɹəˌsɛɫ/	명사	
wholly	온통 | 모조리 | 일절	/ˈhoʊɫi/	부사	He was wholly convinced
checkbook	수표장	/ˈtʃɛkˌbʊk/	명사	
stronghold	본거지	/ˈstɹɔŋˌhoʊɫd/	명사	
jubilee		/ˈdʒubəˌɫi/	명사	
specialize	특수화하다	/ˈspɛʃəˌɫaɪz/	동사	Specialize one's research
diagram	도식 | 도 | 도표	/ˈdaɪəˌɡɹæm/	명사	
civilised			형용사	
mould		/ˈmoʊɫd/	명사	
revival	재생	/ɹiˈvaɪvəɫ/	명사	The revival of trade
compulsive	강제력 | 강박관념에 사로잡힌 | 강제적인	/kəmˈpəɫsɪv/	형용사	Compulsive drinking
parisian	파리의	/pɝˈɪʒən/	형용사	Parisian restaurants can be expensive
bergman		/ˈbɝɡmən/	명사	
cubic		/ˈkjubɪk/	형용사	
yogi	요가 수도자	/ˈjoʊɡi/	명사	
seasonal	계절적 | 계절성	/ˈsizənəɫ/	형용사	A seasonal rise in unemployment
restart	재출발하다 | 재동시키다 | 재착수하다	/ɹiˈstɑɹt/	동사	
proverb	대동사 | 속담	/ˈpɹɑvɝb/	명사	
wanderer	떠돌이 | 방랑자	/ˈwɑndɝɝ/	명사	
weaving		/ˈwivɪŋ/	명사	
airlock		/ˈɛɹˌɫɔk/	명사	
finalist		/ˈfaɪnəɫɪst/	명사	
medicinal	의약의	/məˈdɪsənəɫ/	형용사	Medicinal herbs
depraved		/diˈpɹeɪvd/	형용사	Depraved criminals
contemplate	명상하다 | 묵상하다 | 정관하다	/ˈkɑntəmˌpɫeɪt/	동사	Contemplate one's navel
heathen	미개인 | 이교도 | 불신자	/ˈhiðən/	명사	
addictive	습관이 되는 | 습관성의	/əˈdɪktɪv/	형용사	Addictive drugs
heartbreaking	싫증나는 | 애달파	/ˈhɑɹtˌbɹeɪkɪŋ/	형용사	Her sigh was heartbreaking
dynamics	강약법 | 활력 에너지 | 역학	/daɪˈnæmɪks/	명사	
outward	바깥쪽에 | 바깥 쪽으로=	/ˈaʊtwɝd/	형용사	An outward journey
rambling	덩굴지는 | 산만한 | 흩어져있는	/ˈɹæmbəɫɪŋ/	형용사	Rambling forest paths
boxed		/ˈbɑkst/	형용사	A confining boxed-in space
praising		/ˈpɹeɪzɪŋ/	형용사	
conservatory	음악학교	/kənˈsɝvətɔɹi/	명사	
frisbee	플라스틱 원반	/ˈfɹɪsbi/	명사	
defining		/dɪˈfaɪnɪŋ/	명사	
cognitive	인지적 | 인식력 있는 | 인식의	/ˈkɑɡnɪtɪv/	형용사	Cognitive style
diminished	감소된	/dɪˈmɪnɪʃt/	형용사	A diminished fifth
biologist		/baɪˈɑɫədʒɪst/	명사	
riff	리프 | 리프족의사람 | 반복 악절	/ˈɹɪf/	명사	
fasting	금식 | 단식 | 절식	/ˈfæstɪŋ/	명사	
elm	느릅나무	/ˈɛɫm/	명사	
starr		/ˈstɑɹ/	명사	
appliance	장치	/əˈpɫaɪəns/	명사	
conspicuous	두드러진 | 두드러지다	/kənˈspɪkjuəs/	형용사	Wore conspicuous neckties
gloom	음울 | 암흑 | 우울	/ˈɡɫum/	명사	Gloom pervaded the office
pacing	보측	/ˈpeɪsɪŋ/	명사	
crusader	개혁 운동가	/kɹuˈseɪdɝ/	명사	The Crusaders tried to recapture the Holy Land from the Muslims
implanted		/ˌɪmˈpɫæntɪd/	형용사	Implanted convictions
soprano	소프라노 | 소프라노부 | 소프라노의	/səˈpɹænoʊ/	명사	
vanishing		/ˈvænɪʃɪŋ/	명사	
frightful	추악한	/ˈfɹaɪtfəɫ/	형용사	A frightful mistake
omelette			명사	
conquering		/ˈkɑŋkɝɪŋ/	명사	
polka	폴카	/ˈpoʊkɑ/	명사	
ordinarily	평소 | 그만하게 | 보통 정도로	/ˌɔɹdəˈnɛɹəɫi/	부사	
cipher	암호 | 운산하다 | 자리수	/ˈsaɪfɝ/	명사	
tonne		/ˈtən/	명사	
bolo	대형 나이프		명사	
chou	장식 리본	/ˈtʃu/	명사	
denounce		/dɪˈnaʊns/	동사	He denounced the Nazis
impersonate	체현하다 | 의인화하다 | 분장하다	/ˌɪmˈpɝsəˌneɪt/	동사	She impersonates Madonna
taxpayer	납세자	/ˈtækˌspeɪɝ/	명사	
perceptive	지각력 있는 | 예민한 | 지각하는	/pɝˈsɛptɪv/	형용사	A perceptive eye
wilkins		/ˈwɪɫkɪnz/	명사	
hugely	크게	/ˈhjudʒɫi/	부사	
lowering	인하	/ˈɫoʊɝɪŋ/	명사	
affidavit	진술서	/ˌæfəˈdeɪvət/	명사	
premeditated		/pɹiˈmɛdəˌteɪtɪd/	형용사	Premeditated murder
anthrax	비탈저 | 탄저열 | 부스럼	/ˈænθɹæks/	명사	
shipyard	조선소	/ˈʃɪpˌjɑɹd/	명사	
gloss	과택면 | 광택 | 용케 숨기다	/ˈɡɫɔs/	명사	He tried to give his falsehood the gloss of moral sanction
adjacent	인접하는	/əˈdʒeɪsənt/	형용사	Had adjacent rooms
phoney		/ˈfoʊni/	명사	
territorial	영토적 | 속지주의 | 영해	/ˌtɛɹɪˈtɔɹiəɫ/	형용사	Territorial rights
mannequin	마네킹	/ˈmænəkɪn/	명사	She was too fat to be a mannequin
toyota		/toʊˈjoʊtə/	명사	
bren		/ˈbɹɛn/	명사	
koran	코란	/kɔˈɹɑn/	명사	
paxton		/ˈpækstən/	명사	
papal		/ˈpeɪpəɫ/	형용사	Papal dispensation
yearn	그립게 생각하다 | 동경하다	/ˈjɝn/	동사	
calming		/ˈkɑɫmɪŋ/	명사	
carp	잉어 | 트집잡다 | 잉어과의고기	/ˈkɑɹp/	명사	
bel	벨	/ˈbɛɫ/	명사	
fluent	능변의 | 변량 | 변수	/ˈfɫuənt/	형용사	
minivan	미니밴	/ˈmɪniˈvæn/	명사	
rochester		/ˈɹɑˌtʃɛstɝ/	명사	
lister	양축식 경토기	/ˈɫɪstɝ/	명사	
takeout		/ˈteɪˌkaʊt/	명사	The takeout counter
hillbilly	산지사람시골뜨기	/ˈhɪɫbɪɫi/	명사	
unconditional	무조건 | 절대적 | 절대적인	/ˌənkənˈdɪʃənəɫ/	형용사	Unconditional surrender
unofficial	비공식적인	/ˌənəˈfɪʃəɫ/	형용사	An unofficial estimate
tiara	장식관	/tiˈɑɹə/	명사	
hearsay	풍문	/ˈhiɹˌseɪ/	명사	Hearsay information
renovation	개량화 | 수선 | 쇄신	/ˌɹɛnəˈveɪʃən/	명사	The inn was a renovation of a Colonial house
mislead	그릇 인도하다	/mɪˈsɫid/	동사	
clogged		/ˈkɫɔɡd/	형용사	Clogged up freeways
lax	느슨한	/ˈɫæks/	형용사	Lax in attending classes
clank	절거덕 소리 | 절거덕 소리나다	/ˈkɫæŋk/	동사	The train clanked through the village
footing	발밑 | 스텝 밟기 | 발판	/ˈfʊtɪŋ/	명사	On a friendly footing
fiesta		/fiˈɛstə/	명사	
sweetly		/ˈswitɫi/	부사	Susan Hayward plays the wife sharply and sweetly
illicit	금제의	/ˌɪˈɫɪsət/	형용사	An illicit association with his secretary
degrading	창피스러운	/dɪˈɡɹeɪdɪŋ/	형용사	The vicious and degrading cult of violence
similarly	똑같이	/ˈsɪməɫɝɫi/	부사	He was similarly affected
raffle		/ˈɹæfəɫ/	명사	We raffled off a trip to the Bahamas
g	사음 | 사장조 | 천 달러	/ˈdʒi/	명사	
sulfur	황녹색 | 유황	/ˈsəɫfɝ/	명사	
homing	귀성소의	/ˈhoʊmɪŋ/	형용사	A homing beacon
mead		/ˈmid/	명사	
stasis	혈행정지 | 정체		명사	
dicky		/ˈdɪki/	명사	I've got this dicky heart
nobleman	귀족	/ˈnoʊbəɫmən/	명사	
adelaide	애들레이드	/ˈædəˌɫeɪd/	명사	
fuji		/ˈfudʒi/	명사	
momentarily		/ˌmoʊmənˈtɛɹəɫi/	부사	We paused momentarily before proceeding
newt	바보얼간이 | 영원	/ˈnut/	명사	
slender	가느다란 | 갸름하다	/ˈsɫɛndɝ/	형용사	She was slender as a willow shoot is slender
implicated		/ˈɪmpɫɪˌkeɪtɪd/	형용사	Named three officials implicated in the plot
maverick	이단자	/ˈmævɝɪk/	명사	Maverick politicians
contraption	신안 | 새 고안물	/kənˈtɹæpʃən/	명사	
fester	곪게하다 | 화농상태 | 진무르다	/ˈfɛstɝ/	명사	Her wounds are festering
stairway		/ˈstɛɹˌweɪ/	명사	
cubicle	작은 침실 | 개인용 열람석	/ˈkjubɪkəɫ/	명사	
indispensable	필수 | 피치못할 | 필수적	/ˌɪndɪˈspɛnsəbəɫ/	형용사	An indispensable worker
trivia		/ˈtɹɪviə/	명사	
alderman	부시장 | 시참사의원	/ˈæɫdɝmən/	명사	
manifesto	성명서 | 선언서	/ˌmænəˈfɛsˌtoʊ/	명사	
bickering		/ˈbɪkɝɪŋ/	명사	
hurrying		/ˈhɝiɪŋ/	형용사	Affection for this hurrying driving...little man
entourage	측근	/ˌɑntɝˈɑʒ/	명사	
hickey	키스마크	/ˈhɪki/	명사	
conspire	음모하다 | 상화작용하여하다 | 동시에 발생하다	/kənˈspaɪɝ/	동사	They conspired to overthrow the government
thaw	해동 | 눈이녹음 | 누그러지다	/ˈθɔ/	동사	They welcomed the spring thaw
unexplained		/ˌənɪksˈpɫeɪnd/	형용사	An unexplained error
tampa		/ˈtæmpə/	명사	
acquisition	습득 | 취득물 | 획득물	/ˌækwəˈzɪʃən/	명사	The acquisition of wealth
unholy		/ənˈhoʊɫi/	형용사	Unholy grimaces
keypad		/ˈkiˌpæd/	명사	
imposter		/ˌɪmˈpɔstɝ/	명사	
conceited	젠체하는 | 뽐내는	/kənˈsitəd/	형용사	A conceited fool
hew	찍어 넘기다	/ˈhju/	동사	Hew out a path in the rock
pubic	음모의 | 음부의 | 치골의	/ˈpjubɪk/	형용사	
infernal	악독한 | 명부의 | 지옥의	/ˌɪnˈfɝnəɫ/	형용사	Infernal regions
defiant	도전적인	/dɪˈfaɪənt/	형용사	A defiant attitude
correctional		/kɝˈɛkʃənəɫ/	형용사	A correctional institution
utopia	유토피아 | 공상적 정치체제 | 이상향	/juˈtoʊpiə/	명사	
insanely			부사	Insanely jealous
mousse		/ˈmus/	명사	She mousses her hair
finder	파인더 | 발견자	/ˈfaɪndɝ/	명사	
veterinarian	수의 | 말의사	/ˌvɛtɝəˈnɛɹiən/	명사	
puking		/ˈpjuˌkɪŋ/	명사	
huff	울러대다 | 성나게하다	/ˈhəf/	동사	The kids were huffing glue
naught	망한 | 붕괴한 | 영	/ˈnɔt/	명사	It was all for naught
greenland	그린란드	/ˈɡɹinˌɫænd/	명사	
bane	독	/ˈbeɪn/	명사	The bane of my life
merle		/ˈmɝɫ/	명사	
tribune		/ˈtɹɪbjun/	명사	
gauze	가제 | 망사 | 철망	/ˈɡɔz/	명사	
dredge	준설기	/ˈdɹɛdʒ/	동사	Dredge the chicken in flour before frying it
crutch	목다리 | 샅 | 차주	/ˈkɹətʃ/	명사	He uses drugs as a psychological crutch
rabble	서민들 | 폭도들 | 하층 사회	/ˈɹæbəɫ/	명사	
handgun	권총	/ˈhændˌɡən/	명사	
vaginal		/vəˈdʒaɪnəɫ/	형용사	Vaginal suppository
corral	가축우리 | 덫울타리 | 우리에 넣다	/kɝˈæɫ/	동사	Corral the horses
augustine	성아우구스티누스	/ˈɑɡəˌstin/	명사	
middle-class		/ˈmɪdəɫˈkɫæs/	형용사	
rommel		/ˈɹɑməɫ/	명사	
ditto	동상 | 복제하다 | 마찬가지로	/ˈdɪtoʊ/	명사	The next speaker dittoed her argument
likelihood		/ˈɫaɪkɫiˌhʊd/	명사	
archaeological	고고학적	/ˌɑɹkiəˈɫɑdʒɪkəɫ/	형용사	An archaeological dig
coastline	해안선	/ˈkoʊstˌɫaɪn/	명사	
nestor		/ˈnɛstɝ/	명사	
rigor	경직 | 고초 | 근엄	/ˈɹɪɡɝ/	명사	The rigors of boot camp
misconduct	품행 불량 | 행패 | 간통	/mɪˈskɑndəkt/	명사	
lucid		/ˈɫusəd/	형용사	A lucid thinker
majors		/ˈmeɪdʒɝz/	명사	
imagery	심상	/ˈɪmədʒɹi/	명사	
preservation	보존 | 방부 | 보지	/ˌpɹɛzɝˈveɪʃən/	명사	
presley		/ˈpɹɛsɫi/	명사	
skinned		/ˈskɪnd/	형용사	The boy skinned his knee when he fell
ornament	장식의 | 장식품	/ˈɔɹnəmənt/	동사	Stars ornamented the Christmas tree
sneezing	재채기	/ˈsnizɪŋ/	명사	
glare	현란함 | 눈에 띄다 | 번쩍이는 빛	/ˈɡɫɛɹ/	동사	A glare of sunlight
hanuman			명사	
exceed	초과하다 | 지나다	/ɪkˈsid/	동사	She exceeded our expectations
flaps		/ˈfɫæps/	명사	
accompanying	동봉한	/əˈkəmpəniɪŋ/	형용사	
sami		/ˈsæmi/	명사	
scrutiny	정밀 검사 | 음미	/ˈskɹutəni/	명사	
invoice	송장	/ˈɪnvɔɪs/	명사	She invoiced the company for her expenses
mime	무언극 | 마임 | 흉내쟁이	/ˈmaɪm/	명사	The acting students mimed eating an apple
diverted		/daɪˈvɝtɪd/	형용사	
alms	보시 | 베풀어주는 사람	/ˈɑɫmz/	명사	
garner	곡창	/ˈɡɑɹnɝ/	동사	
shiv	면도날		명사	
domino	도미노패 | 도미노 놀이	/ˈdɑməˌnoʊ/	명사	
aspiration	대망 | 포부 | 빨아냄	/ˌæspɝˈeɪʃən/	명사	
furnished	가구 달린	/ˈfɝnɪʃt/	형용사	A furnished apartment
unprotected	보호 없는	/ˌənpɹəˈtɛktɪd/	형용사	
temperament	소질 | 평균율 | 근성	/ˈtɛmpɝmənt/	명사	
roper		/ˈɹoʊpɝ/	명사	
rejoin	재회하다 | 재합동시키다	/ɹiˈdʒɔɪn/	동사	
cordon		/ˈkɔɹdən/	명사	
freeing	탈원	/ˈfɹiɪŋ/	명사	
suitor		/ˈsutɝ/	명사	
tangible	엉킴	/ˈtændʒəbəɫ/	형용사	Tangible evidence
emir	아라비아의 대공	/eɪˈmɪɹ/	명사	
limping	외발뛰기	/ˈɫɪmpɪŋ/	명사	
arouse	분발시키다 | 자아내다	/ɝˈaʊz/	동사	This movie usually arouses the male audience
monumental	기념되는 | 기념의	/ˌmɑnjəˈmɛnəɫ/	형용사	A monumental scale
bipolar		/baɪˈpoʊɫɝ/	형용사	The bipolar distribution of certain species
hurl	내던지다	/ˈhɝɫ/	동사	
unwind	되감다	/ənˈwaɪnd/	동사	Unwind a ball of yarn
supervised		/ˈsupɝˌvaɪzd/	형용사	Supervised play
devout	열심인	/dɪˈvaʊt/	형용사	Devout wishes for their success
architectural		/ˌɑɹkəˈtɛktʃɝəɫ/	형용사	Architectural design
larceny	절도 | 절도죄	/ˈɫɑɹsəni/	명사	
trilling		/ˈtɹɪɫɪŋ/	명사	
medina	묘가 있음	/məˈdaɪnə/	명사	
lear		/ˈɫɪɹ/	명사	
paved		/ˈpeɪvd/	형용사	
decrease	저하하다 | 줄이다	/ˈdiˌkɹis/	동사	He decreased his staff
treasurer	출납관 | 회계원	/ˈtɹɛʒɝɝ/	명사	
waterfront	선창가 | 호안지역 | 물가의 땅	/ˈwɔtɝˌfɹənt/	명사	
elixir	만병 통치약	/ɪˈɫɪksɝ/	명사	
unmarked	무표의 | 표가 없는 | 상처가 없는	/ənˈmɑɹkt/	형용사	An unmarked police car
knuckle	무고기 | 항복하다 | 손가락관절	/ˈnəkəɫ/	명사	
guatemala	중미의 공화국	/ˌɡwɑtəˈmɑɫə/	명사	
tenure	보유 | 수명	/ˈtɛnjɝ/	명사	She was tenured after she published her book
abundant	풍성 | 남아돌 정도의 | 숱하다	/əˈbəndənt/	형용사	An abundant supply of water
miraculously	기적적으로	/mɝˈækjəɫəsɫi/	부사	My hand grasped the gun that was, miraculously, lying on the ground beside my finger tips
tumbling	텀블링	/ˈtəmbəɫɪŋ/	명사	
bead	염주 | 로자리오 | 염주알	/ˈbid/	명사	Bead the wedding gown
nurture	가르쳐 길들이다 | 양성하다 | 양육하다	/ˈnɝtʃɝ/	동사	Nurture his talents
kebab		/kəˈbɑb/	명사	
redundant	잉여의 | 장황한	/ɹɪˈdəndənt/	형용사	Skills made redundant by technological advance
populated		/ˈpɑpjəˌɫeɪtɪd/	형용사	The area is well populated
goalie		/ˈɡoʊɫi/	명사	
celtic	켈트말의 | 켈트족의 | 켈트 말	/ˈkɛɫtɪk/	형용사	
superiority	우수성 | 우월 | 준수	/ˌsupɪɹiˈɔɹɪti/	명사	He hated the white man's superiority and condescension
uncool	요리하지않은	/ˌənˈkuɫ/	형용사	
mileage	마일수 | 여비 수당	/ˈmaɪɫədʒ/	명사	
cocoon	고치 | 난낭 | 누에고치	/kəˈkun/	명사	She loves to stay at home and cocoon
mako		/ˈmɑkoʊ/	명사	
starlight	별빛	/ˈstɑɹˌɫaɪt/	명사	
shucks	쳇	/ˈʃəks/	명사	Not worth shucks
suture	봉합 | 꿰맨 자리	/ˈsutʃɝ/	명사	Suture the wound after surgery
landslide	대승리 | 산사태 | 사태	/ˈɫænˌsɫaɪd/	명사	Roosevelt defeated Hoover in a landslide
okey		/ˈoʊki/	명사	
marches		/ˈmɑɹtʃɪz/	명사	Sousa wrote the best marches
tinkling	딸랑딸랑	/ˈtɪŋkəɫɪŋ/	형용사	Sounding brass and a tinkling cymbal
terminator		/ˈtɝməˌneɪtɝ/	명사	
restrained	절도있는 | 차분하다	/ɹiˈstɹeɪnd/	형용사	Restrained in his response
lodging	숙박 | 셋방 | 하숙	/ˈɫɑdʒɪŋ/	명사	Where are you lodging in Paris?
claudius	클라우디우스	/ˈkɫɔdiəs/	명사	
thinker	사고가 | 사상가 | 사색가	/ˈθɪŋkɝ/	명사	
magma	암장 | 마그마	/ˈmæɡmə/	명사	
galley	갤리배 | 게라 | 대형보트	/ˈɡæɫi/	명사	
gloat		/ˈɡɫoʊt/	동사	
wayward	정도에서 벗어난	/ˈweɪwɝd/	형용사	Wayward behavior
day-to-day		/ˈdeɪtuˌdeɪ/	형용사	
corpus	원금 | 기본금 | 언어자료	/ˈkɔɹpəs/	명사	He edited the Hemingway corpus
reproduction	복사 | 재생산 | 번각물	/ˌɹipɹəˈdəkʃən/	명사	Gutenberg's reproduction of holy texts was far more efficient
cannes		/ˈkæn/	명사	
railing	폭언 | 레일재료 | 욕지거리	/ˈɹeɪɫɪŋ/	명사	They are railing for fresh fish
turin		/ˈtjʊɹɪn/	명사	
ridiculously		/ɹəˈdɪkjəɫəsɫi/	부사	
horrendous	무서운 | 참담하다	/ˌhɔˈɹɛndəs/	형용사	Horrendous explosions shook the city
angrily	화내어	/ˈæŋɡɹəɫi/	부사	He angrily denied the accusation
bowler	중산모 | 투구자 | 공굴리는사람	/ˈboʊɫɝ/	명사	
bot	강청하다 | 등치다 | 보트증	/ˈbɔt/	명사	
caterer	공급자 | 요리 조달자	/ˈkeɪtɝɝ/	명사	
cultivate		/ˈkəɫtəˌveɪt/	동사	Cultivate the land
rampage	날뜀 | 미쳐 날뛰다 | 난무	/ˈɹæmˌpeɪdʒ/	명사	
odo			명사	
nightly	밤에 | 밤마다	/ˈnaɪtɫi/	형용사	She checks on her roses nightly
petting		/ˈpɛtɪŋ/	명사	
severance	단절	/ˈsɛˌvɝəns/	명사	
varsity	대학따위의 대표팀	/ˈvɑɹsɪti/	명사	
damascus	다마스쿠프	/dəˈmæskəs/	명사	
digestive		/daɪˈdʒɛstɪv/	형용사	Digestive juices
retained		/ɹiˈteɪnd/	형용사	She retained her composure
jagger		/ˈdʒæɡɝ/	명사	
throbbing	고동치는 | 약동하는	/ˈθɹɑbɪŋ/	명사	A throbbing pain
scientology		/ˌsaɪənˈtɑɫədʒi/	명사	
reek	냄새가 나다 | 피투성이가 되다 | 연기나다	/ˈɹik/	동사	Marshes reeking in the sun
deficit	결손 | 부족액 | 적자	/ˈdɛfəsət/	명사	They have serious linguistic deficits
barrister	법률가 | 법정 변호사	/ˈbæɹɪstɝ/	명사	
pepsi		/ˈpɛpsi/	명사	
dune	모래언덕	/ˈdun/	명사	
evade	빼다 | 사리다 | 기피하다	/iˈveɪd/	동사	The con man always evades
goner		/ˈɡɑnɝ/	명사	I'm a goner if this plan doesn't work
christening	세례 | 명명	/ˈkɹɪsənɪŋ/	명사	
gothic	고트족의 | 고딕 건축의	/ˈɡɑθɪk/	명사	Gothic migrations
ethiopia	에티오피아	/ˌiθiˈoʊpiə/	명사	
shroud	수의 | 덮개	/ˈʃɹaʊd/	동사	Shroud the corpses
dingo	들개	/ˈdɪŋɡoʊ/	명사	
stimulation	진흥	/ˌstɪmjəˈɫeɪʃən/	명사	
betrothed	약혼한		형용사	
warped		/ˈwɔɹpt/	형용사	The floors were warped and cracked
justification	정당화 | 의롭다고 인정됨 | 옹호	/ˌdʒəstəfəˈkeɪʃən/	명사	The justification of barbarous means by holy ends
candid	있는 대로의	/ˈkændəd/	형용사	His candid eyes
small-time			형용사	A small-time actor
scrabble	손으로 비비다	/ˈskɹæbəɫ/	명사	
vcr			명사	
visually	외관상 | 겉보기로는 | 눈에 보이게	/ˈvɪʒwəɫi/	부사	Visually distorted
evenly	고르게 | 평탄하게 | 평등하게	/ˈivənɫi/	부사	A class evenly divided between girls and boys
emission	방출 | 방사 | 발산	/ɪˈmɪʃən/	명사	
tahiti	타히티 섬	/təˈhiti/	명사	
putin		/ˈputɪn/	명사	
conqueror	정복자 | 전승자	/ˈkɑŋkɝɝ/	명사	
favorable	유리하다 | 호의적	/ˈfeɪvɝəbəɫ/	형용사	A favorable reply
tarp		/ˈtɑɹp/	명사	
hancock		/ˈhænˌkɑk/	명사	
mayan		/ˈmaɪən/	명사	Mayans had a system of writing and an accurate calendar
overturned		/ˈoʊvɝˌtɝnd/	형용사	An overturned car
holster	권총 케이스	/ˈhoʊɫstɝ/	명사	
realization	깨달음 | 실현 | 현금화	/ˈɹiɫəˈzeɪʃən/	명사	A growing realization of the risk involved
faintly	가냘프게 | 소심하게 | 머무적거리며	/ˈfeɪntɫi/	부사	The rumors weren't even faintly true
hawthorne		/ˈhɔθɔɹn/	명사	
tuberculosis	결핵 | 폐결액	/təˌbɝkjəˈɫoʊsɪs/	명사	
statistically	통계항목	/stəˈtɪstɪkəɫi/	부사	This is statistically impossible
capri	카프리섬	/ˈkæpɹi/	명사	
tolerant	내성이 있는 | 아량이 있는 | 관대한	/ˈtɑɫɝənt/	형용사	The plant is tolerant of saltwater
modify	가감하다 | 수식하다 | 수정하다	/ˈmɑdəˌfaɪ/	동사	Please modify this letter to make it more polite
clary		/ˈkɫɛɹi/	명사	
plough		/ˈpɫaʊ/	명사	
flutter	날개치다 | 팔랑거림 | 펄럭임	/ˈfɫətɝ/	동사	The seagulls fluttered overhead
jackal	재칼 | 앞잡이 노릇하다 | 앞잡이	/ˈdʒækəɫ/	명사	
detest	타기 | 혐오하다	/diˈtɛst/	동사	She detests politicians
kingston	킹스턴	/ˈkɪŋstən/	명사	
sapphire	사파이어 | 청옥	/ˈsæfaɪɝ/	명사	
duff		/ˈdəf/	명사	
foresee	예견하다 | 미리알다	/fɔɹˈsi/	동사	
unsuccessful	잘되지 않은	/ˌənsəkˈsɛsfəɫ/	형용사	
odyssey	작의 서사시	/ˈɑdəsi/	명사	
premonition	예감	/pɹɛməˈnɪʃən/	명사	
psychiatry	정신과 | 정신병학	/saɪˈkaɪətɹi/	명사	
fathom		/ˈfæðəm/	동사	
seizing	꼭쥠 | 동여맴 | 잡기	/ˈsizɪŋ/	명사	
hani		/ˈhæni/	명사	
austen		/ˈɔstɪn/	명사	
templar		/ˈtɛmpɫɝ/	명사	
hospice	숙박소	/ˈhɑspəs/	명사	
yip	깽깽 짖다	/ˈjɪp/	명사	
keaton		/ˈkitən/	명사	
behavioral		/biˈheɪvjɝəɫ/	형용사	Behavioral sciences
adaptation	적응 | 동화 | 각색	/ˌædəpˈteɪʃən/	명사	The play is an adaptation of a short novel
indie	독립 방송국 | 독립 프로덕션	/ˈɪndi/	명사	
mavis	개똥지빠귀류	/ˈmeɪvɪs/	명사	
swede	스웨덴 사람	/ˈswid/	명사	
intricate		/ˈɪntɹəkət/	형용사	Intricate lacework
nirvana	득도 | 열반 | 해탈	/nɝˈvɑnə/	명사	
cyprus	키프로스	/ˈsaɪpɹəs/	명사	
coloring	착색제 | 그림물감 | 혈색	/ˈkəɫɝɪŋ/	명사	
aristotle	아리스토텔레스	/ˈɛɹəˌstɑtəɫ/	명사	
quail	기가죽다 | 메추라기 | 주눅들다	/ˈkweɪɫ/	명사	
independently	독립하여 | 관계없이	/ˌɪndɪˈpɛndəntɫi/	부사	The children worked on the project independently
robust	힘이 드는 | 강건한 | 감칠맛 있는	/ɹoʊˈbəst/	형용사	A robust claret
deduction	연역 | 차감 | 뺌	/dɪˈdəkʃən/	명사	
fives		/ˈfaɪvz/	명사	
impolite	실례 | 무례한	/ˌɪmpəˈɫaɪt/	형용사	
dependable		/dɪˈpɛndəbəɫ/	형용사	A dependable worker
mundane	속사	/mənˈdeɪn/	형용사	Mundane affairs
pestering	떼 | 괴로워하는	/ˈpɛstɝɪŋ/	형용사	Swarms of pestering gnats
injunction	금지명령	/ˌɪnˈdʒəŋkʃən/	명사	Injunction were formerly obtained by writ but now by a judicial order
windmill	풍차	/ˈwɪndˌmɪɫ/	명사	
pebble	조약돌	/ˈpɛbəɫ/	명사	
relapse	병이 도지다 | 재발 | 타락하다	/ɹiˈɫæps/	동사	
open-minded			형용사	An open-minded curiosity
char	골탄 | 곤들매기류 | 목탄	/ˈtʃɑɹ/	명사	The char will clean the carpet
jamaican	자메이카의 | 자메이카 사람 | 자메이카 사람의	/dʒəˈmeɪkən/	명사	The Jamaican Prime Minister
dismantle	철거하다 | 옷을 벗기다	/dɪsˈmænəɫ/	동사	
lingering	오래끄는 | 못내 아쉬운	/ˈɫɪŋɡɝɪŋ/	명사	
reside	주재하다 | 체재 | 거주하다	/ɹiˈzaɪd/	동사	She resides in Princeton
claustrophobic	밀실공포증의 | 밀실 공포증환자	/ˌkɫɔstɹəˈfoʊbɪk/	형용사	A claustrophobic little room
bison	들소	/ˈbaɪsən/	명사	
chivalry	의협심 | 기사들 | 기사도	/ˈʃɪvəɫɹi/	명사	
judah	유다 | 유다 지파	/ˈdʒudə/	명사	
poseidon		/pəˈsaɪdən/	명사	
bonkers	머리가 돌아 | 정신이 이상하여	/ˈbɑŋkɝz/	형용사	
jest	우롱하다 | 희롱	/ˈdʒɛst/	명사	He laughed unpleasantly at his own jest
toddler	비틀비틀걷는 사람	/ˈtɑdɫɝ/	명사	
lager	라거비어 | 저장맥주	/ˈɫɑɡɝ/	명사	
incarcerate	투옥하다 | 감금하다	/ˌɪnˈkɑɹsɝˌeɪt/	동사	The murderer was incarcerated for the rest of his life
stylist	문장가 | 명문가 | 의장가	/ˈstaɪɫɪst/	명사	
propeller	프로펠러 | 추진기	/pɹəˈpɛɫɝ/	명사	
novice	무경험자 | 수련수사 초신자 | 풋내기	/ˈnɑvəs/	명사	
bloodthirsty	피에굶주린	/ˈbɫədˌθɝsti/	형용사	Bloodthirsty yells
nightcap	나이트캡 | 더블헤더때의 뒷시합		명사	
curved	만곡한	/ˈkɝvd/	형용사	The road curved sharply
viceroy	부왕 | 태수 | 총독	/ˈvaɪsɹɔɪ/	명사	
rustle	활약하다 | 가축을 훔치다 | 살랑살랑 소리	/ˈɹəsəɫ/	동사	
vertigo	어지러움 | 현기증	/ˈvɝtɪˌɡoʊ/	명사	
communal	공용의 | 파리코뮌의 | 시.읍.면.리의	/kəmˈjunəɫ/	형용사	Communal elections in several European countries
pu		/ˈpu/	명사	
springtime		/ˈspɹɪŋˌtaɪm/	명사	
puzzled		/ˈpəzəɫd/	형용사	We puzzled over her sudden departure
syrian		/ˈsɪɹiən/	형용사	The Syrian government
pedestrian	보행인 | 도보의 | 도부주의자	/pəˈdɛstɹiən/	명사	A pedestrian movie plot
marino		/mɝˈinoʊ/	명사	
blazer	블레이저코트	/ˈbɫeɪzɝ/	명사	
ballpark		/ˈbɔɫˌpɑɹk/	명사	Take me out to the ballpark
consistency	견실성 | 경도 | 농도	/kənˈsɪstənsi/	명사	A rambling argument that lacked any consistency
untraceable		/ənˈtɹeɪsəbəɫ/	형용사	An untraceable source
relativity	상대성 | 관련성 | 관계있음	/ˌɹɛɫəˈtɪvəti/	명사	
grazing	방목	/ˈɡɹeɪzɪŋ/	명사	The herd was grazing
paging	페이징	/ˈpeɪdʒɪŋ/	명사	He is paging in Congress this summer
recharge	재습격 | 재장탄 | 재충전	/ɹiˈtʃɑɹdʒ/	동사	Recharge a battery
polluted		/pəˈɫutɪd/	형용사	Polluted lakes and streams
plotted		/ˈpɫɑtɪd/	형용사	They plotted the overthrow of the government
smoky	그을은	/ˈsmoʊki/	형용사	A smoky corridor
revered		/ɹɪˈvɪɹd/	형용사	Revered holy men
nandu			명사	
cassius			명사	
bloodbath		/ˈbɫədˌbæθ/	명사	A bloodbath took place when the leaders of the plot surrendered
psychosis	정신 이상 | 정신병	/saɪˈkoʊsəs/	명사	
mulligan		/ˈməɫɪɡən/	명사	
downing		/ˈdaʊnɪŋ/	명사	
repercussion	되틤 | 반사 反射	/ˌɹipɝˈkəʃən/	명사	His declaration had unforeseen repercussions
dietrich		/ˈditɹɪk/	명사	
hornet	말벌의 일종 | 성가ㅈ신 사람	/ˈhɔɹnɪt/	명사	
rhetorical	수사학의 | 웅변적인 | 수사학상의	/ɹɪˈtɔɹɪkəɫ/	형용사	Mere rhetorical frippery
unsettle	동요시키다 | 어지럽히다	/ənˈsɛtəɫ/	동사	
wacko		/ˈwækoʊ/	명사	
famished		/ˈfæmɪʃt/	형용사	They were tired and famished for food and sleep
distortion	왜곡 | 억지맞춤	/dɪˈstɔɹʃən/	명사	Heavy metal guitar players use vacuum tube amplifiers to produce extreme distortion
vishnu	삼대신의 하나	/ˈvɪʃnu/	명사	
meek		/ˈmik/	형용사	Meek as a mouse
carotid	경동맥	/kɝˈɑtɪd/	형용사	
chinaman			명사	
lapse	경과	/ˈɫæps/	동사	He lapsed his membership
light-year		/ˈɫaɪtˌjɪɹ/	명사	
plunder	노략질하다 | 약탈 | 약탈하다	/ˈpɫəndɝ/	동사	This writer plundered from famous authors
unloaded	무부하	/ənˈɫoʊdɪd/	형용사	Many people are killed by guns thought to be unloaded
plump	퉁명스런 | 살찌게 하다 | 털썩	/ˈpɫəmp/	동사	Pleasingly plump
trendy	최신유행	/ˈtɹɛndi/	형용사	
sear	말라죽은 | 단 자국 | 그을리다	/ˈsɪɹ/	동사	
bureaucracy	관료제 | 관료정치	/bjʊˈɹɑkɹəsi/	명사	
sadist	사디스트 | 가학 성애자	/ˈseɪdəst/	명사	
seminary	신학교 | 온상	/ˈsɛməˌnɛɹi/	명사	
sculpt	새기다 | 조각하다	/ˈskəɫpt/	동사	Sculpt a swan out of a block of ice
condescending	평민적인	/ˌkɑndɪˈsɛndɪŋ/	형용사	
moonshine	밀수입주 | 밀주	/ˈmunˌʃaɪn/	명사	
incurable	구제 불능자 | 불치의 환자 | 불치의 교정불능의	/ˌɪnˈkjʊɹəbəɫ/	형용사	An incurable disease
pamphlet	책자 | 팸플릿 | 소논문	/ˈpæmfɫət/	명사	
nominate	지명천거하다 | 이름을 들다 | 임명하다	/ˈnɑməˌneɪt/	동사	Nominate a committee
wholesome		/ˈhoʊɫsəm/	형용사	Wholesome attitude
termite	테르밋 | 흰개미	/ˈtɝmaɪt/	명사	
thunderbird	천둥새	/ˈθəndɝˌbɝd/	명사	
frigid	불감증의 | 쌀쌀한	/ˈfɹɪdʒəd/	형용사	A frigid greeting
ese			명사	
summertime	여름 | 여름철 | 하기	/ˈsəmɝˌtaɪm/	명사	
bikers		/ˈbaɪkɝz/	명사	
induced		/ˌɪnˈdust/	형용사	The ads induced me to buy a VCR
arabian	아라비아의 | 아라비아 사람의	/əˈɹeɪbiən/	명사	
lacrosse	라크로스	/ɫəˈkɹɔs/	명사	
rarity	희귀 | 진귀 | 진품	/ˈɹɛɹəti/	명사	
dumpling	고기단자 | 덤플링 | 땅딸보	/ˈdəmpɫɪŋ/	명사	
brood	곰곰히 생각하다	/ˈbɹud/	명사	The terrible vision brooded over her all day long
creamy	크림 모양의	/ˈkɹimi/	형용사	Creamy translucent pebbles
weenie			명사	
goddam	망할 | 빌어먹을	/ˈɡɑdˌdæm/	형용사	He's a damn (or goddam or goddamned) fool
seductive		/sɪˈdəktɪv/	형용사	
dimensional	치수의	/dɪˈmɛnʃənəɫ/	형용사	Never matures as a dimensional character; he is pasty, bland, faceless
reverence	신부님 | 숭상 | 숭상하다	/ˈɹɛvɝəns/	명사	The Chinese reverence for the dead
belch	분출하다 | 내뿜다 | 트림하다	/ˈbɛɫtʃ/	동사	
hooligan	불량자	/ˈhuɫɪɡən/	명사	
lavatory	세면대 | 세면소	/ˈɫævəˌtɔɹi/	명사	
extinguisher		/ɪkˈstɪŋɡwɪʃɝ/	명사	
madagascar		/ˌmædəˈɡæskɝ/	명사	
audacity	대담 | 뻔뻔스러움 | 넉살	/ɑˈdæsəti/	명사	He had the audacity to question my decision
cadaver	시체	/kəˈdævɝ/	명사	The cadaver was intended for dissection
fluff	괴깔 | 보풀다 | 보풀리다	/ˈfɫəf/	명사	
willpower		/ˈwɪɫˌpaʊɝ/	명사	
sicilian	시칠리아 인	/sɪˈsɪɫiən/	명사	The Sicilian Mafia
bewitched		/bɪˈwɪtʃt/	형용사	
cannonball	캐논볼 | 특급열차 | 탄환처럼빠른	/ˈkænənˌbɔɫ/	명사	
aorta	대동맥	/eɪˈɔɹtə/	명사	
head-on			부사	A head-on collision
sideline		/ˈsaɪdˌɫaɪn/	명사	The outspoken cabinet member was sidelined by the President
kruger		/ˈkɹuɡɝ/	명사	
penetrating	꿰뚫는 | 견식 높은 | 관통하는	/ˈpɛnəˌtɹeɪtɪŋ/	형용사	A penetrating odor
aqua	용액	/ˈækwə/	명사	
quitter		/ˈkwɪtɝ/	명사	
hydraulic	유압	/haɪˈdɹɔɫɪk/	형용사	Hydraulic brakes
pulitzer	퓰리처	/ˈpʊɫətsɝ/	명사	
trucker		/ˈtɹəkɝ/	명사	
calculus	미적분학 | 계산법	/ˈkæɫkjəɫəs/	명사	
tau			명사	
peeling	껍질을 벗김	/ˈpiɫɪŋ/	명사	The paint in my house is peeling off
overtake	뒤따라 미치다	/ˈoʊvɝˌteɪk/	동사	
ell	엘 | 형의 물건	/ˈɛɫ/	명사	
cultured	교화된	/ˈkəɫtʃɝd/	형용사	Cultured tastes
cartridge	약포 | 카트리지 | 탄약통	/ˈkɑɹtɹədʒ/	명사	He loaded a cartridge of fresh tape into the tape deck
honoring		/ˈɑnɝɪŋ/	명사	
soothe	완화시키다 | 가라앉히다	/ˈsuð/	동사	The medicine soothes the pain of the inflammation
gazette	관보 | 관보로 고시하다 | 관보에 게재하다	/ɡəˈzɛt/	명사	
unhappiness	불행 | 비애 | 불운	/ənˈhæpinɪs/	명사	
continuity	연속 | 연속성 | 연락말	/ˌkɑntəˈnuəti/	명사	
packaging		/ˈpækɪdʒɪŋ/	명사	The packaging of new ideas
enmity	적의 | 증오	/ˈɛnməti/	명사	
mansfield		/ˈmænzˌfiɫd/	명사	
scorn	천대 | 모멸감 | 수모	/ˈskɔɹn/	명사	The professor scorns the students who don't catch on immediately
staple	스테이플 | 서류 철쇠 | 주요 산물	/ˈsteɪpəɫ/	명사	Wheat is a staple crop
sitcom		/ˈsɪtˌkɑm/	명사	
commie	빨갱이 | 공깃돌 | 공산당원	/ˈkɑmi/	명사	
toasted		/ˈtoʊstɪd/	형용사	He liked toasted marshmallows
vary	변주하다 | 변화하다 | 달라지다	/ˈvɛɹi/	동사	His moods vary depending on the weather
decorator		/ˈdɛkɝˌeɪtɝ/	명사	
laird		/ˈɫɛɹd/	명사	
liner	깔쇠 | 덧쇠 | 정기항공기	/ˈɫaɪnɝ/	명사	The batter hit a liner to the shortstop
eggplant	가지	/ˈɛɡˌpɫænt/	명사	
mossad		/moʊˈsæd/	명사	The primary focus of the Mossad is on Arab nations
petite		/pəˈtit/	형용사	Her petite figure
synagogue	유대인 집회	/ˈsɪnəˌɡɔɡ/	명사	
quilt	누비질 | 누비질하다 | 누비 이불	/ˈkwɪɫt/	명사	Quilt the skirt
gynecologist		/ˌɡaɪnəˈkɑɫədʒəst/	명사	
warhead		/ˈwɔɹˌhɛd/	명사	
articulate	또렷하다	/ɑɹˈtɪkjəˌɫeɪt/	동사	Articulate speech
space-time		/ˈspeɪˌstaɪm/	명사	
nudge	조금씩움직이다	/ˈnədʒ/	동사	She nudged my elbow when she saw her friend enter the restaurant
os		/ˈɑs/	명사	
bombshell	돌발사건	/ˈbɑmˌʃɛɫ/	명사	She was a blonde bombshell
monaco	모나코	/ˈmɑnəˌkoʊ/	명사	
brooding		/ˈbɹudɪŋ/	명사	
vertebra	척추골 | 등뼈	/ˈvɝtəbɹə/	명사	
therapeutic	치료의	/ˌθɛɹəpˈjutɪk/	형용사	Therapeutic diets
booker		/ˈbʊkɝ/	명사	
coordination	공동작용 | 조정 | 대등 관계	/koʊˌɔɹdəˈneɪʃən/	명사	
atf			명사	
mathematician	수학자	/ˌmæθəməˈtɪʃən/	명사	
uncontrollable		/ˌənkənˈtɹoʊɫəbəɫ/	형용사	Uncontrollable pain
stampede	후닥닥 도망치다 | 궤주 | 쇄도	/stæmˈpid/	동사	Thunderbolts can stampede animals
amor		/ˈæmɝ/	명사	
prospective	예기된 | 유망한	/pɹəˈspɛktɪv/	형용사	A prospective bride
limestone	석회석 | 석회암	/ˈɫaɪmˌstoʊn/	명사	
conduit	콘딧 | 도관 | 암거	/ˈkɑnduɪt/	명사	The computers were connected through a system of conduits
kabul	카불	/ˈkɑbʊɫ/	명사	
modern-day			형용사	The role of computers in modern-day medicine
dipper	적시는 사람 | 국자	/ˈdɪpɝ/	명사	
sentry	보초 | 파수 | 망꾼	/ˈsɛntɹi/	명사	
mishap	재난	/ˈmɪsˌhæp/	명사	
disapprove		/ˌdɪsəˈpɹuv/	동사	I disapprove of her child rearing methods
intimidation		/ˌɪnˌtɪmɪˈdeɪʃən/	명사	
doubling	배가 | 배증 | 접어 넣기	/ˈdəbəɫɪŋ/	명사	Doubling with a computer took no time at all
impending	박두한	/ˌɪmˈpɛndɪŋ/	형용사	Changes are impending
shamed	큰코다치다	/ˈʃeɪmd/	형용사	She shamed him into making amends
senora		/ˌsinˈjɔɹə/	명사	
limitless	망막한 | 한량	/ˈɫɪmətɫəs/	형용사	A limitless supply of money
tiberius	사위 | 티베리우스		명사	
caveman	동굴 탐험가 | 혈거인	/ˈkeɪvˌmæn/	명사	
bonny	건강해 보이는	/ˈbɑni/	형용사	There's a bonny bay beyond
grandeur	성대 | 웅대 | 위대	/ɡɹænˈduɹ/	명사	An imaginative mix of old-fashioned grandeur and colorful art
dildo		/ˈdɪɫˌdoʊ/	명사	
corroborate	확인하다 | 확실하게 하다 | 확증하다	/kɝˈɑbɝˌeɪt/	동사	
contingency	부수사고 | 우발사건 | 임시비용	/kənˈtɪndʒənsi/	명사	
avenged		/əˈvɛndʒd/	형용사	An avenged injury
primo		/ˈpɹiˌmoʊ/	명사	
bestow	간직하여 두다 | 수여하다 | 하사하다	/bɪˈstoʊ/	동사	Bestow an honor on someone
godforsaken	신에게 버림받은 | 황량한		형용사	A godforsaken wilderness crossroads
pedestal	대좌 | 주춧대 | 근저	/ˈpɛdəstəɫ/	명사	They put him on a pedestal
stout	흑맥주 | 비만형의 옷 | 굳세다	/ˈstaʊt/	형용사	Men are portly and women are stout
dishonor	부도 | 불명예 | 치욕	/dɪˈsɑnɝ/	동사	Dishonor checks and drafts
otter	수달	/ˈɑtɝ/	명사	
eminent		/ˈɛmənənt/	형용사	An eminent peak
supernova	초신성	/ˌsupɝˈnoʊvə/	명사	
weir	어살	/ˈwiɹ/	명사	
java	자바 | 자바 커피	/ˈdʒɑvə/	명사	
seasick	뱃멀미하는	/ˈsiˌsɪk/	형용사	
pang	마음 아픔 | 격통	/ˈpæŋ/	명사	Pangs of regret
presumptuous	건방진	/pɹɪˈzəmptʃəwəs/	형용사	The duchess would not put up with presumptuous servants
subversive	전복하는 | 피괴분자	/səbˈvɝsɪv/	명사	
elastic	고무줄 | 낭창한	/ɪˈɫæstɪk/	형용사	An elastic band
libya	리비아 | 리비아의 | 리비아사람	/ˈɫɪˌbiə/	명사	
single-handedly			부사	I built this house single-handedly
pristine	원래의 | 원시 시대의	/ˈpɹɪstin/	형용사	Pristine mountain snow
width	폭 | 품 | 한 폭	/ˈwɪdθ/	명사	
sweats		/ˈswɛts/	명사	
remainder	나머지 | 잔류자 | 잔여권	/ɹiˈmeɪndɝ/	명사	There was no remainder
impaired		/ˌɪmˈpɛɹd/	형용사	Impaired eyesight
yellowstone	옐로스톤 강	/ˈjɛɫoʊˌstoʊn/	명사	
retreated		/ɹiˈtɹitəd/	명사	He had only contempt for the retreated
lateral	옆으로의 | 측면부 | 측면의	/ˈɫætɝəɫ/	형용사	Lateral lemniscus
remembrance	기억력 | 기억의 범위 | 전갈	/ɹiˈmɛmbɹəns/	명사	
smelt	제련하다 | 빙어 | 용해하다	/ˈsmɛɫt/	명사	
biased		/ˈbaɪəst/	형용사	A biased account of the trial
strangulation	교살 | 괄약 | 협착	/ˌstɹæŋɡjəˈɫeɪʃən/	명사	Strangulation of the intestine
prying		/ˈpɹaɪɪŋ/	명사	
hermes	변론의 신	/ˈhɝmiz/	명사	
two-way	상호적	/ˈtuˌweɪ/	형용사	A two-way valve
sphinx	스핑크스 | 스핑크스 석상	/ˈsfɪŋks/	명사	
self-defence		/ˌsɛɫfdɪˈfɛns/	명사	
internally	국내에서	/ˌɪnˈtɝnəɫi/	부사	An internally controlled environment
gallop	갤럽 | 급속도	/ˈɡæɫəp/	동사	The horse was galloping along
never-ending	무진 | 부절	/ˌnɛvɝˈɛndɪŋ/	형용사	The never-ending search for happiness
lotto	숫자맞추기	/ˈɫɑˌtoʊ/	명사	
rephrase	고쳐말하다	/ɹiˈfɹeɪz/	동사	
casablanca	카사블랑카	/ˌkæsəˈbɫæŋkə/	명사	
ventilator	통풍공 | 통풍기 | 통풍장치	/ˈvɛnəˌɫeɪtɝ/	명사	
sanitation	위생	/ˌsænəˈteɪʃən/	명사	
ekg			명사	
diseased		/dɪˈzizd/	형용사	Diseased tonsils
eskimo	에스키모	/ˈɛskəˌmoʊ/	명사	
confessor	고백자 | 증거자 | 고해 신부		명사	
aladdin	알라딘	/æˈɫædɪn/	명사	
rutledge		/ˈɹətɫɪdʒ/	명사	
ruddy	붉게 하다	/ˈɹədi/	형용사	A ruddy complexion
flashback	플래시백	/ˈfɫæʃˌbæk/	명사	
imperfect	미완료의 | 반과거의 | 미완료시제	/ˌɪmˈpɝfɪkt/	형용사	Imperfect mortals
plymouth		/ˈpɫɪməθ/	명사	
sanctioned		/ˈsæŋkʃənd/	형용사	
vulnerability	상처받기 쉬움	/ˌvəɫnɝəˈbɪɫɪti/	명사	His vulnerability to litigation
rearrange	재정리 | 재배열 | 전위	/ˌɹiɝˈeɪndʒ/	동사	Please rearrange these files
citadel	포대 | 최후의 거점	/ˈsɪtəˌdɛɫ/	명사	
nibble	선대답 | 입질 | 입질하다	/ˈnɪbəɫ/	동사	She nibbled on her cracker
forcibly	힘으로 | 강제적으로 | 억지로	/ˈfɔɹsəbɫi/	부사	Keep in mind the dangers of imposing our own values and prejudices too forcibly
insinuating	넌지시 비추는 | 간사한	/ˌɪnˈsɪnjueɪtɪŋ/	형용사	
malignant	시대의 왕당원 | 유해하다 | 악의를 품은	/məˈɫɪɡnənt/	형용사	
enslave	노예로만들다	/ɛnˈsɫeɪv/	동사	
canister	성합 | 흡수통 | 깡통	/ˈkænəstɝ/	명사	
intersect	교차하다 | 가로지르다	/ˌɪntɝˈsɛkt/	동사	
undefeated	무패의	/ˌəndɪˈfitɪd/	형용사	An undefeated team
candlelight	촛불아래서 하는	/ˈkændəɫˌɫaɪt/	명사	
hairdo	머리형	/ˈhɛɹˌdu/	명사	
oblivious	관심없는 | 잊기쉬운	/əˈbɫɪviəs/	형용사	Oblivious old age
truffle		/ˈtɹəfəɫ/	명사	
vie	경쟁하다	/ˈvaɪ/	동사	
strangling		/ˈstɹæŋɡəɫɪŋ/	명사	A man in Boston has been strangling several dozen prostitutes
shootout		/ˈʃutaʊt/	명사	
cloning	클로닝	/ˈkɫoʊnɪŋ/	명사	
ranked		/ˈɹæŋkt/	형용사	
dazzle	눈이 부시다 | 현혹하다	/ˈdæzəɫ/	동사	Her arguments dazzled everyone
stork	황새	/ˈstɔɹk/	명사	
coronary		/ˈkɔɹəˌnɛɹi/	명사	Coronary arteries
jive	은어 | 변말 | 스윙곡	/ˈdʒaɪv/	동사	
lard	지방 | 돼지기름 | 돼지기름을바르다	/ˈɫɑɹd/	동사	
shedding		/ˈʃɛdɪŋ/	명사	
poaching		/ˈpoʊtʃɪŋ/	명사	People are poaching elephants for their ivory
immaculate	반점없는 | 흠없는 | 오점 없는	/ˌɪˈmækjuɫɪt/	형용사	An immaculate record
hefty	억센 사람 | 억센	/ˈhɛfti/	형용사	A hefty athlete
stocked		/ˈstɑkt/	형용사	A well-stocked store
buddhism	불법 | 불교 | 불도	/ˈbudɪzəm/	명사	
monologue		/ˈmɑnəˌɫɔɡ/	명사	
satanic	사탄적인	/səˈtænɪk/	형용사	Satanic cruelty
linear	선의	/ˈɫɪniɝ/	형용사	Linear amplifier
swami		/ˈswɑmi/	명사	
blackmailer			명사	
endorse	배서하다 | 보증하다	/ɛnˈdɔɹs/	동사	Endorse cheques
enid		/ˈinɪd/	명사	
liege	군주 | 군주인 | 충성스러운	/ˈɫidʒ/	명사	A liege subject
subsequent	뒤이어일어나는	/ˈsəbsəkwənt/	형용사	Subsequent developments
madden		/ˈmædən/	동사	His behavior is maddening
snip	끄트러기 | 함석가위	/ˈsnɪp/	명사	
hernia	탈장 | 헤르니아	/ˈhɝniə/	명사	
bloodline	혈통 | 혈족	/ˈbɫədˌɫaɪn/	명사	
septic	부패의	/ˈsɛptɪk/	형용사	A septic sore throat
yeast	이스트 | 빵누룩 | 고체이스트	/ˈjist/	명사	
cummings		/ˈkəmɪŋz/	명사	
avocado	애보카도	/ˌævəˈkɑdoʊ/	명사	
logically		/ˈɫɑdʒɪkɫi/	부사	He acted logically under the circumstances
oaf	기형아 | 백치아 | 천치		명사	
corbett		/ˈkɔɹbɪt/	명사	
prompt	인도일 | 일람불 | 감정을환기하다	/ˈpɹɑmpt/	동사	The train is prompt
mushy	죽 모양의 | 걸쭉하다	/ˈməʃi/	형용사	Mushy effusiveness
campsite	캠프장 | 야영지	/ˈkæmpˌsaɪt/	명사	
safeguard	보호물	/ˈseɪfˌɡɑɹd/	동사	An insurance policy is a good safeguard
bling			명사	The rapper was loaded with bling
flex	굽힘 | 수축시키다 | 탄력성 있는	/ˈfɫɛks/	동사	Flex your wrists
fruitcake	프루트케이크	/ˈfɹutˌkeɪk/	명사	
fulton	풀턴	/ˈfʊɫtən/	명사	
heiress	여자 상속인	/ˈɛɹəs/	명사	
beet	비트	/ˈbit/	명사	
racetrack	트랙 | 경마팬 | 경마장	/ˈɹeɪˌstɹæk/	명사	
ganesh			명사	
parson		/ˈpɑɹsən/	명사	
pap	빵죽 | 음성 수입	/ˈpæp/	명사	
imprint	인상 | 간기 | 누른자국	/ˈɪmpɹɪnt/	명사	We imprint our ideas onto our children
jigsaw	실톱	/ˈdʒɪɡˌsɔ/	명사	
coven	마녀 집회	/ˈkəvən/	명사	
discourage	낙심시키다 | 낙담시키다	/dɪˈskɝɪdʒ/	동사	We should discourage this practice among our youth
recycle	재순환시키다 | 재생하여 이용하다	/ɹiˈsaɪkəɫ/	동사	We must recycle the cardboard boxes
constantinople	콘스탄티노플	/ˌkɑnstæntəˈnoʊpəɫ/	명사	
appalled		/əˈpɔɫd/	형용사	
unlawful		/ənˈɫɔfəɫ/	형용사	Unlawful hunters
birthplace	발생지 | 출생지	/ˈbɝθˌpɫeɪs/	명사	The birthplace of civilization
wank		/ˈwɑŋk/	명사	
thriller	스릴러	/ˈθɹɪɫɝ/	명사	
hepatitis	간염	/ˌhɛpəˈtaɪtəs/	명사	
clutches		/ˈkɫətʃəz/	명사	
publicist	광고 취급인 | 국제법 학자 | 정치 평론가	/ˈpəbɫɪsɪst/	명사	
insistent		/ˌɪnˈsɪstənt/	형용사	Insistent hunger
tentacle	촉각 | 촉수	/ˈtɛntəkəɫ/	명사	Caught in the tentacles of organized crime
archangel	대천사	/ˌɑɹˈkeɪndʒəɫ/	명사	
schiller		/ˈʃɪɫɝ/	명사	
submerged	빈궁한 | 수몰된 | 액내의	/səbˈmɝdʒd/	형용사	Submerged rocks
intoxicating		/ˌɪnˈtɑksɪˌkeɪtɪŋ/	형용사	
crock	폐인 | 못쓰게되다 | 늙은 양	/ˈkɹɑk/	명사	
hither	여기로 | 이쪽의	/ˈhɪðɝ/	부사	
cliche	스테레오판 | 전기판	/kɫiˈʃeɪ/	명사	
castor	해리 | 비버 | 비버향	/ˈkæstɝ/	명사	
forty-five		/ˈfɔɹtiˌfaɪv/	명사	
timeless		/ˈtaɪmɫəs/	형용사	Helen's timeless beauty
occurrence		/əˈkɝəns/	명사	A disease of frequent occurrence
pilate	폰티유스 빌라도	/ˈpaɪˌɫət/	명사	
hypocritical	멀쩡하다 | 위선의 | 위선적인	/ˌhɪpəˈkɹɪtɪkəɫ/	형용사	Hypocritical praise
sharper		/ˈʃɑɹpɝ/	명사	
governed		/ˈɡəvɝnd/	명사	Governments derive their just powers from the consent of the governed
resurrect	도굴하다 | 파내다 | 소생하다	/ˌɹɛzɝˈɛkt/	동사	Slavery is already dead, and cannot be resurrected
hearst	허스트	/ˈhɝst/	명사	
menopause	폐경 | 폐경기 | 갱년기	/ˈmɛnəˌpaʊz/	명사	
ponytail		/ˈpoʊniˌteɪɫ/	명사	
all-out		/ˈɔˈɫaʊt/	형용사	
dilate	팽창시키다 | 부연하다 | 확장시키다	/ˌdaɪˈɫeɪt/	동사	His pupils were dilated
garbled		/ˈɡɑɹbəɫd/	형용사	
prognosis	예후 | 예측	/pɹɑɡˈnoʊsəs/	명사	
neutron	중성자	/ˈnuˌtɹɑn/	명사	
airtight	기밀의	/ˈɛɹˌtaɪt/	형용사	An airtight defense
yo-yo			명사	
jazzy	재즈식의	/ˈdʒæzi/	형용사	
bulgarian		/bəɫˈɡɛɹiən/	명사	The Bulgarian capital is Sofia
coney		/ˈkoʊni/	명사	
bulgaria	불가리아	/bəɫˈɡɛɹiə/	명사	
armageddon		/ˌɑɹməˈɡɛdən/	명사	They called the first World War an Armageddon
contributing		/kənˈtɹɪbjutɪŋ/	형용사	The seaport was a contributing factor in the growth of the city
sinbad		/ˈsɪnˌbæd/	명사	
inauguration	개업 | 낙성식 | 개시	/ɪˌnɔɡjɝˈeɪʃən/	명사	He opposed the inauguration of fluoridation
slicing		/ˈsɫaɪsɪŋ/	명사	He took lessons to cure his slicing
cavern	땅굴 | 공동 | 동굴	/ˈkævɝn/	명사	His eyes were dark caverns
kremlin	크렘린 궁전 | 크렘린 용어	/ˈkɹɛmɫən/	명사	
warship	군함	/ˈwɔɹˌʃɪp/	명사	
militant	싸우고 있는	/ˈmɪɫətənt/	형용사	Militant nations
newscaster		/ˈnuzˌkæstɝ/	명사	
verne		/ˈvɝn/	명사	
calculator	계산기	/ˈkæɫkjəˌɫeɪtɝ/	명사	
replay	재시합 | 다시 하다 | 재연하다	/ɹiˈpɫeɪ/	동사	We replayed the game
tibetan	티베트의 | 티베트 사람의	/tɪˈbɛtən/	명사	
daycare		/ˈdeɪˌkɛɹ/	명사	
zee	자의 명칭	/ˈzi/	명사	The British call Z zed and the Scots call it ezed but Americans call it zee
snout	바위 끝 | 주둥이	/ˈsnaʊt/	명사	
mono	뜻의 결합사	/ˈmoʊnoʊ/	명사	
darned	우라질 | 말도 안되는	/ˈdɑɹnd/	형용사	I'll be damned (or blessed or darned or goddamned) if I'll do any such thing
embryo	배아 | 움	/ˈɛmbɹiˌoʊ/	명사	
frosting	유리가루	/ˈfɹɔstɪŋ/	명사	
obituary		/oʊˈbɪtʃuˌɛɹi/	명사	
susceptible	정에무른 | 동하기 쉬운 | 민감한	/səˈsɛptəbəɫ/	형용사	Susceptible to colds
heaps		/ˈhips/	명사	
tingling		/ˈtɪŋɡəɫɪŋ/	형용사	
canvass	선거운동 | 권유하다 | 부탁하고 다니다	/ˈkænvəs/	명사	She canvassed the walls of her living room so as to conceal the ugly cracks
brits		/ˈbɹɪts/	명사	
cherokee	체로키말 | 체로키족의 사람	/ˈtʃɛɹəˌki/	명사	
twenties		/ˈtwɛniz/	명사	
neanderthal	야인 | 네안데르탈 | 네안데르탈인	/niˈændɝˌθɔɫ/	형용사	Neanderthal skull
braid	땋은 끈 | 꼬다 | 끈	/ˈbɹeɪd/	동사	
fleece	털을 깎다 | 양털	/ˈfɫis/	명사	
sensory	지각의	/ˈsɛnsɝi/	형용사	Sensory neurons
pheasant	꿩 | 금계랍	/ˈfɛzənt/	명사	
variable	번이하는 | 변수	/ˈvɛɹiəbəɫ/	명사	Variable expenses
mope	침울해지다 | 풀이 죽다 | 풀죽게 하다	/ˈmoʊp/	동사	
minefield		/ˈmaɪnˌfiɫd/	명사	
distrust	불신 | 의혹	/dɪˈstɹəst/	동사	
yap	불량비 | 시끄러운잔소리	/ˈjæp/	동사	
vigil	불면 | 밤샘	/ˈvɪdʒəɫ/	명사	
problematic	문제의 | 미정의 | 다루기 어려운	/ˌpɹɑbɫəˈmætɪk/	형용사	A problematic situation at home
smitten		/ˈsmɪtən/	형용사	Conscience-smitten
craps	크랩 노름	/ˈkɹæps/	명사	
invoke	발동하다 | 떠오르게 하다 | 기원하다	/ˌɪnˈvoʊk/	동사	She invoked an ancient law
unconventional		/ˌənkənˈvɛnʃənəɫ/	형용사	Unconventional life styles
rundown	감군 | 감원 | 협살	/ˈɹənˌdaʊn/	명사	
oily	유성 | 지성 | 기름같이	/ˈɔɪɫi/	형용사	Oily fried potatoes
coordinated		/koʊˈɔɹdəneɪtɪd/	형용사	A coordinated program
prejudiced		/ˈpɹɛdʒədəst/	형용사	A prejudiced judge
seam	봉합선 | 꿰매 맞추다 | 솔기	/ˈsim/	명사	
eyelash	속눈썹	/ˈaɪˌɫæʃ/	명사	
corky	코르크의 | 코르크 냄새나는	/ˈkɔɹki/	형용사	
discard		/dɪˈskɑɹd/	동사	
purchasing	수매	/ˈpɝtʃəsɪŋ/	명사	Shrewd purchasing requires considerable knowledge
yam	마	/ˈjæm/	명사	
masquerade	가장하다	/ˌmæskɝˈeɪd/	동사	A beggar's masquerade of wealth
logging	조재 | 통나무 벌채	/ˈɫɔɡɪŋ/	명사	
dempsey		/ˈdɛmpsi/	명사	
fetching		/ˈfɛtʃɪŋ/	형용사	A fetching new hairstyle
goebbels		/ˈɡoʊbəɫz/	명사	
eagerly	간절히 | 열망하여	/ˈiɡɝɫi/	부사	The news was eagerly awaited
wring	비틀다 | 짜내다 | 짜기	/ˈɹɪŋ/	동사	Wring one's hand
orbital		/ˈɔɹbətəɫ/	형용사	Orbital velocity
nationality	국민성 | 국민임 | 국민적 감정	/ˌnæʃəˈnæɫəti/	명사	Such images define their sense of nationality
cheddar	체더 치즈	/ˈtʃɛdɝ/	명사	
keel	용골 | 전복하다 | 졸도하다	/ˈkiɫ/	명사	
alignment	정렬 | 일직선 | 정돈	/əˈɫaɪnmənt/	명사	
heterosexual		/ˌhɛtɝoʊˈsɛkʃəwəɫ/	명사	
heinz		/ˈhaɪnz/	명사	
irritate	실효시키다 | 안달하게하다 | 짜증나게하다	/ˈɪɹɪˌteɪt/	동사	Aspirin irritates my stomach
emissary	밀사 | 사자 | 간첩	/ˈɛməˌsɛɹi/	명사	
taunting		/ˈtɔntɪŋ/	형용사	Taunting shouts of `coward' and `sissy'
hangman	교수형 집행리	/ˈhæŋmən/	명사	
comma	소음정 | 콤마	/ˈkɑmə/	명사	
whimsical	기분적인 | 묘하다 | 변덕스러운	/ˈhwɪmzɪkəɫ/	형용사	The victim of whimsical persecutions
format	체재 | 형	/ˈfɔɹˌmæt/	동사	Format this letter so it can be printed out
peachy	복숭아빛의	/ˈpitʃi/	형용사	
godspeed		/ˈɡɑdspid/	명사	They wished him Godspeed
hitman		/ˈhɪtˌmæn/	명사	
jove	천만에		명사	
overflowing		/ˈoʊvɝˌfɫoʊɪŋ/	형용사	An overflowing tub
tully		/ˈtəɫi/	명사	
censorship	검열	/ˈsɛnsɝˌʃɪp/	명사	
hispanic	스페인계	/hɪˈspænɪk/	명사	The Hispanic population of California is growing rapidly
shuddering	쭈뼛해지는	/ˈʃədɝɪŋ/	형용사	
fitch	족제비의 일종	/ˈfɪtʃ/	명사	
pathological	병리학의 | 병적	/ˌpæθəˈɫɑdʒɪkəɫ/	형용사	A pathological liar
silhouette	실루엣	/ˌsɪɫəˈwɛt/	명사	
obsess	강박관념 | 들러붙음 | 붙어다니다	/əbˈsɛs/	동사	She is obsessing over her weight
bachelorette	독신 여성		명사	
bonaparte	보나 파르트	/ˈboʊnəˌpɑɹt/	명사	
impartial	치우치지 않은 | 공평한 | 공평하다	/ˌɪmˈpɑɹʃəɫ/	형용사	The impartial eye of a scientist
metabolism	대사 | 신진대사 | 대사작용	/məˈtæbəˌɫɪzəm/	명사	
astronomical	천문학적인 | 천문학상의	/ˌæstɹəˈnɑmɪkəɫ/	형용사	
tabloid	타블로이드판의 | 정제 | 타브로이드판 신문	/ˈtæbɫɔɪd/	명사	
vanquish		/ˈvæŋkwɪʃ/	동사	
preschool	학력 미달의	/ˈpɹiˌskuɫ/	명사	
remake	재영화화 작품 | 다시 영화화하다 | 고쳐 만들다	/ˈɹiˈmeɪk/	동사	It is a remake of an old film
heresy	이단 | 이교	/ˈhɛɹəsi/	명사	
homeboy			명사	
ag		/ˈæɡ/	명사	
ravishing	매혹적인	/ˈɹævɪʃɪŋ/	형용사	A ravishing blonde
finesse	피네스 | 술책 | 기교	/fɪˈnɛs/	명사	
minimize	최소로하다 | 최저로 어림잡다	/ˈmɪnəˌmaɪz/	동사	Let's minimize the risk
nigh		/ˈnaɪ/	부사	The end draws nigh
nil	무 | 영	/ˈnɪɫ/	명사	Reduced to nil all the work we had done
selective	선택한 | 도태의 | 선택적인	/səˈɫɛktɪv/	형용사	An exceptionally quick and selective reader
arraignment	죄상 인부	/ɝˈeɪnmənt/	명사	
superpower	초강대국 | 초출력	/ˌsupɝˈpaʊɝ/	명사	
springer	범고래 | 햇닭	/ˈspɹɪŋɝ/	명사	
impenetrable	고집스러운 | 받아들이지않는 | 꿰뚫을수 없는	/ˌɪmˈpɛnətɹəbəɫ/	형용사	Impenetrable gloom
underdog	패배자	/ˈəndɝˌdɔɡ/	명사	
gossiping	쑥덕공론하는	/ˈɡɑsəpɪŋ/	명사	
jig	지그의 일종 | 상하로 움직이다	/ˈdʒɪɡ/	명사	
poached		/ˈpoʊtʃt/	형용사	Poached apricots
hokkaido		/hoʊˈkaɪdoʊ/	명사	
equator	적도	/ɪˈkweɪtɝ/	명사	The equator is the boundary between the northern and southern hemispheres
incorporate	편입하다 | 통합시키다 | 영적인	/ˌɪnˈkɔɹpɝˌeɪt/	동사	She incorporated his suggestions into her proposal
vinyl	비닐 | 비닐 수지 | 염화 비닐	/ˈvaɪnəɫ/	명사	
long-range		/ˈɫɔŋˈɹeɪndʒ/	형용사	Long-range goals
accumulated		/əkˈjumjəˌɫeɪtɪd/	형용사	
malpractice	부당치료	/mæɫˈpɹæktəs/	명사	The widow sued his surgeon for malpractice
ascend	올라가다 | 오르다 | 오르막이되다	/əˈsɛnd/	동사	Jupiter ascends
ecosystem	생태계	/ˈikoʊˌsɪstəm/	명사	
v		/ˈvi/	명사	
forefather		/ˈfɔɹˌfɑðɝ/	명사	Keep the faith of our forefathers
grit	중덜거리다 | 잔 모래 | 이를 갈다	/ˈɡɹɪt/	명사	Grit one's teeth
nylon	나일론 | 낭일론의 | 나일론 양말	/ˈnaɪˌɫɑn/	명사	
blob	한방울 | 작은 얼룩점	/ˈbɫɑb/	명사	
snug	아늑한 | 조촐하다	/ˈsnəɡ/	형용사	A snug little sailboat
collaborate	공동 연구하다 | 협력하다	/kəˈɫæbɝˌeɪt/	동사	He collaborated with the Nazis when they occupied Paris
clothed		/ˈkɫoʊðd/	형용사	Leaf-clothed trees
uproar	큰소란	/ˈəˌpɹɔɹ/	명사	
avail		/əˈveɪɫ/	동사	It will avail them to dispose of their booty
gentry	상류 계급	/ˈdʒɛntɹi/	명사	
parkinson		/ˈpɑɹkɪnsən/	명사	
prune	서양 자두 | 간결하게 하다	/ˈpɹun/	동사	
hem	감침질 | 에헴 | 자락	/ˈhɛm/	명사	Let down the hem
ellison		/ˈɛɫɪsən/	명사	
hide-and-seek			명사	
lawfully		/ˈɫɔfəɫi/	부사	We are lawfully wedded now
thoughtless	무개념	/ˈθɔtɫəs/	형용사	The debate turned into thoughtless bickering
thrice	세번	/ˈθɹaɪs/	부사	I called you thrice last night
schoolboy		/ˈskuɫˌbɔɪ/	명사	
residual	재방송료 | 잔여 재산의 | 잔여의	/ɹɪˈzɪdʒuəɫ/	명사	Residual quantity
striped		/ˈstɹaɪpt/	형용사	
dod	국방성		명사	
blister	물집이생기다 | 물집 | 수포	/ˈbɫɪstɝ/	동사	Her feet blistered during the long hike
aftermath	두번째 거둠 | 여파	/ˈæftɝˌmæθ/	명사	The aftermath of war
inhaler	흡입기 | 흡입자 | 공기여과기	/ˌɪnˈheɪɫɝ/	명사	
reinforce	증원하다	/ˌɹiɪnˈfɔɹs/	동사	He reinforced the concrete
lube	윤활유	/ˈɫub/	명사	
provoking	속타게 하는	/pɹəˈvoʊkɪŋ/	형용사	A provoking delay at the airport
continuum	연속체	/kənˈtɪnjuəm/	명사	
guan			명사	
uma		/ˈjumə/	명사	
observant	주의깊은	/əbˈzɝvənt/	형용사	Observant of the speed limit
peppermint	박하	/ˈpɛpɝˌmɪnt/	명사	
fused		/ˈfjuzd/	형용사	The storm fused the electric mains
pierrot	피에로		명사	
prima	으뜸가다	/ˈpɹimə/	명사	Prima ballerina
authenticity	진실성	/ˌɔθənˈtɪsɪti/	명사	
swagger	거들럭거리며 걷다 | 뻐기다 | 으스대다	/ˈswæɡɝ/	동사	
soundtrack		/ˈsaʊnˌtɹæk/	명사	
taipei		/ˈtaɪˌpeɪ/	명사	
strut	점잔뺀 걸음 | 점잔빼며 걷다 | 버팀목	/ˈstɹət/	명사	He struts around like a rooster in a hen house
ensemble	앙상블 | 전체적효과 | 총체	/ɑnˈsɑmbəɫ/	명사	A string ensemble
tantrum	울화	/ˈtæntɹəm/	명사	She threw a tantrum
motivate	꼬드기다	/ˈmoʊtəˌveɪt/	동사	
annihilate	전멸시키다	/əˈnaɪəˌɫeɪt/	동사	
signore		/sinˈjɔɹeɪ/	명사	
disrupted		/dɪsˈɹəptɪd/	형용사	Many routes are unsafe or disrupted
wreath	화환	/ˈɹiθ/	명사	
maui	마우이 섬	/ˈmaʊi/	명사	
bale	짐짝 | 재앙 | 가마니	/ˈbeɪɫ/	명사	
clergy	성직자들	/ˈkɫɝdʒi/	명사	
retaliate	보복과세하다 | 악으로 갚다 | 응수하다	/ɹiˈtæɫiˌeɪt/	동사	The Israeli army retaliated for the Hamas bombing
genome	게놈	/ˈdʒiˌnoʊm/	명사	The human genome contains approximately three billion chemical base pairs
vacancy	결원 | 공석 | 빈 자리	/ˈveɪkənsi/	명사	
tranquilizer	진정제 | 정신 안정제	/ˈtɹæŋkwəˌɫaɪzɝ/	명사	
diligence	근면	/ˈdɪɫədʒəns/	명사	His diligence won him quick promotions
impertinent	무례한 | 건방진 | 시큰둥하다	/ˌɪmˈpɝtənənt/	형용사	Impertinent of a child to lecture a grownup
advancement	선진화 | 승진 | 전진	/ədˈvænsmənt/	명사	Advancement of knowledge
armpit	겨드랑이	/ˈɑɹmˌpɪt/	명사	They were up to their armpits in water
cavalier	호위자 | 호탕한 | 기사	/ˈkævəɫiɹ/	명사	
combing	빗질 | 빠진털	/ˈkoʊmɪŋ/	명사	
self-control	자제력 | 자율 | 극기	/ˌsɛɫfkənˈtɹoʊɫ/	명사	
mascara	마스카라	/mæˈskɛɹə/	명사	
revised		/ɹiˈvaɪzd/	형용사	A revised edition
compulsion	강요 | 강박	/kəmˈpəɫʃən/	명사	Her compulsion to wash her hands repeatedly
bran	겨 | 왕겨	/ˈbɹæn/	명사	
buoy	부표	/ˈbui/	동사	The life vest buoyed him up
adversity	역경	/ædˈvɝsɪˌti/	명사	Debt-ridden farmers struggling with adversity
beneficiary	수익자 | 수취인	/ˌbɛnəˈfɪʃiˌɛɹi/	명사	A beneficiary baron
punjabi	펀잡말 | 펀잡의 | 펀잡 사람		명사	
graphics	도학 | 도식산법 | 제도법	/ˈɡɹæfɪks/	명사	
huntsman		/ˈhəntsmən/	명사	
ozone	오존	/ˈoʊˌzoʊn/	명사	
interpreted		/ˌɪnˈtɝpɹətəd/	형용사	An open door interpreted as an invitation
incomprehensible		/ˌɪŋˌkɑmpɹəˈhɛnsɪbəɫ/	형용사	The most incomprehensible thing about the universe is that it is comprehensible
lenient	너그럽다 | 온화한	/ˈɫiniənt/	형용사	
perky	오지랖이 넓은 | 오지랖 넓게	/ˈpɝki/	형용사	A perky little widow in her 70s
herod	헤롯	/ˈhɛɹəd/	명사	
unavoidable	하릴없다 | 불가피하다	/ˌənəˈvɔɪdəbəɫ/	형용사	An unavoidable accident
retract		/ɹiˈtɹækt/	동사	The cat retracted his claws
compression		/kəmˈpɹɛʃən/	명사	
demolish	먹어치우다 | 허물다 | 무너뜨리다	/dɪˈmɑɫɪʃ/	동사	Demolish your enemies
prodigal	낭비하는 | 낭비자	/ˈpɹɑdɪɡəɫ/	명사	Prodigal in their expenditures
generously	관대하게 | 활수하게 | 풍부하게	/ˈdʒɛnɝəsɫi/	부사	
anonymously		/əˈnɑnəməsɫi/	부사	She wrote these letters anonymously
peabody		/ˈpiˌbɑdi/	명사	
dispense	특면하다	/dɪˈspɛns/	동사	The machine dispenses soft drinks
roe	곤이 | 어란	/ˈɹoʊ/	명사	
telepathy	이심전심현상 | 정신 감응	/təˈɫɛpəθi/	명사	
occupational		/ɑkjəˈpeɪʃənəɫ/	형용사	Occupational hazard
loudspeaker	확성기 | 시끄러운 여자	/ˈɫaʊdˌspikɝ/	명사	
hyena	하이에나 | 욕심꾸러기	/haɪˈinə/	명사	
milkman	우유 장수 | 우유 배달인	/ˈmɪɫkˌmæn/	명사	
dal		/ˈdæɫ/	명사	
hillside	산중턱 | 산허리	/ˈhɪɫˌsaɪd/	명사	
prevention	방지 | 예방	/pɹiˈvɛnʃən/	명사	Money was allocated to study the cause and prevention of influenza
tout	강매하다 | 졸라대다 | 끈질기게 요구하다	/ˈtaʊt/	명사	This product was touted as a revolutionary invention
toenail	발톱	/ˈtoʊˌneɪɫ/	명사	
imaginative	상상적인 | 상상하기 좋아하는	/ˌɪˈmædʒənətɪv/	형용사	An imaginative use of material
heretic	이교도 | 이단자 | 이단	/ˈhɛɹətɪk/	명사	
hives	발진 | 두드러기	/ˈhaɪvz/	명사	
repression	억압본능 | 제지 | 억압	/ɹiˈpɹɛʃən/	명사	The long repression of Christian sects
arithmetic	산수	/ˌɛɹɪθˈmɛtɪk/	명사	
subsequently	그후에 | 이어서 | 다음에	/ˈsəbsəkwəntɫi/	부사	He apologized subsequently
renewal	일신 | 고쳐쓰기 | 다시하기	/ɹɪˈnuəɫ/	명사	
shocker		/ˈʃɑkɝ/	명사	
spectacles		/ˈspɛktəkəɫz/	명사	
interval	새 | 그간 | 간격	/ˈɪntɝvəɫ/	명사	
quickie	날림 영화 | 단숨에 들이켬	/ˈkwɪki/	명사	
prometheus	프로메테우스	/pɹəˈmiˌθiəs/	명사	
senorita	영애		명사	
deadbeat	게으름뱅이	/ˈdɛdˌbit/	명사	
burbank		/ˈbɝˌbæŋk/	명사	
geology	지질 | 지질학 | 지질학과	/dʒiˈɑɫədʒi/	명사	
sinus	정맥동	/ˈsaɪnəs/	명사	
kennel		/ˈkɛnəɫ/	명사	
six-pack		/ˈsɪkˌspæk/	명사	
subscription	응모	/səbsˈkɹɪpʃən/	명사	The deed was attested by the subscription of his signature
marquise			명사	
warlord	군벌 | 독군	/ˈwɔɹˌɫɔɹd/	명사	
zed	자의 명칭	/ˈzɛd/	명사	The British call Z zed and the Scots call it ezed but Americans call it zee
unintelligible		/ˌənɪnˈtɛɫədʒəbəɫ/	형용사	Unintelligible speech
dag	별난 사람	/ˈdæɡ/	명사	
gaia		/ˈɡaɪə/	명사	
withhold	보류하다	/wɪθˈhoʊɫd/	동사	My employer is withholding taxes
involuntary	본의아닌 | 불수의의	/ˌɪnˈvɑɫənˌtɛɹi/	형용사	Involuntary muscles
boa	보아 | 큰구렁이	/ˈboʊə/	명사	
pelt	모피 | 생가죽	/ˈpɛɫt/	동사	Pelt the speaker with questions
brittle	부서지기쉬운 | 취약	/ˈbɹɪtəɫ/	형용사	Glass is brittle
unprepared	준비없는	/ˌənpɹiˈpɛɹd/	형용사	Unprepared remarks
willingness	쾌히 하기	/ˈwɪɫɪŋnəs/	명사	He expressed his willingness to help
ins		/ˈaɪˈɛˈnɛs/	명사	
coarse	결이 거친 | 천한 | 상스러운	/ˈkɔɹs/	형용사	Of what coarse metal ye are molded
walrus	해마	/ˈwɔɫɹəs/	명사	
portrayed		/pɔɹˈtɹeɪd/	형용사	The father is portrayed as a good-looking man in this painting
blaster	건맨 | 발파공 | 블래스터우주 총	/ˈbɫæstɝ/	명사	
scrubs			명사	
hollering		/ˈhɑɫɝɪŋ/	명사	What was he hollering about?
simmer	지그시 참다	/ˈsɪmɝ/	동사	Simmering water
valencia	교직나사	/vəˈɫɛnsiə/	명사	Valencia is the third largest city in Spain
annihilation	전멸 | 사절	/əˌnaɪəˈɫeɪʃən/	명사	Bomb tests resulted in the annihilation of the atoll
filipino		/ˌfɪɫəˈpinoʊ/	명사	Our Filipino cook
tennyson		/ˈtɛnɪsən/	명사	
ps			명사	
firewall		/ˈfaɪɹwɑɫ/	명사	He moved the throttle to the firewall
lyons	리용	/ˈɫaɪənz/	명사	
weld	용접하다 | 용접되다 | 결합하다	/ˈwɛɫd/	동사	Her gratitude welded her to him
facade	정면 | 허울 | 전면	/fəˈsɑd/	명사	
conserve	보존하다 | 설탕저림으로 하다	/kənˈsɝv/	동사	Energy is conserved in this process
divulge	비밀을 누설하다 | 폭로하다	/daɪˈvəɫdʒ/	동사	
gab	능변 | 갈고리 | 쓸데없는 지껄임	/ˈɡæb/	명사	
quartet		/kwɔɹˈtɛt/	명사	He joined a barbershop quartet
silicone		/ˈsɪɫəˌkoʊn/	명사	
tanning	무두질	/ˈtænɪŋ/	명사	
breathless	숨가쁜 | 바람 없는	/ˈbɹɛθɫəs/	형용사	A breathless flight
smacking	입맛 다시는	/ˈsmækɪŋ/	명사	
mantra	기도 | 진언	/ˈmæntɹə/	명사	She repeated `So pleased with how its going' at intervals like a mantra
epiphany		/ɪˈpɪfəni/	명사	
motherhood	어머니 | 모성 | 어머니임	/ˈməðɝˌhʊd/	명사	
decor		/ˈdeɪkɔɹ/	명사	
perch	횃대	/ˈpɝtʃ/	동사	She perched her hat on her head
flux	변전하다 | 이상유출 | 설사시키다	/ˈfɫəks/	명사	His opinions are in flux
totem	토템 | 토템상	/ˈtoʊtəm/	명사	
secluded	외진 | 세상에서 격리된 | 그윽히	/sɪˈkɫudɪd/	형용사	A secluded romantic spot
smother	쉬쉬하다 | 눌러 참다 | 찜으로 하다	/ˈsməðɝ/	동사	Smother the meat in gravy
patronize	후원하다	/ˈpætɹəˌnaɪz/	동사	We patronize this store
mower	풀깎는 기계 | 풀베는 사람	/ˈmoʊɝ/	명사	
pediatrician	소아과 의사	/ˌpidiəˈtɹɪʃən/	명사	
jehovah	여호와	/dʒəˈhoʊvə/	명사	
thunk		/ˈθənk/	명사	The basketball made a thunk as it hit the rim
tract	소책자 | 팜플렛	/ˈtɹækt/	명사	
pliers	굽히는 사람 | 집게	/ˈpɫaɪɝz/	명사	
pooch	잡종개	/ˈputʃ/	동사	
anti	반대론자	/ˈænˌtaɪ/	형용사	The antis smelled victory after a long battle
reinstate	복위시키다 | 원상태로 하다 | 건강을 회복시키다	/ˌɹiɪnˈsteɪt/	동사	
stricken	덮친	/ˈstɹɪkən/	형용사	
zeta		/ˈzeɪtə/	명사	
tandy		/ˈtændi/	명사	
dizziness	현기증	/ˈdɪzinəs/	명사	
knowingly	아는 체하고 | 약삭 빠르게	/ˈnoʊɪŋɫi/	부사	
newcastle		/ˈnuˌkæsəɫ/	명사	
groves		/ˈɡɹoʊvz/	명사	
blabber	떠버리	/ˈbɫæbɝ/	명사	
plural		/ˈpɫʊɹəɫ/	형용사	
curriculum	공과 | 교정 | 이력	/kɝˈɪkjəɫəm/	명사	
firehouse	소방 기구고	/ˈfaɪɝˌhaʊs/	명사	
pug	자귀짚다 | 이긴 흙	/ˈpəɡ/	명사	
savvy		/ˈsævi/	동사	
chopin	쇼팽	/ˈʃoʊpæn/	명사	He practiced Chopin day and night
rebekah	리브가		명사	
dictated		/ˈdɪkˌteɪtɪd/	형용사	The dictated terms of surrender
siding	마늘판벽 | 편들기 | 대피선	/ˈsaɪdɪŋ/	명사	
peking	북경	/ˈpiˈkɪŋ/	명사	
valor		/ˈvæɫɝ/	명사	He received a medal for valor
dahlia	달리아 | 천축모란	/ˈdæɫjə/	명사	
affordable		/əˈfɔɹdəbəɫ/	형용사	
scrawny	말라빠진 | 야윈	/ˈskɹɔni/	형용사	A long scrawny neck
disorderly	난잡하다	/dɪˈsɔɹdɝɫi/	형용사	Disorderly youths
psi		/ˈsaɪ/	명사	
unattractive	매력적이 아닌	/ˌənəˈtɹæktɪv/	형용사	As unattractive as most mining regions
eulogy	찬사 | 찬양	/ˈjuɫədʒi/	명사	
gingerbread		/ˈdʒɪndʒɝˌbɹɛd/	명사	
misdemeanor	경범죄	/ˌmɪsdəˈminɝ/	명사	
optimist	낙천가	/ˈɑptəmɪst/	명사	
commons	하원의원들 | 서민 계급	/ˈkɑmənz/	명사	
mugging		/ˈməɡɪŋ/	명사	
baby-sit		/ˈbeɪbiˌsɪt/	동사	I baby-sit the neighbor's plants when she is out of town
cayman		/ˈkeɪmən/	명사	
possessive		/pəˈzɛsɪv/	형용사	Possessive pronouns
shutdown	휴업 | 공장 폐쇄	/ˈʃətˌdaʊn/	명사	
compressed	압축된 | 편평한 | 간결한	/kəmˈpɹɛst/	형용사	With lips compressed
czechoslovakia	체코슬로바키아	/ˌtʃɛkəsɫoʊˈvɑkiə/	명사	
geologist	지질학자	/dʒiˈɑɫədʒəst/	명사	
crossbow	석궁 | 석궁사수	/ˈkɹɔsˌboʊ/	명사	
aspiring	큰뜻이 있는 | 열망하는	/əˈspaɪɹɪŋ/	형용사	
autism	자폐증	/ˈɔˌtɪzəm/	명사	
fateful		/ˈfeɪtfəɫ/	형용사	A fateful error
leningrad	레닌그라드	/ˈɫɛnənˌɡɹæd/	명사	
lexington		/ˈɫɛksɪŋtən/	명사	
cremation	화장론 | 화장론자 | 소각	/kɹiˈmeɪʃən/	명사	
petroleum	석유	/pəˈtɹoʊɫiəm/	명사	
moped		/ˈmoʊpɛd/	명사	
dysfunctional		/dɪsˈfəŋkʃənəɫ/	형용사	Dysfunctional behavior
picturing		/ˈpɪktʃɝɪŋ/	명사	
debrief		/dɪˈbɹif/	동사	The released hostages were debriefed
make-believe			명사	The make-believe world of theater
barbershop	밀집 위치의 | 이발소-반음 차인	/ˈbɑɹbɝˌʃɑp/	명사	
rana		/ˈɹænə/	명사	
condone	묵과하다 | 속죄하다	/kənˈdoʊn/	동사	She condoned her husband's occasional infidelities
excitedly		/ɪkˈsaɪtədɫi/	부사	She shook his hand excitedly
antarctic	남극의 | 남빙양	/æˈnɑɹtɪk/	명사	
manned	유인의 | 사람이 탄	/ˈmænd/	형용사	Mr. Smith manned the reception desk in the morning
awaited		/əˈweɪtɪd/	형용사	
chaser	조금사 | 체이서 | 쫓는 사람	/ˈtʃeɪsɝ/	명사	
subbing		/ˈsəbɪŋ/	명사	
chatty	기탄없는 | 허물없는	/ˈtʃæti/	형용사	
readily	손쉽게 | 선뜻 | 서슴없이	/ˈɹɛdəɫi/	부사	These snakes can be identified readily
gunny	즈크 자루	/ˈɡəni/	명사	
baffled		/ˈbæfəɫd/	명사	The children's faces clearly expressed the frustration of the baffled
insatiable	만족할줄 모르는 | 탐욕스러운	/ˌɪnˈseɪʃəbəɫ/	형용사	An insatiable demand for old buildings to restore
skater		/ˈskeɪtɝ/	명사	
upstanding		/ˈəpˌstændɪŋ/	형용사	An upstanding member of the community
spacious	넓찍한 | 망망 | 너르다	/ˈspeɪʃəs/	형용사	A spacious view
foolproof		/ˈfuɫˌpɹuf/	형용사	Foolproof this appliance
nutter		/ˈnətɝ/	명사	
confine	국경	/kənˈfaɪn/	동사	
leone		/ɫiˈoʊn/	명사	
daydreaming		/ˈdeɪˌdɹimɪŋ/	명사	She looked out the window, daydreaming
incest		/ˈɪnˌsɛst/	명사	
unanswered	대답 없는 | 논박되지 않은	/ˌəˈnænsɝd/	형용사	Unrequited (unanswered) love
exaggeration	과장적 표헌	/ɪɡˌzædʒɝˈeɪʃən/	명사	The dance involved a deliberate exaggeration of his awkwardness
shorten	생략하다 | 짧게 하다	/ˈʃɔɹtən/	동사	Shorten the skirt
guise	가면 | 구실 | 외관	/ˈɡaɪz/	명사	Under the guise of friendship he betrayed them
graze	스치기	/ˈɡɹeɪz/	동사	She was grazed by the stray bullet
clarinet	클라리넷	/ˌkɫɛɹəˈnɛt/	명사	
cuddly	껴안고 싶어하는	/ˈkədɫi/	형용사	A cuddly teddybear
scavenger		/ˈskævəndʒɝ/	명사	
middleman	브로커 | 중간 상인 | 매개자	/ˈmɪdəɫˌmæn/	명사	
baa	매애	/ˌbiˌeɪˈeɪ/	명사	
propane	프로판	/ˈpɹoʊˌpeɪn/	명사	
sickening	통한 | 병나게 하는 | 욕지기나게 하는	/ˈsɪkənɪŋ/	형용사	A sickening stench
toothache	치통		명사	
altercation	격론	/ˌɑɫtɝˈkeɪʃən/	명사	
tudor	튜더양식 | 튜더 왕가의	/ˈtjudɝ/	명사	Tudor furniture
freckle	주근깨 | 얼룩이 생기다	/ˈfɹɛkəɫ/	명사	I freckle easily
furthest		/ˈfɝθəst/	부사	He swam the furthest
enraged		/ɛnˈɹeɪdʒd/	형용사	The enraged bull attached
unpopular	인기없는 | 시세 없는	/ˌənˈpɑpjəɫɝ/	형용사	Unpopular ideas
locating		/ˈɫoʊˌkeɪtɪŋ/	명사	
ordinance	법령 | 포	/ˈɔɹdənəns/	명사	
grocer	식료품상	/ˈɡɹoʊsɝ/	명사	
courtship	구혼기간 | 구애 | 구혼	/ˈkɔɹˌtʃɪp/	명사	Its was a brief and intense courtship
ripple	물결모양 | 삼바디 | 웨이브	/ˈɹɪpəɫ/	명사	
conjure	기원하다 | 마법을 쓰다	/ˈkɑndʒɝ/	동사	He conjured wild birds in the air
winch	윈치	/ˈwɪntʃ/	명사	Winch up the slack line
glorified		/ˈɡɫɔɹəˌfaɪd/	형용사	The victory over the enemy glorified the Republic
mongrel	주로개		명사	
chlorine	염소	/ˈkɫɔɹin/	명사	
radiology	방사선학	/ˌɹeɪdiˈɑɫədʒi/	명사	
soggy	누기 있는 | 물에 잠긴 | 물에 적신	/ˈsɑɡi/	형용사	
regal	레갈 | 제왕다운 | 왕의	/ˈɹiɡəɫ/	형용사	
boycott	보이콧 | 불매동맹 | 배척하다	/ˈbɔɪˌkɑt/	동사	
unclean	부정하다 | 불결하다	/ənˈkɫin/	형용사	Wore an unclean shirt
mesa	대지	/ˈmeɪsə/	명사	The tribe was relatively safe on the mesa but they had to descend into the valley for water
excursion	수학여행 | 단체여행 | 관광단	/ɪkˈskɝʒən/	명사	Many summer excursions to the shore
heartland	심장지대	/ˈhɑɹtˌɫænd/	명사	
gm	유도탄	/ˌdʒiˈɛm/	명사	
spontaneously	자연스럽게 | 자발적 | 자발적으로	/spɑnˈteɪniəsɫi/	부사	This shift occurs spontaneously
dun	독촉장	/ˈdən/	동사	The dun and dreary prairie
modification	수정 | 수식	/ˌmɑdəfəˈkeɪʃən/	명사	A modification of last year's model
feces	변 | 배설물	/ˈfiˌsiz/	명사	
horde	군중 | 큰 무리	/ˈhɔɹd/	명사	
premise	전제 | 미리 말하다	/ˈpɹɛmɪs/	동사	He premised these remarks so that his readers might understand
campaigning	유세	/kæmˈpeɪnɪŋ/	명사	
obstinate	막무가내 | 완강한 | 완고한	/ˈɑbstənət/	형용사	An obstinate child with a violent temper
fiver			명사	
outburst	돌발 | 폭팔	/ˈaʊtˌbɝst/	명사	An outburst of heavy rain
diaphragm	횡경막 | 진동판 | 격막	/ˈdaɪəˌfɹæm/	명사	The new cameras adjust the diaphragm automatically
handbook	교본 | 편람 | 안내서	/ˈhændˌbʊk/	명사	
serb	세르비아의 | 세르비아 사람	/ˈsɝb/	명사	
derived	파생된	/dɝˈaɪvd/	형용사	The belief that classes and organizations are secondary and derived
croak	목쉰 소리 | 원망하는 말 | 까악까악 울다	/ˈkɹoʊk/	동사	
executing		/ˈɛksəkˌjutɪŋ/	명사	
interim	가협정 | 잠정조치 | 잠정협정	/ˈɪnɝəm/	형용사	An interim agreement
rosary	로자리오 | 장미꽃밭 | 장미화단	/ˈɹoʊzɝi/	명사	
scourge	채찍	/ˈskɝdʒ/	명사	
tic	안면	/ˈtɪk/	명사	
adrift	표류하여 | 헤매어 | 떠돌아	/əˈdɹɪft/	형용사	The boat wasset adrift
bisexual	양성애자 | 양성애	/ˌbaɪˈsɛkʃuəɫ/	명사	
pointer	지극성 | 포인터 | 지침	/ˈpɔɪntɝ/	명사	
eradicate	근절하다	/ɪˈɹædəˌkeɪt/	동사	
spunk	부싯깃	/ˈspəŋk/	명사	He kept fighting on pure spunk
three-way		/ˈθɹiˌweɪ/	형용사	A three-way playoff
self-conscious		/ˌsɛɫfˈkɑnʃəs/	형용사	Self-conscious awareness
inning	이닝 | 재임기간 | 칠차례	/ˈɪnɪŋ/	명사	
expendable	소비되는 | 소모품	/ɪkˈspɛndəbəɫ/	형용사	
ono		/ˈoʊnoʊ/	명사	
hazy	이내낀 | 뿌옇다 | 몽롱한	/ˈheɪzi/	형용사	
relocate	이전시키다 | 강제소거시키다 | 다시 배치하다	/ˌɹiˈɫoʊkeɪt/	동사	Our company relocated to the Midwest
sunflower	해바라기	/ˈsənˌfɫaʊɝ/	명사	
irritable	반응하는	/ˈɪɹətəbəɫ/	형용사	
hanger	옷걸이 | 거는 사람 | 매단 광고	/ˈhæŋɝ/	명사	
silky	반드러운 | 비단의	/ˈsɪɫki/	형용사	
popsicle	아이스 캔디	/ˈpɑpsɪkəɫ/	명사	In England a popsicle is called an ice lolly
urging	채근	/ˈɝdʒɪŋ/	명사	
moroccan	모로코의	/mɝˈɑkən/	형용사	Moroccan mosques cannot be entered by infidels
encyclopedia		/ɪnˌsaɪkɫəˈpidiə/	명사	
stripe	줄무늬 | 자국	/ˈstɹaɪp/	명사	They earned their stripes in Kuwait
stationary	정지한	/ˈsteɪʃəˌnɛɹi/	형용사	Stationary machinery
ptsd		/ˌpiˈtiˌɛsˈdi/	명사	
dink		/ˈdɪŋk/	명사	
parched	목마른 | 메마르다 | 바짝 마른	/ˈpɑɹtʃt/	형용사	The sun parched the earth
guinness		/ˈɡɪnəs/	명사	
ravioli	라비올리	/ˌɹæviˈoʊɫi/	명사	
helsinki		/ˈhɛɫsɪŋki/	명사	
excruciating	몹시 괴로운 | 맹렬하다	/ɪksˈkɹuʃiˌeɪtɪŋ/	형용사	
consensual	합의상의	/kənˈsɛnsuəɫ/	형용사	A consensual contract
compute	추정하다 | 어림하다	/kəmˈpjut/	동사	
overjoyed		/ˌoʊvɝˈdʒɔɪd/	형용사	The economic growth overjoyed the German industry
durga			명사	The inaccessible Durga
stereotype	연판 | 상투 수단 | 판에 박다	/ˈstɛɹiəˌtaɪp/	명사	I was stereotyped as a lazy Southern European
raiding		/ˈɹeɪdɪŋ/	형용사	A raiding party
sustainable		/səˈsteɪnəbəɫ/	형용사	
commissar	인민위원	/ˈkɑməˌsɑɹ/	명사	
soiled	지저분하다 | 때묻다	/ˈsɔɪɫd/	형용사	
standpoint	견지	/ˈstændˌpɔɪnt/	명사	
fruity	남성애의	/ˈfɹuti/	형용사	
watcher		/ˈwɑtʃɝ/	명사	Sky watchers discovered a new star
thereafter	후로는	/ðɛˈɹæftɝ/	부사	Thereafter he never called again
drifter	표류자 | 유망 어선 | 소해선	/ˈdɹɪftɝ/	명사	
fairytale		/ˈfɛɹiˌteɪɫ/	명사	
intimately	친밀히	/ˈɪntəmətɫi/	부사	The two phenomena are intimately connected
wrapper		/ˈɹæpɝ/	명사	
alchemy	연금술	/ˈæɫkəmi/	명사	A mysterious alchemy brought them together
antimatter	반물질	/ætaɪˈmætɝ/	명사	
withered	이운 | 쇠퇴한 | 시든	/ˈwɪðɝd/	형용사	He did well despite his withered arm
saki		/ˈsɑki/	명사	
rutherford	리더퍼드	/ˈɹəθɝfɝd/	명사	
deprivation	저해 | 수탈	/ˌdɛpɹəˈveɪʃən/	명사	Deprivation of civil rights
loren		/ˈɫɔɹən/	명사	
curing		/ˈkjʊɹɪŋ/	명사	
delude	매혹시키다	/dɪˈɫud/	동사	
eject	토해내다 | 분출하다	/ɪˈdʒɛkt/	동사	
banzai			명사	
botched		/ˈbɑtʃt/	형용사	I botched the dinner and we had to eat out
botox		/ˈboʊˌtɔks/	명사	
pinto	얼룩의-얼룩말 | 얼룩 잠두	/ˈpɪnˌtoʊ/	명사	
tinkle		/ˈtɪŋkəɫ/	동사	
supplement	보족 | 추가하다 | 보충	/ˈsəpɫəmənt/	명사	Supplement your diet
overcook		/ˌoʊvɝˈkʊk/	동사	The vegetables were completely overcooked
immerse	빠뜨리다 | 휩쓸어 넣다 | 열중시키다	/ˌɪˈmɝs/	동사	Immerse yourself in hot water
rollo		/ˈɹɑɫoʊ/	명사	
crucifix	십자가 | 그리수도 수난상	/ˈkɹusəˌfɪks/	명사	
tamed	길든	/ˈteɪmd/	형용사	The once inhospitable landscape is now tamed
czar	황제 | 군주 | 권력자	/ˈzɑɹ/	명사	
seismic	지진의	/ˈsaɪzmɪk/	형용사	
asphalt	아스팔트	/ˈæsˌfɔɫt/	명사	Asphalt the driveway
bowed	활 모양의 | 머리를 숙인 | 굽은	/ˈbaʊd/	형용사	He bowed before the King
floorboard	바닥 | 바닥널 | 청널	/ˈfɫɔɹˌbɔɹd/	명사	
tycoon		/taɪˈkun/	명사	
aristocrat	귀족	/ɝˈɪstəˌkɹæt/	명사	
recurring	회귀하는 | 순환하는	/ɹiˈkɝɪŋ/	형용사	This is a recurring story
epilepsy	지랄병 | 간질 | 경련	/ˈɛpəˌɫɛpsi/	명사	
shakily	비틀거리며		부사	This theory is rather shakily supported by some obscure data
self-centered		/ˈsɛɫfˈsɛntɝd/	형용사	
poacher		/ˈpoʊtʃɝ/	명사	
balm	바향수지 | 서양박하	/ˈbɑɫm/	명사	
nagasaki		/ˌnɑɡɑˈsɑki/	명사	
cooker	요리 도구	/ˈkʊkɝ/	명사	
georgetown		/ˈdʒɔɹdʒˌtaʊn/	명사	The city was called Stabroek by the Dutch but was renamed Georgetown by the British in 1812
mach		/ˈmɑk/	명사	
quirky	꾀바른 | 변덕스러운	/ˈkwɝki/	형용사	
steamer	증기기관 | 찌는 기구 | 기선	/ˈstimɝ/	명사	
nim			명사	
flunk	낙제	/ˈfɫəŋk/	명사	He got two flunks on his report
sparring	복싱	/ˈspɑɹɪŋ/	명사	The gamecocks were sparring
blackberry	검은 딸기	/ˈbɫækˌbɛɹi/	명사	The children went blackberrying
fiercely	맹모단기 | 맹모삼천 | 사납게	/ˈfɪɹsɫi/	부사	They fought fiercely
impound	둘러싸다 | 모으다 | 우리속에 넣다	/ˌɪmˈpaʊnd/	동사	The customs agents impounded the illegal shipment
bengal	벵골 | 벵골비단	/ˈbɛŋɡəɫ/	명사	
cache	저장물 | 저장 땅굴 | 저장소	/ˈkæʃ/	명사	
lifeboat	구명정	/ˈɫaɪfˌboʊt/	명사	
rhine	라인강	/ˈɹaɪn/	명사	
consequently	따라서	/ˈkɑnsəˌkwɛntɫi/	부사	Consequently, he didn't do it
shim		/ˈʃɪm/	명사	
rosewood	자단	/ˈɹoʊzˌwʊd/	명사	
larva	유생 | 유충	/ˈɫɑɹvə/	명사	
yeti	그재목	/ˈjɛti/	명사	
fluttering	훨훨 | 활개젓는	/ˈfɫətɝɪŋ/	명사	
mandela		/ˌmænˈdɛɫə/	명사	
aphrodite		/ˌæfɹəˈdaɪti/	명사	
snuggle	다가붙다	/ˈsnəɡəɫ/	동사	The children snuggled into their sleeping bags
riled		/ˈɹaɪɫd/	형용사	Riled no end by his lies
turnover	총매상고 | 접은 것 | 인사 이동	/ˈtɝˌnoʊvɝ/	명사	
misleading	오도하는 | 현혹시키는	/mɪˈsɫidɪŋ/	형용사	A misleading similarity
preside	사회하다	/pɹiˈzaɪd/	동사	Preside over companies and corporations
kicker	차는 것 | 되튀는 것 | 차는 사람	/ˈkɪkɝ/	명사	
ordained		/ɔɹˈdeɪnd/	형용사	An ordained priest
nassau	내소	/ˈnæsɔ/	명사	
hombre		/ˈhɑmbɹə/	명사	
brazen	놋쇠빛의 | 놋쇠로만든 | 뻔뻔스럽게하다	/ˈbɹeɪzən/	형용사	Brazen arrogance
stitching		/ˈstɪtʃɪŋ/	명사	
nook	숨는 곳 | 한구석 | 구석구석진 곳	/ˈnʊk/	명사	
cyclone	대폭풍 | 온대성저기압 | 집진 장치	/sɪˈkɫoʊn/	명사	
lovingly		/ˈɫəvɪŋɫi/	부사	
colonist	식민지 주민 | 외래 동식물 | 식민지 이주자	/ˈkɑɫənɪst/	명사	
unwise	슬기없는	/ənˈwaɪz/	형용사	An unwise investor is soon impoverished
affliction	번뇌 | 불행의 원인	/əˈfɫɪkʃən/	명사	
aspire	지원하다 | 갈망하다 | 동경하다	/əˈspaɪɹ/	동사	
hooch	주류 | 밀주	/ˈhutʃ/	명사	
laceration	열상 | 잡아찢음	/ˌɫæsɝˈeɪʃən/	명사	
tasteless	무미 | 아취 없는 | 무미건조	/ˈteɪstɫəs/	형용사	
welch		/ˈwɛɫtʃ/	동사	
unbreakable	깨지지않는	/ənˈbɹeɪkəbəɫ/	형용사	Unbreakable plastic dinnerwear
carnal	현세적인 | 육감적인 | 육욕적인	/ˈkɑɹnəɫ/	형용사	Carnal knowledge
generic	총칭적인 -속명	/dʒəˈnɛɹɪk/	명사	The generic name
melodramatic	신파조의 | 멜로 드라마식의	/ˌmɛɫədɹəˈmætɪk/	형용사	An attitude of melodramatic despair
distressing	괴롭히는	/dɪˈstɹɛsɪŋ/	형용사	Distressing (or disturbing) news
sentinel	보초 | 파수병 | 망보다	/ˈsɛntənəɫ/	명사	
yelping		/ˈjɛɫpɪŋ/	명사	
projecting		/pɹəˈdʒɛktɪŋ/	형용사	
nepal		/nəˈpɔɫ/	명사	
unattended	방치된	/ənəˈtɛndɪd/	형용사	Unattended women
hellhole			명사	
efficiently		/ɪˈfɪʃəntɫi/	부사	He functions efficiently
wobbly		/ˈwɑbəɫi/	형용사	A wobbly chair with shaky legs
recruitment	신규모집 | 신병모집 | 채용	/ɹəˈkɹutmənt/	명사	
lasalle		/ɫəˈsæɫ/	명사	
emphasize		/ˈɛmfəˌsaɪz/	동사	Her gesture emphasized her words
scat	꺼져 | 빨리 가	/ˈskæt/	명사	
aired		/ˈɛɹd/	형용사	She aired her opinions on welfare
chardonnay		/tʃɑɹˈdɑneɪ/	명사	
nigeria	나이지리아	/naɪˈdʒɪɹiə/	명사	
monetary	금전적 | 금전상의	/ˈmɑnəˌtɛɹi/	형용사	Monetary rewards
lowry		/ˈɫaʊɹi/	명사	
combining		/kəmˈbaɪnɪŋ/	명사	
vixen	여자 | 암여우 | 쨍쨍대는	/ˈvɪksɪn/	명사	
napping		/ˈnæpɪŋ/	형용사	The blow caught him napping
deactivate		/ˌdiˈæktɪˌveɪt/	동사	They deactivated the file
regrettable	안된 | 아깝다 | 개탄할	/ɹɪˈɡɹɛtəbəɫ/	형용사	Regrettable remarks
evasion	기피 | 모면 | 둘러댐	/iˈveɪʒən/	명사	His evasion of all his creditors
clementine	클레멘타인	/ˈkɫɛmənˌtaɪn/	명사	
overwork	과로하다 | 초과근무 | 과로시키다	/ˌoʊvɝˈwɝk/	동사	He became ill from overwork
waterproof	레인코트 | 방수재료 | 방수처리	/ˈwɔtɝˌpɹuf/	명사	Waterproof the coat
alamo	얄은 비단	/ˈæɫəmoʊ/	명사	
salome		/səˈɫoʊmi/	명사	
halibut	핼리벗	/ˈhæɫəbət/	명사	
communicator	통보기 | 발신기 | 전달자	/kəmˈjunəˌkeɪtɝ/	명사	
laced	끈이 달린	/ˈɫeɪst/	형용사	Snugly laced shoes
phi		/ˈfaɪ/	명사	
supervising		/ˈsupɝˌvaɪzɪŋ/	명사	
garnish	문식 | 고명 | 압류하다	/ˈɡɑɹnɪʃ/	명사	His employer garnished his wages in order to pay his debt
spruce	가문비나무속의 나무 | 말쑥한 | 말쑥하게 하다	/ˈspɹus/	명사	He spruced up for the party
implicate	포함된것 | 관련시키다 | 엉키게하다	/ˈɪmpɫɪˌkeɪt/	동사	He is implicated in the scheme to defraud the government
leper	문둥이	/ˈɫɛpɝ/	명사	
ponder	헤아리다	/ˈpɑndɝ/	동사	
femur	대퇴골	/ˈfimɝ/	명사	
technicality	전문적임 | 학술사항	/ˌtɛknɪˈkæɫɪti/	명사	
double-check		/ˈdəbəɫˌtʃɛk/	동사	
situated	입장에 놓인	/ˈsɪtʃuˌeɪtɪd/	형용사	Nicely situated on a quiet riverbank
vindictive		/vɪnˈdɪktɪv/	형용사	More vindictive than jealous love
twit			명사	
shogunate			명사	
mural	벽의 | 벽에 걸린	/ˈmjʊɹəɫ/	명사	
enlarged		/ˌɛnˈɫɑɹdʒd/	형용사	Enlarged joints
glittering	반짝임	/ˈɡɫɪtɝɪŋ/	형용사	His glittering eyes were cold and malevolent
woven	휘둘리다	/ˈwoʊvən/	형용사	Folk songs woven into a symphony
contender		/kənˈtɛndɝ/	명사	
orpheus	오르페우스 | 아름다운 음률의	/ˈɔɹfiəs/	명사	
hammock	해먹	/ˈhæmək/	명사	
prolong	연장하다 | 늘이다	/pɹəˈɫɔŋ/	동사	We prolonged our stay
whistler	흥머리오리 | 마모트의 무리	/ˈhwɪsɫɝ/	명사	
chihuahua	치와와	/ˌtʃiˈwɑwə/	명사	
tehran		/ˌteɪˈɹɑn/	명사	
pasadena		/ˌpæsəˈdinɝ/	명사	
stroller	산책자 | 유모차	/ˈstɹoʊɫɝ/	명사	
bs		/ˌbiˈɛs/	명사	
issuing		/ˈɪʃuɪŋ/	명사	
ie			명사	
proprietor		/pɹəˈpɹaɪətɝ/	명사	
speciality	특산품 | 특제품 | 특별 요리	/ˌspɛʃiˈæɫɪti/	명사	
centered	집중한 | 중심에 있는 | 중심이 있는	/ˈsɛntɝd/	형용사	That vase in the picture is not centered
rosita		/ɹoʊˈzitə/	명사	
sos	구원요청 | 구조신호 | 조난 신호	/ˌɛˌoʊˈɛs/	명사	
starry	별이 많은 | 별처럼 빛나는	/ˈstɑˌɹi/	형용사	Starry illumination
hubbard		/ˈhəbɝd/	명사	
lolly		/ˈɫɑɫi/	명사	In England a popsicle is called an ice lolly
sit-down			명사	
savoy	프랑스 남동부지방	/səˈvɔɪ/	명사	
fahrenheit	화씨의	/ˈfɛɹənˌhaɪt/	명사	Water freezes at 32 degrees Fahrenheit under normal conditions
chaste	순결한 | 난잡하지 않은	/ˈtʃeɪst/	형용사	A holy woman innocent and chaste
buttercup	미나리아재비	/ˈbətɝˌkəp/	명사	
berth	정박시키다	/ˈbɝθ/	명사	
stoner		/ˈstoʊnɝ/	명사	
hitter	타자	/ˈhɪtɝ/	명사	Blacksmiths are good hitters
anonymity	익명 | 무명 | 작자 불명	/ˌænəˈnɪmɪti/	명사	
clipping	생략 | 벗들어진 | 잡보난	/ˈkɫɪpɪŋ/	명사	He searched through piles of letters and clippings
mod		/ˈmɔd/	명사	
dia		/ˈdiə/	명사	
insecurity	불확실 | 불안정	/ˌɪnsɪkˈjʊɹɪti/	명사	
incriminate	죄에빠뜨리다 | 힐난하다	/ˌɪnˈkɹɪməˌneɪt/	동사	
chloroform	클로로포름 | 클로로포름으로 마취하다	/ˈkɫɔɹəˌfɔɹm/	명사	Chloroform was the first inhalation anesthetic
poised		/ˈpɔɪzd/	형용사	George's poised hammer
abrupt	느닷없는 | 험준한 | 확연	/əˈbɹəpt/	형용사	An abrupt reply
exodus		/ˈɛksədəs/	명사	
refinery	정제소	/ɹɪˈfaɪnɝi/	명사	
gonzo		/ˈɡɑnzoʊ/	형용사	
proclaimed		/pɹoʊˈkɫeɪmd/	형용사	He was proclaimed King
kuwait	아라비아 북동	/kuˈweɪt/	명사	
rustic	꾸림없는 | 불규칙체의 | 시골뜨기의	/ˈɹəstɪk/	형용사	Rustic awkwardness
dislocated		/ˈdɪsɫoʊkeɪtɪd/	형용사	A dislocated knee
celsius	섭씨 | 셀시우스	/ˈsɛɫsiəs/	명사	
mane	갈기 | 목털	/ˈmeɪn/	명사	
confessional	고해 | 고백의 | 고해소	/kənˈfɛʃənəɫ/	명사	
sideshow		/ˈsaɪdˌʃoʊ/	명사	Instruction is not an educational sideshow
polio	소아마비	/ˈpoʊɫiˌoʊ/	명사	
hoe	괭이 | 괭이로 갈다 | 괭이로 파다	/ˈhoʊ/	명사	He is hoeing the flower beds
motorway			명사	
sayonara			명사	
lastly	최후에	/ˈɫæstɫi/	부사	
dupe		/ˈdup/	동사	The immigrant was duped because he trusted everyone
spout	회오리 | 전당잡히다 | 도도히 말하다	/ˈspaʊt/	동사	
smothered		/ˈsməðɝd/	형용사	A smothered cough
micro	마이크로 | 미소,소 | 마이크로스커트	/ˈmaɪˌkɹoʊ/	형용사	
teapot	찻주전자	/ˈtiˌpɑt/	명사	
healthcare		/ˈhɛɫθˌkɛɹ/	명사	
toxicology	독물학	/ˌtɑksɪˈkɑɫədʒi/	명사	
climber	등반가 | 반목조류 | 기어오르느 사람	/ˈkɫaɪmɝ/	명사	The lead climber looked strong still but his partner often slumped in his ropes
opal	단백석 | 오팔	/ˈoʊpəɫ/	명사	
contend	항쟁하다 | 논쟁하다 | 투쟁하다	/kənˈtɛnd/	동사	He contended that Communism had no future
built-in		/ˈbɪɫˌtɪn/	형용사	The Ptolemaic system with its built-in concept of periodicity
switchboard	교환대 | 배전반	/ˈswɪtʃˌbɔɹd/	명사	
sana		/ˈsɑnə/	명사	
disoriented		/dɪˈsɔɹiˌɛntɪd/	형용사	The anesthetic left her completely disoriented
cater	네 끗 | 네 끗패	/ˈkeɪtɝ/	동사	
facilitate	쉽게 하다 | 촉진하다	/fəˈsɪɫəˌteɪt/	동사	The stimulus facilitates a delayed impulse
vigorous	활기에 찬 | 원기가 있는 | 강장	/ˈvɪɡɝəs/	형용사	A vigorous hiker
excel	뛰어나다 | 판치다 | 촌철살인	/ɪkˈsɛɫ/	동사	
fraulein			명사	
reggae	레게	/ˈɹɛˌɡeɪ/	명사	
revere	경외하다 | 숭배하다	/ɹɪˈvɪɹ/	동사	
lore	전승	/ˈɫɔɹ/	명사	Early peoples passed on plant and animal lore through legend
creditor	채권자 | 대변	/ˈkɹɛdətɝ/	명사	
activating		/ˈæktəˌveɪtɪŋ/	명사	
composite	복합물 | 혼합객차 | 합성물	/kɑmˈpɑzət/	명사	
hindsight	후부가늠자	/ˈhaɪnˌsaɪt/	명사	Hindsight is always better than foresight
bedding	이불 | 깃 | 기반	/ˈbɛdɪŋ/	명사	
craven	겁나게하다 | 비겁한 | 겁많은	/ˈkɹeɪvən/	형용사	The craven fellow turned and ran
shitless			형용사	He was scared shitless
first-rate		/ˌfɝˈstɹeɪt/	형용사	A first-rate golfer
songwriter	작사가 | 작사 작곡가	/ˈsɔŋˌɹaɪtɝ/	명사	
scented	향수 비누 | 햐수룰 뿌린	/ˈsɛntɪd/	형용사	Scented flowers
plankton	플랑크톤	/ˈpɫæŋktən/	명사	
locomotive	기관차 | 발 | 이동력있는	/ˌɫoʊkəˈmoʊtɪv/	명사	
jolt	덜컹거림 | 덜컹거리다	/ˈdʒoʊɫt/	명사	The door closed with a jolt
overcoat	코트 | 외투감 | 외투	/ˈoʊvɝˌkoʊt/	명사	
conscientious	양심적 | 세심한 | 신중한	/ˌkɑnʃiˈɛnʃəs/	형용사	Conscientious application to the work at hand
venetian	베니스의 | 베니스사람 | 베니스풍의	/vəˈniʃən/	명사	Venetian canals
calder		/ˈkɔɫdɝ/	명사	
logistics	병참 | 병참술 | 물류	/ɫəˈdʒɪstɪks/	명사	
dieter		/ˈditɝ/	명사	
rampant	뒷발로 일어선 | 만연하다 | 유행하는	/ˈɹæmpənt/	형용사	Rampant aggression
whitehall	영국 정부 | 런던의 관청가	/ˈhwaɪtˌhɔɫ/	명사	
hock	전당 | 과관절 | 전당잡히다	/ˈhɑk/	동사	
chrome	크롬 | 크롬염료	/ˈkɹoʊm/	명사	Chrome bathroom fixtures
sandman	잠귀신	/ˈsændˌmæn/	명사	
balancing		/ˈbæɫənsɪŋ/	명사	He was balancing on one foot
oxen		/ˈɑksən/	명사	
superhuman	신기의 | 신의 | 초인적인	/ˌsupɝˈhjumən/	형용사	Superhuman beings
dossier	일건 서류	/ˌdɔsˈjeɪ/	명사	
waxed		/ˈwækst/	형용사	
infest	횡행하다 | 창궐하다 | 만연하다	/ˌɪnˈfɛst/	동사	The roaches infested our kitchen
folklore	민간전승	/ˈfoʊˌkɫɔɹ/	명사	
turban	터번	/ˈtɝbən/	명사	
warm-up			명사	
ade		/ˈeɪd/	명사	
courteous	친절한 | 예의적 | 정중한	/ˈkɝtiəs/	형용사	If a man be gracious and courteous to strangers it shows he is a citizen of the world
baptize	명명하다 | 정하게 하다	/bæpˈtaɪz/	동사	The parents had the child baptized
bowing	보잉 | 운궁법	/ˈbaʊɪŋ/	명사	The violinist's bowing was excellent
amiss	적절하지 않은	/əˈmɪs/	부사	Something is amiss
hex	마법을 걸다	/ˈhɛks/	명사	
detergent	세제 | 세정제	/dɪˈtɝdʒənt/	명사	
afflicted	거북하다	/əˈfɫɪktɪd/	형용사	She was afflicted by the death of her parents
reboot		/ɹiˈbut/	동사	
pining		/ˈpaɪnɪŋ/	명사	I am pining for my lover
nazareth		/ˈnæzəɹɪθ/	명사	
insubordination	반항반항행위 | 거역 | 순종치 않음	/ˌɪnsəˌbɔɹdəˈneɪʃən/	명사	
sputter	빨리 말함 | 탁탁 튀다 | 입에서 튀김	/ˈspətɝ/	동사	Sputtering engines
slammer		/ˈsɫæmɝ/	명사	She's a dramatic slammer of doors
binary		/ˈbaɪnɝi/	명사	A binary compound
hesitating		/ˈhɛzəˌteɪtɪŋ/	형용사	
excrement	배설물 | 배설	/ˈɛkskɹəmənt/	명사	
epstein		/ˈɛpˌstaɪn/	명사	
ethic		/ˈɛθɪk/	명사	The Puritan ethic
bucharest	루마니아의수도	/ˈbjukɝˌɛst/	명사	
tb		/ˈtiˈbi/	명사	
locksmith	자물쇠 제조공	/ˈɫɑksˌmɪθ/	명사	
circulating	순환하는	/ˈsɝkjəˌɫeɪtɪŋ/	형용사	Circulating bills and coins
seine	예인망 | 후릿그물	/ˈseɪn/	명사	
rattlesnake	방울뱀	/ˈɹætəɫsˌneɪk/	명사	
toying		/ˈtɔɪɪŋ/	명사	
cardiff	카다프	/ˈkɑɹdɪf/	명사	
chitchat	잡담 | 세상 공론 | 잡담하다	/ˈtʃɪtˌtʃæt/	명사	
chimpanzee	침팬지	/tʃɪmˈpænzi/	명사	
nocturnal	야간에 활동하는	/nɑkˈtɝnəɫ/	형용사	Nocturnal darkness
cluck	꼬꼬 울다 | 꼬꼬우는 소리	/ˈkɫək/	동사	
falco		/ˈfæɫkoʊ/	명사	
clandestine	비밀리에 | 비밀의 | 은밀한	/kɫænˈdɛstɪn/	형용사	Clandestine intelligence operations
doctorate		/ˈdɑktɝət/	명사	
smudge	모깃불 | 오점 | 얼룩	/ˈsmədʒ/	명사	He had a smudge on his cheek
moray		/ˈmɔɹeɪ/	명사	
cuddy	식기실 | 선실겸 요리실 | 식당겸 사교실	/ˈkədi/	명사	
beastly		/ˈbistˌɫi/	형용사	Beastly desires
agile	민활한 | 재빠른 | 날랜	/ˈædʒəɫ/	형용사	Sleek and agile as a gymnast
specter	스펙트럼의 | 유령의	/ˈspɛktɝ/	명사	It aroused specters from his past
integration	융합 | 집성 | 집약	/ˌɪnəˈɡɹeɪʃən/	명사	
bayou		/ˈbaɪu/	명사	
sorceress			명사	
harvesting		/ˈhɑɹvəstɪŋ/	명사	
litigation	법정다툼	/ˌɫɪtəˈɡeɪʃən/	명사	
disruption	교란	/dɪsˈɹəpʃən/	명사	
shellfish	조개	/ˈʃɛɫˌfɪʃ/	명사	
grasping	쥐는 | 남욕스러운 | 파악	/ˈɡɹæspɪŋ/	명사	A grasping old miser
apostle	최초의전도자	/əˈpɑsəɫ/	명사	An apostle of revolution
kraft	크라프트지	/ˈkɹæft/	명사	
extermination	몰살	/ɪkˌstɝməˈneɪʃən/	명사	
arsonist		/ˈɑɹsənəst/	명사	
tubby	통 모양의	/ˈtəbi/	형용사	
bony	뼈의 | 골질	/ˈboʊni/	형용사	A bony shad fillet
fifty-fifty	절반씩		형용사	Had a fifty-fifty (or even) chance
diligent		/ˈdɪɫɪdʒənt/	형용사	A diligent (or patient) worker
handiwork	소행 | 수세공	/ˈhændiˌwɝk/	명사	
installing		/ˌɪnˈstɔɫɪŋ/	명사	
transvestite	복장 도착자	/tɹænzˈvɛstaɪt/	명사	
secular	재속 | 백년마다의 | 백년 계속되는	/ˈsɛkjəɫɝ/	형용사	The secular clergy
watery	맥빠진 | 약한 | 묽다	/ˈwɔtɝi/	형용사	A watery substance
pecker			명사	
md	카운터에서의 용어	/ˌɛmˈdi/	명사	
repentance	후회 | 회개 | 참회	/ɹɪˈpɛntəns/	명사	
cleavage	난할 | 벽개 | 벽개면	/ˈkɫivədʒ/	명사	There was a cleavage between the liberal and conservative members
blunder	머뭇머뭇하다 | 과오 | 큰 실수	/ˈbɫəndɝ/	동사	He blundered his stupid ideas
panty		/ˈpænti/	명사	
detox		/ˈdiˌtɑks/	명사	
scoffing			명사	
headmistress	여교장	/ˈhɛdˌmɪstɹəs/	명사	
telepathic	정신 감응론	/ˌtɛɫəˈpæθək/	형용사	
spineless	무골 충의	/ˈspaɪnɫəs/	형용사	
astrology	점성술 | 점성학	/əˈstɹɑɫədʒi/	명사	
dopey		/ˈdoʊpi/	형용사	
trusty	모범수	/ˈtɹəsti/	명사	
reassign	다시 양도하다 | 다시 위탁하다	/ˌɹiəˈsaɪn/	동사	
fab		/ˈfæb/	형용사	
pusher	미는 사람 | 보조 기관차	/ˈpʊʃɝ/	명사	
col	기압골		명사	
dashed		/ˈdæʃt/	형용사	Dashed by the refusal
cashmere	캐시미어 숄 | 캐시미어 천	/ˈkæʒmɪɹ/	명사	
etcetera		/ˈɛtˈsɛtɝə/	명사	His report was full of etceteras
mistletoe	겨우살이 | 기생목	/ˈmɪsəɫˌtoʊ/	명사	
sorcery	마법 | 마술	/ˈsɔɹsɝi/	명사	
innkeeper	주막주인 | 여관 주인	/ˈɪnˌkipɝ/	명사	
tranquility	한적 | 고요의 바다 | 고요함	/tɹæŋˈkwɪɫɪti/	명사	
indicator	지표종 | 압력지시기 | 경제 지표	/ˈɪndəˌkeɪtɝ/	명사	
nutritious	영양이 되는	/nuˈtɹɪʃəs/	형용사	
rb			명사	
mutate		/ˈmjuˌteɪt/	동사	
varied	변한 | 가지가지	/ˈvɛɹid/	형용사	His work is interesting and varied
heighten	증가시키다 | 높게 하다 | 강화되다	/ˈhaɪtən/	동사	Heightened interest
blatant	성가시게 참견하는	/ˈbɫeɪtənt/	형용사	A blatant appeal to vanity
proclamation	선언서 | 성명서 | 선언	/ˌpɹɑkɫəˈmeɪʃən/	명사	
trident	삼지창 | 세 갈래진	/ˈtɹaɪdənt/	명사	
corvette	코르벳함	/kɔɹˈvɛt/	명사	
ticklish	잘 뒤집히는 | 간지럼을 타는	/ˈtɪkəɫɪʃ/	형용사	Hesitates to be explicit on so ticklish a matter
gaping		/ˈɡeɪpɪŋ/	형용사	The gaping audience
ideally		/aɪˈdiɫi/	부사	Ideally, this will remove all problems
oar	노 | 노젓다	/ˈɔɹ/	명사	
vengeful		/ˈvɛndʒfəɫ/	형용사	
widowed		/ˈwɪdoʊd/	형용사	The war widowed many women in the former Yugoslavia
brit	작은 정어리	/ˈbɹɪt/	명사	
post-mortem		/poʊstˈmɔɹtɛm/	명사	
salted	깨잎 | 노련한	/ˈsɔɫtɪd/	형용사	The rebels had salted the fields with mines and traps
surpass	보다낫다 | 앞지르다	/sɝˈpæs/	동사	One line of soldiers surpassed the other
exert		/ɪɡˈzɝt/	동사	Exert one's power or influence
systematically		/ˌsɪstəˈmætɪkɫi/	부사	They systematically excluded women
radically		/ˈɹædɪkɫi/	부사	She took a radically different approach
purify	농축하다 | 정련하다 | 정화하다	/ˈpjʊɹəˌfaɪ/	동사	Purify the water
transgender		/ˈtɹænzˈdʒɛndɝ/	형용사	
lofty	치속은 | 숭고한 | 고상하다	/ˈɫɔfti/	형용사	Lofty mountains
nance		/ˈnæns/	명사	
illustrate	도해하다 | 설명하다 | 예증하다	/ˈɪɫəˌstɹeɪt/	동사	Illustrate a book with drawings
shudder	떪	/ˈʃədɝ/	동사	
disloyal	불충하다	/dɪˈsɫɔɪəɫ/	형용사	Disloyal aides revealed his indiscretions to the papers
aggressively		/əˈɡɹɛsɪvɫi/	부사	
asbestos	석면 | 돌솜	/æsˈbɛstəs/	명사	
unpunished		/ənˈpənɪʃt/	형용사	Would he forget the crime and let it go unpunished?
displace	대치하다 | 면직하다 | 바꾸어 놓다	/dɪsˈpɫeɪs/	동사	The refugees were displaced by the war
andersen	덴마크동화작가	/ˈændɝsən/	명사	
thundering	우뢰같은	/ˈθəndɝɪŋ/	형용사	The thundering herd
semi		/ˈsɛmaɪ/	명사	
silo	사일로	/ˈsaɪɫoʊ/	명사	
yokohama		/ˌjoʊkəˈhɑmə/	명사	
levy	징집 | 징세하다 | 과세하다	/ˈɫɛvi/	동사	
symmetry	대칭 | 대칭성 | 조화	/ˈsɪmətɹi/	명사	
inflammation	점화 | 염증 | 격노	/ˌɪnfɫəˈmeɪʃən/	명사	He tried to calm those who were in a state of extreme inflammation
licorice	감초	/ˈɫɪkɝɪʃ/	명사	
homeroom	홈룸		명사	
grievous	심한 | 비통한 | 쓰라리다	/ˈɡɹivəs/	형용사	A grievous loss
counselling			명사	
ortega		/ɔɹˈteɪɡə/	명사	
tipsy	기울어진 | 비틀거리는	/ˈtɪpsi/	형용사	
rigorous	엄밀하게 | 혹독하다 | 엄한	/ˈɹɪɡɝəs/	형용사	Rigorous discipline
brewer	양조장	/ˈbɹuɝ/	명사	
hurdle	바자 | 허들 | 뛰어넘다	/ˈhɝdəɫ/	명사	The last hurdle before graduation
chisel	끌로파다 | 끌을 쓰다 | 조각칼	/ˈtʃɪzəɫ/	명사	Chisel the marble
bistro	작은 술집	/ˈbɪstɹoʊ/	명사	
hao		/ˈhaʊ/	명사	
wainwright	수레 목수	/ˈweɪnˌɹaɪt/	명사	
bottomless		/ˈbɑtəmɫəs/	형용사	A bottomless pit
combustion	자연 연소 | 산화 | 연소	/kəmˈbəstʃən/	명사	Combustion grew until revolt was unavoidable
erupt	발진하다 | 분출시키다 | 분출하다	/ˈiɹəpt/	동사	Unrest erupted in the country
tidings	기별	/ˈtaɪdɪŋz/	명사	
stubbornness		/ˈstəbɝnəs/	명사	
dix		/ˈdɪks/	명사	
pelican	펠리컨	/ˈpɛɫəkən/	명사	
matchmaker	결혼 중매인 | 성냥 제조업자	/ˈmætʃˌmeɪkɝ/	명사	
geiger		/ˈɡaɪɡɝ/	명사	
binge	법석대는술잔치	/ˈbɪndʒ/	명사	An emotional binge
piping	관악 | 픽픽끓는 | 관의 재료	/ˈpaɪpɪŋ/	명사	The casserole was piping hot
tiff	기분을 상하다	/ˈtɪf/	명사	
irrigation	관개 | 이수 | 관주법	/ˌɪɹəˈɡeɪʃən/	명사	
hunchback	곱사등	/ˈhəntʃˌbæk/	명사	
relocated		/ˌɹiˈɫoʊkeɪtɪd/	형용사	Our company relocated to the Midwest
hyacinth	풍신자석 | 히아신스	/ˈhaɪəˌsɪnθ/	명사	
gable	박풍 | 박공	/ˈɡeɪbəɫ/	명사	
swirl	소용돌이 | 휘감기다	/ˈswɝɫ/	동사	The leaves swirled in the autumn wind
filly	암망아지 | 말괄량이	/ˈfɪɫi/	명사	
putty	퍼티	/ˈpəti/	명사	Putty the window sash
revisit	재방문	/ɹiˈvɪzɪt/	동사	We revisited Rome after 25 years
concerto	협주곡 | 콘체르토	/kənˈtʃɛɹtoʊ/	명사	
unbeatable		/ˌənˈbitəbəɫ/	형용사	An unbeatable ball team
matey	친구 | 소탈한 | 허물없는	/ˈmeɪti/	형용사	
carthage	카르타고	/ˈkɑɹθədʒ/	명사	
loophole		/ˈɫupˌhoʊɫ/	명사	
beeper		/ˈbipɝ/	명사	
injure	상하다 | 부상시키다 | 다치게 하다	/ˈɪndʒɝ/	동사	
cookbook	요리책	/ˈkʊkˌbʊk/	명사	
align	일렬로세우다	/əˈɫaɪn/	동사	Align the wheels of my car
sanctity		/ˈsæŋktɪti/	명사	
whence	어디서	/ˈhwɛns/	부사	
geographic		/ˌdʒiəˈɡɹæfɪk/	형용사	The north and south geographic poles
a-team			명사	
treadmill	답차 | 단조로운일	/ˈtɹɛdˌmɪɫ/	명사	
ferrara		/fɝˈɑɹə/	명사	In the 13th century Ferrara was a center of Renaissance learning and the arts
fated		/ˈfeɪtɪd/	형용사	Fated to be the scene of Kennedy's assassination
fetal		/ˈfitəɫ/	형용사	Fetal development
coca	코카나무 | 코카잎	/ˈkoʊkə/	명사	
qaeda		/ˈkaɪdɑ/	명사	
tampon	탐폰 | 지혈전	/ˈtæmpɑn/	명사	
mania	조병 | 열광 | 광	/ˈmeɪniə/	명사	
unplug		/ənˈpɫəɡ/	동사	Unplug the hair dryer after using it
veggie	채식주의자 | 채식주의의	/ˈvɛdʒi/	명사	
subordinate	아랫사람 | 종속시키다 | 종속적	/səˈbɔɹdəˌneɪt/	명사	A subordinate kingdom
timely	적시의 | 때에 알맞은	/ˈtaɪmɫi/	형용사	A timely warning
telugu		/ˈtɛɫʊɡu/	명사	
appropriately		/əˈpɹoʊpɹiɪtɫi/	부사	He was appropriately dressed
recap		/ˈɹiˌkæp/	명사	
dinky		/ˈdɪŋki/	형용사	What a dinky little hat
archaeology		/ˌɑɹkiˈɑɫədʒi/	명사	
strangler		/ˈstɹæŋɡɫɝ/	명사	
nothingness	소용없음 | 실신죽음 | 존재하지 않음	/ˈnəθɪŋnəs/	명사	
authorised			형용사	
brightness	환함 | 머리가 좋음 | 화창함	/ˈbɹaɪtnəs/	명사	
bogart		/ˈboʊˌɡɑɹt/	명사	
urinate		/ˈjɝəˌneɪt/	동사	The sick men urinated blood
corp		/ˈkɔɹp/	명사	
compulsory	의무적인 | 강제적인	/kəmˈpəɫsɝi/	형용사	In most schools physical education is compulsory
seasoning	건재 | 조미 | 가미하다	/ˈsizənɪŋ/	명사	
taft		/ˈtæft/	명사	
famously		/ˈfeɪməsɫi/	부사	We got along famously
gibraltar	지브롤터	/dʒɪˈbɹɔɫtɝ/	명사	
cuckold	오쟁이진 남편 | 아내와 사통하다		명사	
uneven	평탄하지 않은	/əˈnivən/	형용사	An uneven color
blip		/ˈbɫɪp/	명사	The market had one bad blip today
valhalla	전당	/ˌvæɫˈhæɫə/	명사	
gizmo	장치	/ˈɡɪzˌmoʊ/	명사	There may be some great new gizmo around the corner that you will want to use
swindler		/ˈswɪndəɫɝ/	명사	
indulgence	대사부 | 빠짐 | 지불유예	/ˌɪnˈdəɫdʒəns/	명사	Too much indulgence spoils a child
co-op	협동조합 | 소비조합의 가게 | 소비조합의 생략	/ˈkoʊˌɑp/	명사	
topper		/ˈtɑpɝ/	명사	
minneapolis	미니애폴리스	/ˌmɪniˈæpəɫɪs/	명사	
siamese	시암말의 | 시암의	/ˌsaɪəˈmiz/	명사	
unrealistic	비실제적인	/ənˌɹiˈɫɪstɪk/	형용사	Unrealistic expectations
gist	골자 | 주지 | 주요 소인	/ˈdʒɪst/	명사	The gist of the prosecutor's argument
adventurer	모험가 | 누기가	/ædˈvɛntʃɝɝ/	명사	
prosthetic		/pɹɑsˈθɛtɪk/	형용사	
bayonet	총검 | 총검무장병	/ˈbeɪəˌnɛt/	명사	
bismarck		/ˈbɪzˌmɑɹk/	명사	
dresden	드레스덴	/ˈdɹɛzdɪn/	명사	
encode	암호화하다	/ɛnˈkoʊd/	동사	Encode pictures digitally
ruff	주름깃 | 목도리도요 | 목둘레 깃털	/ˈɹəf/	명사	
luce		/ˈɫus/	명사	
supermodel		/ˈsupɝˌmɑdəɫ/	명사	
pollock		/ˈpɑɫək/	명사	
parsley	양미나리 | 파슬리	/ˈpɑɹsɫi/	명사	
overgrown	너무 자란 | 전면에 우거진 | 꼴사나운	/ˌoʊvɝˈɡɹoʊn/	형용사	
run-in			명사	
inge		/ˈɪndʒ/	명사	
resilient	되튀는 | 원상으로 돌아가는	/ɹɪˈzɪɫjənt/	형용사	As resilient as seasoned hickory
monet		/moʊˈneɪ/	명사	
abominable	지겹게 | 설인 | 지독하다	/əˈbɑmənəbəɫ/	형용사	Abominable workmanship
revise	재검사하다 | 재분류하다 | 교열하다	/ɹiˈvaɪz/	동사	Revise a thesis
condor	콘도르	/ˈkɑndɝ/	명사	
advertised		/ˈædvɝˌtaɪzd/	형용사	These advertised products
labored	부자연스런 | 하기 어려운	/ˈɫeɪbɝd/	형용사	A labored style of debating
excavation	발굴물 | 발굴 | 굴 파기	/ˌɛkskəˈveɪʃən/	명사	There's an interesting excavation going on near Princeton
ironed		/ˈaɪɝnd/	형용사	
twenty-three		/ˈtwɛntiˌθɹi/	형용사	
riddled		/ˈɹɪdəɫd/	형용사	Cliffs riddled with caves
neuron	신경단위	/ˈnʊɹɑn/	명사	
ding-dong		/ˈdɪŋˈdɔŋ/	명사	
nutshell	견과의 껍질 | 간결하게 하다 | 요약하여 말하다	/ˈnətˌʃɛɫ/	명사	
savor	맛을 내다 | 맛이 나다 | 음미	/ˈseɪvɝ/	동사	
cbc		/ˌsiˌbiˈsi/	명사	
bedrock	기본원리 | 기반 | 기반암	/ˈbɛˌdɹɑk/	명사	
tempered	조절된 | 완화된	/ˈtɛmpɝd/	형용사	A sword of tempered steel
pol		/ˈpɔɫ/	명사	
rigging	조작 | 의장	/ˈɹɪɡɪŋ/	명사	
inconclusive	결정적이 아닌	/ˌɪnkənˈkɫusɪv/	형용사	An inconclusive reply
graph	도시하다 | 그립 | 젤라틴판	/ˈɡɹæf/	명사	
callous	못박힌 | 예사인 | 굳어진	/ˈkæɫəs/	형용사	With a workman's callous hands
tyr	아들		명사	
bosch		/ˈbɔʃ/	명사	
embezzlement	횡령	/ɛmˈbɛzəɫmənt/	명사	
decapitated		/diˈkæpəˌteɪtɪd/	형용사	
bannister		/ˈbænəstɝ/	명사	
annex	병합하다 | 중축 | 부가하다	/ˈæˌnɛks/	동사	Hitler annexed Lithuania
seville		/səˈvɪɫ/	명사	
admittedly		/ædˈmɪtɪdɫi/	부사	
gimmick	트릭 | 비밀 장치	/ˈɡɪmɪk/	명사	It was a great sales gimmick
two-thirds		/ˌtuˈθɝdz/	명사	
verb	동사	/ˈvɝb/	명사	
mistaking		/mɪˈsteɪkɪŋ/	명사	There was no mistaking her meaning
abrasion	마멸 | 벗겨짐 | 찰과상	/əˈbɹeɪʒən/	명사	
frazer		/ˈfɹeɪzɝ/	명사	
stow	밀항하다 | 챙겨 넣다	/ˈstoʊ/	동사	
unchanged	의연하다	/ənˈtʃeɪndʒd/	형용사	The causes that produced them have remained unchanged
andes	안데스산맥	/ˈændiz/	명사	
hypnotic	최면술의 | 최면제	/hɪpˈnɑtɪk/	명사	Read the bedtime story in a hypnotic voice
stonehenge		/ˈstoʊnˌhɛndʒ/	명사	
vapor	기화가스 | 아지랑이 | 연무	/ˈveɪpɝ/	명사	
clemens	클레멘스	/ˈkɫɛmənz/	명사	
waive		/ˈweɪv/	동사	
lavish	낭비적인 | 손이 큰	/ˈɫævɪʃ/	형용사	A lavish buffet
cultivated		/ˈkəɫtəˌveɪtɪd/	형용사	Cultivated land
sunscreen		/ˈsənskɹin/	명사	
buffoon		/bəˈfun/	명사	
obstruct	막다	/əbˈstɹəkt/	동사	Obstruct the path
rapture	황홀 | 환희 | 광희	/ˈɹæptʃɝ/	명사	Listening to sweet music in a perfect rapture
olympia		/oʊˈɫɪmpiə/	명사	
grate	쇠살판 | 서로 갈리다 | 으깨어 빻다	/ˈɡɹeɪt/	동사	A grated fireplace
inconsiderate			형용사	Slovenly inconsiderate reasoning
armchair	안락의자	/ˈɑɹmˌtʃɛɹ/	명사	
floppy	약한. | 흘게늦은 | 늘어진	/ˈfɫɑpi/	명사	A spaniel with floppy ears
loiter	빈들빈들 지내다	/ˈɫɔɪtɝ/	동사	The high school students like to loiter in the Central Square
clement		/ˈkɫɛmənt/	형용사	Clement weather
drainage	배수법 | 배수 | 오수	/ˈdɹeɪnədʒ/	명사	
mongolia	몽고	/mɑŋˈɡoʊɫiə/	명사	
woodland		/ˈwʊdˌɫænd/	명사	
looted		/ˈɫutəd/	형용사	The robbers left the looted train
scruples		/ˈskɹupəɫz/	명사	
frisky	까부는	/ˈfɹɪski/	형용사	
sovereignty	독립국	/ˈsɑvɹənti/	명사	
betrayer	배신자		명사	
promoter	촉진자 | 주창자 | 흥행주	/pɹəˈmoʊtɝ/	명사	
ugliness	추악 | 못생김 | 추함	/ˈəɡɫinəs/	명사	
cancellation	취소 | 소거	/ˌkænsəˈɫeɪʃən/	명사	
merged		/ˈmɝdʒd/	형용사	We merged our resources
regression	되돌아감 | 퇴행 | 회귀	/ɹəˈɡɹɛʃən/	명사	
punishable		/ˈpənɪʃəbəɫ/	형용사	Punishable offenses
ganges		/ˈɡændʒiz/	명사	
forgetful	잊고 | 잘 잊는	/fɝˈɡɛtfəɫ/	형용사	Forgetful of her responsibilities
disgruntled		/dɪsˈɡɹənəɫd/	형용사	The employees were disgruntled by their bad working conditions
firefly	개똥벌레	/ˈfaɪɝˌfɫaɪ/	명사	
deceitful	거짓의	/dəˈsitfəɫ/	형용사	Deceitful advertising
splat	등널	/ˈspɫæt/	동사	Splat fish over an open fire
mover		/ˈmuvɝ/	명사	The movers were very careful with the grand piano
plating	철판 씌우기 | 도금	/ˈpɫeɪtɪŋ/	명사	
cryptic	신비적인	/ˈkɹɪptɪk/	형용사	Cryptic writings
marmalade	마멀레이드	/ˈmɑɹməˌɫeɪd/	명사	
sculpted		/ˈskəɫptɪd/	형용사	
pounce	지림분 | 급습 | 붙잡으려 들다	/ˈpaʊns/	동사	
assert	주장하다	/əˈsɝt/	동사	The letter asserts a free society
favored		/ˈfeɪvɝd/	형용사	The favored child
curled	두르르 말린	/ˈkɝɫd/	형용사	The cigar smoke curled up at the ceiling
pelvic		/ˈpɛɫvɪk/	형용사	Pelvic inflammation
pansy	팬지	/ˈpænzi/	명사	
tenor	테너	/ˈtɛnɝ/	명사	Nothing disturbed the even tenor of her ways
measly	홍역에 걸린	/ˈmizɫi/	형용사	
hoodlum	깡패 | 폭력배 | 갱	/ˈhʊdɫəm/	명사	
tasteful	멋있다 | 풍아한	/ˈteɪstfəɫ/	형용사	
shaker	소금담개 | 진교도 | 후춧가루병	/ˈʃeɪkɝ/	명사	A shaker of traditional beliefs
maritime	바다에 사는	/ˈmɛɹəˌtaɪm/	형용사	Maritime farmers
absorbing	흡수하는	/əbˈzɔɹbɪŋ/	형용사	
splendor	화려하다 | 장려	/ˈspɫɛndɝ/	명사	It is the university that gives the scene its stately splendor
sax		/ˈsæks/	명사	
antic	익살떨다	/ˈæntɪk/	형용사	Hamlet's assumed antic disposition
sprinkles		/ˈspɹɪŋkəɫz/	명사	
trampoline		/ˌtɹæmpəˈɫin/	명사	
swag	장물 약탈		명사	
othello		/əˈθɛɫoʊ/	명사	
profiling		/ˈpɹoʊˌfaɪɫɪŋ/	명사	
lifesaver		/ˈɫaɪfˌseɪvɝ/	명사	
slur	연결 기호 | 대충 훑어보다 | 모욕	/ˈsɫɝ/	동사	It is difficult for a woman to understand a man's sensitivity to any slur on his virility
platonic	플라톤의	/pɫəˈtɑnɪk/	형용사	Platonic dialogues
cretin	크레틴병 환자	/ˈkɹitən/	명사	
harshly	심하게	/ˈhɑɹʃɫi/	부사	`That's enough!,' he cut in harshly
krypton	크립톤	/ˈkɹɪptɑn/	명사	
autobiography	자서전 | 자전	/ˌɔtəbaɪˈɑɡɹəfi/	명사	
humorous	해학적	/ˈhjumɝəs/	형용사	Humorous stories
hussy	말괄량이	/ˈhəsi/	명사	
nodding		/ˈnɑdɪŋ/	형용사	Nodding daffodils
comp	반주자	/ˈkɑmp/	명사	She took her comps in English literature
fiscal	국고의 | 회계	/ˈfɪskəɫ/	형용사	Fiscal responsibility
baltic	발트파= | 발트어파의	/ˈbɔɫtɪk/	명사	The Baltic republics
gracefully		/ˈɡɹeɪsfəɫi/	부사	She swooped gracefully
comforted		/ˈkəmfɝtɪd/	형용사	The news make her feel comforted
promenade	산책하다 | 전원의 행진 | 산책하는 곳	/ˌpɹɑməˈneɪd/	명사	The ladies promenaded along the beach
exorcist	무당	/ˈɛksɝsəst/	명사	
courtesan	고급 매춘부		명사	
clubbing		/ˈkɫəbɪŋ/	명사	
alloy	합금 | 합금하다 | 비급속	/ˈæˌɫɔɪ/	명사	Brass is an alloy of zinc and copper
drive-in			명사	
right-handed		/ɹaɪtˈhændɪd/	형용사	A right-handed batter
guitarist		/ˌɡɪˈtɑɹɪst/	명사	
suede	스웨드 가죽	/ˈsweɪd/	명사	
roasting	몹시덥게 | 몹시 더운 | 몹시 비난함	/ˈɹoʊstɪŋ/	명사	The slow roasting took several hours
plaid	격자무늬	/ˈpɫæd/	명사	
flannel	플란넬 | 융의 일종 | 플란넬제 의류	/ˈfɫænəɫ/	명사	
seventy-five		/ˈsɛvəntiˌfaɪv/	형용사	
niche	적소 | 벽감 | 벽감에 안치하다	/ˈnɪtʃ/	명사	He found his niche in the academic world
census	국세조사 | 인구조사	/ˈsɛnsəs/	명사	They censused the deer in the forest
verona	베로나	/vɝˈoʊnə/	명사	
hysterically		/ˌhɪsˈtɛɹɪkɫi/	부사	She screamed hysterically when she heard the news
klan		/ˈkɫæn/	명사	
bathrobe	화장복	/ˈbæˌθɹoʊb/	명사	
atrocious	잔학한 | 흉악한 | 지독하다	/əˈtɹoʊʃəs/	형용사	Atrocious taste
borough	자치도시 | 자치읍면 | 국회의원선거구	/ˈbɝˌoʊ/	명사	
chalice	배상화 | 성작 | 성배	/ˈtʃæɫɪs/	명사	
airspace		/ˈɛɹˌspeɪs/	명사	The plane was refused permission to enter Chinese airspace
hesitant	주춤거리는	/ˈhɛzɪtənt/	형용사	
jeweler		/ˈdʒuəɫɝ/	명사	
rhetoric	수사 | 수사법 | 수사적기교	/ˈɹɛtɝɪk/	명사	
strickland		/ˈstɹɪkɫənd/	명사	
seamstress	침모 | 여자 재봉사	/ˈsimstɹɪs/	명사	
feverish	열띤 | 열병이 많은 | 열광적	/ˈfivɝɪʃ/	형용사	Worked at a feverish pace
saffron	사프란 | 사프란색	/ˈsæfɹən/	명사	
regeneration	신생 | 재건 | 쇄신	/ɹiˈdʒɛnɝˈeɪʃən/	명사	
augusta		/əˈɡəstə/	명사	
scorpio	천갈궁 | 전갈자리	/ˈskɔɹpiˌoʊ/	명사	
algiers	알제리의 수도	/æɫˈdʒɪɹz/	명사	
hushed	조용해진	/ˈhəʃt/	형용사	
governing	통치하는	/ˈɡəvɝnɪŋ/	형용사	Governing bodies
dotty	다리를저는 | 점투성이의 | 휘청휘청하는	/ˈdɑti/	형용사	
matured		/mətˈjʊɹd/	형용사	He matured fast
tropics	열대	/ˈtɹɑpɪks/	명사	
trapping		/ˈtɹæpɪŋ/	명사	
horseshit	거짓말! | 당찮은! | 말똥	/ˈhɔɹsˌʃɪt/	명사	
extinguish	상각하다 | 잃게 하다 | 무색하게 하다	/ɪkˈstɪŋɡwɪʃ/	동사	Socialism extinguished these archaic customs
juggle	요술	/ˈdʒəɡəɫ/	동사	The player juggled the ball
yon		/ˈjɑn/	형용사	What is yon place?
mobilize	동원하다 | 가동성	/ˈmoʊbəˌɫaɪz/	동사	
trucking		/ˈtɹəkɪŋ/	명사	
hakeem		/hɑˈkim/	명사	
framework	체제 | 틀 | 뼈대	/ˈfɹeɪmˌwɝk/	명사	Providing a factual framework for future research
orphaned		/ˈɔɹfənd/	형용사	
parry	받아 넘김 | 받아 넘기다	/ˈpɛɹi/	동사	
respective	저마다의	/ɹiˈspɛktɪv/	형용사	The respective club members
prerogative	특권 | 대권	/ˈpɝˈɑɡətɪv/	명사	Suffrage was the prerogative of white adult males
chipper	재잘재잘 지껄이다 | 기운찬 | 쾌활한	/ˈtʃɪpɝ/	형용사	Looking chipper, like a man...diverted by his own wit
mortified		/ˈmɔɹtəˌfaɪd/	형용사	Felt mortified by the comparison with her sister
pickpocket	소매치기	/ˈpɪkˌpɑkət/	명사	
on-line		/ˈɔnˌɫaɪn/	형용사	On-line industries
flammable		/ˈfɫæməbəɫ/	형용사	
leicester	잉글랜드 북부지방	/ˈɫɛstɝ/	명사	
archery	궁술 | 야궁	/ˈɑɹtʃɝi/	명사	
blanc		/ˈbɫæŋk/	명사	
henchman	졸개	/ˈhɛntʃmən/	명사	
talon	움켜쥐는 손	/ˈtæɫən/	명사	
glucose	포도당	/ˈɡɫuˌkoʊs/	명사	
muff	머프 | 공을 놓치다	/ˈməf/	명사	
cauldron		/ˈkɑɫdɹən/	명사	
roundabout	에움길 | 에움길의 | 에워싼	/ˈɹaʊndəˌbaʊt/	형용사	A roundabout paragraph
estranged	소원해진 | 서먹하다	/ɛˈstɹeɪndʒd/	형용사	Years of boarding school estranged the child from her home
phobia	공포증	/ˈfoʊbiə/	명사	Phobic disorder is a general term for all phobias
banning	파문	/ˈbænɪŋ/	명사	
navel	배꼽 | 네이블	/ˈneɪvəɫ/	명사	They argued whether or not Adam had a navel
ascension	즉위 | 상승	/əˈsɛnʃən/	명사	
piazza	광장	/piˈæzə/	명사	
goth	야만인 | 고트 사람	/ˈɡɑθ/	명사	
projectile	발사물 | 탄환	/pɹəˈdʒɛktaɪɫ/	명사	A projectile force
fueled		/ˈfjuəɫd/	형용사	The tanker fueled in Bahrain
jitters	신경과민	/ˈdʒɪtɝz/	명사	
crybaby	울보	/ˈkɹaɪˈbeɪbi/	명사	
upstream	상류에 | 상류	/ˈəpˈstɹim/	부사	
notification	통지서 | 공고문 | 계출서신고서	/ˌnoʊtəfəˈkeɪʃən/	명사	The notification stated the grace period and the penalties for defaulting
bennie		/ˈbɛni/	명사	
a-bomb			명사	
fabricated		/ˈfæbɹɪˌkeɪtəd/	형용사	A fabricated excuse for his absence
grumble	넋 두리 | 불평하다 | 투덜거리다	/ˈɡɹəmbəɫ/	동사	He grumbled a rude response
inga		/ˈiŋɡə/	명사	
textile	직물 | 직물 공업	/ˈtɛkˌstaɪɫ/	명사	Textile research
realism	사실주의 | 현실주의 | 리얼리즘	/ˈɹiəɫɪzm/	명사	
dominance	우성	/ˈdɑmənəns/	명사	Her apparent dominance of her husband was really her attempt to make him pay attention to her
circulate	배부하다 | 유통하다 | 유포되다	/ˈsɝkjəˌɫeɪt/	동사	Circulate a rumor
autistic	자폐성의	/ɔˈtɪstɪk/	형용사	Autistic behavior
sickly	골골하다 | 몸이 나쁜 | 역겹게 하는	/ˈsɪkɫi/	형용사	
sac	낭	/ˈsæk/	명사	
spiritually		/ˈspɪɹɪˌtʃuəˌɫi/	부사	The ninth century was the spiritually freest period
recreational	오락의	/ˌɹɛkɹiˈeɪʃənəɫ/	형용사	Recreational golfers
forwarding	회송 | 운송 | 발송	/ˈfɔɹwɝdɪŋ/	명사	The forwarding of resumes to the personnel department
tetanus	파상풍	/ˈtɛtənəs/	명사	
flier	한단 | 전단 | 쾅하고 떨어지다	/ˈfɫaɪɝ/	명사	
prowl	찾아 헤맴 | 배회	/ˈpɹaʊɫ/	동사	The suspicious stranger prowls the streets of the town
atop		/əˈtɑp/	부사	
meningitis	뇌막염	/ˌmɛnənˈdʒaɪtəs/	명사	
aztec		/ˈæzˌtɛk/	명사	
mocha	모카	/ˈmoʊkə/	명사	
accursed	저주받은	/ˌæˈkɝst/	형용사	
sarajevo		/ˌsɑɹəˈjeɪvoʊ/	명사	
kern	장식 꼬리	/ˈkɝn/	명사	
launcher	발사대	/ˈɫɔntʃɝ/	명사	
improvised	즉석에서 지은	/ˈɪmpɹəˌvaɪzd/	형용사	Crossed the river on improvised bridges
mohammad		/moʊˈhɑmɛd/	명사	
halley		/ˈhæɫi/	명사	
ducking	오리사냥	/ˈdəkɪŋ/	명사	
mitt	미트	/ˈmɪt/	명사	He extended his mitt
taurus	황소자리 | 황소좌 | 금우궁	/ˈtɔɹəs/	명사	
stuck-up			형용사	They're snobs--stuck-up and uppity and persnickety
undoing	풀기 | 끄름 | 원상태로 하기	/ənˈduɪŋ/	명사	
perm	파마		명사	She perms her hair
shuffling		/ˈʃəˈfʊɫɪŋ/	명사	We heard his feet shuffling down the hall
half-brother	의붓동생		명사	
bengali	벵골말의 | 벵골 말 | 벵골 사람	/bɛŋˈɡɑɫi/	명사	
weakling		/ˈwikɫɪŋ/	명사	
humid	습기 있는	/ˈhjuməd/	형용사	
barman	술집주인	/ˈbɑɹmən/	명사	
straits	해협	/ˈstɹeɪts/	명사	
annulment	무효 선언 | 실효	/ˈænəɫmənt/	명사	
mapping	지도 제작	/ˈmæpɪŋ/	명사	
spotting		/ˈspɑtɪŋ/	명사	
eyed	눈구멍이 달린	/ˈaɪd/	형용사	A peacock's eyed feathers
zing	쌩	/ˈzɪŋ/	명사	The zing of the passing bullet
decode		/dɪˈkoʊd/	동사	
umbilical	공급선 | 생명줄 | 배꼽의	/əmˈbɪɫɪkəɫ/	명사	
blackboard	칠판	/ˈbɫækˌbɔɹd/	명사	
cutlery	칼붙이 | 칼제조업	/ˈkətɫɝi/	명사	
booger			명사	
shoelace	구두끈	/ˈʃuˌɫeɪs/	명사	
redeemed		/ɹɪˈdimd/	형용사	
hue	색상 | 색채 | 외침소리	/ˈhju/	명사	In highlights it hued to a dull silver-grey
exterminator	근절자	/ɪkˈstɝməˌneɪtɝ/	명사	
aristocracy	귀족사회 | 귀족 정치	/ˌɛɹəˈstɑkɹəsi/	명사	
wavelength	파장	/ˈweɪvˌɫɛŋθ/	명사	They are on the same wavelength
merry-go-round		/ˈmɛɹiɡoʊˌɹaʊnd/	명사	If we lose the election the whole legislative merry-go-round will have to start over
bongo	영양의일종	/ˈbɑŋˌɡoʊ/	명사	
glum	음울하다	/ˈɡɫəm/	형용사	A glum, hopeless shrug
gloucester	글로스터치즈	/ˈɡɫɔstɝ/	명사	
perilous		/ˈpɛɹəɫəs/	형용사	A perilous voyage across the Atlantic in a small boat
snooze	겉잠	/ˈsnuz/	명사	
full-scale		/ˌfʊɫˈskeɪɫ/	형용사	A full-scale campaign against nuclear power plants
processor		/ˈpɹɑˌsɛsɝ/	명사	
ascertain		/ˌæsɝˈteɪn/	동사	
reproductive	번식하는 | 재생의	/ˌɹipɹəˈdəktɪv/	형용사	The reproductive or generative organs
instinctively	직관적	/ˌɪnˈstɪŋktɪvˌɫi/	부사	He instinctively grabbed the knife
mined		/ˈmaɪnd/	형용사	The Vietnamese mined Cambodia
reassured		/ˌɹiəˈʃʊɹd/	형용사	I reassured him that we were safe
feller	벌목기 | 공그르는 기구 | 공그르는 사람	/ˈfɛɫɝ/	명사	
all-powerful			형용사	
curling	컬링 | 말려 올라감 | 말리기 쉬운	/ˈkɝɫɪŋ/	명사	
monoxide	일산화물	/məˈnɑksaɪd/	명사	
rankin		/ˈɹæŋkɪn/	명사	
armada	비행대 | 함대	/ɑɹˈmɑdə/	명사	
twirl	장식 글씨 | 빙글빙글 돌다 | 빙글빙글 돌리기	/ˈtwɝɫ/	동사	
hanks		/ˈhæŋks/	명사	
sawdust	톱밥	/ˈsɔˌdəst/	명사	
interstellar	성간 | 별과별사이의	/ˌɪntɝˈstɛɫɝ/	형용사	The density of hydrogen in interplanetary and interstellar space
subdue	복종시키다 | 억제하다 | 정복하다	/səbˈdu/	동사	Subdue one's appetites
simulate	가장하다 | 인체하다 | 흉내내다	/ˈsɪmjəˌɫeɪt/	동사	
arbitrary	멋대로의 | 전횡의 | 기분내키는대로의	/ˈɑɹbəˌtɹɛɹi/	형용사	An arbitrary choice
ratchet	바퀴쐐기 | 깔쭉톱니바퀴 | 미늘톱니바퀴	/ˈɹætʃət/	명사	A ratcheting lopping tool
vascular	맥관의	/ˈvæskjəɫɝ/	형용사	A vascular bundle
baby-sitter		/ˈbeɪbiˌsɪtɝ/	명사	
handmade	수제 | 손으로 만든	/ˈhænˈmeɪd/	형용사	Delicate handmade baby dresses
bluebell	초롱꽃	/ˈbɫuˌbɛɫ/	명사	
ultraviolet		/ˌəɫtɹəˈvaɪəɫɪt/	명사	An ultraviolet lamp
obesity	비대	/əˈbisəti/	명사	
dub	라고 부르다 | 북치는 소리 | 서투른 사람	/ˈdəb/	동사	
nicaragua	니카라과	/ˌnɪkɝˈɑɡwə/	명사	
dawes		/ˈdɔz/	명사	
self-confidence	자신 | 자존심 | 자신감	/ˌsɛɫfˈkɑnfədəns/	명사	
basque	바스크 | 바스크 사람	/ˈbæsk/	명사	
boardwalk	널을깐보도	/ˈbɔɹdˌwɔk/	명사	
poultry	칠면조 | 가금	/ˈpoʊɫtɹi/	명사	
scrapbook	스크랩북	/ˈskɹæpˌbʊk/	명사	
fantasize	몽상하다 | 꿈에 그리다 | 공상에 잠기다	/ˈfænəˌsaɪz/	동사	
watered	관개된 | 의제 자본	/ˈwɔtɝd/	형용사	His eyes watered
offending		/əˈfɛndɪŋ/	형용사	Contracts offending against the statute were canceled
roswell		/ˈɹɑswɛɫ/	명사	
magdalena		/ˌmæɡdəˈɫinə/	명사	
overkill	과잉 살상력	/ˈoʊvɝˌkɪɫ/	명사	
sodom	소돔	/ˈsɔdəm/	명사	
antelope		/ˈæntəˌɫoʊp/	명사	
discord	충돌 | 투쟁 | 불일치	/ˈdɪskɔɹd/	명사	
henna	헤너	/ˈhɛnə/	명사	She hennas her hair every month
pigsty	돼지우리	/ˈpɪɡˌstaɪ/	명사	
downstream	하류의강 아랫녘의	/ˈdaʊnˈstɹim/	부사	
undies	내의		명사	
dashboard	물보라 막이	/ˈdæʃˌbɔɹd/	명사	
inconsistent	절조없는 | 정견이 없는 | 일치하지 않는	/ˌɪnkənˈsɪstənt/	형용사	Inconsistent accounts
wickedness	내송	/ˈwɪkədnəs/	명사	
piccolo	피콜로	/ˈpɪkəˌɫoʊ/	명사	
vila		/ˈviɫə/	명사	
would-be			형용사	
pauper	빈곤자	/ˈpɔpɝ/	명사	
oxide	산화물	/ˈɑkˌsaɪd/	명사	
cauliflower	꽃양배추 | 맥주거품 | 콜리플라워	/ˈkɑɫəˌfɫaʊɝ/	명사	
fiddler	바이올린켜는 사람	/ˈfɪdəɫɝ/	명사	
right-wing	우파의 | 우파의 사람 | 보수주의자		형용사	
guacamole		/ˌɡwɑkəˈmoʊɫi/	명사	
tailed		/ˈteɪɫd/	형용사	
vd			명사	
fiji		/ˈfidʒi/	명사	
extinguished		/ɪkˈstɪŋɡwɪʃt/	형용사	Socialism extinguished these archaic customs
enquire		/ɪnˈkwaɪɝ/	동사	
prude		/ˈpɹud/	명사	
boundless	한없는 | 가없다	/ˈbaʊndɫəs/	형용사	Children with boundless energy
romantically	공상적으로	/ɹoʊˈmæntɪkəɫi/	부사	They were romantically linked
hula	훌라댄스	/ˈhuɫə/	명사	
combed		/ˈkoʊmd/	형용사	With hair combed to the side
sou			명사	He hasn't a sou to his name
corresponding	상응하다	/ˌkɔɹəˈspɑndɪŋ/	형용사	Boxes with corresponding dimensions
kindred	친척 관계 | 혈족	/ˈkɪndɹɪd/	형용사	
repel	불쾌하게하다 | 받지 않다 | 튀겨 내다	/ɹɪˈpɛɫ/	동사	Repel the enemy
genoa		/ˈdʒɛnoʊə/	명사	
durham	영국북동부의 주	/ˈdɝəm/	명사	
squish	찌그러뜨리다 | 철썩거리는 소리		동사	
shopkeeper		/ˈʃɑpˌkipɝ/	명사	
grownup		/ˈɡɹoʊˌnəp/	명사	
showroom	진열실	/ˈʃoʊˌɹum/	명사	In Britain a showroom is called a salesroom
wart	사마귀	/ˈwɔɹt/	명사	
laundromat	세탁소	/ˈɫɔndɹəˌmæt/	명사	
humanoid		/ˈhjuməˌnɔɪd/	명사	
dreadfully		/ˈdɹɛdfəɫi/	부사	There was a dreadfully bloody accident on the road this morning
cheery	원기있는 | 명랑한 | 기분 좋은	/ˈtʃɪɹi/	형용사	
shard	파편 | 사금파리	/ˈʃɑɹd/	명사	
shenanigan		/ʃəˈnænɪɡən/	명사	
std			명사	STD is from the Latin Sanctae Theologiae Doctor
rhythmically		/ˈɹɪðmɪkɫi/	부사	The chair rocked rhythmically back and forth
atticus		/ˈætɪkəs/	명사	
bligh		/ˈbɫaɪ/	명사	
barrage	탄막	/bɝˈɑʒ/	명사	A barrage of questions
blockhead	멍청이 | 아둔패기	/ˈbɫɑkˌhɛd/	명사	
sealing	물개잡이 | 봉함	/ˈsiɫɪŋ/	명사	
annihilated		/əˈnaɪəˌɫeɪtɪd/	형용사	
overloaded		/ˈoʊvɝˌɫoʊdɪd/	형용사	The aerator overloaded
narc	마취의 뜻	/ˈnɑɹk/	명사	
tulsa		/ˈtəɫsə/	명사	
persia	페르시아	/ˈpɝʒə/	명사	
menacing	협박적인 | 공갈	/ˈmɛnəsɪŋ/	형용사	A menacing person
clipper	바리캉 | 쾌속선 | 멋들어진것	/ˈkɫɪpɝ/	명사	
foreboding	징조	/fɔɹˈboʊdɪŋ/	명사	A steadily escalating sense of foreboding
exhilarating		/ɪɡˈzɪɫɝˌeɪtɪŋ/	형용사	The exhilarating effect of mountain air
understudy	대역을 연습하다 | 대역	/ˈəndɝˌstədi/	명사	
cv		/ˌsiˈvi/	명사	
castile	카스티야	/ˌkæsˈtaɪɫ/	명사	
tact	재치	/ˈtækt/	명사	
schematic	개요의	/skɪˈmætɪk/	형용사	
provision	대비 | 공급량	/pɹəˈvɪʒən/	명사	He accepted subject to one provision
mccartney		/məˈkɑɹtni/	명사	
doghouse	개집	/ˈdɔɡˌhaʊs/	명사	In the doghouse
anchovy	멸치 | 안초비	/ˈænˌtʃoʊvi/	명사	
ny			명사	
warble	지저귀듯 노래하다 | 지저귀다 | 지저귐	/ˈwɔɹbəɫ/	동사	
huntington		/ˈhəntɪŋtən/	명사	
ghoul	악귀	/ˈɡuɫ/	명사	
applicant	응모자 | 지원자 | 후보자	/ˈæpɫɪkənt/	명사	
stringer		/ˈstɹɪŋɝ/	명사	A first stringer
critter	가축	/ˈkɹɪtɝ/	명사	
yemen	예멘	/ˈjɛmən/	명사	
vantage	밴티지	/ˈvæntədʒ/	명사	
abandonment	방기 | 투기	/əˈbændənmənt/	명사	His abandonment of his wife and children left them penniless
theology	신학	/θiˈɑɫədʒi/	명사	Jewish theology
commemorate	기념하다 | 기념이 되다 | 받들다	/kəˈmɛmɝˌeɪt/	동사	This sculpture commemorates the victims of the concentration camps
raleigh	롤리	/ˈɹɔɫi/	명사	
nourishment	영양상태양식 | 조성 | 자양물	/ˈnɝɪʃmənt/	명사	Her nourishment of the orphans saved many lives
sender	발신인 | 발송인 | 송화기	/ˈsɛndɝ/	명사	Return to sender
nursed		/ˈnɝst/	형용사	He nursed his cold with Chinese herbs
gull		/ˈɡəɫ/	동사	
argentine	아르헨티나의 | 아르헨티나 사람	/ˈɑɹdʒənˌtin/	명사	
consciously	의식하여 | 의식적으로	/ˈkɑnʃəsɫi/	부사	She consciously played with the idea of inviting them
tenner		/ˈtɛnɝ/	명사	
waiver	공개 이적 | 기권 증서 | 기권	/ˈweɪvɝ/	명사	
magnetism	자기 | 자력	/ˈmæɡnəˌtɪzəm/	명사	
woodwork	목조부 | 나무제품	/ˈwʊdˌwɝk/	명사	
remission	누그러짐 | 사면 | 형기 단축	/ɹiˈmɪʃən/	명사	His cancer is in remission
dysfunction	역기능 | 기능장애	/dɪsˈfəŋkʃən/	명사	Erectile dysfunction
hijacking		/ˈhaɪˌdʒækɪŋ/	명사	
dickinson	디킨슨	/ˈdɪkɪnsən/	명사	
widen	넓히다 | 벌어지다 | 벌다	/ˈwaɪdən/	동사	The road widened
mobility	가동성 | 기동성	/moʊˈbɪɫəti/	명사	
provisional	잠시의 | 임시 우표 | 잠정	/pɹəˈvɪʒənəɫ/	형용사	A provisional government
hamper	손바구니	/ˈhæmpɝ/	동사	He was hampered in his efforts by the bad weather
membrane	막피 | 피막	/ˈmɛmˌbɹeɪn/	명사	
horst		/ˈhɔɹst/	명사	
lecturer	강연자	/ˈɫɛktʃɝɝ/	명사	
maxi	맥시스커트 | 뜻의 결합사	/ˈmæksi/	명사	Wanted a maxi-length coat
sanatorium			명사	
tangle	꼬이다 | 얽히다	/ˈtæŋɡəɫ/	명사	A tangle of government regulations
succumb	죽다 | 굴복하다	/səˈkəm/	동사	
scab		/ˈskæb/	동사	The wounds will eventually scab
dissatisfied	시들하다	/dɪˈsætəsˌfaɪd/	형용사	
cali		/ˈkæɫi/	명사	
presentable	예의바다	/pɹəˈzɛntəbəɫ/	형용사	Presentable clothes
nietzsche		/ˈnitʃi/	명사	
boating	배젓기 | 뱃놀이 | 뱃놀이의	/ˈboʊtɪŋ/	명사	
eichmann		/ˈaɪkmən/	명사	
hypothermia	저체온	/ˌhaɪpəˈθɝmiə/	명사	
sasquatch			명사	
binder	제본	/ˈbaɪndɝ/	명사	
insure	안전하게하다 | 보험에 가입하다 | 보증하다	/ˌɪnˈʃʊɹ/	동사	
bohemian	보히미아의 | 보히미아 사람	/boʊˈhimiən/	명사	A bohemian life style
made-up			형용사	
jester	조방구니 | 익살꾼	/ˈdʒɛstɝ/	명사	
uniquely		/juˈnikɫi/	부사	He could determine uniquely the properties of the compound
regulate	규제하다 | 수정 | 조절하다	/ˈɹɛɡjəˌɫeɪt/	동사	Regulate the temperature
irreplaceable		/ˌɪɹəˈpɫeɪsəbəɫ/	형용사	Irreplaceable antiques
pied	잡색의	/ˈpaɪd/	형용사	
unofficially		/ənəˈfɪʃəɫi/	부사	Unofficially, he serves as the treasurer
canterbury	보면대 | 캔터베리 | 악보대	/ˈkæntɝˌbɛɹi/	명사	
shank	정강이 | 걸어서 가다 | 정강말 타다	/ˈʃæŋk/	명사	
alpine	고산의 | 알프스의	/ˈæɫˌpaɪn/	형용사	Alpine countries, Switzerland, Italy, France, and Germany
prowess		/ˈpɹaʊəs/	명사	
trashy	쓰레기의 | 시시한 | 하잘것없다	/ˈtɹæʃi/	형용사	Trashy merchandise
blower	부는사람 | 송풍기	/ˈbɫoʊɝ/	명사	
tenderly	예민하게 | 상하기 쉽게 | 상냥하게	/ˈtɛndɝɫi/	부사	Tenderly she placed her arms round him
depicted		/dɪˈpɪktəd/	형용사	
carlyle	칼라일	/ˈkɑɹˌɫaɪɫ/	명사	
mussel	홍합 | 마합	/ˈməsəɫ/	명사	
mali		/ˈmɑɫi/	명사	
sigma		/ˈsɪɡmə/	명사	
croissant	크르와상	/ˌkwɑˈsɑnt/	명사	
charades		/ʃɝˈeɪdz/	명사	
mince	썰다 | 잘게 다지다 | 다지다	/ˈmɪns/	동사	Mince the garlic
kilogram	킬로그램	/ˈkɪɫəˌɡɹæm/	명사	A kilogram is approximately 2.2 pounds
boasting	거만 | 자랑하는 | 호언	/ˈboʊstɪŋ/	명사	
xanax		/ˈzænæks/	명사	
high-class			형용사	
passageway		/ˈpæsədʒˌweɪ/	명사	
left-hand		/ˌɫɛftˈhænd/	형용사	A car with left-hand drive
ranting	노호	/ˈɹæntɪŋ/	명사	
pixie	요정	/ˈpɪksi/	명사	
nitrate	질산비료	/ˈnaɪˌtɹeɪt/	명사	
insurgent	모반한 | 밀려오는 | 반대분자	/ˌɪnˈsɝdʒənt/	명사	
yiddish	이디시어 | 히브리어 | 슬라브어의 혼합으로	/ˈjɪdɪʃ/	명사	
elevation	향상 | 입면 | 축대	/ˌɛɫəˈveɪʃən/	명사	His elevation to cardinal
litre			명사	
pastime	도락 | 기분 전환	/ˈpæsˌtaɪm/	명사	His main pastime is gambling
altering		/ˈɔɫtɝɪŋ/	명사	
ussr		/ˌjuˌɛˌsɛˈsɑɹ/	명사	
brie		/ˈbɹi/	명사	
spec	명세	/ˈspɛk/	명사	
abolish	철폐하다	/əˈbɑɫɪʃ/	동사	Slavery was abolished in the mid-19th century in America and in Russia
earthling	안간 | 지구인	/ˈɝθɫɪŋ/	명사	
pricey	비싼	/ˈpɹaɪsi/	형용사	A pricey restaurant
mending	보수 | 파손품 | 수리하다	/ˈmɛndɪŋ/	명사	My broken leg is mending
pesky	귀찮은	/ˈpɛski/	형용사	A pesky mosquito
turbulent	광포한 | 소란 스러운	/ˈtɝbjəɫənt/	형용사	Turbulent rapids
attribute	돌리다 | 탓으로돌리다 | 속성	/ˈætɹəbˌjut/	동사	We attributed this quotation to Shakespeare
albino	변색종	/æɫˈbaɪˌnoʊ/	명사	
activation	활성화 | 부대 신설	/ˌæktəˈveɪʃən/	명사	
flamingo	홍학	/fɫəˈmɪŋɡoʊ/	명사	
eggnog	에그노그	/ˈɛɡˌnɔɡ/	명사	
expulsion	제적 | 추방 | 제명	/ɪkˈspəɫʃən/	명사	The child's expulsion from school
verity		/ˈvɛɹəti/	명사	
granddaddy		/ˈɡɹænˌdædi/	명사	
dominican	성 도미니코의 | 도미니카 공화국의 | 도미니코회의 수도사	/dəˈmɪnəkən/	명사	Dominican monks
flattened		/ˈfɫætənd/	형용사	The landscape flattened
mba		/ˈɛmˈbiˈeɪ/	명사	
analyse			동사	
untimely	때 아닌 | 철 아닌 | 때아닌 때에	/ənˈtaɪmɫi/	형용사	An untimely remark
reversal	되돌아옴 | 역전 | 반전	/ɹiˈvɝsəɫ/	명사	The reversal of the image in the lens
ambiguous		/æmˈbɪɡjuəs/	형용사	Ambiguous words
clouded	침울하다 | 구름 모양의 | 구름에 덮힌	/ˈkɫaʊdɪd/	형용사	A mind clouded by sorrow
sundae	선디	/ˈsəndeɪ/	명사	
housewarming	집들이	/ˈhaʊˌswɑmɪŋ/	명사	
emblem	상징 | 휘장	/ˈɛmbɫəm/	명사	
posterity	후세	/pɑˈstɛɹəti/	명사	We must secure the benefits of freedom for ourselves and our posterity
thermos	보온병	/ˈθɝməs/	명사	
perseverance	인내	/ˌpɝsəˈvɪɹəns/	명사	
midge	파리매	/ˈmɪdʒ/	명사	
untied	묶이지 않은	/ənˈtaɪd/	형용사	They untied the prisoner
bulge	부푼것 | 배밑의만곡부 | 전선의돌출부	/ˈbəɫdʒ/	동사	His stomach bulged after the huge meal
sheen	빗남 | 광채 | 광택	/ˈʃin/	명사	
greased		/ˈɡɹist/	형용사	
self-righteous		/ˌsɛɫˈfɹaɪtʃəs/	형용사	
optic	시력의	/ˈɑptɪk/	형용사	The optic (or optical) axis of the eye
low-level		/ˌɫoʊˈɫɛvəɫ/	형용사	A low-level job
twitching		/ˈtwɪtʃɪŋ/	명사	His face is twitching
exterminated		/ɪkˈstɝməˌneɪtɪd/	형용사	
crossfire		/ˈkɹɔsˌfaɪɹ/	명사	
topping		/ˈtɑpɪŋ/	명사	
impudent	호들갑스럽다		형용사	An impudent boy given to insulting strangers
gravely		/ˈɡɹeɪvɫi/	부사	
manifestation	표현 | 표명 | 정견 발표	/ˌmænəfɛˈsteɪʃən/	명사	A manifestation of disease
moat	해자	/ˈmoʊt/	명사	
prefecture		/ˈpɹiˌfɛktʃɝ/	명사	
noticeable		/ˈnoʊtəsəbəɫ/	형용사	A noticeable resemblance
muir		/ˈmjʊɹ/	명사	
mausoleum	능 | 영묘	/ˌmɔsəˈɫiəm/	명사	
consignment	대행 | 탁송 | 적송품	/kənˈsaɪnmənt/	명사	
tonsil		/ˌtɑnsəɫ/	명사	
wrongful	부당	/ˈɹɔŋfəɫ/	형용사	A wrongful charge
knackered			형용사	
lacy		/ˈɫeɪsi/	형용사	
grilling		/ˈɡɹɪɫɪŋ/	명사	
zeppelin	체펠린 비행선	/ˈzɛpɪɫɪn/	명사	
catalyst	촉매 | 기타리스트 | 촉진제	/ˈkætəɫəst/	명사	The invasion acted as a catalyst to unite the country
bergen		/ˈbɝɡən/	명사	
checkout		/ˈtʃɛˌkaʊt/	명사	The checkout here is 12 noon
jobless	무직의 | 실직안	/ˈdʒɑbɫəs/	형용사	Jobless transients
rhea	레아 | 아메리카 타조	/ˈɹiə/	명사	
dotted	점이있는 | 점재한	/ˈdɑtəd/	형용사	Sign on the dotted line
tarot	타로 카드	/ˌtæˈɹoʊ/	명사	
dangle	뒤쫓다 | 따라다니다 | 대롱대롱	/ˈdæŋɡəɫ/	동사	The ornaments dangled from the tree
firecracker	딱총 | 폭죽	/ˈfaɪɝˌkɹækɝ/	명사	
aphrodisiac	최음의 | 최음제 | 미약	/ˌæfɹoʊˈdiziæk/	명사	
crowning		/ˈkɹaʊnɪŋ/	형용사	Her hair was her crowning glory
utensil		/juˈtɛnsəɫ/	명사	
snare	향현 | 덫 | 올가미	/ˈsnɛɹ/	명사	It was all a snare and delusion
deficiency	결함 | 결핍 | 미달	/dɪˈfɪʃənsi/	명사	Water is the critical deficiency in desert regions
conjecture	짐작 | 억측하다 | 판독하다	/kənˈdʒɛkʃɝ/	명사	He dismissed it as mere conjecture
saucy	후안 | 시큰둥하다	/ˈsɔsi/	형용사	
swindle	사취 | 협잡하다 | 사취하다	/ˈswɪndəɫ/	동사	He swindled me out of my inheritance
taffy		/ˈtæfi/	명사	
coerce	강제하다 | 위압하다 | 마음대로 움직이다	/koʊˈɝs/	동사	
pornographic	음란하다 | 음탕하다	/ˌpɔɹnəˈɡɹæfɪk/	형용사	Pornographic films and magazines
imaginable		/ˌɪˈmædʒənəbəɫ/	형용사	
digestion	소화 | 소화 작용	/daɪˈdʒɛstʃən/	명사	His appetite for facts was better than his digestion
aye-aye			명사	
craze	대유행 | 광기 | 발광하다	/ˈkɹeɪz/	명사	Crazed ceramics
watt	와트	/ˈwɑt/	명사	
critique	비평문 | 비평법 | 평론	/kɹəˈtik/	명사	Please critique this performance
veterinary		/ˈvɛtɹəˌnɛɹi/	형용사	
presto	빠르게 | 번개같이 | 급한	/ˈpɹɛsˌtoʊ/	부사	Presto! begone! 'tis here again
depleted		/dɪˈpɫitɪd/	형용사	Our funds are depleted
sarcophagus	석관	/sɑɹˈkɑfəɡəs/	명사	
slump	슬럼프 | 부진 | 폭락	/ˈsɫəmp/	동사	He slumped onto the couch
hooky		/ˈhʊki/	명사	
workings		/ˈwɝkɪŋz/	명사	
thunderstorm		/ˈθəndɝˌstɔɹm/	명사	
hellish	지옥같은 | 가증한 | 지옥의	/ˈhɛɫɪʃ/	형용사	Hellish weather
trickster		/ˈtɹɪkstɝ/	명사	
decadent	쇠미한 | 쇠비한	/ˈdɛkədənt/	형용사	A decadent life of excessive money and no sense of responsibility
fiddling		/ˈfɪdɫɪŋ/	형용사	A fiddling sum of money
saroyan			명사	
gaul	갈리아 | 갈리아인 | 골	/ˈɡɔɫ/	명사	
triplet		/ˈtɹɪpɫət/	명사	
humbled		/ˈhəmbəɫd/	형용사	
gout	통풍 | 응혈	/ˈɡaʊt/	명사	
devoid	전혀 없는	/dɪˈvɔɪd/	형용사	The sentence was devoid of meaning
compensated		/ˈkɑmpənˌseɪtəd/	형용사	She was compensated for the loss of her arm in the accident
johnston		/ˈdʒɑnstən/	명사	
bombardment	폭격 | 포격	/bɑmˈbɑɹdmənt/	명사	A bombardment of mail complaining about his mistake
frightfully	무섭게 | 지독히	/ˈfɹaɪtfəɫi/	부사	
salvo	박수 갈채	/ˈsæɫvoʊ/	명사	There was a salvo of approval
overflow	넘치다 | 배수로 | 범람하다	/ˈoʊvɝˌfɫoʊ/	동사	
multiplied		/ˈməɫtəˌpɫaɪd/	형용사	
spore	훌씨	/ˈspɔɹ/	명사	A sexual spore is formed after the fusion of gametes
orchestrated		/ˈɔɹkɪˌstɹeɪtɪd/	형용사	
slasher		/ˈsɫæʃɝ/	명사	
uncharted	미지의	/ənˈtʃɑɹtɪd/	형용사	
pimple	뽀루지 | 여드름이 난 | 여드름	/ˈpɪmpəɫ/	명사	
quench	끌수 없는 | 억제하다	/ˈkwɛntʃ/	동사	Quench the flames
rendering	넘겨줌 | 교부	/ˈɹɛndɝɪŋ/	명사	
stubbs		/ˈstəbz/	명사	
purcell		/pɝˈsɛɫ/	명사	
giver	주는 사람	/ˈɡɪvɝ/	명사	There are no greater givers than those who give themselves
hard-core			형용사	Hard-core addicts
sm			명사	
ulterior		/əɫˈtɪɹiɝ/	형용사	Without ulterior argument
deduct	공제하다 | 할인하다	/dɪˈdəkt/	동사	
confer	협의하다 | 하사하다 | 드리우다	/kənˈfɝ/	동사	
stockton		/ˈstɑktən/	명사	
impure	음단한 | 불순하다	/ˌɪmˈpjʊɹ/	형용사	Impure thoughts
keyhole	열쇠구멍	/ˈkiˌhoʊɫ/	명사	
pertinent		/ˈpɝtɪnɪnt/	형용사	A list of articles pertinent to the discussion
domingo		/dəˈmɪŋɡoʊ/	명사	
purr	가르랑거리다 | 목을 울리다 | 낮은 엔진소리	/ˈpɝ/	동사	The car engine purred
standstill	정돈 | 막힘	/ˈstændˌstɪɫ/	명사	
groupie		/ˈɡɹupi/	명사	
danube		/ˈdænjub/	명사	Vienna, Budapest, and Belgrade are on the banks of the Danube
vroom	부릉부릉	/ˈvɹum/	명사	
integral	적분 | 완전체의 | 적분의	/ˈɪnəɡɹəɫ/	형용사	A local motion keepeth bodies integral
loins			명사	
untold	밝혀지지 않은	/ənˈtoʊɫd/	형용사	Untold suffering
progression	수열	/pɹəˈɡɹɛʃən/	명사	
maja			명사	
undeniable		/ˌəndɪˈnaɪəbəɫ/	형용사	
acapulco		/ˌækəˈpʊɫkoʊ/	명사	
inadvertently		/ˌɪnædˈvɝtəntɫi/	부사	
inexplicable		/ˌɪnəksˈpɫɪsəbəɫ/	형용사	Inexplicable errors
radish	무	/ˈɹædɪʃ/	명사	
lingo		/ˈɫɪŋɡoʊ/	명사	They don't speak our lingo
illogical	비논리적인 | 불합리	/ˌɪˈɫɑdʒɪkəɫ/	형용사	
yosemite	요세미티 계곡	/joʊˈsɛmɪti/	명사	
exceedingly		/ɪkˈsidɪŋɫi/	부사	
stint	내기 아까워함	/ˈstɪnt/	명사	Her stint as a lifeguard exhausted her
flustered	허둥거리다	/ˈfɫəstɝd/	형용사	
alto	알토	/ˈæɫtoʊ/	명사	Alto clarinet or recorder
violinist	바이올린 연주자	/vaɪəˈɫɪnəst/	명사	
bonehead			명사	
optional	마음대로의 | 임의	/ˈɑpʃənəɫ/	형용사	
sanction	재가 | 인가 | 결재	/ˈsæŋkʃən/	동사	It had the sanction of the church
playback		/ˈpɫeɪˌbæk/	명사	He was allowed to hear the playback of his testimony
spinster	미혼여성 | 노처녀	/ˈspɪnstɝ/	명사	
fawn	새끼사슴 | 재롱떨다 | 해롱거리다	/ˈfɔn/	명사	
spouting		/ˈspaʊtɪŋ/	형용사	
melville		/ˈmɛɫvɪɫ/	명사	
refreshed		/ɹiˈfɹɛʃt/	형용사	The cool water refreshed us
stooge	비행 연습생 | 꼭두각시 | 꼭둑각시	/ˈstudʒ/	동사	He stooged for the flamboyant Senator
disfigured		/dɪsˈfɪɡjɝd/	형용사	A disfigured face
converse	대화하다 | 뒤바뀐 | 거꾸로 말하기	/ˈkɑnvɝs/	동사	`parental' and `filial' are converse terms
anubis		/əˈnubɪs/	명사	
taker	취득자	/ˈteɪkɝ/	명사	
intuitive	직각의 | 직각적인	/ˌɪnˈtuətɪv/	형용사	An intuitive revulsion
hippy			명사	
to-do		/ˌtuˈdu/	명사	
albania		/æɫˈbeɪniə/	명사	
excalibur	왕의 마법의검	/ˌɛkˈskæɫəbɝ/	명사	
dinnertime		/ˈdɪnɝˌtaɪm/	명사	
award-winning			형용사	This award-winning bridge spans a distance of five miles
productivity	생산성 | 다산	/ˌpɹoʊdəkˈtɪvəti/	명사	
cross-country	크로스컨트리 경기	/ˈkɹɔˌskəntɹi/	부사	The road runs cross-country
unresolved		/ənɹɪˈzɑɫvd/	형용사	Many problems remain unresolved
stub	담배꽁초 | 동강 | 토막	/ˈstəb/	명사	A stub of a pencil
derivative	유도체 | 파생어 | 파생의	/dɝˈɪvətɪv/	명사	A derivative process
sparing	검약하는	/ˈspɛɹɪŋ/	형용사	A sparing father and a spending son
wichita		/ˈwɪtʃəˌtɔ/	명사	
denim	데님	/ˈdɛnəm/	명사	
grievance	불평거리	/ˈɡɹivəns/	명사	
undetected	들키지 않은 | 발견되지 않은	/ˌəndɪˈtɛktɪd/	형용사	They feared some undetected trace of poison
subjective	주관적	/səbˈdʒɛktɪv/	형용사	A subjective judgment
cicero	케케로	/ˈsɪsɝˌoʊ/	명사	
transformer	변압기 | 트랜스	/tɹænsˈfɔɹmɝ/	명사	
inventive	독창적인	/ˌɪnˈvɛntɪv/	형용사	Inventive ceramics
eloquent		/ˈɛɫəkwənt/	형용사	
soot	매연 | 그을음	/ˈsʊt/	명사	
umpire	심판하다 | 심판원 | 엄파이어	/ˈəmˌpaɪɝ/	명사	An umpire was appointed to settle the tax case
quicksand	유사	/ˈkwɪkˌsænd/	명사	
succeeding		/səkˈsidɪŋ/	형용사	
georgian	미국 주의	/ˈdʒɔɹdʒən/	명사	Georgian vowels
bitterly	쓰게 | 격심하게 | 씁쓸하게	/ˈbɪtɝɫi/	부사	It was bitterly cold
sloth	나태 | 나무늘보 | 나타	/ˈsɫoʊθ/	명사	
fondue	폰듀	/ˈfɑnˌdu/	명사	
physiology	생리 | 생리 현상 | 생리학	/ˌfɪziˈɑɫədʒi/	명사	
britches		/ˈbɹɪtʃəz/	명사	
longevity	연공 가봉 | 장수	/ɫɔnˈdʒɛvəti/	명사	Her longevity as a star
intergalactic			형용사	Intergalactic space
lupus	낭창 | 이리자리	/ˈɫupəs/	명사	
extremist	극단론자 | 과격파	/ɛkˈstɹimɪst/	명사	Extremist political views
high-level		/ˌhaɪˈɫɛvəɫ/	형용사	High-level bombing
golfing		/ˈɡɑɫfɪŋ/	명사	He goes south every winter for the golfing
dab	두드리다	/ˈdæb/	동사	Dab the wall with paint
gaza	가자	/ˈɡɑzə/	명사	He is a Palestinian from Gaza
tapestry		/ˈtæpəstɹi/	명사	The tapestry of European history
lithium	리튬	/ˈɫɪθiəm/	명사	
sacrificial	형용사	/ˌsækɹəˈfɪʃəɫ/	형용사	Sacrificial lamb
confetti	색종이 조각	/kənˈfɛti/	명사	
debs		/ˈdɛbz/	명사	
typhoid	장티푸스의	/ˈtaɪfɔɪd/	명사	
advert		/ˈædvɝt/	동사	
conditioned	가입학의 | 조절된 | 공기 조절된	/kənˈdɪʃənd/	형용사	A conditioned response
inconceivable		/ˌɪnkənˈsivəbəɫ/	형용사	
rusted		/ˈɹəstɪd/	형용사	The pipes rusted
gazelle	가젤	/ɡəˈzɛɫ/	명사	
burdened		/ˈbɝdənd/	형용사	Tree limbs burdened with ice
murky		/ˈmɝki/	형용사	A murky dungeon
artemis	아르테미스		명사	
divinity	신성 | 신학	/dɪˈvɪnəti/	명사	Ancient Egyptians believed in the divinity of the Pharaohs
warranty	담보 | 보증	/ˈwɔɹənti/	명사	
ceramic	도예의 | 요업의 | 요업제품	/sɝˈæmɪk/	형용사	
chilean	칠레사람 | 칠레의 | 칠레사람의	/ˈtʃɪɫiən/	명사	Chilean volcanoes
canton	광둥	/ˈkæntən/	명사	
obese	뚱뚱하다	/əˈbis/	형용사	
enzyme	효소	/ˈɛnˌzaɪm/	명사	
repetition	복주 | 재주장 | 반복된 말	/ˌɹɛpəˈtɪʃən/	명사	
kosovo		/ˈkoʊsoʊˌvoʊ/	명사	
silencer		/ˈsaɪɫənˌsɝ/	명사	
multitude		/ˈməɫtəˌtud/	명사	A multitude of TV antennas
improbable		/ˌɪmˈpɹɑbəbəɫ/	형용사	An improbable event
scepter			명사	
jailer		/ˈdʒeɪɫɝ/	명사	
baldrick			명사	
concealing		/kənˈsiɫɪŋ/	명사	The concealing darkness
air-condition			동사	Our house is not air-conditioned
bureaucratic	관료식의 | 번문 욕례의	/ˌbjʊɹəˈkɹætɪk/	형용사	A bureaucratic nightmare
branding		/ˈbɹændɪŋ/	명사	
pompeii	폼페이		명사	
pedigree	가문 | 전과 기록부 | 가계	/ˈpɛdəɡɹi/	명사	
halifax	핼리팩스	/ˈhæɫɪˌfæks/	명사	
revolve	공전하다 | 주전하다 | 운행시키다	/ɹiˈvɑɫv/	동사	The Earth revolves around the Sun
indirectly		/ˌɪndɝˈɛktˌɫi/	부사	He answered very indirectly
dragonfly	잠자리		명사	
contusion	타박상 | 멍듦	/kənˈtuʒən/	명사	The bruise resulted from a contusion
holographic		/ˌhɑɫəˈɡɹæfɪk/	형용사	A holographic will
catheter	도뇨관 | 카테테르	/ˈkæθətɝ/	명사	
one-armed	외팔		형용사	A one-armed veteran
know-it-all			명사	
friedman	프리드만	/ˈfɹidmən/	명사	
blowout	대향연 | 빵꾸 | 큰잔치	/ˈbɫoʊˌaʊt/	명사	The right front tire had a blowout
beaming		/ˈbimɪŋ/	형용사	A beaming smile
dutchman		/ˈdətʃmən/	명사	
stationery		/ˈsteɪʃəˌnɛɹi/	명사	
stardust	소성단 | 우주진	/ˈstɑɹˌdəst/	명사	
dismount	말에서 떨어뜨리다 | 떼어내다		동사	
scenic	극의 | 무대의 | 배경의	/ˈsinɪk/	형용사	
lorelei	로렐라이	/ˈɫɔɹɪˌɫaɪ/	명사	
dill	이논드	/ˈdɪɫ/	명사	
scarface		/ˈskɑɹˌfeɪs/	명사	
puzzling		/ˈpəzəɫɪŋ/	형용사	A puzzling statement
practised		/ˈpɹæktɪst/	형용사	
masseuse	여성 안마사 | 마사지사		명사	
caper	바람잡이 | 희롱거리다	/ˈkeɪpɝ/	명사	
boo-boo			명사	
lengthy	장황한	/ˈɫɛŋθi/	형용사	A lengthy visit from her mother-in-law
fortified		/ˈfɔɹtəˌfaɪd/	형용사	
dory	달고기류 | 평저 어선	/ˈdɔɹi/	명사	
chink	현찰 | 댕그랑 | 잘랑잘랑	/ˈtʃɪŋk/	명사	
decorative	장식적인	/ˈdɛkɹətɪv/	형용사	The buildings were utilitarian rather than decorative
correspond	교신하다 | 상당하다	/ˌkɔɹəˈspɑnd/	동사	My Russian pen pal and I have been corresponding for several years
graciously	상냥하게 | 우아하게	/ˈɡɹeɪʃəsɫi/	부사	He did not have a chance to grow up graciously
bronco	야생마	/ˈbɹɑŋkoʊ/	명사	
mangy		/ˈmeɪndʒi/	형용사	A mangy old fur coat
shipwreck	파멸하다 | 파선 | 과멸	/ˈʃɪpɹɛk/	명사	The vessel was shipwrecked
trustee	보관인 | 피신탁인 | 관재인	/ˌtɹəsˈti/	명사	
bellowing		/ˈbɛɫoʊɪŋ/	명사	
vagabond	떠도는 | 방랑자 | 방랑하는	/ˈvæɡəbɑnd/	명사	Roving vagabonds
mind-blowing			형용사	A mind-blowing horror story
forte	특기 | 강음의 | 강음자리	/ˈfɔɹt/	명사	Cooking is his forte
absolve	방면하다 | 사면하다	/æbˈzɑɫv/	동사	I absolve you from this responsibility
eros	에로스	/ˈɪɹɑs/	명사	
dismal	음침한	/ˈdɪzməɫ/	형용사	The first dismal dispiriting days of November
aerobics	에어로빅	/ɝˈoʊbɪks/	명사	
ut			명사	
wren	굴뚝새	/ˈɹɛn/	명사	
bogey		/ˈboʊɡi/	명사	
forging	단조품 | 대장일	/ˈfɔɹdʒɪŋ/	명사	
guesthouse	영빈관 | 고급 하숙집	/ˈɡɛstˌhaʊs/	명사	
regency	섭정기 | 섭정정치	/ˈɹidʒənsi/	명사	
lebanese	레바논의 | 레바논 사람	/ˈɫɛbəˌniz/	명사	Lebanese mountains
harlot	매춘부	/ˈhɑɹɫət/	명사	
gauri			명사	
bashful	수줍은 | 수줍어하는 | 수치스럽다	/ˈbæʃfəɫ/	형용사	I never laughed, being bashful; lowering my head, I looked at the wall
shambles	수라장	/ˈʃæmbəɫz/	명사	
yoghurt			명사	
geordie	그방언 | 석탄배 | 탄갱부	/ˈdʒiɝdi/	명사	
woodward		/ˈwʊdˌwɔɹd/	명사	
striker	당번병	/ˈstɹaɪkɝ/	명사	A fine striker of the ball
circumcise		/ˈsɝkəmˌsaɪz/	동사	During the bris, the baby boy is circumcised
brainless		/ˈbɹeɪnɫɪs/	형용사	
inherent	본래부터의 | 본연	/ɪnˈhɛɹənt/	형용사	Shortcomings inherent in our approach
maniacally			부사	He was maniacally obsessed with jealousy
bourne		/ˈbɔɹn/	명사	
reluctantly	싫어하면서 | 마지못해	/ɹɪˈɫəktəntɫi/	부사	
pellet	뭉친 알 | 작은 총알 | 게워낸 덩어리	/ˈpɛɫət/	명사	
abstinence	금주 | 절제 | 금욕	/ˈæbstənəns/	명사	
trombone	트롬본	/tɹɑmˈboʊn/	명사	
boomerang	부메랑 | 긁어부스럼	/ˈbumɝˌæŋ/	명사	
readiness	준비성 | 재빠름	/ˈɹɛdinəs/	명사	Putting them in readiness
antidepressant	항우울의 | 항우울제	/ˌæntidɪˈpɹɛsənt/	명사	
vibrator	진동기 | 진동하는 물건	/ˈvaɪbɹeɪtɝ/	명사	A reed is the vibrator that produces the sound
astrologer	점성가	/əˈstɹɑɫədʒɝ/	명사	
sparkly	발랄한	/ˈspɑɹkɫi/	형용사	A dress with sparkly sequins
torah		/ˈtɔɹə/	명사	
magnify	확대하다 | 과장하다	/ˈmæɡnəˌfaɪ/	동사	
coding	부호화 | 코딩	/ˈkoʊdɪŋ/	명사	
rump	잔당 | 잔류파 | 둔부	/ˈɹəmp/	명사	
pamper	어하다	/ˈpæmpɝ/	동사	Grandparents often pamper the children
stinker			명사	
remus		/ˈɹiməs/	명사	
ives		/ˈaɪvz/	명사	
mitten	권투 글러브 | 벙어리 장갑	/ˈmɪtən/	명사	
pessimistic		/ˌpɛsəˈmɪstɪk/	형용사	
angelic	천사의	/ˌænˈdʒɛɫɪk/	형용사	An angelic smile
midsummer	한여름	/ˈmɪdˈsəmɝ/	명사	
snowflake	설화 | 눈송이	/ˈsnoʊˌfɫeɪk/	명사	
quartz	석영 | 수정 | 석영이라함	/ˈkwɔɹts/	명사	
caruso	카루소	/kɝˈusoʊ/	명사	
stalingrad		/ˈstæɫɪnˌɡɹæd/	명사	
wishful		/ˈwɪʃfəɫ/	형용사	
concur	동의하다	/kənˈkɝ/	동사	
stupidly		/ˈstupədɫi/	부사	He had stupidly bought a one way ticket
enforced	강제된	/ɛnˈfɔɹst/	형용사	Enforced obedience
playwright		/ˈpɫeɪˌɹaɪt/	명사	
striving	분발	/ˈstɹaɪvɪŋ/	명사	
grazed		/ˈɡɹeɪzd/	형용사	She was grazed by the stray bullet
negligent	등한하다	/ˈnɛɡɫədʒənt/	형용사	Negligent parents
pulsing		/ˈpəɫsɪŋ/	명사	
mesh	그물코 | 맞물림 | 그물올가미	/ˈmɛʃ/	명사	A 100 mesh screen
treasured		/ˈtɹɛʒɝd/	형용사	A treasured heirloom
musk	사향 | 사향 노루	/ˈməsk/	명사	
gould		/ˈɡuɫd/	명사	
musket	머스켓 총	/ˈməskət/	명사	
renoir	르누아르	/ɹɛnˈwɑɹ/	명사	
rem	램	/ˈɹɛm/	명사	
intermission	중지 | 간단	/ˌɪntɝˈmɪʃən/	명사	
grits	탄 옥수수	/ˈɡɹɪts/	명사	
redirect		/ˌɹidɝˈɛkt/	동사	Redirect your attention to the danger from the fundamentalists
sable		/ˈseɪbəɫ/	명사	
armoured			형용사	
lackey	하인 | 빌붙다 | 종자	/ˈɫæki/	명사	
hinder	뒤쪽의 | 저지하다	/ˈhɪndɝ/	동사	The hinder part of a carcass
demote	강등시키다 | 좌천하다 | 좌천시키다	/dɪˈmoʊt/	동사	She was demoted because she always speaks up
blackbird	검은새 | 찌르레기	/ˈbɫækbɝd/	명사	
bile	담즙	/ˈbaɪɫ/	명사	
sunken	내려앉은 | 살이 빠진 | 가라앉은	/ˈsəŋkən/	형용사	Hunger gave their faces a sunken look
commendable		/kəˈmɛndəbəɫ/	형용사	A commendable sense of purpose
upfront	맨앞줄의 | 선봉볼	/ˈəpˌfɹənt/	형용사	He was upfront about his intentions
maroon	밤색 | 불고의 일종	/mɝˈun/	명사	The travellers were marooned
prematurely	요절	/ˌpɹiməˈtʃʊɹɫi/	부사	I spoke prematurely
uganda		/ˌjuˈɡɑndɑ/	명사	
madras	마드라스 | 고은 무명	/ˈmædɹəs/	명사	
cleanliness	철저하다 | 청결 | 깨끗함을 좋아함	/ˈkɫɛnɫinɪs/	명사	
high-five			명사	
antichrist			명사	
skim	떠내다 | 덮이다 | 하는 사람	/ˈskɪm/	동사	Yogurt made with skim milk
irishman		/ˈaɪɹɪʃmən/	명사	
doofus			명사	
oink			명사	
foolishly	바보같이 | 어리석게도	/ˈfuɫɪʃɫi/	부사	He acted foolishly when he agreed to come
momentous		/moʊˈmɛntəs/	형용사	A momentous event
disengage	떨어지다	/dɪsɪnˈɡeɪdʒ/	동사	Disengage the gears
landfill	매립 | 매립지	/ˈɫændˌfɪɫ/	명사	
faulkner		/ˈfɔknɝ/	명사	
high-ranking			형용사	
inbound		/ˈɪnbaʊnd/	형용사	The inbound train
stetson		/ˈstɛtsən/	명사	
partake	같이 하다 | 얼마큼 먹다	/pɑɹˈteɪk/	동사	
paralyse			동사	
pinot		/ˈpɪnət/	명사	
one-sided		/ˌwənˈsaɪdəd/	형용사	
subdued	약해진 | 낮아진 | 낮춘	/səbˈdud/	형용사	Subdued lighting
indisposed			형용사	She was indisposed
beagle	작은 사냥개	/ˈbiɡəɫ/	명사	
plumb	정확히 | 측연 | 헤아려 알다	/ˈpɫəm/	동사	I'm plumb (or plum) tuckered out
momentary	순간적 | 찰나적	/ˈmoʊmənˌtɛɹi/	형용사	A momentary glimpse
sanitary		/ˈsænɪˌtɛɹi/	형용사	A sanitary washroom
constitute	제정하다	/ˈkɑnstəˌtut/	동사	These constitute my entire belonging
installment	한권 | 분할불입방식의 | 분할 불입	/ˌɪnˈstɔɫmənt/	명사	
unsuspecting		/ˌənsəˈspɛktɪŋ/	형용사	An unsuspecting victim
d-day			명사	
asphyxiation	가사상태 | 기절 | 질식		명사	Asphyxiation is sometimes used as a form of torture
gita			명사	
lolita		/ɫoʊˈɫitə/	명사	
fresno		/ˈfɹɛznoʊ/	명사	
peri			명사	
dowager	공작 미망인 | 귀족의 미망인 | 기품있는 노부인	/ˈdaʊədʒɝ/	명사	
heartburn	가슴앓이	/ˈhɑɹtˌbɝn/	명사	
modelling		/ˈmɑdəˌɫɪŋ/	명사	
dopamine	도파민	/ˈdɑpəˌmaɪn/	명사	
severity	중경	/sɪˈvɛɹɪti/	명사	Severity of character
leaflet	광고지 삐라 | 전단	/ˈɫifɫət/	명사	
evilly	융악하게 | 간악하게		부사	
glimmer	미광	/ˈɡɫɪmɝ/	명사	
arlington	알링턴	/ˈɑɹɫɪŋtən/	명사	
vex	성내다 | 짜증나게하다 | 분해하다	/ˈvɛks/	동사	A vexing problem
khrushchev		/ˈkɹusˌtʃɛv/	명사	
twerp			명사	
resonance	공진 | 동조 | 울림	/ˈɹɛzənəns/	명사	
garnet	석류석	/ˈɡɑɹnət/	명사	
bavaria	바바리아 | 바이에른	/bəˈvɛɹiə/	명사	
m	공용 | 교육학 석사 | 그리니치 표준시	/ˈɛm/	명사	
expire	뿜어 내다 | 사장되다 | 만기가 되다	/ɪkˈspaɪɹ/	동사	My passports expired last month
presenter	제출자 | 앵커맨 | 증여자	/ˈpɹɛzəntɝ/	명사	
life-threatening		/ˈɫaɪfˌθɹɛtnɪŋ/	형용사	A life-threatening disease
hess		/ˈhɛs/	명사	
sas		/ˈsæs/	명사	
beryl	녹주석	/ˈbɛɹəɫ/	명사	
ticker	체크하는 사람 | 똑딱거리는 물건	/ˈtɪkɝ/	명사	
entree	서주곡 | 앙트레 | 주요 요리	/ˈɑnˌtɹeɪ/	명사	She made a graceful entree into the ballroom
lindy		/ˈɫɪndi/	명사	
miao			명사	
connolly		/ˈkɔnəɫi/	명사	
signorina			명사	
duress	강박	/ˈdʊɹɛs/	명사	Confessed under duress
bacterial		/bækˈtɪɹiəɫ/	형용사	Bacterial infection
groundbreaking	기공	/ˈɡɹaʊnˌbɹeɪkɪŋ/	명사	
locust	메뚜기 | 매미	/ˈɫoʊkəst/	명사	
lodgings	하숙집	/ˈɫɑdʒɪŋz/	명사	
doze	졸다 | 졸기	/ˈdoʊz/	동사	
bitty	가늘게 자른	/ˈbɪti/	형용사	
kepler		/ˈkɛpɫɝ/	명사	
milt		/ˈmɪɫt/	명사	
uranus	천황성 | 우라누스신	/ˈjɝənəs/	명사	Uranus was discovered by William Herschel in 1781
matador	투우사 | 으뜸패의 일종 | 지대지 미사일	/ˈmætəˌdɔɹ/	명사	
unfriendly	적대적 | 우정이 없는	/ənˈfɹɛndɫi/	형용사	User-unfriendly
checklist	대조표 | 점검표 | 체크리스트	/ˈtʃɛˌkɫɪst/	명사	
devilish	악마같은	/ˈdɛvɫɪʃ/	형용사	Devilish schemes
hospitable	극진하다 | 기꺼이 받아들이는 | 따뜻하게 대접하는	/ˈhɑˈspɪtəbəɫ/	형용사	A hospitable act
sociable	사교적인	/ˈsoʊʃəbəɫ/	명사	A sociable occasion
bazooka	바주카포	/bəˈzukə/	명사	
weirdly		/ˈwɪɹdɫi/	부사	She was dressed weirdly
transylvania		/ˌtɹænsɪɫˈveɪnjə/	명사	
paintball		/ˈpeɪntˌbɑɫ/	명사	
alcoholism	대주 | 알코올 중독	/ˈæɫkəˌhɔˌɫɪzəm/	명사	
droppings		/ˈdɹɑpɪŋz/	명사	
scorching		/ˈskɔɹtʃɪŋ/	형용사	It was scorching hot
flexibility	굴곡성 | 융통성 | 구부리기 쉬움	/ˌfɫɛksəˈbɪɫəti/	명사	He enjoyed the flexibility of his working arrangement
minotaur			명사	
narcissistic		/ˌnɑɹsɪˈsɪstɪk/	형용사	
matinee	낮흥행 | 마티네	/ˈmætɪˌneɪ/	명사	
absolution	면죄	/ˌæbsəˈɫuʃən/	명사	
splashed		/ˈspɫæʃt/	형용사	Gardens splashed with color
floral	꽃의	/ˈfɫɔɹəɫ/	형용사	An unusual floral design
electoral		/ɪˈɫɛktɝəɫ/	형용사	Electoral process
compliance	응낙 | 컴플라이언스 | 승낙	/kəmˈpɫaɪəns/	명사	
pathway	좁은길 | 오솔길	/ˈpæθˌweɪ/	명사	
nielsen	닐슨 시청률	/ˈniɫsən/	명사	
unconditionally	무조건으로 | 무상	/ˌənkənˈdɪʃənəɫi/	부사	He accepted the offer unconditionally
pacemaker	주동자 | 페이스메이커 | 보조 조절자	/ˈpeɪsˌmeɪkɝ/	명사	
in-between			형용사	Adolescence is an awkward in-between age
cuss	악담	/ˈkəs/	명사	He's a likable cuss
persistence	지속성 | 내구	/pɝˈsɪstəns/	명사	
disobedience	불순종 | 불순하다	/ˌdɪsəˈbidiəns/	명사	
interestingly		/ˈɪntɝˌɛstɪŋɫi/	부사	When he ceases to be just interestingly neurotic and...gets locked up
franck		/ˈfɹæŋk/	명사	
icebox	냉동실 | 아이스박스 | 몹시 추운곳	/ˈaɪsˌbɑks/	명사	
mistrial	오판 | 무효심리	/ˈmɪsˌtɹaɪəɫ/	명사	
disclosed		/dɪˈskɫoʊzd/	형용사	The disclosed purpose of their wicked plan
remand	반송 | 재구류 | 재구류자	/ɹɪˈmænd/	동사	
welding	용접	/ˈwɛɫdɪŋ/	명사	
fruitful	다산인 | 이익이 많은 | 열매가잘 열리는	/ˈfɹutfəɫ/	형용사	Be fruitful and multiply
ergo	그런고로	/ˈɝɡoʊ/	부사	
fodder	병사들 | 가축의 먹이 | 사료	/ˈfɑdɝ/	명사	
adolescence	사춘기 | 성숙기 | 청년기	/ˌædəˈɫɛsəns/	명사	
puree	퓨레로 만들다	/pjʊˈɹeɪ/	명사	Puree the vegetables for the baby
uttered		/ˈətɝd/	형용사	He uttered a curse
grader		/ˈɡɹeɪdɝ/	명사	
lament	비가	/ɫəˈmɛnt/	명사	We lamented the loss of benefits
weatherman	관상대원 | 일기 예보자	/ˈwɛðɝˌmæn/	명사	
ebola		/iˈboʊɫə/	명사	
turnip	순무	/ˈtɝnəp/	명사	
galilee	갈릴리 | 예배실	/ˈɡæɫəˌɫi/	명사	
queasy	안정되지 않는 | 메슥거리기 잘하는	/ˈkwizi/	형용사	
corset	코르셋	/ˈkɔɹsət/	명사	
scorched		/ˈskɔɹtʃt/	형용사	The invaders scorched the land
leaky	새기 쉬운	/ˈɫiki/	형용사	A leaky defense system
latent	잠복기 | 잠복성 | 숨어 있는	/ˈɫeɪtənt/	형용사	Latent diabetes
cardigan	카디건	/ˈkɑɹdɪɡən/	명사	
sophistication	복잡화 | 야박함 | 정교화	/səˌfɪstəˈkeɪʃən/	명사	He practiced the art of sophistication upon reason
midterm	중간 시험 | 중간의	/ˈmɪdˌtɝm/	명사	
icarus		/ˈɪˌkɝəs/	명사	
sickle	낫	/ˈsɪkəɫ/	명사	
famed		/ˈfeɪmd/	형용사	A famed scientist
farrow	새끼를 낳다	/ˈfɛˌɹoʊ/	명사	
slew		/ˈsɫu/	동사	A slew of journalists
leprosy	나병	/ˈɫɛpɹəsi/	명사	
registrar	등록관 | 등기공무원 | 입원접수계	/ˈɹɛdʒɪˌstɹɑɹ/	명사	
beecher		/ˈbitʃɝ/	명사	
onset		/ˈɑnˌsɛt/	명사	The onset of pneumonia
lawman	보안관	/ˈɫɔmən/	명사	
birthright	생득권	/ˈbɝˌθɹaɪt/	명사	Free public education is the birthright of every American child
kwai		/ˈkwaɪ/	명사	
fortitude	꿋꿋함	/ˈfɔɹtɪˌtud/	명사	
latrine	변소	/ɫəˈtɹin/	명사	
beret	베레모	/ˈbɛɹeɪt/	명사	
groping	손으로 더듬는 | 암중 모색하는	/ˈɡɹoʊpɪŋ/	형용사	A groping effort to understand
busboy	접시닦이 | 식당웨이터의조수	/ˈbəsˌbɔɪ/	명사	
feathered	날듯이 빠른 | 날개가 있는	/ˈfɛðɝd/	형용사	Our feathered friends
albatross	신천옹	/ˈæɫbəˌtɹɑs/	명사	She was an albatross around his neck
frock	부인복 | 작업복 | 성직에 취임시키다	/ˈfɹɑk/	명사	
shyness	숫기없음 | 수줍음	/ˈʃaɪnəs/	명사	
luftwaffe			명사	
delirium	무아경	/dɪˈɫɪɹiəm/	명사	
trapeze	대형그네	/tɹəˈpiz/	명사	
rheumatism	류머티즘	/ˈɹuməˌtɪzəm/	명사	
olden		/ˈoʊɫdən/	형용사	
tosh	완구	/ˈtɑʃ/	명사	
dominating		/ˈdɑməˌneɪtɪŋ/	형용사	A rather aggressive and dominating character
trickery	꾀	/ˈtɹɪkɝi/	명사	
ob			명사	
sharpened		/ˈʃɑɹpənd/	형용사	A sharpened pencil
show-off			명사	
forearm	팔뚝 | 미리 무장하다	/ˈfɔˌɹɑɹm/	명사	
dribble	가랑비 | 드리블 | 드리블하다	/ˈdɹɪbəɫ/	동사	Dribble the ball
daimon			명사	
gourd	박 | 호리병박	/ˈɡɔɹd/	명사	
lev	레프	/ˈɫɛv/	명사	
tier		/ˈtiɹ/	명사	A three-tier wedding cake
elevate	앙양하다 | 높이다 | 기분을 들뜨게하다	/ˈɛɫəˌveɪt/	동사	
barter	교역하다 | 물물교환 하다	/ˈbɑɹtɝ/	명사	We had no money so we had to live by barter
godless	믿음이 없는	/ˈɡɑdɫəs/	형용사	
crackpot		/ˈkɹækˌpɑt/	명사	
jeering		/ˈdʒiɹɪŋ/	명사	A jeering crowd
appease	가라앉히다 | 누그러뜨리다	/əˈpiz/	동사	
playtime	노는 시간		명사	
minx	바람난 처녀		명사	
kazakhstan		/ˌkɑzɑkˈstɑn/	명사	
thunderbolt	벼락 | 뇌전 | 청천 병력	/ˈθəndɝˌbɔɫt/	명사	
catacomb	지하묘지 | 카타콤베	/ˈkætəˌkoʊm/	명사	
bleachers	외양석	/ˈbɫitʃɝz/	명사	
autopilot	자동조정장치	/ˈɔtoʊˌpaɪɫət/	명사	She talked and he dozed and my mind went on autopilot
gummy	입빨없는	/ˈɡəmi/	형용사	
fibre		/ˈfaɪbɝ/	명사	
sacrilege	모독 | 불경	/ˈsækɹəɫədʒ/	명사	
luminous	빛나는 | 명쾌하다	/ˈɫumənəs/	형용사	A sky luminous with stars
shoemaker		/ˈʃuˌmeɪkɝ/	명사	
bollywood		/ˈbɑˌɫiwʊd/	명사	
sanitarium			명사	
marlin		/ˈmɑɹɫən/	명사	
hands-on		/ˌhænˈzɔn/	형용사	Hands-on operations
abracadabra		/ˌæbɹəkəˈdæbɹə/	명사	
microbe	미생물 | 세균	/ˈmaɪˌkɹoʊb/	명사	
charlatan	협잡꾼	/ˈʃɑɹɫətən/	명사	
admiralty		/ˈædmɝəɫti/	명사	
specify	특정하다 | 개시	/ˈspɛsəˌfaɪ/	동사	Specify the parameters
pancreas	췌장	/ˈpænkɹiəs/	명사	
inflatable		/ɪnˈfɫeɪtəbəɫ/	형용사	An inflatable boat
docket	판결요록 | 사무예정표 | 소송사건표	/ˈdɑkət/	동사	Only 5 of the 120 cases docketed were tried
redding		/ˈɹɛdɪŋ/	명사	
klaxon	클랙슨		명사	
invisibility		/ˌɪnˌvɪzəˈbɪɫəti/	명사	
buttermilk	버터밀크	/ˈbətɝˌmɪɫk/	명사	
coupled		/ˈkəpəɫd/	형용사	This fact is coupled to the other one
palanquin			명사	
sized		/ˈsaɪzd/	형용사	
mailing	우송 | 우편물 분리대	/ˈmeɪɫɪŋ/	명사	The postmark indicates the time of mailing
alchemist	연금술사	/ˈæɫtʃəmɪst/	명사	
spaced		/ˈspeɪst/	형용사	Widely spaced eyes
babble	수다 | 떠듬거리는 말	/ˈbæbəɫ/	동사	The two women babbled and crooned at the baby
stinger	통격 | 꽁무니 | 가시돋친 말	/ˈstɪŋɝ/	명사	
adverse	역의 | 적의가 있는	/ˈædˌvɝs/	형용사	Adverse currents
croatia	크로아티아	/kɹoʊˈeɪʃə/	명사	
pinnacle	작은 뾰족탑	/ˈpɪnəkəɫ/	명사	Pinnacle a pediment
gastric		/ˈɡæstɹɪk/	형용사	
uneducated	무교육 | 불학무식 | 무지한	/əˈnɛdʒʊˌkeɪtɪd/	형용사	
koala	코알라	/koʊˈɑɫə/	명사	
trotter		/ˈtɹɑtɝ/	명사	
parchment		/ˈpɑɹtʃmənt/	명사	
zucchini	서양호박	/zuˈkini/	명사	
vasectomy		/væˈsɛktəmi/	명사	
toolbox	연장통	/ˈtuɫˌbɔks/	명사	
pained		/ˈpeɪnd/	형용사	Face had a pained and puzzled expression
proverbial	속담의 | 속담으로 된 | 속담으로 표현된	/pɹəˈvɝbiəɫ/	형용사	Her proverbial lateness
spielberg		/ˈspiɫbɝɡ/	명사	
melodrama	통속극 | 멜로드라마 | 권선징악의 통속극	/ˈmɛɫəˌdɹɑmə/	명사	
tobin		/ˈtoʊbɪn/	명사	
magnesium	마그네슘	/mæɡˈniziəm/	명사	
dehydration	탈수	/ˌdihaɪˈdɹeɪʃən/	명사	
cad		/ˈkæd/	명사	
hematoma	혈종		명사	
tuba	저음의 나팔통	/ˈtubə/	명사	
kiosk	매점 | 연주 대 | 정자	/ˈkiˌɔsk/	명사	
brainiac			명사	
insufferable	비위에 거슬리는	/ˌɪnˈsəfɝəbəɫ/	형용사	Insufferable insolence
auld		/ˈɔɫd/	형용사	
rudeness	실례 | 방자	/ˈɹudnəs/	명사	
jugular	경정맥의	/ˈdʒuɡjəɫɝ/	명사	He always goes for the jugular
lewd	음란하다 | 음탕하다	/ˈɫud/	형용사	Lewd whisperings of a dirty old man
tryout	적성 검사	/ˈtɹaɪˌaʊt/	명사	
ravaged		/ˈɹævɪdʒd/	형용사	
knowledgeable		/ˈnɑɫədʒəbəɫ/	형용사	A knowledgeable critic
usage	관용법 | 취급법 | 사용법	/ˈjusədʒ/	명사	A usage borrowed from French
squatting		/ˈskwɑtɪŋ/	명사	In some cultures, the women give birth while squatting
surveyor	감시관	/ˈsɝˌveɪɝ/	명사	
defuse		/dɪfˈjuz/	동사	
prawn	참새우	/ˈpɹɔn/	명사	
soundly		/ˈsaʊndɫi/	부사	He was soundly defeated
longitude	경도 | 동경 | 황경	/ˈɫɑndʒəˌtud/	명사	
skillful	교묘하다	/ˈskɪɫfəɫ/	형용사	A lesser-known but no less skillful composer
transponder	트랜스폰더 | 자동 무선	/tɹænˈspɑndɝ/	명사	
nappy			명사	
bower	굴복자 | 나무그늘 | 이물닻	/ˈbaʊɝ/	명사	
retrospect	회구 | 선례의 참고 | 회고하다	/ˈɹɛtɹəˌspɛkt/	명사	
leased		/ˈɫist/	형용사	
parliamentary		/ˌpɑɹɫəˈmɛnɝi/	형용사	Parliamentary law
farthest	가장멀리 | 가장먼	/ˈfɑɹðəst/	부사	See who could jump the farthest
inquisitive	알고싶어하는	/ˌɪnˈkwɪzɪtɪv/	형용사	The police are proverbially inquisitive
tablecloth	식탁보 | 테이블 보	/ˈteɪbəɫˌkɫɔθ/	명사	
kamikaze		/ˌkɑməˈkɑzi/	명사	
milestone	마일 표	/ˈmaɪɫˌstoʊn/	명사	
comparable	필적하는 | 비교되는 | 비슷한	/ˈkɑmpɝəbəɫ/	형용사	
anoint		/əˈnɔɪnt/	동사	She was anointed the head of the Christian fundamentalist group
looker	미녀 | 보는 사람	/ˈɫʊkɝ/	명사	
vanguard	선구 | 선도자 | 지도적 지위	/ˈvænˌɡɑɹd/	명사	
waxing	납 바르기 | 왁스로 닦기 | 제모	/ˈwæksɪŋ/	명사	The moon is waxing
fulfillment	수행 | 달성	/fʊɫˈfɪɫmənt/	명사	
diminish	줄다 | 감소시키다	/dɪˈmɪnɪʃ/	동사	
enroll	입회시키다 | 등록하다 | 응모	/ɛnˈɹoʊɫ/	동사	
expiration	날숨 | 만료	/ˌɛkspɝˈeɪʃən/	명사	
snoopy	엿보고 다니는	/ˈsnupi/	명사	The snoopy neighbor watched us all day
fixer	매수자 | 정착제 | 염료 고정제	/ˈfɪksɝ/	명사	
segregation	분결 | 차별대우	/ˌsɛɡɹəˈɡeɪʃən/	명사	
tempest	폭풍우	/ˈtɛmpəst/	명사	A tempest swept over the island
deceptive	속임의 | 간사	/dɪˈsɛptɪv/	형용사	Deliberately deceptive packaging
druid		/ˈdɹuɪd/	명사	
comprehension	포함 | 포용주의 | 내포	/ˌkɑmpɹiˈhɛnʃən/	명사	How you can do that is beyond my comprehension
fondness	도타운 사랑 | 애착 | 애착심	/ˈfɑndnəs/	명사	He had a fondness for whiskey
determining		/dɪˈtɝmənɪŋ/	형용사	
iguana	이구아나	/aɪˈɡwɑnə/	명사	
stepson	의붓 아들	/ˈstɛpˌsən/	명사	
cavendish		/ˈkævəndɪʃ/	명사	
sisterhood	부인회 | 자매임 | 자매 관계	/ˈsɪstɝhʊd/	명사	
mongol	몽고 사람	/ˈmɑŋɡəɫ/	명사	The Mongol invaders
kleenex	의일종	/ˈkɫinəks/	명사	
pore	털구멍 | 기공	/ˈpɔɹ/	명사	
hobbes		/ˈhɑbiz/	명사	
wobble	불안정하다 | 동요 | 동요하다	/ˈwɑbəɫ/	동사	His knees wobbled
packer	포장기 | 포장업자 | 통조림업자	/ˈpækɝ/	명사	
corkscrew	빙빙돌리다 | 나사 모양의 | 나사모양으로 꾸부리다	/ˈkɔɹksˌkɹu/	명사	
respiration	호흡 | 단숨 | 호흡작용	/ˌɹɛspɝˈeɪʃən/	명사	Thirty respirations per minute
backdoor	뒷문	/ˈbækˌdɔɹ/	명사	
aristocratic	귀족의	/ɝˌɪstəˈkɹætɪk/	형용사	Aristocratic bearing
playbook		/ˈpɫeɪbʊk/	명사	The 1963 playbook leaves out the whole first scene
versatile	다예한 | 재주가 많은	/ˈvɝsətəɫ/	형용사	Versatile moods
flatten	고르다 | 맛없게 하다 | 단조롭게 하다	/ˈfɫætən/	동사	The landscape flattened
foghorn			명사	
scorned	큰코다치다	/ˈskɔɹnd/	형용사	
gusto		/ˈɡəsˌtoʊ/	명사	
off-key			형용사	
dias	디어스	/ˈdaɪəz/	명사	
libel	중상문 | 중상하다	/ˈɫaɪbəɫ/	명사	The newspaper was accused of libeling him
galapagos		/ɡəˈɫɑpəɡoʊz/	명사	
scot	스코틀랜드 사람	/ˈskɑt/	명사	
mockingbird	앵무새 | 지빠귀류의 새	/ˈmɑkɪŋˌbɝd/	명사	
tremor	오싹오싹하는 흥분 | 떨림 | 떨리는 목소리	/ˈtɹɛmɝ/	명사	
vitality	활기 | 기 | 원기	/vaɪˈtæɫəti/	명사	The vitality of a seed
starch	풀을 먹이다 | 녹말 | 전분	/ˈstɑɹtʃ/	명사	
vastly	광막하게 | 방대하게	/ˈvæstɫi/	부사	He had vastly overestimated his resources
chit	싹이트다 | 인물증명서 | 전표	/ˈtʃɪt/	명사	She's a saucy chit
shears		/ˈʃiɹz/	명사	
rube		/ˈɹub/	명사	
choo-choo			명사	
banshee		/ˈbænʃi/	명사	
mistreated		/mɪˈstɹitɪd/	형용사	
referendum	국민투표 | 일반투표 | 청훈서	/ˌɹɛfɝˈɛndəm/	명사	
sacrament	성사 | 성예전 | 성체	/ˈsækɹəmənt/	명사	
liftoff	이륙 | 떠오름	/ˈɫɪfˌtɔf/	명사	
pendulum	긴자 | 흔들이 | 추	/ˈpɛndʒəɫəm/	명사	
spokesperson	대변인 | 대표자	/ˈspoʊkspɝsən/	명사	The meeting was attended by spokespersons for all the major organs of government
zeal	흥미 | 열중하다 | 열심	/ˈziɫ/	명사	He felt a kind of religious zeal
lesion	장애 | 병소 | 상해	/ˈɫiʒən/	명사	
statistical	통계적인	/stəˈtɪstɪkəɫ/	형용사	Statistical population
agha			명사	
warhol		/ˈwɔɹhɔɫ/	명사	
uplifting		/ˈəˌpɫɪftɪŋ/	명사	The uplifting of the clouds revealed the blue of a summer sky
complement	여각 | 보충음정 | 여호	/ˈkɑmpɫəmənt/	명사	A full complement
cornerstone	모퉁잇돌 | 주석 | 근본 이념	/ˈkɔɹnɝˌstoʊn/	명사	
birdsong		/ˈbɝdˌsɔŋ/	명사	
wiz		/ˈhwɪz/	명사	
juarez		/ˈhwɑˌɹɛz/	명사	
bureaucrat	관료	/ˈbjʊɹəˌkɹæt/	명사	
tinny		/ˈtɪni/	형용사	An unpleasant tinny voice
rapport	영교 | 교신	/ɹæˈpɔɹ/	명사	
acne	여드름	/ˈækni/	명사	
ebony	흑단	/ˈɛbəni/	명사	
cordial	강심성의 | 코디얼 | 강심제	/ˈkɔɹdʒəɫ/	형용사	Cordial relations
homophobic		/ˌhoʊməˈfoʊbɪk/	형용사	
landline	지상 통신선 | 육지선의 경계	/ˈɫændˌɫaɪn/	명사	
portray		/pɔɹˈtɹeɪ/	동사	The actor portrays an elderly, lonely man
torque	비트는 힘 | 비비꾄 목걸이	/ˈtɔɹk/	명사	
bawling			명사	
scratchy	그러모은 | 까치작거리는 | 잘 할퀴는	/ˈskɹætʃi/	형용사	
submissive	무른 | 순종하는 | 유순한	/səbˈmɪsɪv/	형용사	A submissive reply
ouija	점판		명사	
antibody	항독소 | 항체	/ˈæntiˌbɑdi/	명사	
collaborator	이적행위자 | 공편자 | 합작자	/kəˈɫæbɝˌeɪtɝ/	명사	The musician and the librettist were collaborators
slingshot	투석기	/ˈsɫɪŋˌʃɑt/	명사	
crowing		/ˈkɹoʊɪŋ/	명사	
antler		/ˈæntɫɝ/	명사	
prussian	프러시아 사람	/ˈpɹəʃən/	명사	Prussian officers
otherworldly	내세의	/ˈəðɝˈwɝɫdɫi/	형용사	
goldilocks	금발의사람 | 미나리아재비의 일종	/ˈɡoʊɫdiˌɫɔks/	명사	
girdle	거들 | 두르는것 | 띠	/ˈɡɝdəɫ/	명사	Girdle the plant
ageing			명사	
critically	혹평하여 | 아슬아슬하게	/ˈkɹɪtɪkəɫi/	부사	This must be examined critically
minerva	미네르바 | 지혜의 여신	/məˈnɝvə/	명사	
cross-examination	반대심문 | 힐ㄴ		명사	
crete	크레타섬	/ˈkɹit/	명사	
axle	굴대 | 차축	/ˈæksəɫ/	명사	
chummy	사이좋은	/ˈtʃəmi/	형용사	The bartender was chummy with the regular customers
decreased		/ˈdiˌkɹist/	형용사	He decreased his staff
bose		/ˈboʊz/	명사	
roc	대괴조	/ˈɹɑk/	명사	
blockbuster		/ˈbɫɑkˌbəstɝ/	명사	
smog	스모그	/ˈsmɑɡ/	명사	
wildfire		/ˈwaɪɫdˌfaɪɝ/	명사	
amethyst	자주색 | 자석영 | 자수정	/ˈæmɪθɪst/	명사	
walk-in		/ˈwɔˌkɪn/	명사	Walk-in closets
prussia	프러시아	/ˈpɹəʃə/	명사	In the 19th century Prussia led the economic and political unification of the German states
infidel	불신자	/ˈɪnfɪˌdɛɫ/	명사	
forceful	힘있는	/ˈfɔɹsfəɫ/	형용사	Forceful measures
lieu		/ˈɫju/	명사	
iodine	옥소 | 요오드	/ˈaɪəˌdaɪn/	명사	
decreed		/dɪˈkɹid/	형용사	The King decreed that all firstborn males should be killed
hairline	두발선 | 타락줄	/ˈhɛɹˌɫaɪn/	명사	
wreak		/ˈɹik/	동사	
limelight	석회광등	/ˈɫaɪmˌɫaɪt/	명사	He enjoyed being in the limelight
duffel	캠프용품 | 나사의 일종	/ˈdəfəɫ/	명사	
calais	칼레	/kəˈɫeɪ/	명사	
clout	천조각 | 권력 | 강타	/ˈkɫaʊt/	명사	He clouted his attacker
adoptive	채용하는	/əˈdɑptɪv/	형용사	Adoptive parents
scruffy		/ˈskɹəfi/	형용사	A surge of ragged scruffy children
parmesan	파르메산 치즈	/ˈpɑɹməˌzɑn/	명사	
tunisia	북아프리카의 공화국	/ˌtuˈniʒə/	명사	Southern Tunisia is mostly desert
flagship	본교 | 최고인것 | 가장 큰배	/ˈfɫæɡˌʃɪp/	명사	It is their flagship newspaper
hasten	재촉하다	/ˈheɪsən/	동사	
stead		/ˈstɛd/	명사	Can you go in my stead?
backfire	맞불 | 역불	/ˈbækˌfaɪɹ/	명사	My old car backfires all the time
autographed		/ˈɔtəˌɡɹæft/	형용사	The author autographed his book
deportation	추방	/ˌdipɔɹˈteɪʃən/	명사	His deportation to a penal colony
coveted		/ˈkəvətɪd/	형용사	
conniving		/kəˈnaɪvɪŋ/	형용사	
astute	기민한 | 빈틈없는	/əˈstut/	형용사	An astute tenant always reads the small print in a lease
priesthood		/ˈpɹisthʊd/	명사	
tranquil	조용한 | 정숙 | 평온한	/ˈtɹæŋkwəɫ/	형용사	She became more tranquil
assembling		/əˈsɛmbəɫɪŋ/	명사	
wallow	수렁 | 뒹구 | 뒹굶	/ˈwɑɫoʊ/	동사	Wallow in luxury
stapler	제책기 | 양모 선별공 | 양모 중매인	/ˈsteɪpəɫɝ/	명사	
hep	환한 | 으윽 | 재즈에 미친	/ˈhɛp/	형용사	
imbalance	불균형	/ɪmˈbæɫəns/	명사	A hormonal imbalance
gp			명사	
bulldozer	불도저	/ˈbʊɫˌdoʊzɝ/	명사	
hormonal		/ˈhɔɹˌmoʊnəɫ/	형용사	Hormonal changes
towering		/ˈtaʊɝɪŋ/	형용사	Towering icebergs
full-blown		/ˌfʊɫˈbɫoʊn/	형용사	A full-blown rose
rhubarb	대황 | 대황색 | 대황의 뿌리	/ˈɹuˌbɑɹb/	명사	
workman		/ˈwɝkmən/	명사	
leviathan	큰배	/ɫəˈvaɪəθən/	명사	It was a leviathan among redwoods
safekeeping		/ˈseɪfˈkipɪŋ/	명사	
imprison	수감하다 | 감금하다 | 가두다	/ˌɪmˈpɹɪzən/	동사	The suspects were imprisoned without trial
triage	선별	/ˈtɹaɪɪdʒ/	명사	
conjugal	혼인의	/ˈkɑndʒəɡəɫ/	형용사	Conjugal visits
incognito	암행 | 익명 | 가명	/ˌɪnkɔɡˈnitoʊ/	형용사	In Holland he lived incognito as a carpenter in the shipyards of the East India company
jenner		/ˈdʒɛnɝ/	명사	
mindset	심적 경향	/ˈmaɪndˌsɛt/	명사	
blended	블렌드된 | 섞이다 | 혼방의	/ˈbɫɛndɪd/	형용사	
croaking		/ˈkɹoʊkɪŋ/	명사	
specified		/ˈspɛsəˌfaɪd/	형용사	Meals are at specified times
crusty	굳어져 | 피각질의	/ˈkɹəsti/	형용사	A crusty old man
overlap	중복하다 | 일부분이 일치하다 | 겹치다	/ˈoʊvɝˌɫæp/	동사	Our vacations overlap
luscious	감미로운	/ˈɫəʃɪs/	형용사	
gladstone		/ˈɡɫædˌstoʊn/	명사	
anthropology	인류학	/ˌænθɹəˈpɑɫədʒi/	명사	
roost	유숙하다 | 착석하다 | 홰	/ˈɹust/	동사	
greyhound	그레이하운드	/ˈɡɹeɪˌhaʊnd/	명사	
ecuador	에콰토르	/ˈɛkwəˌdɔɹ/	명사	
unforeseen		/ˌənfɔɹˈsin/	형용사	Unforeseen circumstances
cleverly	솜씨좋게 | 실수없이	/ˈkɫɛvɝɫi/	부사	They were cleverly arranged
placenta	태반	/pɫəˈsɛntə/	명사	
unspoken		/ənˈspoʊkən/	형용사	Some kind of unspoken agreement
coachman	마부	/ˈkoʊtʃmən/	명사	
knave	하인	/ˈneɪv/	명사	
foyer	현관의 홀	/ˈfɔɪɝ/	명사	
escalate	점증하다	/ˈɛskəˌɫeɪt/	동사	The Allies escalated the bombing
palette	조색판 | 팔레트	/ˈpæɫət/	명사	
zion	유대민족 | 시온 산	/ˈzaɪən/	명사	The inhabitants of Jerusalem are personified as `the daughter of Zion'
serenade	소야곡 | 세레나데	/ˌsɛɹəˈneɪd/	명사	She was serenaded by her admirers
miser	수전노 | 구두쇠	/ˈmaɪzɝ/	명사	
inhabit	깃들다 | 존재하다 | 거주하다	/ˌɪnˈhæbət/	동사	Sweet memories inhabit this house
inhibition	성무집행금지명령	/ˌɪnəˈbɪʃən/	명사	A medical inhibition of alcoholic beverages
rant	장담 | 폭언하다 | 고함소리	/ˈɹænt/	명사	
dainty	우아한	/ˈdeɪnti/	형용사	A dainty teacup
chop-chop	빨리빨리	/ˈtʃɑpˈtʃɑp/	부사	
black-and-white			형용사	Black-and-white film
batty	머리가 돈	/ˈbæti/	형용사	
nike	나이키	/ˈnaɪki/	명사	
sabre		/ˈseɪbɝ/	명사	
manchuria	만주	/mænˈtʃʊɹiə/	명사	
downer		/ˈdaʊnɝ/	명사	
dinar	요르단 | 튀니지 | 디나르	/dɪˈnɑɹ/	명사	
spoiler	스포일러 | 공기 제동판 | 망쳐버리는 사람	/ˈspɔɪɫɝ/	명사	
foxtrot	폭스트롯 | 종종걸음	/ˈfɑkstɹɑt/	명사	
keats		/ˈkits/	명사	
coordinating		/koʊˈɔɹdəˌneɪtɪŋ/	형용사	
inadmissible	승인할수 없는	/ˌɪnædˈmɪsəbəɫ/	형용사	Inadmissible evidence
radioactivity	방사능	/ˈɹeɪdioʊˌækˌtɪvəˌti/	명사	
connoisseur	감식가 | 감식안 | 감정업	/ˌkɑnəˈsɝ/	명사	
barbeque		/ˈbɑɹbɪkˌju/	명사	
scrotum	음낭		명사	
smoother		/ˈsmuðɝ/	명사	
vidal		/vaɪˈdæɫ/	명사	
degraded		/dɪˈɡɹeɪdəd/	형용사	Deplorably dissipated and degraded
horseshoe	말편자 | 편자 | 편자 던지기	/ˈhɔɹsˌʃu/	명사	
sailboat	풍선 | 범선	/ˈseɪɫˌboʊt/	명사	
coincidentally		/koʊˌɪnsɪˈdɛnəɫi/	부사	
lund		/ˈɫənd/	명사	
all-night			형용사	An all-night drugstore
dazed	얼빠진 | 얼빠지다 | 어리둥질하다	/ˈdeɪzd/	형용사	He had a dazed expression on his face
huxley		/ˈhəksɫi/	명사	
breakers		/ˈbɹeɪkɝz/	명사	
conform	합치하다 | 맞게하다 | 따르게하다	/kənˈfɔɹm/	동사	
comanche	코맨치말 | 코맨치족	/kəˈmæntʃi/	명사	
miserably	불쌍하게 | 형편없이 | 초라하게	/ˈmɪzɝəbɫi/	부사	I bit my lip miserably and nodded
ingest	섭취하다	/ˌɪnˈdʒɛst/	동사	
watchdog	집지키는 개	/ˈwɑtʃˌdɔɡ/	명사	She is the global watchdog for human rights abuses
tot		/ˈtɑt/	명사	
kayo		/keɪˈoʊ/	명사	
loosely	매지않게 | 풀리게	/ˈɫusɫi/	부사	His hands lay loosely
acupuncture	침술 | 침	/ˈækjuˌpəŋktʃɝ/	명사	
displeased		/dɪsˈpɫizd/	형용사	
runny	너무 무른 | 점액을 분비하는	/ˈɹəni/	형용사	
blot	오점 | 결점 더럽히다	/ˈbɫɑt/	명사	He made a huge blot on his copybook
cossack	코삭 사람	/ˈkɔsək/	명사	
canvassing	권유 | 여론조사 | 유세	/ˈkænvəsɪŋ/	명사	
exalted	고양된 | 숭고한 | 고귀한	/ɪɡˈzɔɫtɪd/	형용사	An exalted ideal
gander	수컷	/ˈɡændɝ/	명사	
necktie	넥타이	/ˈnɛkˌtaɪ/	명사	He stood in front of the mirror tightening his necktie
conceivable	상상컨대	/kənˈsivəbəɫ/	형용사	
entangled		/ɛnˈtæŋɡəɫd/	형용사	The child entangled the cord
misread	오독하다 | 그릇 해석하다	/mɪsˈɹɛd/	동사	He misread the data
conjunction	접속사 | 합동 | 합	/kənˈdʒəŋkʃən/	명사	
scheduling		/ˈskɛdʒuɫɪŋ/	명사	
twelfth		/ˈtwɛɫfθ/	형용사	
gash		/ˈɡæʃ/	명사	
grubby		/ˈɡɹəbi/	명사	Grubby little fingers
shimmer		/ˈʃɪmɝ/	동사	Beech leaves shimmered in the moonlight
nautical	해사의	/ˈnɔtəkəɫ/	형용사	Nautical charts
confucius		/kənˈfjuʃəs/	명사	
pushover		/ˈpʊˌʃoʊvɝ/	명사	
enlarge	확대하다 | 벌어지다 | 부연하다	/ˌɛnˈɫɑɹdʒ/	동사	She enlarged the flower beds
neurologist	신경학자 | 신경과의사	/nʊˈɹɑɫədʒəst/	명사	
mangled		/ˈmæŋɡəɫd/	형용사	
wag	지껄이다 | 흔들거림 | 흔듦	/ˈwæɡ/	동사	
urinal	소변기		명사	
malfunctioning		/mæɫˈfəŋkʃənɪŋ/	형용사	A malfunctioning valve
intolerant	옹졸하다 | 옹졸한 | 편협한	/ˌɪnˈtɑɫɝənt/	형용사	
clerical	법의 | 성직권지지자 | 성직권 주의	/ˈkɫɛɹəkəɫ/	형용사	Clerical collar
privates		/ˈpɹaɪvəts/	명사	
reconciled		/ˈɹɛkənˌsaɪɫd/	형용사	
pesticide	살충제	/ˈpɛstəˌsaɪd/	명사	
euphoria	행복감 | 도취감	/juˈfɔɹiə/	명사	
retake	재촬영 | 다시 잡다 | 다시 찍기	/ˈɹiˈteɪk/	동사	Please retake that scene
bluebird	파랑새 | 푸른새 | 지빠귀과의 일종	/ˈbɫuˌbɝd/	명사	
cutting-edge	첨단	/ˈkətɪˌŋɛdʒ/	형용사	Cutting-edge technology
temperance	삼감 | 금주 | 절제	/ˈtɛmpɝəns/	명사	
calligraphy	서예 | 글씨체 | 달필	/kəˈɫɪɡɹəfi/	명사	
brotherly		/ˈbɹəðɝɫi/	형용사	Brotherly feelings
solstice	극점	/ˈsɔɫstɪs/	명사	
shagged			형용사	Junipers with shagged trunks
bastille	형무소 | 바스티유 감옥	/ˈbæstɪɫ/	명사	
ignited		/ˌɪɡˈnaɪtɪd/	형용사	The ignited paper
therein		/ðɛˈɹɪn/	부사	They can read therein what our plans are
nationalist	국가주의자 | 민족 자결주의의 | 민족 자결주의자	/ˈnæʃənəɫəst/	명사	Nationalist aspirations
storyteller	이야기꾼	/ˈstɔɹiˌtɛɫɝ/	명사	
splinters		/ˈspɫɪntɝz/	명사	
insulation	단열재 | 절연 | 격리	/ˌɪnsəˈɫeɪʃən/	명사	The insulation of England was preserved by the English Channel
outhouse	옥외 변소	/ˈaʊtˌhaʊs/	명사	
byrd		/ˈbɝd/	명사	
scone		/ˈskoʊn/	명사	
subscribe	기부하다 | 응모하다	/səbsˈkɹaɪb/	동사	The broker subscribed 500 shares
rip-off	돈을 사취하기 | 도둑질하다 | 사취하다		명사	
tingle	쑤심 | 시큰거리다 | 조마조마함	/ˈtɪŋɡəɫ/	동사	
gymnasium	체육관 | 체조장 | 김나지움	/dʒɪmˈneɪziəm/	명사	
frisk	뒤흔들다 | 뛰어 돌아다님 | 까불다	/ˈfɹɪsk/	동사	He gave the suspect a quick frisk
reprimand	질책 | 징계 | 견책하다	/ˈɹɛpɹəˌmænd/	동사	
gopher		/ˈɡoʊfɝ/	명사	
cruelly	잔인하게	/ˈkɹuɫi/	부사	A cruelly bitter winter
draught		/ˈdɹæft/	명사	
taint	오염하다 | 병독 | 기미	/ˈteɪnt/	명사	
bystander	국외자 | 구경꾼 | 방관자	/ˈbaɪˌstændɝ/	명사	
lp	장시간 레코드 | 장시간 연주의	/ˈɛɫˈpi/	명사	
consummate	더없는 | 완전한 | 극도의	/ˈkɑnsəˌmeɪt/	동사	Consummate skill
vigilance	불면 | 불면증 | 불침번	/ˈvɪdʒəɫəns/	명사	Vigilance is especially susceptible to fatigue
raptor	맹금류	/ˈɹæptɝ/	명사	
twenty-seven			명사	
countenance	찬조 | 안색	/ˈkaʊntənəns/	명사	A pleasant countenance
choreographer	안무가 | 발레 편성가	/ˌkɔɹiˈɑɡɹəfɝ/	명사	
obliterated		/əˈbɫɪtɝˌeɪtɪd/	형용사	
massively		/ˈmæsɪvɫi/	부사	Tonight the haddock were shoaling massively in three hundred fathoms
neutralized		/ˈnutɹəˌɫaɪzd/	형용사	She neutralized the solution
befriend	친구가 되다	/bɪˈfɹɛnd/	동사	
empowered		/ɪmˈpaʊɝd/	형용사	
appendicitis	맹장염	/əˌpɛnˌdɪˈsaɪtɪz/	명사	
outlive		/ˌaʊtˈɫɪv/	동사	She outlived her husband by many years
ph	페하 지수	/ˈpiˈeɪtʃ/	명사	
indianapolis	인디애나 폴리스	/ˌɪndiəˈnæpəɫɪs/	명사	
leary		/ˈɫɪɹi/	명사	
foretell	예언하다	/fɔɹˈtɛɫ/	동사	
syracuse	시라큐스	/ˈsɪɹəkˌjuz/	명사	
dimple	보조개 | 움푹 들어가다 | 보조개가 생기다	/ˈdɪmpəɫ/	명사	Drops dimpled the smooth stream
astral	별이 많은	/ˈæstɹəɫ/	형용사	
pus	농즙 | 고름	/ˈpəs/	명사	
airship	비행선	/ˈɛɹˌʃɪp/	명사	
bulkhead	들어서여는문 | 격벽	/ˈbəɫkˌhɛd/	명사	
sic	그대로	/ˈsɪk/	부사	The shaman sics sorcerers on the evil spirits
manoeuvre			명사	
illuminate	조명하다 | 해명하다 | 광명을 던지다	/ˌɪˈɫumɪnɪt/	동사	
fife	피리	/ˈfaɪf/	명사	
c-section	제왕절개		명사	
constituent	선거구민 | 선거권자 | 조성물	/kənˈstɪtʃuənt/	명사	The animal constituent of plankton
renal	신장부의	/ˈɹinəɫ/	형용사	
topside			명사	
contingent	부수사건 | 부수하는 | 대표단	/kənˈtɪndʒənt/	명사	They had to plan for contingent expenses
vane	날갯죽지 | 바람개비	/ˈveɪn/	명사	
u-boat	유보트		명사	
clasp	버클 | 휘감기다 | 움켜쥠	/ˈkɫæsp/	동사	The child clasped my hands
bagpipe	백파이프	/ˈbæɡˌpaɪp/	명사	
precarious		/pɹiˈkɛɹiəs/	형용사	A precarious truce
ur		/ˈɝ/	명사	
delicately	고상하게 | 섬세하게 | 우아하게	/ˈdɛɫəkətɫi/	부사	
harpoon	작살박다	/hɑɹˈpun/	명사	
relentlessly		/ɹɪˈɫɛntɫəsɫi/	부사	He worked relentlessly
equilibrium	평형	/ˌikwəˈɫɪbɹiəm/	명사	
flimsy	천박한 | 박약하다 | 부실하다	/ˈfɫɪmzi/	형용사	Flimsy construction
vocalist	성악가	/ˈvoʊkəɫɪst/	명사	
teeming	새끼가 많은 | 풍부한 | 다산의	/ˈtimɪŋ/	형용사	The teeming boulevard
antiquity	옛날 | 낡음 | 오래됨	/ænˈtɪkwəti/	명사	
chipping		/ˈtʃɪpɪŋ/	명사	
yearly	매년의	/ˈjɪɹɫi/	명사	Annual (or yearly) income
wilkinson		/ˈwɪɫkənsən/	명사	
workforce		/ˈwɝkˌfɔɹs/	명사	
frostbite	동상 | 동상에 걸리게하다	/ˈfɹɔstˌbaɪt/	명사	
twenty-six			형용사	
corona	광관 | 광환 | 덧꽃부리	/kɝˈoʊnə/	명사	
recount	다시세다 | 재계표 | 계산을 다시하다	/ˌɹiˈkaʊnt/	동사	We had to recount all the votes after an accusation of fraud was made
sparta	스파르타의	/ˈspɑɹtɑ/	명사	
desist		/dɪˈsɪst/	동사	
rune	룬 문자 | 핀란드의 시가 | 스칸디나비아의 고시	/ˈɹun/	명사	Each rune had its own magical significance
alleyway		/ˈæɫiˌweɪ/	명사	
sutra	경 | 경전		명사	
thirty-two			형용사	
disliked		/dɪˈsɫaɪkt/	형용사	He was intensely disliked
dissect		/daɪˈsɛkt/	동사	Dissect the bodies for analysis
physique	몸 | 덩지 | 덩치	/fəˈzik/	명사	He has a strong physique
fowl	가금	/ˈfaʊɫ/	명사	
afoot	걸어서 | 진행중에	/əˈfʊt/	형용사	Plans are afoot
stifling	답답한	/ˈstaɪfəɫɪŋ/	명사	The stifling atmosphere
irreversible		/ˌɪɹɪˈvɝsəbəɫ/	형용사	Irreversible momentum toward revolution
hater		/ˈheɪtɝ/	명사	
abet	부추기다	/əˈbɛt/	동사	
five-year-old			형용사	
hobbit		/ˈhɑbɪt/	명사	
aram			명사	
feral		/ˈfɛɹəɫ/	형용사	A pack of feral dogs
reportedly	소문에 의하면	/ɹiˈpɔɹtədɫi/	부사	She was reportedly his mistress for many years
coherent	조리가 서는	/koʊˈhɪɹənt/	형용사	A coherent argument
coated	광을 낸 | 겉에 바른	/ˈkoʊtəd/	형용사	Sugar-coated pills
gambit		/ˈɡæmbɪt/	명사	
laborer	근로자 | 노동자 | 근무자	/ˈɫeɪbɝɝ/	명사	
newsreel	뉴스영화	/ˈnuzˌɹiɫ/	명사	
peddling	곰상스러운	/ˈpɛdəɫɪŋ/	명사	
catapult	돌팔매총 | 발진하다 | 쇠뇌	/ˈkætəˌpəɫt/	동사	The enemy catapulted rocks towards the fort
shopper		/ˈʃɑpɝ/	명사	
questionnaire	설문지 | 앙케이트 | 질문서	/ˌkwɛstʃəˈnɛɹ/	명사	
top-notch			형용사	Played top-notch tennis
mistrust	신용하지 않다	/mɪˈstɹəst/	동사	
chowder	잡탕요리	/ˈtʃaʊdɝ/	명사	
fennel	회향풀	/ˈfɛnəɫ/	명사	
curd	식용꽃 | 응유 | 굳어진 식품	/ˈkɝd/	명사	Little Miss Muffet sat on a tuffet eating some curds and whey
gushing	솟아나오는 | 분출하는	/ˈɡəʃɪŋ/	형용사	A gushing hydrant
neo		/ˈnioʊ/	형용사	`neo' is a combining form in words like `neocolonialism'
nosebleed	비출혈 | 코피가 남	/ˈnoʊzˌbɫid/	명사	
helplessness	무력	/ˈhɛɫpɫəsnəs/	명사	
ft			명사	
satchel	학생 가방 | 손가방		명사	
layman		/ˈɫeɪmən/	명사	
cuddling		/ˈkədɫɪŋ/	명사	
policewoman	여경관	/pəˈɫiˌswʊmən/	명사	
instability	불안정	/ˌɪnstəˈbɪɫɪti/	명사	
ketamine			명사	
goethe	괴테	/ˈɡoʊθ/	명사	
haywire	난장판의 | 뒤엉킨 | 혼란되다	/ˈheɪˌwaɪɹ/	형용사	Has gone completely haywire
firstborn		/ˈfɝstˈbɔɹn/	명사	The firstborn child
gory		/ˈɡɔɹi/	형용사	
hypnotize		/ˈhɪpnəˌtaɪz/	동사	
airing	야외운동 | 공기에 쐼 | 바람에 말림	/ˈɛɹɪŋ/	명사	He took the dogs for an airing
peruvian	페루의 | 페루 사람의	/pɝˈuviən/	명사	Peruvian artifacts
eyre		/ˈɛɹ/	명사	
socialize		/ˈsoʊʃəˌɫaɪz/	동사	The old man hates to socialize
rouse	격발하다 | 기상나팔 | 눈을뜨다	/ˈɹaʊs/	동사	He was roused by the drunken men in the street
citation	표창장 | 감사장 | 언급	/saɪˈteɪʃən/	명사	The student's essay failed to list several important citations
handsomely		/ˈhænsəmɫi/	부사	The volume was handsomely bound
faceless	정체불명의 | 얼굴이 없는	/ˈfeɪsɫəs/	형용사	A faceless apparition
finely	잘게 | 훌륭하게 | 아름답게	/ˈfaɪnɫi/	부사	Finely costumed actors
nitwit	멍텅구리		명사	
periscope	잠망경	/ˈpɛɹəˌskoʊp/	명사	
shimmy	몹시 흔들리다	/ˈʃɪmi/	동사	He could feel the shimmy in the steering wheel
two-faced			형용사	Janus the two-faced god
nt			명사	
lovemaking	애무 | 성교	/ˈɫəvmeɪkɪŋ/	명사	His lovemaking disgusted her
hatter	모자상	/ˈhætɝ/	명사	
fraudulent	사기적인	/ˈfɹɔdʒəɫənt/	형용사	A fraudulent scheme to escape paying taxes
grange	호농의 저택	/ˈɡɹeɪndʒ/	명사	
venison	사슴 고기	/ˈvɛnəsən/	명사	
flak		/ˈfɫæk/	명사	Don't give me any flak
shrew	앙알거리는 여자		명사	
toothpick		/ˈtuθˌpɪk/	명사	
taunt	욕하여시키다 | 조롱거리	/ˈtɔnt/	동사	
ascent	상승 | 등산 | 오르막	/əˈsɛnt/	명사	
frobisher			명사	
destitute	군색한 | 결핍한	/ˈdɛstəˌtut/	형용사	Young recruits destitute of experience
inclination	기울어짐 | 기울이기 | 빗면	/ˌɪnkɫəˈneɪʃən/	명사	Her inclination is for classical music
shielding		/ˈʃiɫdɪŋ/	명사	
cite	표창하다 | 개시 | 언급하다	/ˈsaɪt/	동사	He was cited for his outstanding achievements
dispersed	분산된	/dɪˈspɝst/	형용사	The crowds dispersed
deliverance	구출 | 평결 | 해방	/dɪˈɫɪvɝəns/	명사	Work is the deliverance of mankind
intellectually		/ˌɪnəˈɫɛktʃuəɫi/	부사	Intellectually influenced
unwelcome	달갑지 않은 | 환영받지 못하는	/ənˈwɛɫkəm/	형용사	Unwelcome visitors
piracy	저작권 침해	/ˈpaɪɹəsi/	명사	
pretense	거짓 꾸밈 | 가식 | 허세	/pɹiˈtɛns/	명사	
nifty	매력적인 계집애	/ˈnɪfti/	형용사	
amplify	부연하다	/ˈæmpɫəˌfaɪ/	동사	
ninny		/ˈnɪni/	명사	
gramophone	유성기		명사	
expo	박람회	/ˈɛkspoʊ/	명사	
hartford		/ˈhɑɹtfɝd/	명사	
acquiring		/əˈkwaɪɝɪŋ/	명사	I envied his talent for acquiring
fairbanks		/ˈfɛɹbəŋks/	명사	
rhinoceros	코뿔소 | 무소	/ɹaɪˈnɑsɝəs/	명사	
coincidental		/koʊˌɪnsəˈdɛntəɫ/	형용사	
guinevere	왕의 비		명사	
brant	흑기러기	/ˈbɹænt/	명사	
kellogg		/ˈkɛɫɔɡ/	명사	
sorely	힘사게	/ˈsɔɹɫi/	부사	I missed him sorely
internationally	국제간에 | 국제적으로	/ˌɪnɝˈnæʃənəɫi/	부사	She is internationally known
ambient	주위의 | 주위를 둘러싸는	/ˈæmbiənt/	형용사	The ambient air
duce	수령	/ˈdus/	명사	Mussolini was called Il Duce
crematorium		/kɹiməˈtɔɹiəm/	명사	
podcast		/ˈpɔdˌkæst/	동사	
partition	구획 | 칸 막다 | 분할	/pɑɹˈtɪʃən/	명사	Partition a room off
slaying		/ˈsɫeɪɪŋ/	명사	
puma	아메리카 사자 | 퓨마	/ˈpumə/	명사	
blimp		/ˈbɫɪmp/	명사	
prickly		/ˈpɹɪkɫi/	형용사	He became prickly and spiteful
high-powered		/ˌhaɪˈpaʊɝd/	형용사	High-powered executives
anxiously	걱정스럽게	/ˈæŋkʃəsɫi/	부사	We watched anxiously
pestilence	악성 유행병 | 페스트	/ˈpɛstəɫəns/	명사	Racism is a pestilence at the heart of the nation
unruly	불순 | 무법한	/ənˈɹuɫi/	형용사	An unruly class
papaya		/pəˈpaɪə/	명사	
trenton		/ˈtɹɛntən/	명사	
municipality	자치체	/ˌmjunɪsəˈpæɫəti/	명사	
bebop	재즈의 일종	/ˈbiˌbɑp/	명사	
gnarly		/ˈnɑɹɫi/	형용사	
hanukkah	하누카	/ˈhɑnəkə/	명사	
skimming	떠냄 | 떠낸 크림 | 소득의 은폐	/ˈskɪmɪŋ/	명사	
snapshot		/ˈsnæpˌʃɑt/	명사	My snapshots haven't been developed yet
jurassic	주라기 | 주라기의	/dʒʊˈɹæsɪk/	명사	
mobster		/ˈmɑbstɝ/	명사	
craftsman	명장 | 장인 | 기예가	/ˈkɹæfsmən/	명사	As an actor he was a consummate craftsman
cissy			형용사	
fastened		/ˈfæsənd/	형용사	A fastened seatbelt
longtime	허구	/ˈɫɔŋˌtaɪm/	형용사	A longtime friend
loom	직기 | 베틀	/ˈɫum/	동사	Materials loomed in Egypt
requisition	청구서 | 필요조건 | 강제사용하다	/ˌɹɛkwəˈzɪʃən/	명사	First you have to fill out the requisition
tenacious	끈기 있는 | 끈질기다 | 고집하는	/təˈneɪʃəs/	형용사	Tenacious burrs
shorthand		/ˈʃɔɹtˌhænd/	명사	Shorthand notes
plait	꼰 끈 | 엮은 밀짚 | 땋다	/ˈpɫeɪt/	명사	
contented	달갑게 하는 | 흡족해 하는	/kənˈtɛntəd/	형용사	A contented smile
centurion	백부장	/sɛnˈtʊɹiən/	명사	
padded		/ˈpædɪd/	형용사	
saddled		/ˈsædəɫd/	형용사	Left me saddled with the bill
octave	옥타브	/ˈɑktɪv/	명사	
bewildered		/bɪˈwɪɫdɝd/	형용사	Bewildered and confused
entice	유혹 | 빠뜨리다 | 유치하다	/ɪnˈtaɪs/	동사	
playmate		/ˈpɫeɪˌmeɪt/	명사	
integrate	적분하다 | 종합하다 | 완전하게 하다	/ˈɪnəˌɡɹeɪt/	동사	The students at this school integrate immediately, despite their different backgrounds
dead-end		/ˌdɛˈdɛnd/	형용사	Stuck in a dead-end job
dissertation	학위 논문 | 논설	/ˌdɪsɝˈteɪʃən/	명사	
lightening		/ˈɫaɪtənɪŋ/	명사	
tanned	햇볏에 탄	/ˈtænd/	형용사	
outreach	뻗치기 | 뻗친 거리 | 앞까지 도달하다	/ˈaʊˌtɹitʃ/	명사	The outreach toward truth of the human spirit
fatality	치사상 | 필연설 | 사망자	/fəˈtæɫɪti/	명사	
thickness	농도 | 두께	/ˈθɪknəs/	명사	Judging from the thickness of his speech he had been drinking heavily
censor	비평자 | 감찰관 | 검열하다	/ˈsɛnsɝ/	명사	This magazine is censored by the government
cabal	작당하다 | 도당 | 비밀결사	/kəˈbɑɫ/	명사	
pee-pee		/ˈpiˈpi/	동사	
nostradamus	노스트라다무스	/ˌnɔstɹəˈdæməs/	명사	
crass	아주 어리석은	/ˈkɹæs/	형용사	
glaring	흘겨보는 | 명백한 | 시다	/ˈɡɫɛɹɪŋ/	형용사	The glaring sun
professionalism	전문가기질	/pɹəˈfɛʃənəˌɫɪzəm/	명사	
osiris			명사	
sabbatical	안식일의	/səˈbætɪkəɫ/	형용사	Sabbatical research project
industrialist	대기업가	/ˌɪnˈdəstɹiəɫɪst/	명사	
craftsmanship		/ˈkɹæfsmənˌʃɪp/	명사	
bard	음유시인	/ˈbɑɹd/	명사	
burlesque	해학시 | 풍자	/bɝˈɫɛsk/	명사	Burlesque theater
gaelic	게일어 | 게일족의	/ˈɡeɪɫɪk/	형용사	
acorn	도토리 | 상수리	/ˈeɪkɔɹn/	명사	
arcadia	아르카디아 | 평화로운 이상향	/ɑɹˈkeɪdiə/	명사	
nomad	유목민 | 유목민족 | 방랑자	/ˈnoʊˌmæd/	명사	
sweeten	좋게하다 | 달게 하다	/ˈswitən/	동사	
exclamation	절규 | 감탄부호 | 청유	/ˌɛkskɫəˈmeɪʃən/	명사	She gave an exclamation of delight
calamari		/kɑɫɑˈmɑɹi/	명사	
thomson		/ˈtɑmsən/	명사	
golfer		/ˈɡɑɫfɝ/	명사	
alberta	앨버타	/æɫˈbɝtə/	명사	
manger	구유	/ˈmeɪndʒɝ/	명사	
self-pity			명사	
blackness	검정	/ˈbɫæknəs/	명사	
subterranean		/səbtɝˈeɪniən/	형용사	Subterranean passages
fryer		/ˈfɹaɪɝ/	명사	
seniority	선진 | 선임	/sinˈjɔɹɪti/	명사	
rectify	정류하다 | 개정하다 | 교정하다	/ˈɹɛktəˌfaɪ/	동사	Rectify a curve
snotty	추례한 | 역겨운 | 콧물 투성이의	/ˈsnɔˌti/	형용사	A snotty little scion of a degenerate family
newfound		/ˈnuˈfaʊnd/	형용사	His newfound aggressiveness
experimentation	실험법	/ɪkˌspɛɹəmənˈteɪʃən/	명사	Not all experimentation is done in laboratories
jagged	험하다	/ˈdʒæɡd/	형용사	The jagged outline of the crags
unbalanced	파행적	/ənˈbæɫənst/	형용사	The tax relief unbalanced the budget
proton	양자 | 프로톤	/ˈpɹoʊˌtɑn/	명사	
rasputin		/ɹəˈspjutɪn/	명사	
ovary	난소	/ˈoʊˌvɝi/	명사	
spatial	공간적인 | 공간의	/ˈspeɪʃəɫ/	형용사	Spatial ability
nh			명사	
metaphorically		/ˌmɛtəˈfɔɹɪkɫi/	부사	She expressed herself metaphorically
no-show		/ˈnoʊˌʃoʊ/	명사	
heartily	정중히 | 마음으로부터 | 배불리	/ˈhɑɹtəɫi/	부사	`Yes,' the children chorused heartily
tweed	트위트 | 트위드 옷	/ˈtwid/	명사	
clog	나막신 | 괴롭게 하다 | 움직임이 나빠지다	/ˈkɫɑɡ/	동사	The leaves clog our drains in the Fall
av		/ˌeɪˈvi/	명사	
masseur	마사지사 | 안마사		명사	
soph			명사	
freshwater	담수의	/ˈfɹɛʃˌwɔtɝ/	명사	
quarantined		/ˈkwɔɹənˌtaɪnd/	형용사	A quarantined animal
erosion	부식 | 침식	/ɪˈɹoʊʒən/	명사	After the accounting scandal there was an erosion of confidence in the auditors
mite	진드기	/ˈmaɪt/	명사	
marigold	금잔화	/ˈmɛɹəˌɡoʊɫd/	명사	
point-blank			형용사	Point-blank range
hairpin	헤어핀 | 머리핀		명사	
ice-cold			형용사	
knucklehead	숙맥		명사	
mopping		/ˈmɑpɪŋ/	명사	He gave it a good mopping
montenegro	몬테네그로	/ˌmɑntəˈneɪɡɹoʊ/	명사	
hanky		/ˈhæŋki/	명사	
rousseau	루소주의 | 민약설	/ɹuˈsoʊ/	명사	
gangway	비켜라! | 현문= | 좌석의 통로		명사	
darken		/ˈdɑɹkən/	동사	The sky darkened
quiche	키시	/ˈkiʃ/	명사	
clairvoyant	투시의	/kɫɛɹˈvɔɪənt/	형용사	
pearly		/ˈpɝɫi/	형용사	
ballast	바닥짐 | 밸러스트	/ˈbæɫəst/	명사	
configuration	형과 배열 | 외형 | 지형	/kənˌfɪɡjɝˈeɪʃən/	명사	The outcome depends on the configuration of influences at the time
oversized		/ˈoʊvɝˌsaɪzd/	형용사	
trapper	덫으로 새	/ˈtɹæpɝ/	명사	
doh		/ˈdoʊ/	명사	
vamp	호리다 | 앞닫이	/ˈvæmp/	동사	Vamp up an old speech
reactionary	반응의 | 복고적인 | 역진하는	/ɹiˈækʃəˌnɛɹi/	명사	
idly	게으르게 | 빈둥거려 | 무익하게	/ˈaɪdɫi/	부사	
pout	쀼루퉁하다 | 삐죽빼물다	/ˈpaʊt/	명사	The girl pouted
approximate	근사한 | 접근시키다	/əˈpɹɑksəˌmeɪt/	동사	Her results approximate my own
compile	편집하다	/kəmˈpaɪɫ/	동사	
mg		/ˌɛmˈɡi/	명사	
magnolia	목련 | 태산목	/mæɡˈnoʊɫjə/	명사	
angered		/ˈæŋɡɝd/	형용사	The news angered him
primed		/ˈpɹaɪmd/	형용사	Primed for a fight
bragg		/ˈbɹæɡ/	명사	
unearth	굴에서 몰아내다 | 발굴하다 | 바르집다	/əˈnɝθ/	동사	The CIA unearthed a plot to kill the President
three-dimensional		/ˌθɹizdɪˈmɛnʃənəɫ/	형용사	Lifelike three-dimensional characters
conflicting	서로 싸우는 | 모순되는	/kənˈfɫɪktɪŋ/	형용사	Conflicting opinions
utilize	활용하다	/ˈjutəˌɫaɪz/	동사	How do you utilize this tool?
gutless		/ˈɡətɫɛs/	형용사	He was a yellow gutless worm
ahab		/ˈeɪˌhæb/	명사	
bolshevik	볼셰비키 | 과격파 | 다수파	/ˈboʊɫʃəˌvɪk/	명사	Bolshevik Revolution
snowstorm	눈보라	/ˈsnoʊˌstɔɹm/	명사	
headset		/ˈhɛdˌsɛt/	명사	
grovel	빌붙다	/ˈɡɹɑvəɫ/	동사	
appreciative	안목	/əˈpɹiʃiˌeɪtɪv/	형용사	An appreciative word
urchin	선머슴	/ˈɝtʃən/	명사	
newsletter	회보 | 시사회보 | 월보	/ˈnuzˌɫɛtɝ/	명사	
berk		/ˈbɝk/	명사	
pistachio	피스타치오	/pəˈstæʃiˌoʊ/	명사	
gleaming		/ˈɡɫimɪŋ/	명사	The gleaming brass on the altar
relinquish	양도하다	/ɹiˈɫɪŋkwɪʃ/	동사	Relinquish the old ideas
fondly	귀여워해서 | 다정하게 | 무르게	/ˈfɑndɫi/	부사	She spoke to her children fondly
crewman	탑승원 | 승무원	/ˈkɹumən/	명사	
forger	날조자 | 위조자	/ˈfɔɹdʒɝ/	명사	
ans			명사	
kissinger		/ˈkɪsɪndʒɝ/	명사	
three-quarters		/ˌθɹiˈkwɔɹtɝz/	명사	
starfish	불가사리	/ˈstɑɹˌfɪʃ/	명사	
nix	왔다! | 물의 요정	/ˈnɪks/	명사	Dad nixed our plans
kudos	영예 | 명성	/ˈkudoʊs/	명사	
terrorize	위협하다	/ˈtɛɹɝˌaɪz/	동사	
pubes	음모 | 연모 | 음부		명사	
snooker		/ˈsnʊkɝ/	동사	He was snookered by the con-man's smooth talk
one-third		/ˌwənˈθɝd/	명사	
jansen		/ˈdʒænsən/	명사	
shindig	시끄러운 모임	/ˈʃɪndɪɡ/	명사	
daydream	백일몽 | 공상에 잠기다	/ˈdeɪˌdɹim/	동사	She looked out the window, daydreaming
jerk-off		/ˈdʒɝˈkɔf/	명사	
luau	하와이식 파티	/ˈɫuˌaʊ/	명사	
repairman	수리공	/ɹiˈpɛɹˌmæn/	명사	
schubert		/ˈʃubɝt/	명사	
surgically		/ˈsɝdʒɪkəɫi/	부사	Surgically removed
simplify		/ˈsɪmpɫəˌfaɪ/	동사	This move will simplify our lives
gangsta		/ˈɡæŋstə/	명사	
agonizing	고민을 주는	/ˈæɡənaɪzɪŋ/	형용사	
inscribed		/ˌɪnsˈkɹaɪbd/	형용사	
induction	귀납 | 유도감응 | 인공적 유발	/ˌɪnˈdəkʃən/	명사	The induction of an anesthetic state
apex	선단 | 절정 | 정점	/ˈeɪˌpɛks/	명사	
composing	식자	/kəmˈpoʊzɪŋ/	명사	
systematic	제도적 | 규칙바른 | 체계적	/ˌsɪstəˈmætɪk/	형용사	A systematic administrator
engulf	들이키다 | 던져 넣다	/ɪnˈɡəɫf/	동사	The bright light engulfed him completely
hourly		/ˈaʊɹɫi/	형용사	Daily, hourly, I grew stronger
congresswoman	여자국회의원	/ˈkɑŋɡɹəˌswʊmən/	명사	
rummy	럼의	/ˈɹəmi/	명사	
flinch	꽁무니 뺌 | 주춤 | 주춤하다	/ˈfɫɪntʃ/	동사	She flinched when they showed the slaughtering of the calf
mongolian	몽고말 | 몽고인종 | 몽고 사람	/mɑŋˈɡoʊɫiən/	명사	A Mongolian pony
unforgiving	용서 없는 | 용서하지 않는	/ənfɝˈɡɪvɪŋ/	형용사	A surly unforgiving old woman
receptive	잘받아들이는	/ɹiˈsɛptɪv/	형용사	Receptive to the proposals
neurosurgeon	신경외과 의사	/ˈnʊɹoʊˌsɝdʒən/	명사	
twenty-eight			명사	
programmer		/ˈpɹoʊˌɡɹæmɝ/	명사	
ankara		/ˈæŋkɝə/	명사	
narration	스토리 | 화법	/nɛˈɹeɪʃən/	명사	His narration was hesitant
multinational	다국적	/ˌməɫˌtaɪˈnæʃənəɫ/	형용사	Multinational corporations
goddard		/ˈɡɑdɝd/	명사	
toddy	야자술 | 토디		명사	
garter	가터 훈장 | 양말 대님	/ˈɡɑɹtɝ/	명사	
oppressive	답답한 | 가혹한 | 압제적인	/əˈpɹɛsɪv/	형용사	Oppressive laws
procure	알선하다 | 뚜쟁이질하다	/pɹoʊkˈjʊɹ/	동사	He procured extra cigarettes even though they were rationed
counterattack	역습 | 반격 | 역습하다	/ˈkaʊntɝəˌtæk/	명사	
kiwi	키위 | 지상 근무원	/ˈkiwi/	명사	
pail	양동이 | 들통	/ˈpeɪɫ/	명사	
gymnast	체조교사	/ˈdʒɪmnəst/	명사	
check-in	체크인 | 탑승 수속 | 투숙 절차		명사	
scaffolding	발판 | 비계	/ˈskæfəɫdɪŋ/	명사	
hearth	노 | 노변	/ˈhɑɹθ/	명사	Driven from hearth and home
wharton		/ˈwɔɹtən/	명사	
judaism	유대교 | 유대풍	/ˈdʒudeɪˌɪzəm/	명사	
couture	양재 | 여성복 재단업 | 패션 디자이너	/kuˈtʊɹ/	명사	
viewpoint	견지	/ˈvjuˌpɔɪnt/	명사	We should consider this problem from the viewpoint of the Russians
toffee	토피	/ˈtɑfi/	명사	
spud		/ˈspəd/	명사	
blossoming		/ˈbɫɑsəmɪŋ/	명사	
infallible	반드시 일어나는	/ˌɪnˈfæɫəbəɫ/	형용사	An infallible memory
incarceration	감금 | 투옥 | 유폐	/ˌɪnˌkɑɹsɝˈeɪʃən/	명사	His ignominious incarceration in the local jail
conveyor		/kənˈveɪɝ/	명사	
cobweb	거미집	/ˈkɑbˌwɛb/	명사	
godsend	하늘이 준것 | 횡재	/ˈɡɑdˌsɛnd/	명사	
avert		/əˈvɝt/	동사	They averted their eyes when the King entered
airman	비행가	/ˈɛɹmən/	명사	
jammer	방해기 | 재머 | 방해 전파	/ˈdʒæmɝ/	명사	
faa			명사	
frye		/ˈfɹaɪ/	명사	
intubate	관을 삽입하다		동사	
salinger		/ˈsæɫɪndʒɝ/	명사	
instantaneous	도시적 | 즉각적 | 그순간의	/ˌɪnstənˈtæniəs/	형용사	Relief was instantaneous
stowaway	밀항자 | 무임승차자	/ˈstoʊəˌweɪ/	명사	
baggy	헐렁한	/ˈbæɡi/	형용사	
arguably		/ˈɑɹɡjuəbɫi/	부사	She is arguably the best
paternal	아버지로서 | 부자주의	/pəˈtɝnəɫ/	형용사	Paternal traits
boardroom	중역회의실	/ˈbɔɹˌdɹum/	명사	
flaunt	휘날리다 | 옷치장하다 | 과시하다	/ˈfɫɔnt/	동사	His behavior was an outrageous flaunt
gradient	변화율 | 경도 | 경사진 곳	/ˈɡɹeɪdiənt/	명사	A five-degree gradient
retrace	되살피다 | 오그라뜨리다 | 근원을 찾다	/ɹiˈtɹeɪs/	동사	We retraced the route we took last summer
stockholder		/ˈstɑkˌhoʊɫdɝ/	명사	
tt			명사	
mallard	물오리	/ˈmæɫɝd/	명사	
reincarnate	환생한 | 환생시키다 | 다시 태어나게하다	/ˌɹiɪnˈkɑɹˌneɪt/	동사	The old product was reincarnated to appeal to a younger market
enforcer	시행자 | 집행자	/ɛnˈfɔɹsɝ/	명사	
crouch	웅크림 | 오그라지다 | 몸을 구부리다	/ˈkɹaʊtʃ/	동사	He crouched down
whacking		/ˈhwækɪŋ/	명사	A whacking phone bill
thane	영주 | 대향사	/ˈθeɪn/	명사	
spender	낭비가	/ˈspɛndɝ/	명사	
brim	양테 | 가득채우다	/ˈbɹɪm/	명사	Brim a cup to good fellowship
duster	총채 | 걸레	/ˈdəstɝ/	명사	It was the kind of duster not experienced in years
ideological	이념적 | 관념학의 | 공리 공론의	/ˌaɪdiəˈɫɑdʒɪkəɫ/	형용사	Ideological application of a theory
bangladesh		/ˈbæŋɫəˌdɛʃ/	명사	
nimble	재주있는 | 민첩하다 | 날랜	/ˈnɪmbəɫ/	형용사	As nimble as a deer
halftime	반일제의	/ˈhæfˌtaɪm/	명사	
supremacy	지고 | 지상권 | 대권	/səˈpɹɛməsi/	명사	
prism	분광 | 각기둥 | 프리즘	/ˈpɹɪzəm/	명사	
soulful		/ˈsoʊɫfəɫ/	형용사	
intrepid	대담한	/ɪnˈtɹɛpəd/	형용사	Intrepid pioneers
whoopee	야단 법석	/ˈhwuˈpi/	명사	
putz		/ˈpəts/	명사	
regenerate	재생시키다 | 재현시키다 | 개량되다	/ɹiˈdʒɛnɝˌeɪt/	동사	Regenerate hatred
mystique	비법	/mɪˈstik/	명사	
janus	야누스	/ˈdʒeɪnəs/	명사	
blending	혼합	/ˈbɫɛndɪŋ/	명사	
swish	휘두르다 | 휙소리내다 | 삭삭 소리	/ˈswɪʃ/	동사	A swish pastry shop on the Rue du Bac
juniper	노간주나무	/ˈdʒunəpɝ/	명사	
ginseng	인삼	/ˈdʒɪnˌsɛŋ/	명사	
ligature	합자 | 결찰사		명사	
bodega		/boʊˈdeɪɡə/	명사	
vesuvius		/vəˈsuviəs/	명사	
sampling	표본추출 | 견본 추출	/ˈsæmpɫɪŋ/	명사	
methadone	메타돈	/ˈmɛθəˌdoʊn/	명사	
corned			형용사	
gluten	글루텐 | 부질	/ˈɡɫutən/	명사	
prose	산문 | 평범하게 말하다	/ˈpɹoʊz/	명사	
rainfall	강우량 | 강우	/ˈɹeɪnˌfɔɫ/	명사	
anklets		/ˈæŋkɫəts/	명사	
photon	광자	/ˈfoʊˌtɑn/	명사	
commoner	공용권자 | 자비생 | 보통 학생	/ˈkɑmənɝ/	명사	
inquiring	미심쩍은 | 알고 싶어하는 | 캐묻기 좋아하는	/ˌɪnˈkwaɪɝɪŋ/	형용사	An inquiring mind
implemented		/ˈɪmpɫəˌmɛnəd/	형용사	He implemented a new economic plan
centimetre		/ˈsɛntəˌmitɝ/	명사	
chernobyl		/tʃɝˈnoʊbəɫ/	명사	
montage	몽타주 | 혼성화 | 합성사진	/mɑnˈtɑʒ/	명사	
rumba	룸바		명사	
hilt	칼자루	/ˈhɪɫt/	명사	
norse	노르웨이의 | 노르웨이 말 | 노르웨이 사람	/ˈnɔɹs/	명사	
luxembourg		/ˈɫəksəmˈbɝɡ/	명사	
athos			명사	
reb	남군 병사 | 남부 백인		명사	
hammerhead	귀상어 | 망치의 대가리		명사	
eraser	지우개 | 칠판 지우개	/iˈɹeɪsɝ/	명사	
trinket	작은 장신구	/ˈtɹɪŋkət/	명사	
patented	장기인	/ˈpætəntɪd/	형용사	They are patented inventions
kook		/ˈkuk/	명사	
monstrosity	괴물 | 기형	/mɑnˈstɹɑsəti/	명사	They regarded the atom bomb as a monstrosity
veritable		/ˈvɛɹɪtəbəɫ/	형용사	He's a veritable swine
exempt	면제자 | 면제된 | 면제하다	/ɪɡˈzɛmpt/	형용사	Exempt from jury duty
sonata	소나타	/səˈnɑtə/	명사	
fuentes		/ˈfwɛnˌteɪz/	명사	
sauerkraut		/ˈsaʊɝˌkɹaʊt/	명사	
pawnshop	전당포	/ˈpɔnˌʃɑp/	명사	
wildcat	당돌한 | 삵괭이 | 시굴정	/ˈwaɪɫdˌkæt/	명사	Wildcat drilling
differential	차동장치 | 차별의 | 차별적인	/ˌdɪfɝˈɛnʃəɫ/	명사	Differential equation
degradation	저락 | 격하 | 좌천	/ˌdɛɡɹəˈdeɪʃən/	명사	
bourgeoisie	유산계급의 | 자본가계급 | 부르주아계급	/ˌbʊɹʒˌwɑˈzi/	명사	
endearing	정적 | 사랑스러운	/ɛnˈdiɹɪŋ/	형용사	
weakening		/ˈwikənɪŋ/	명사	
trimmed		/ˈtɹɪmd/	형용사	The airplane trimmed
freestyle	자유형	/ˈfɹiˌstaɪɫ/	명사	
t	머리 금붙임 | 윗둘레 금박 | 그리니치 표준시	/ˈti/	명사	
dayton	데이튼	/ˈdeɪtən/	명사	
dismantled		/dɪsˈmænəɫd/	형용사	
fray	마모되다 | 해어지다 | 문지르다	/ˈfɹeɪ/	동사	The friction frayed the sleeve
forefront	최전방 | 맨앞 | 최전부	/ˈfɔɹˌfɹənt/	명사	He was in the forefront
uv			명사	
indiscreet	지각없는 | 경솔한	/ˌɪndɪsˈkɹit/	형용사	Her behavior was indiscreet at the very best
tarmac	타르머캐덤 도로	/ˈtɑɹˌmæk/	명사	
red-hot	섹시한 | 핫도그		형용사	A red-hot speech
doable		/ˈduəbəɫ/	형용사	
probing	프로빙 | 천착	/ˈpɹoʊbɪŋ/	형용사	A probing inquiry
bookkeeper	장부계원	/ˈbʊkˌkipɝ/	명사	
granada	그라나다	/ɡɹəˈnɑdə/	명사	
pheromone	페로몬	/ˈfɛɹəˌmoʊn/	명사	
expedite	촉진하다 | 재빨리 해치우다 | 재촉하다	/ˈɛkspɪˌdaɪt/	동사	This should expedite the process
apparition	요괴 | 유령 | 출현물	/ˌæpɝˈɪʃən/	명사	A ghostly apparition at midnight
hallmark		/ˈhɑɫˌmɑɹk/	명사	
furnish	공급하다 | 가구를 갖추다	/ˈfɝnɪʃ/	동사	We furnished the house in the Biedermeyer style
meringue	머랭		명사	
kink	근육의 경련		명사	There are still a few kinks to iron out
criminally	형법에 의해서	/ˈkɹɪmənəɫi/	부사	The garden was criminally neglected
lute	류트	/ˈɫut/	명사	
mozzarella			명사	
nasser		/ˈnæsɝ/	명사	
economical	경제적 | 절약적 | 검약한	/ˌɛkəˈnɑmɪkəɫ/	형용사	An economical meal
antisocial	비사교가 | 반사회적인 | 반사회주의자	/ˌæntaɪˈsoʊʃəɫ/	형용사	An antisocial deed
negativity	음성 | 소극성 | 부정성	/ˌnɛɡəˈtɪvəti/	명사	
rotted		/ˈɹɑtɪd/	형용사	
vaudeville	가벼운 희가극 | 버라이어티 쇼	/ˈvɑdvɪɫ/	명사	
docile	가르치기쉬운 | 순하다 | 무른	/ˈdɑsəɫ/	형용사	Docile pupils eager for instruction
tether	매는 사슬	/ˈtɛðɝ/	동사	
poignant	톡 쏘는 | 절실하다	/ˈpɔɪnjənt/	형용사	Poignant anxiety
loafer	간편화의 일종 | 게으름뱅이	/ˈɫoʊfɝ/	명사	
miso	뜻의 결합사 | 왜된장		명사	
humanly	인간답게 | 인정에서 | 인간적 견지에서	/ˈhjumənɫi/	부사	Humanly possible
irena		/ˌɪˈɹeɪnə/	명사	
continuation	속편 | 승전 | 연속물	/kənˌtɪnjuˈeɪʃən/	명사	
oozing		/ˈuzɪŋ/	명사	
buildup	매명 | 날조 조작 | 최고조로 돋구어올리기	/ˈbɪɫˌdəp/	명사	I envied his rapid buildup of assets
etched		/ˈɛtʃt/	형용사	A face etched with pain
loon	아비	/ˈɫun/	명사	
tenacity	강인 | 강인성 | 악착	/təˈnæsɪti/	명사	
wheelbarrow		/ˈhwiɫˌbɛɹoʊ/	명사	
giveaway		/ˈɡɪvəˌweɪ/	명사	
clinically	임상적으로	/ˈkɫɪnɪkəɫi/	부사	She is clinically qualified
cubby			명사	
indonesian	인도네시아의 | 인도내시아 말 | 인도네시아 사람	/ˌɪndoʊˈniʒən/	명사	
accumulate	적립하다 | 축적하다	/əkˈjumjəˌɫeɪt/	동사	
angelique		/ˌændʒɛˈɫik/	명사	
whiny		/ˈhwaɪni/	형용사	
lumberjack	벌목꾼	/ˈɫəmbɝˌdʒæk/	명사	
taiwanese	대만 말 | 대만 의 | 대만 사람	/ˈtaɪwɑˈniz/	명사	The Taiwanese capital is Taipeh
streetcar		/ˈstɹitˌkɑɹ/	명사	
northwestern	서북부의 | 서북의	/ˌnɔɹθˈwɛstɝn/	형용사	
mccormick		/məˈkɔɹmɪk/	명사	
atonement	죄값	/əˈtoʊnmənt/	명사	
armistice	휴전	/ˈɑɹməstəs/	명사	
kolkata			명사	
clowning		/ˈkɫaʊnɪŋ/	명사	
tightening		/ˈtaɪtənɪŋ/	명사	The tightening of economic controls
bakersfield		/ˈbeɪkɝzˌfiɫd/	명사	
singsong	단조롭게 노래하다		명사	A singsong manner of speaking
advisory	충고의	/ædˈvaɪzɝi/	명사	A frost advisory
fundraise			동사	
headstrong	완고한	/ˈhɛdˌstɹɔŋ/	형용사	
birthing		/ˈbɝθɪŋ/	명사	
stagecoach	승합마차 | 역마차	/ˈsteɪdʒˌkoʊtʃ/	명사	
simulated	인 체하는	/ˈsɪmjəˌɫeɪtɪd/	형용사	Under simulated combat conditions
peddler	밀매인 | 행상인	/ˈpɛdɫɝ/	명사	
belmont		/ˈbɛɫˌmɑnt/	명사	
ecological	생태적	/ɛkəˈɫɑdʒɪkəɫ/	형용사	Ecological research
ola		/ˈoʊɫə/	명사	
figment	꾸며낸 일	/ˈfɪɡmɪnt/	명사	A figment of the imagination
debriefing		/dɪˈbɹifɪŋ/	명사	
shelling	깍지가기 | 포격	/ˈʃɛɫɪŋ/	명사	The enemy has been shelling us all day
daredevil	무모한	/ˈdɛɹˌdɛvəɫ/	명사	A daredevil test pilot having the right stuff
punctuality		/ˌpəŋktʃuˈæɫɪti/	명사	
businesswoman	여자 실업가	/ˈbɪznɪˌswʊmən/	명사	
sulphur		/ˈsəɫfɝ/	동사	These dried fruits are sulphured
organizer	조직책 | 조직자 | 형성체	/ˈɔɹɡəˌnaɪzɝ/	명사	She was the organizer of the meeting
ringleader	주모자 | 두목 | 장본인	/ˈɹɪŋˌɫidɝ/	명사	
idealist	관념론자 | 관념주의자 | 이상주의자	/aɪˈdiɫɪst/	명사	
inkling		/ˈɪŋkɫɪŋ/	명사	He had no inkling what was about to happen
door-to-door			형용사	A door-to-door campaign
chloride	염화물 | 염화화합물	/ˈkɫɔɹaɪd/	명사	
musa		/ˈmjusə/	명사	
ang		/ˈæŋ/	명사	
foresight	심려	/ˈfɔɹˌsaɪt/	명사	
pram			명사	
crippling		/ˈkɹɪpəɫɪŋ/	형용사	A crippling injury
bungee		/ˈbəndʒi/	명사	
hemp	대마 | 삼 | 교수형용의 밧줄	/ˈhɛmp/	명사	
gunfight	총질하다	/ˈɡənˌfaɪt/	명사	
celibacy	독신주의 | 독신	/ˈsɛɫəbəsi/	명사	
anthropologist	인류학자	/ˌænθɹəˈpɑɫədʒəst/	명사	
libido	애욕	/ɫəˈbidoʊ/	명사	
deviant	정상이 아닌	/ˈdiviənt/	형용사	
jib	망설이다	/ˈdʒɪb/	동사	
aaa		/ˌtɹɪpəˈɫeɪ/	명사	
hummer	윙윙거리는 곳 | 콧노래하는 사람 | 속구	/ˈhəmɝ/	명사	
disagreeable	못마당하다	/ˌdɪsəˈɡɹiəbəɫ/	형용사	A disagreeable old man
daunting		/ˈdɔntɪŋ/	형용사	
consolidated	합병 정리된	/kənˈsɑɫəˌdeɪtəd/	형용사	A consolidated school
slipstream	후류 | 슬립 스트림		명사	
moderation	적당 | 중용	/ˌmɑdɝˈeɪʃən/	명사	The object being control or moderation of economic depressions
blissful		/ˈbɫɪsfəɫ/	형용사	Blissful young lovers
thirty-six			형용사	
europa	유로파	/jʊˈɹoʊpə/	명사	
innate	천부적 | 본유적인 | 본질적인	/ˌɪˈneɪt/	형용사	An innate talent
viii			명사	
yoke	어깨 | 허리 | 멍에	/ˈjoʊk/	명사	Yoke the oxen together
comical	우스꽝스럽다	/ˈkɑmɪkəɫ/	형용사	A comical look of surprise
physiological		/ˌfɪziəˈɫɑdʒɪkəɫ/	형용사	Physiological processes
valdez		/væɫˈdɛz/	명사	
ware		/ˈwɛɹ/	명사	
jimenez		/ˌhɪˈmɛˌnɛz/	명사	
budding	아접 | 움틈 | 발아	/ˈbədɪŋ/	명사	A budding genius
carburetor	기화기 | 카뷰레터	/ˈkɑɹbɝˌeɪtɝ/	명사	
trafficker	무역업자	/ˈtɹæfɪkɝ/	명사	
unveiling		/ənˈveɪɫɪŋ/	명사	He attended the unveiling of the statue
billiard	당구용의	/ˈbɪɫjɝd/	형용사	A billiard ball
klutz		/ˈkɫəts/	명사	
outlawed		/ˈaʊtˌɫɔd/	형용사	
homestead	자작농장 | 집과 부속지	/ˈhoʊmˌstɛd/	명사	
cooke		/ˈkʊk/	명사	
guantanamo		/ˌɡwɑnˈtɑnəˌmoʊ/	명사	
balboa	발보아	/bɑɫˈboʊə/	명사	
loosened	느즈러지다	/ˈɫusənd/	형용사	The noose loosened
watergate		/ˈwɑtɝˌɡeɪt/	명사	
pompey		/ˈpɑmpi/	명사	
adhere	집착하다 | 들러붙다	/ədˈhɪɹ/	동사	They adhered to their plan
constipated		/ˈkɑnstəˌpeɪtəd/	형용사	My mind is constipated today
fixation	고정 | 병적집착 | 색고착	/fɪkˈseɪʃən/	명사	
decently	괜찮게 | 친절하게 | 볼썽사납지 않게	/ˈdisəntɫi/	부사	They don't know how to dress decently
epileptic	간질병의 환자	/ˌɛpəˈɫɛptɪk/	형용사	Epileptic seizure
booted		/ˈbutɪd/	형용사	
rockwell		/ˈɹɑˌkwɛɫ/	명사	
malta	몰타	/ˈmɔɫtə/	명사	
animosity		/ˌænəˈmɑsəti/	명사	
whisk	휘저어서 거품내다	/ˈhwɪsk/	동사	He whisked into the house
lilac	라일락	/ˈɫaɪˌɫæk/	명사	
lombard	롬바르드족의 사람	/ˈɫɑmbɑɹd/	명사	
comatose	혼수상태	/ˈkoʊməˌtoʊs/	형용사	Comatose breathing
aided		/ˈeɪdəd/	형용사	
burroughs		/ˈbəɹoʊz/	명사	
denture	잇속 | 의치 | 치열	/ˈdɛntʃɝ/	명사	
tnt			명사	
hadji			명사	
resin	송진 | 합성수지 | 수지	/ˈɹɛzən/	명사	
fictitious	의제의 | 거짓의	/fɪkˈtɪʃəs/	형용사	A fictitious address
kelp	켈프 | 해초회	/ˈkɛɫp/	명사	
slush	위조지폐 | 뇌물 | 윤활유	/ˈsɫəʃ/	동사	
predatory		/ˈpɹɛdəˌtɔɹi/	형용사	A predatory bird
contention	논쟁점 | 논전 | 주장	/kənˈtɛnʃən/	명사	The teams were in fierce contention for first place
navigational		/ˌnævəˈɡeɪʃənəɫ/	형용사	Navigational aids
pairing	대합 | 의편성	/ˈpɛɹɪŋ/	명사	
emptying		/ˈɛmptiɪŋ/	명사	
pacifist	평화주의자	/ˈpæsɪfɪst/	명사	
fdr			명사	
atropine	아트러핀		명사	
compress	압박 붕대	/ˈkɑmpɹɛs/	동사	Compress the data
tip-off			명사	
quart	쿼트 | 건량의 단위 | 액량의 단위	/ˈkwɔɹt/	명사	
chamomile			명사	
spiteful	흉악하다 | 악의가 있는	/ˈspaɪtfəɫ/	형용사	A truly spiteful child
brawn	완력	/ˈbɹɔn/	명사	
putt	경타 | 퍼트	/ˈpət/	동사	He lost because he putted so poorly
spirituality	영성	/ˌspɪɹɪˌtʃuˈæɫəˌti/	명사	
valedictorian	졸업생 대표	/ˌvæɫəˌdɪkˈtɔɹiən/	명사	
embroidery	윤색 | 자수 | 수	/ɛmˈbɹɔɪdɝi/	명사	
gratifying		/ˈɡɹætəˌfaɪɪŋ/	형용사	Found her praise gratifying
cps		/ˈsiˌpiˈɛs/	명사	
reputable	이름높은	/ˈɹɛpjətəbəɫ/	형용사	A reputable wine
glaze	구물 | 우빙 | 매끄럽게 되다	/ˈɡɫeɪz/	동사	The potter glazed the dishes
aragon		/ˈɛɹəˌɡɑn/	명사	
relocation	재배치	/ˌɹiˈɫoʊˈkeɪʃən/	명사	
harden	단다하게 하다 | 무정하게 하다 | 경화하다	/ˈhɑɹdən/	동사	The wax hardened
amour		/ˌɑˈmuɹ/	명사	
jiggle		/ˈdʒɪɡəɫ/	명사	Don't jiggle your finger while the nurse is putting on the bandage!
symbolize	상징하다	/ˈsɪmbəˌɫaɪz/	동사	The poet symbolizes love in this poem
brainwashing	세뇌	/ˈbɹeɪnˌwɑʃɪŋ/	명사	
seer	예언자	/ˈsiɹ/	명사	An incurable seer of movies
gui			명사	
symmetrical	대칭적 | 상칭의 | 상칭적인	/səˈmɛtɹɪkəɫ/	형용사	
cervical	경부의 | 자궁 경관의	/ˈsɝvəkəɫ/	형용사	Cervical cancer
law-abiding			형용사	Law-abiding citizens
usable		/ˈjuzəbəɫ/	형용사	Usable byproducts
sumner		/ˈsəmnɝ/	명사	
elemental	근원적인 | 본질적인 | 사대의	/ˌɛɫəˈmɛnəɫ/	형용사	Elemental sulphur
terrier	테리어	/ˈtɛɹiɝ/	명사	
shielded		/ˈʃiɫdɪd/	형용사	
promotional	승진의	/pɝˈmoʊʃənəɫ/	형용사	Promotional fares
tweak	명안 | 왈칵 당김 | 꼬집다	/ˈtwik/	동사	
fixate	정작시키다 | 고착시키다	/ˈfɪkˌseɪt/	동사	Her eyes fixated on a point on the horizon
mistakenly		/mɪˈsteɪkənɫi/	부사	He mistakenly believed it
hellfire	지옥의 불 | 지옥의 형벌	/ˈhɛɫˌfaɪɹ/	명사	
juju	주물	/ˈdʒudʒu/	명사	
auctioneer	경매인	/ˌɑkʃəˈnɪɹ/	명사	
flickering	명멸하는 | 깜박거리는 | 반짝임	/ˈfɫɪkɝɪŋ/	형용사	
ak			명사	
tutu	튀튀	/ˈtuˌtu/	명사	
isolde		/ˈɪsoʊɫd/	명사	
receding		/ɹiˈsidɪŋ/	명사	
defibrillator		/diˈfɪbɹɪˌɫeɪtɝ/	명사	
chassis	각부 | 섀시 | 차대	/ˈtʃæsi/	명사	
incomparable	비길데 없는	/ˌɪnˈkɑmpɝəbəɫ/	형용사	An incomparable week of rest and pleasure
padding	메움 | 채워넣기 | 채워넣는것	/ˈpædɪŋ/	명사	
hazmat			명사	NO HAZMATS IN TUNNEL
mosaic	모세의 | 모자이크 | 쪽매붙임 세공	/moʊˈzeɪɪk/	명사	
sickbay			명사	
locator	청음기 | 토지경계 설정자	/ˈɫoʊˌkeɪtɝ/	명사	
turbine	터빈	/ˈtɝbaɪn/	명사	
sporty	발랄한 | 운동가답다	/ˈspɔɹti/	형용사	
idling		/ˈaɪdəɫɪŋ/	명사	The engine is idling
disdain	경멸 | 경멸하다 | 능멸	/dɪsˈdeɪn/	동사	
inflamed	얼굴이 빨개진	/ɪnˈfɫeɪmd/	형용사	His throat inflamed
inverted	성도착의	/ˌɪnˈvɝtɪd/	형용사	Here the theme is inverted
gulping	훌쩍이다	/ˈɡəɫpɪŋ/	명사	
suspiciously	의심쩍게 | 의심스럽게 | 수상쩍게	/səˈspɪʃəsɫi/	부사	She regarded the food suspiciously
polyester		/ˌpɑˌɫiˈɛstɝ/	명사	
affinity	근연 | 친근성 | 연고	/əˈfɪnəti/	명사	An affinity for politics
shifty	잘 속이는	/ˈʃɪfti/	형용사	
celibate	독신의 | 독신주의자 | 독신자	/ˈsɛɫɪbət/	명사	Celibate priests
getup	창의 | 몸차림		명사	His getup was exceedingly elegant
wedlock		/ˈwɛdˌɫɑk/	명사	
mucus	점액	/ˈmjukəs/	명사	
metamorphosis	변태	/ˌmɛtəˈmɔɹfəsəs/	명사	The metamorphosis of the old house into something new and exciting
tourniquet	지혈기	/ˈtɝˌnɪkɪt/	명사	
ablaze	격하여	/əˈbɫeɪz/	형용사	Maple trees ablaze in autumn
illuminated	채식된	/ˌɪˈɫuməˌneɪtəd/	형용사	Illuminated advertising
cardiologist		/ˌkɑɹdiˈɑɫədʒɪst/	명사	
inflated	부풀은 | 우쭐해진 | 폭등한	/ˌɪnˈfɫeɪtɪd/	형용사	The charges were inflated
artiste	예느인		명사	
lindbergh		/ˈɫɪndbɝɡ/	명사	
bookshop		/ˈbʊkˌʃɑp/	명사	
tc			명사	
impotence	뇌쇠 | 성교불능	/ˈɪmpətəns/	명사	
muted		/ˈmjutɪd/	형용사	
chevalier	기사 | 훈작사	/ˌʃɛvəˈɫɪɹ/	명사	
unhand	손에서 놓다		동사	
tambourine	템버린	/ˌtæmbɝˈin/	명사	
venerable	가경자 | 부주교님	/ˈvɛnɝəbəɫ/	형용사	A venerable sage with white hair and beard
doberman		/ˈdoʊbɝmən/	명사	
wanton	바람난 | 우거진 | 까닭없는	/ˈwɑntən/	동사	Wanton behavior
transient	무상하다 | 찰나적 | 단기 체류의	/ˈtɹænʒənt/	명사	Transient laborers
stepdaughter	의붓 딸	/ˈstɛpˌdɔtɝ/	명사	
responsive	대답의 | 반응하는 | 바로 대답하는	/ɹɪˈspɑnsɪv/	형용사	Responsive reading
invasive	침략적인 | 침습	/ˌɪnˈveɪsɪv/	형용사	Invasive tourists
bray	나팔소리 | 의깨다 | 찧다	/ˈbɹeɪ/	동사	
doubly	두 곱으로	/ˈdəbɫi/	부사	He was doubly wrong
islander	섬사람 | 섬의 주민 | 섬나라 사람	/ˈaɪɫəndɝ/	명사	
befall	재난이 닥치다	/bɪˈfɔɫ/	동사	He promised that no harm would befall her
psychedelic	도취의 | 사이키풍의 | 환각을 일으키는	/ˌsaɪkəˈdɛɫɪk/	형용사	A psychedelic painting
faust	작의 극이름	/ˈfaʊst/	명사	
porcupine	호저	/ˈpɔɹkjəˌpaɪn/	명사	
deteriorate		/dɪˈtɪɹiɝˌeɪt/	동사	His mind deteriorated
escrow		/ˈɛskɹoʊ/	명사	
sprinkler	물뿌리개 | 스프링클러 | 살 수기	/ˈspɹɪŋkəɫɝ/	명사	
saracen			명사	
notoriously		/noʊˈtɔɹiəsɫi/	부사	European emigres, who notoriously used to repair to the British Museum to write seditious pamphlets
passover	유월절	/ˈpæˌsoʊvɝ/	명사	
anterior	전면의 | 앞의 앞서는	/ænˈtɪɹiɝ/	형용사	His malocclusion was caused by malposed anteriors
apricot	살구 | 살구빛	/ˈeɪpɹəˌkɑt/	명사	
venomous	독이 있는 | 유독 | 독액을 분비하는	/ˈvɛnəməs/	형용사	Venomous snakes
brisk	활기있는	/ˈbɹɪsk/	형용사	Business brisked up
pac		/ˈpæk/	명사	
nativity	출생	/nəˈtɪvəti/	명사	
mahogany	식탁 | 마호가니 | 적갈색	/məˈhɑɡəni/	명사	
microchip	극미 박편 | 마이크로 칩	/ˈmaɪˌkɹoʊˈtʃɪp/	명사	
spar	상갑판 | 서로 차다	/ˈspɑɹ/	동사	
ardent	열렬한 | 불같다 | 열심인	/ˈɑɹdənt/	형용사	An ardent lover
no-brainer		/ˌnoʊˈbɹeɪnɝ/	명사	
jumpsuit	낙하산 강하복	/ˈdʒəmpˌsut/	명사	
stinging	얼얼한 | 신랄한 | 통렬하다	/ˈstɪŋɪŋ/	명사	A stinging comment
woolly		/ˈwʊɫi/	형용사	Woolly thinking
clitoris	음핵 | 클리토리스	/kɫaɪˈtɔɹɪs/	명사	
verification	검증 | 증명 | 입증	/ˌvɛɹəfəˈkeɪʃən/	명사	
admissible		/ədˈmɪsəbəɫ/	형용사	Admissible evidence
patronizing	애고하는 | 은인인체하는	/ˈpeɪtɹəˌnaɪzɪŋ/	형용사	
scandinavian		/ˌskændɪˈneɪviən/	명사	
ailing		/ˈeɪɫɪŋ/	형용사	My poor ailing grandmother
detailing		/dɪˈteɪɫɪŋ/	명사	
standoff	동점 | 무승부	/ˈstænˌdɔf/	명사	
specification	내역 | 명세 | 명세서	/ˌspɛsɪfɪˈkeɪʃən/	명사	
townspeople		/ˈtaʊnzˌpipəɫ/	명사	
brainstorm		/ˈbɹeɪnˌstɔɹm/	명사	
breakout	포위진돌파	/ˈbɹeɪˌkaʊt/	명사	The breakout was carefully planned
tangerine	귤의 일종	/ˌtændʒɝˈin/	명사	
insidious	흉계의 | 교활한 | 음흉한	/ˌɪnˈsɪˌdiəs/	형용사	Insidious pleasures
gumbo	오크라	/ˈɡəmboʊ/	명사	
watchful		/ˈwɑtʃfəɫ/	형용사	Twenty watchful, weary, tedious nights
somalia	소말리아	/səˈmɑɫiə/	명사	
crucifixion	큰 시련	/ˌkɹusɪˈfɪkʃən/	명사	
piranha		/pɪˈɹænhə/	명사	
darkened		/ˈdɑɹkənd/	형용사	The sky darkened
ratty	쥐같은 | 쥐특유의 | 쥐가 많은	/ˈɹæti/	형용사	A ratty old overcoat
protagonist	주창자	/pɹoʊˈtæɡənəst/	명사	
pyre	화장용의 장작더미	/ˈpaɪɝ/	명사	
zoning	구역제 | 지구제	/ˈzoʊnɪŋ/	명사	
bracket	선반받이 | 까치발	/ˈbɹækɪt/	명사	Bracket bookshelves
scrappy	부스러기의 | 단편적인	/ˈskɹæpi/	형용사	A scrappy admiral
decorum	예절 | 고상함 | 예의바름 (예의바르다)	/dɪˈkɔɹəm/	명사	
stifled		/ˈstaɪfəɫd/	형용사	
applejack	사과브랜디		명사	
decomposition	분해 | 변질	/ˌdikəmpəˈzɪʃən/	명사	
voucher	증명인 | 증명서 | 대용의 인환권	/ˈvaʊtʃɝ/	명사	
taoist	도사 | 도교신자 | 도교의	/ˈdaʊɪst/	형용사	
raindrop		/ˈɹeɪnˌdɹɑp/	명사	
wrought		/ˈɹɔt/	형용사	The wrought silver bracelet
converge	수렴하다 | 집중시키다	/kənˈvɝdʒ/	동사	The lines converge at this point
paisley	파자마 파티	/ˈpeɪzɫi/	명사	
changer	레코드체인저 | 교환하는 사람	/ˈtʃeɪndʒɝ/	명사	An inveterate changer of the menu
chipmunk	다람쥐	/ˈtʃɪpməŋk/	명사	
bloc	블럭 | 권한	/ˈbɫɑk/	명사	
airstrip	가설 활주로 | 임시 활주로	/ˈɛɹˌstɹɪp/	명사	
tinder	부싯깃	/ˈtɪndɝ/	명사	
lien	유치권 | 선취 특권	/ˈɫin/	명사	
tolstoy	톨스토이	/ˈtoʊɫˌstɔɪ/	명사	
molester	치한 | 괴롭히는 사람	/məˈɫɛstɝ/	명사	
transference	이행하다 | 옮기기 | 옮김	/tɹænsˈfɝəns/	명사	
algerian	알제리의 | 알제리사람의	/æɫˈdʒɪɹiən/	형용사	
repertoire	레퍼터리 | 연예목곡 | 연주 곡목	/ˈɹɛpɝtˌwɑɹ/	명사	
stoker	자동 급단기 | 화부	/ˈstoʊkɝ/	명사	
pester		/ˈpɛstɝ/	동사	
backdrop		/ˈbækˌdɹɑp/	명사	
optics	광학	/ˈɑptɪks/	명사	The optics of a telescope
statutory	법에 저촉되는 | 법정의	/ˈstætʃəˌtɔɹi/	형용사	Statutory crimes
rosebud	묘령의소녀 | 장미꽃 봉오리	/ˈɹoʊzbəd/	명사	
molasses	당밀	/məˈɫæsəz/	명사	
strengthened		/ˈstɹɛŋθənd/	형용사	His body strengthened
haw	저어 | 저라 | 에에	/ˈhɔ/	명사	He hemmed and hawed
mastery	우위 | 지배 | 숙달	/ˈmæstɝi/	명사	Mastery of the seas
feasible		/ˈfizəbəɫ/	형용사	
gospels	교리	/ˈɡɑspəɫz/	명사	
sixties		/ˈsɪkstiz/	명사	
drastically	맹렬히	/ˈdɹæstɪkɫi/	부사	
borneo	보르네오섬	/ˈbɔɹniˌoʊ/	명사	
header	이삭베는 기계 | 거꾸로 뛰어들기 | 머리잘라내는 사람	/ˈhɛdɝ/	명사	He took a header into the shrubbery
cranial	두개의	/ˈkɹeɪnjəɫ/	형용사	Cranial pressure
summoning	소집	/ˈsəmənɪŋ/	명사	
ngo	비정부 조직	/ɛŋˈɡoʊ/	명사	
moot	모의재판	/ˈmut/	형용사	That is a moot question
opus	작	/ˈoʊpəs/	명사	
nonexistent		/ˌnɑnəɡˈzɪstənt/	형용사	Chimeras are nonexistent
poncho	판초 | 비옷	/ˈpɑntʃoʊ/	명사	
agitation	동요 | 동란 | 선동	/ˌædʒəˈteɪʃən/	명사	
indiscretion	비밀누설 | 무분별 | 지각없음	/ˌɪndɪsˈkɹɛʃən/	명사	
escalator	자동계단 | 에스컬레이터 | 에스컬레이터식의	/ˈɛskəˌɫeɪtɝ/	명사	
outsmart		/ˈaʊtsˌmɑɹt/	동사	
undying		/ənˈdaɪɪŋ/	형용사	His undying fame
armin		/ˈɑɹmən/	명사	
glazed	웃칠한 | 글레이즈를 바른	/ˈɡɫeɪzd/	형용사	Glazed doughnuts
vino			명사	
flicker	살랑거림 | 딱다구리 | 가물거리다	/ˈfɫɪkɝ/	동사	The candle flickered
weirdness		/ˈwɪɹdnəs/	명사	
stomachache	위통		명사	
stony	돌같은 | 돌이 많은	/ˈstoʊni/	형용사	
enema	관장기	/ˈɛnəmə/	명사	
rector	교구목사 | 주임 신부 | 수도원장	/ˈɹɛktɝ/	명사	
alight	착륙하다 | 하차하다 | 새가 앉다	/əˈɫaɪt/	동사	The birds alighted
ransacked		/ˈɹænˌsækt/	형용사	
shortcoming		/ˈʃɔɹtˌkəmɪŋ/	명사	
wedged		/ˈwɛdʒd/	형용사	
skyscraper	마천루 | 고층 건축물	/ˈskaɪsˌkɹeɪpɝ/	명사	
femoral	대퇴부의	/ˈfɛˌmɝəɫ/	형용사	
forcefully		/ˈfɔɹsfəɫi/	부사	We are seeing this film too late to feel its original impact forcefully
polaroid	폴라로이드 | 인조 편광판	/ˈpoʊɫɝˌɔɪd/	명사	
beaut	멋진것		명사	When I make a mistake it's a beaut
woozy	멍청해진 | 술따위로 멍청해진	/ˈwuzi/	형용사	Feeling woozy from the blow on his head
pediatric	소아과의	/ˌpidiˈætɹɪk/	형용사	Pediatric dentist
holla	어어이!		명사	
slacks	느슨함	/ˈsɫæks/	명사	He slacks his attention
mikado		/mɪˈkɑdoʊ/	명사	
infatuation	심취 | 미혹	/ˌɪnˌfætʃuˈeɪʃən/	명사	
tuscany	터스커니	/ˈtəskəni/	명사	
churning	교유 | 우유 젓기	/ˈtʃɝnɪŋ/	형용사	The sea was churning in the storm
aloof	무관심의	/əˈɫuf/	형용사	Stood apart with aloof dignity
billiards	당구	/ˈbɪɫjɝdz/	명사	
plentiful	풍부하다 | 숱하다 | 푸짐하다	/ˈpɫɛnəfəɫ/	형용사	A plentiful year
kingpin	전면 기둥 | 중요인물 | 우두머리	/ˈkɪŋˌpɪn/	명사	
existential	실존주의자	/ˌɛɡˌzɪsˈtɛnʃəɫ/	형용사	An existential moment of choice
sixpence			명사	
node	결절점 | 교점 | 매듭	/ˈnoʊd/	명사	
incorrigible	순댈수 없는 | 고쳐지지 않는 | 선도없는 사람	/ˌɪnˈkɑɹədʒəbəɫ/	형용사	
hanover	하노버 왕가	/ˈhænoʊvɝ/	명사	
overprotective		/ˌoʊvɝpɹəˈtɛktəv/	형용사	Overprotective parents
llama	라마	/ˈɫɑmə/	명사	
coupe	쿠페형 마차 | 쿠페형 자동차	/ˈkup/	명사	
inexcusable	용서할수 없는	/ˌɪnɪkˈskjuzəbəɫ/	형용사	
botanical		/bəˈtænɪkəɫ/	명사	Botanical garden
pastrami		/pəˈstɹɑmi/	명사	
mortgaged		/ˈmɔɹɡɪdʒd/	형용사	His house, his business, indeed, his whole life was heavily mortgaged
dimwit	얼간이 | 멍청이		명사	
subtlety	미묘하다 | 예민 | 정묘	/ˈsətəɫti/	명사	You had to admire the subtlety of the distinctions he drew
whiplash	채찍끈	/ˈhwɪˌpɫæʃ/	명사	
flipper		/ˈfɫɪpɝ/	명사	
hp		/ˈeɪtʃˈpi/	명사	
stroking		/ˈstɹoʊkɪŋ/	명사	
recklessly	무모하게	/ˈɹɛkɫəsɫi/	부사	
thyroid	갑상선제 | 갑상 연골 | 갑상선	/ˈθaɪɹɔɪd/	명사	Thyroid deficiency
scaffold	관객석 | 비계	/ˈskæfəɫd/	명사	Scaffold the building before painting it
epa	환경 보호청	/ˌiˌpiˈeɪ/	명사	
off-line		/ˈɔˌfɫaɪn/	형용사	Off-line resources
livingstone		/ˈɫɪvɪŋˌstoʊn/	명사	
thereof	그것에 관해서	/ˌðɛˈɹəv/	부사	A problem and the solution thereof
lode	광맥	/ˈɫoʊd/	명사	
tripod		/ˈtɹaɪˌpɑd/	명사	
mullet	숭어과의 물고기	/ˈməɫət/	명사	
squeamish	토하기 잘하는 | 메스꺼운 | 꾀까다로운	/ˈskwimɪʃ/	형용사	So squeamish he would only touch the toilet handle with his elbow
euphemism	완곡어법 | 완곡어 | 완곡	/ˈjufəˌmɪzəm/	명사	
tarnish	녹	/ˈtɑɹnɪʃ/	동사	The silver was tarnished by the long exposure to the air
brahms		/ˈbɹɑmz/	명사	Brahms was included in the program
ancestry	문벌 | 계통	/ˈænsɛstɹi/	명사	
ramification		/ˌɹæməfəˈkeɪʃən/	명사	The court's decision had many unforeseen ramifications
tracer	예광탄	/ˈtɹeɪsɝ/	명사	
steamy	증기의 | 안개가 짙은	/ˈstimi/	형용사	The steamy tropics
skydiving	스카이 다이빙	/ˈskaɪdaɪvɪŋ/	명사	
liqueur	리큐어술	/ɫɪˈkɝ/	명사	
conspirator	가담자	/kənˈspɪɹətɝ/	명사	
napalm		/ˈneɪpɑm/	명사	
tosser			명사	
hops		/ˈhɑps/	명사	
dictation	받아 쓰기	/dɪkˈteɪʃən/	명사	He signed and mailed his dictation without bothering to read it
quivering	떨리는 | 진동하는	/ˈkwɪvɝɪŋ/	명사	
rationally		/ˈɹæʃənəɫi/	부사	We must act rationally
alleviate	경감하다 | 완화하다	/əˈɫiviˌeɪt/	동사	
crayon	크레용 | 크레용 그림 | 크레용으로 그리다	/ˈkɹeɪˌɑn/	명사	
cheekbone	광대뼈	/ˈtʃikˌboʊn/	명사	
complicity	공범 | 연루 | 공모	/kəmˈpɫɪsəti/	명사	
blowtorch	발염장치 | 토치램프	/ˈbɫoʊˌtɔɹtʃ/	명사	
gettysburg		/ˈɡɛtizbɝɡ/	명사	
duds		/ˈdədz/	명사	
old-timer		/ˌoʊɫdˈtaɪmɝ/	명사	
endowed		/ɛnˈdaʊd/	형용사	A well-endowed college
coon	검둥이	/ˈkun/	명사	I'll be a gone coon when the battle starts
clutter	어지르다 | 난잡 | 떠들다	/ˈkɫətɝ/	명사	
cob	백조의 수컷 | 부스러 뜨리다	/ˈkɑb/	명사	
endeavour		/ɪnˈdɛvɝ/	명사	
infatuated		/ˌɪnˈfætʃuˌeɪtɪd/	형용사	Love has infatuated her
bagging		/ˈbæɡɪŋ/	명사	
mallet	나무메 | 공치는 방망이	/ˈmæɫɪt/	명사	
clemency	인자 | 온정적인 조치 | 관용	/ˈkɫɛmənsi/	명사	
suffocation	질식시킴 | 질식	/ˌsəfəˈkeɪʃən/	명사	
strapping		/ˈstɹæpɪŋ/	형용사	A strapping boy of eighteen
shoddy	굴퉁이의 | 재생 나사 | 재생 털실	/ˈʃɑdi/	형용사	Shoddy business practices
saturated		/ˈsætʃɝˌeɪtɪd/	형용사	A saturated solution
husky	깍지의 | 허스키 | 에스키모 개	/ˈhəski/	형용사	Clothing sizes for husky boys
cornish	영국 지방의	/ˈkɔɹnɪʃ/	명사	
smooch		/ˈsmutʃ/	명사	
incapacitated		/ˌɪnkəˈpæsɪˌteɪtɪd/	형용사	
gar	동갈치	/ˈɡɑɹ/	명사	
precede	앞서다 | 우선하다 | 보다중요하다	/pɹɪˈsid/	동사	Stone tools precede bronze tools
anaesthetic		/ˌænəsˈθɛtɪk/	명사	
assigning		/əˈsaɪnɪŋ/	명사	
imperialism	제국주의 | 영토확장주의 | 대영 제국주의	/ˌɪmˈpɪɹiəˌɫɪzəm/	명사	
sinai	시내산	/ˈsaɪˌnaɪ/	명사	
validate	비준하다	/ˈvæɫədeɪt/	동사	Validate a ticket
robotics	로봇공학	/ˌɹoʊˈbɑtɪks/	명사	
apprehension	체포 | 두려움	/ˌæpɹɪˈhɛnʃən/	명사	The student looked around the examination room with apprehension
bharat	바라트말 명칭	/ˈbɑˌɹɑt/	명사	
objectively		/ɑbˈdʒɛktɪvɫi/	부사	We must look at the facts objectively
amputate	절단하다	/ˈæmpjəˌteɪt/	동사	
sanskrit	산스크리트 | 범어	/ˈsænskɹɪt/	명사	
calibre	직경 | 도량		명사	
attained		/əˈteɪnd/	형용사	The actual attained achievement test score
computing		/kəmˈpjutɪŋ/	명사	
high-risk			형용사	
unfairly		/ənˈfɛɹɫi/	부사	They dealt with him unfairly
unused	쓰지 않는	/ənˈjuzd/	형용사	An unused envelope
revision	교열 | 개역성경 | 정정서	/ɹiˈvɪʒən/	명사	It would require a drastic revision of his opinion
soulless	영혼이 없는	/ˈsoʊɫɫəs/	형용사	
amorous	요염한	/ˈæmɝəs/	형용사	Feeling amorous
head-to-head			형용사	A head-to-head conversation
screwy	머리가 돈	/ˈskɹui/	형용사	
reinvent		/ˌɹiɪnˈvɛnt/	동사	He reinvented African music for American listeners
adulthood	성인기 | 성인임	/əˈdəɫtˌhʊd/	명사	
lessen	적게하다 | 덜하다	/ˈɫɛsən/	동사	
balkans		/ˈbɔɫkənz/	명사	
confines		/ˈkɑnˌfaɪnz/	명사	He stayed within the confines of the city
footballer			명사	
renovate	쇄신하다 | 기력을 회복시키다 | 활기를 되찾게하다	/ˈɹɛnəˌveɪt/	동사	My wife wants us to renovate
cynicism	냉소주의 | 시니시즘 | 견유 철학	/ˈsɪnɪˌsɪzəm/	명사	
innings		/ˈɪnɪŋz/	명사	
tuppence			명사	
seedy	씨 많은	/ˈsidi/	형용사	A seedy district
sociology		/ˌsoʊsiˈɑɫədʒi/	명사	
unparalleled	견줄데 없는 | 전대 미문의	/ənˈpɛɹəˌɫɛɫd/	형용사	Unparalleled athletic ability
chomping		/ˈtʃɑmpɪŋ/	명사	
peaked		/ˈpikt/	형용사	The peaked ceiling
reigning	널리 유행하는	/ˈɹeɪnɪŋ/	형용사	
banal	진부하다 | 통속적 | 허접	/bəˈnɑɫ/	형용사	
dinghy		/ˈdɪŋi/	명사	
cynic	견유학파 | 시닉학파 | 견유학파적인	/ˈsɪnɪk/	명사	
custodian	보관자 | 보호자 | 관리인	/kəˈstoʊdiən/	명사	
acquittal	석방 | 변제	/əˈkwɪtəɫ/	명사	
handover		/ˈhændoʊvɝ/	명사	The handover of occupied territory
manhole	맨홀	/ˈmænˌhoʊɫ/	명사	
launchpad			명사	
marksman	저격병 | 명사수	/ˈmɑɹksmən/	명사	
sultry	무덥다 | 숨막히게 더운 | 무더운	/ˈsəɫtɹi/	형용사	The summer was sultry and oppressive
impressionable	민감한	/ˌɪmˈpɹɛʃənəbəɫ/	형용사	An impressionable age
preferable	오히려 나은	/ˈpɹɛfɝəbəɫ/	형용사	Coffee is preferable to tea
retrieval	만회	/ɹiˈtɹivəɫ/	명사	My retrieval of people's names is very poor
matisse		/ˈmætis/	명사	
hastily	경솔하게 | 허둥지둥	/ˈheɪstəɫi/	부사	Hastily, he scanned the headlines
flowery	꽃이 많은 | 감언이설	/ˈfɫaʊɝi/	형용사	A flowery speech
nosey			형용사	
transparency	명료 | 명백 | 슬라이드	/tɹænˈspɛɹənsi/	명사	
stimulus	자극 | 쐐기털 | 고무	/ˈstɪmjəɫəs/	명사	
clad	클래딩하다	/ˈkɫæd/	형용사	White-clad nurses
gondola	곤돌라 | 너벅선	/ˈɡɑndəɫə/	명사	
hooter	기적 | 호적경적	/ˈhutɝ/	명사	
browsing		/ˈbɹaʊzɪŋ/	명사	I don't need help, I'm just browsing
henson		/ˈhɛnsən/	명사	
rockford		/ˈɹɑkfɝd/	명사	
alluring	매혹적인 | 유치 | 흐드러지다	/əˈɫʊɹɪŋ/	형용사	Her alluring smile
demographic	인구학의	/ˌdɛməˈɡɹæfɪk/	명사	Demographic surveys
strategically		/stɹəˈtidʒɪkɫi/	부사	Strategically important decisions
scamp			명사	
inaccurate	정밀하지 않은	/ˌɪˈnækjɝət/	형용사	An inaccurate translation
forthwith		/ˈfɔɹθˈwɪθ/	부사	An official accused of dishonesty should be suspended forthwith
grapevine	정보망 | 데마 | 포도 덩굴	/ˈɡɹeɪpˌvaɪn/	명사	
womanizer		/ˈwʊməˌnaɪzɝ/	명사	
periodic	도미문의	/ˌpɪɹiˈɑdɪk/	형용사	Periodic feelings of anxiety
occupant	가옥의 점유자	/ˈɑkjəpənt/	명사	
piggyback		/ˈpɪɡiˌbæk/	동사	She carried her child piggyback
malachi	말라기 | 말라기서		명사	
man-to-man			형용사	We must talk man-to-man
brunt		/ˈbɹənt/	명사	Bore the brunt of the attack
adjoin	접하다 | 서로 이웃하다 | 인접하다	/əˈdʒɔɪn/	동사	Canada adjoins the U.S.
gooey		/ˈɡui/	형용사	
slacking			명사	
aberdeen	스모치테리어개 | 스콜틀랜드의 동북부도시	/ˈæbɝˌdin/	명사	
simultaneous		/ˌsaɪməɫˈteɪniəs/	형용사	
lint	린트천	/ˈɫɪnt/	명사	
oft		/ˈɔft/	부사	
cross-eyed	내사시의		형용사	
titled		/ˈtaɪtəɫd/	형용사	The titled classes
symbolism	기호성 | 상징성 | 기호체계	/ˈsɪmbəˌɫɪzəm/	명사	
gradual	점차적인	/ˈɡɹædʒuəɫ/	형용사	A gradual slope
impatience	성조 | 조급 | 조바심	/ˌɪmˈpeɪʃəns/	명사	
enlightening	밝혀주는 | 계몽적인	/ˌɛnˈɫaɪtənɪŋ/	형용사	An enlightening glimpse of government in action
migrant	이주민	/ˈmaɪɡɹənt/	명사	Appalled by the social conditions of migrant life
ludo		/ˈɫuˌdoʊ/	명사	
secondhand	두번째의 | 전해 들은 | 간접의	/ˈsɛkəndˌhænd/	형용사	A secondhand report
ineffective	쓸모없는 | 무효의 | 무력한	/ˌɪnɪˈfɛktɪv/	형용사	An ineffective teacher
dobson		/ˈdɑbsən/	명사	
syllable	일언 | 철자	/ˈsɪɫəbəɫ/	명사	The word `pocket' has two syllables
verbally	언어로 | 말로 | 동사로서	/vɝˈbæɫi/	부사	Verbally expressive
wrongdoing		/ˈɹɔŋduɪŋ/	명사	He denied any wrongdoing
primate	대감동 | 수석 주교 | 대감독	/ˈpɹaɪˌmeɪt/	명사	
lout		/ˈɫaʊt/	명사	
revert	격세 유전하다 | 돌리다	/ɹiˈvɝt/	동사	We reverted to the old rules
congratulation	축하 | 경하	/kənˌɡɹætʃəˈɫeɪʃən/	명사	I sent them my sincere congratulations on their marriage
sarcastically		/sɑɹˈkæstɪkɫi/	부사	`Ah, now we're getting at the truth,' he interposed sarcastically
aquarius	물병자리 | 보병궁	/əˈkwɛɹiəs/	명사	
chalet	방갈로 | 샬레 | 샬레식의 산장	/ˈʃæˌɫeɪ/	명사	
greenberg		/ˈɡɹinbɝɡ/	명사	
bern		/ˈbɝn/	명사	
unfolding	전개	/ənˈfoʊɫdɪŋ/	명사	
pax	성상패 | 팍스	/ˈpæks/	명사	
adhesive	끈끈한 | 점착성의 | 잘 들러붙는	/ædˈhisɪv/	명사	
understandably	당연하게도	/ˌəndɝˈstændəbɫi/	부사	
crease	포복절도하다 | 접은 자국 | 주름지게 하다	/ˈkɹis/	동사	A crease in his trousers
carina	용골자리		명사	
dekker		/ˈdɛkɝ/	명사	
cu			명사	
spasm	발작 | 경련	/ˈspæzəm/	명사	
kafka		/ˈkɑfkə/	명사	
recapture	탈환 | 다시체포하다 | 탈환하다	/ɹiˈkæptʃɝ/	동사	Recapture the escaped prisoner
anemia	빈혈 | 빈혈증	/əˈnimiə/	명사	
disband	해산하다 | 군인을 제대시키다	/dɪsˈbænd/	동사	The principal disbanded the political student organization
aptitude	적성	/ˈæptəˌtud/	명사	
dominoes		/ˈdɑməˌnoʊz/	명사	
hutchinson		/ˈhətʃɪnsən/	명사	
carelessness	무사태평 | 무심함 | 경솔	/ˈkɛɹɫəsnəs/	명사	
simpleton			명사	
indigo	인도쪽 | 인디고남색 쪽빛	/ˈɪndəˌɡoʊ/	명사	
chewy	쫄깃하다	/ˈtʃui/	형용사	
icelandic	아이슬란드의 | 아이슬란드 말 | 아이슬란드 사람의	/aɪˈsɫændɪk/	명사	Icelandic ports
amend	고쳐지다 | 고치다 | 개심하다	/əˈmɛnd/	동사	Amend the document
daze	현혹 | 현혹시키다	/ˈdeɪz/	명사	His mother's death left him in a daze
candidacy	후보 | 입후보 | 출마	/ˈkændɪdəsi/	명사	
muffler	머플러 | 소음 장치 | 벙어리 장갑	/ˈməfɫɝ/	명사	
unfulfilled		/ˌənfʊɫˈfɪɫd/	형용사	Unfulfilled and uneasy men
pertain		/pɝˈteɪn/	동사	My remark pertained to your earlier comments
caribou	순록	/ˈkɛɹɪˌbu/	명사	
gangrene	회지	/ˈɡænɡɹin/	명사	
coliseum	콜리스틴	/ˌkɑɫəˈsiəm/	명사	
splatter	튀기다	/ˈspɫætɝ/	명사	A splatter of mud
rectum	직장	/ˈɹɛktəm/	명사	
tripe	졸작 | 반추동물의 위벽 | 하찮은 것	/ˈtɹaɪp/	명사	
lawless	무법의 | 법률없는	/ˈɫɔɫəs/	형용사	Lawless bands roaming the plains
salutation	경례		명사	
willful	계획적인	/ˈwɪɫfəɫ/	형용사	Willful disobedience
sludge	작은 부빙 | 진흙 | 진창	/ˈsɫədʒ/	명사	
cockney	런던영어 | 런던토박이	/ˈkɑkni/	명사	Cockney street urchins
cantor	독창자 | 선창자	/ˈkæntɝ/	명사	
negotiable	통행 | 절충 | 극복할수 있는	/nəˈɡoʊʃəbəɫ/	형용사	Negotiable bonds
squirm	몸부림치다 | 어색해 하다 | 꿈틀기리다	/ˈskwɝm/	동사	
flaky	조각조각의	/ˈfɫeɪki/	형용사	
fail-safe		/feɪɫˈsæf/	형용사	A fail-safe recipe for cheese souffle
contaminate	어염시키다 | 오염시키다 | 악에 물들게하다	/kənˈtæməˌneɪt/	동사	Don't drink the water--it's contaminated
know-how		/ˈnoʊˌhaʊ/	명사	
discriminate	분간하다 | 식별하다	/dɪsˈkɹɪməˌneɪt/	동사	Discriminate people
enclosure	종획지 | 구내 | 울	/ɛnˈkɫoʊʒɝ/	명사	
warmly	열렬히 | 충심으로 | 흥분하여	/ˈwɔɹmɫi/	부사	We welcomed her warmly
sweeper	청소인 | 쓰는 사람	/ˈswipɝ/	명사	
moldy	곰팡난	/ˈmoʊɫdi/	형용사	A moldy (or musty) odor
wicker	채그릇세공 | 채로 만든 | 채그릇 세공의	/ˈwɪkɝ/	명사	
koto		/ˈkoʊtoʊ/	명사	
caracas	카라카스	/kɝˈɑkəs/	명사	
gully	배수구 | 골	/ˈɡəɫi/	명사	
decimate		/ˈdɛsəˌmeɪt/	동사	
inward	속에서 | 안으로 | 낮은	/ˈɪnwɝd/	형용사	Inward flood of capital
piety	효성 | 공순 | 경건	/ˈpaɪəti/	명사	
takeaway		/ˈteɪkəˌweɪ/	명사	In England they call takeout food `takeaway'
deflect	삐뚤어지게 생각하다	/dɪˈfɫɛkt/	동사	He deflected his competitors
pomp	허식	/ˈpɑmp/	명사	
indulging		/ˌɪnˈdəɫdʒɪŋ/	명사	
sandbox	모래상자	/ˈsændˌbɑks/	명사	
lange		/ˈɫæŋ/	명사	
feeder	공급기 | 궤전선 | 급광기	/ˈfidɝ/	명사	The feeder discharged feed into a trough for the livestock
behead	목을 베다	/biˈhɛd/	동사	The French King was beheaded during the Revolution
forceps	겸자 | 핀셋	/ˈfɔɹsɛps/	명사	
legislative		/ˈɫɛdʒəˌsɫeɪtɪv/	형용사	Legislative council
veg	야채		명사	
zest	묘미	/ˈzɛst/	명사	
defer	늦춰지다 | 물리다 | 늦추다	/dɪˈfɝ/	동사	
topple	흔들리게 하다 | 쓰러뜨리다	/ˈtɑpəɫ/	동사	
mutilation		/ˌmjutəˈɫeɪʃən/	명사	
secretariat	사무국 | 장관직 | 문서과	/ˌsɛkɹɪˈtɛɹiət/	명사	
shrill	새된 소리로	/ˈʃɹɪɫ/	형용사	A shrill gaiety
reliving		/ɹiˈɫɪvɪŋ/	명사	The reliving of a strong emotion can be therapeutic
adorned		/əˈdɔɹnd/	형용사	Flowers adorned the tables everywhere
quarterly	계간지 | 철마다의	/ˈkwɔɹtɝɫi/	형용사	Quarterly report
ailment		/ˈeɪɫmənt/	명사	
contagion	감염 | 전염력 | 접촉전염	/kənˈteɪdʒən/	명사	A contagion of mirth
sustenance	생계 | 영양물	/ˈsəstənəns/	명사	They were in want of sustenance
desertion	탈영수 | 탈함 | 유기	/dɪˈzɝʃən/	명사	
egghead	인텔리 | 지성인	/ˈɛɡˌhɛd/	명사	In spite of her love of reading she denied being an egghead
sledgehammer	큰 쇠망치	/ˈsɫɛdʒˌhæmɝ/	명사	
simulator	모의실험	/ˈsɪmjəˌɫeɪtɝ/	명사	
temperamental	기분의	/ˌtɛmpɝˈmɛntəɫ/	형용사	Temperamental peculiarities
edict	칙령	/ˈidɪkt/	명사	
sensibility		/ˌsɛnsɪˈbɪɫɪti/	명사	Cruelty offended his sensibility
impetuous	충동적인	/ˌɪmˈpɛtʃwəs/	형용사	Impetuous heaving waves
notable	명망가 | 살림잘하는 | 지각할수 있는	/ˈnoʊtəbəɫ/	형용사	A notable historian
dollhouse	인형의집	/ˈdɑɫˌhaʊs/	명사	
stimulated		/ˈstɪmjəˌɫeɪtɪd/	형용사	The book stimulated her imagination
tightrope	줄타기 곡예사	/ˈtaɪˌtɹoʊp/	명사	
goatee		/ˈɡoʊˈti/	명사	
tigress	암펌		명사	
eugenia		/ˌjuˈdʒiniə/	명사	
bulky	부피가큰 | 다루기힘든	/ˈbəɫki/	형용사	
hemlock	독당근 | 솔송나무	/ˈhɛmˌɫɑk/	명사	Socrates refused to flee and died by drinking hemlock
salisbury	짐바브웨의 수도	/ˈsæɫzbɝi/	명사	
quint		/ˈkwɪnt/	명사	
headway	진척 | 전진 | 천정 높이	/ˈhɛdˌweɪ/	명사	The ship made little headway against the gale
carelessly	소홀히 | 막 | 덜렁	/ˈkɛɹɫəsɫi/	부사	Carelessly raised the children's hopes without thinking of their possible disappointment
incinerate	소각하다 | 화장하다	/ˌɪnˈsɪnɝˌeɪt/	동사	The paper incinerated quickly
grisly	오돌오돌	/ˈɡɹɪzɫi/	형용사	A grisly murder
gait	발걸음 | 걸음걸이 | 걸음걸이를 조련하다	/ˈɡeɪt/	명사	
unscathed	상처없는 | 다치지않은	/ənˈskeɪðd/	형용사	
zinc	아연	/ˈzɪŋk/	명사	
stethoscope	청진기	/ˈstɛθəˌskoʊp/	명사	
strait	좁은문	/ˈstɹeɪt/	명사	Strait is the gate
xiii			명사	
hookup	배선도 | 접속도 | 중계방송	/ˈhʊˌkəp/	명사	Some campsites have electrical hookups for trailers
commonplace	다반사 | 상투어 | 허접	/ˈkɑmənˌpɫeɪs/	형용사	Commonplace everyday activities
resentful	분개한	/ɹɪˈzɛntfəɫ/	형용사	A sullen resentful attitude
crick	근육경련 | 쥐가 나다	/ˈkɹɪk/	명사	Crick your neck
supersonic	초음속의 | 초음파의 | 초음속으로 나는	/ˌsupɝˈsɑnɪk/	형용사	
patronage	서임권 | 후원 | 애고	/ˈpætɹənɪdʒ/	명사	Even before noon there was a considerable patronage
burmese	버마사람 | 버마의	/bɝˈmiz/	명사	The Burmese capital
constabulary	경찰관할구	/kənˈstæbjəˌɫɛɹi/	명사	
morley		/ˈmɔɹɫi/	명사	
bonanza	노다지 | 대풍년 | 노다지광맥	/bəˈnænzə/	명사	
nozzle	주둥이 | 노즐 | 취구	/ˈnɑzəɫ/	명사	
distasteful		/dɪˈsteɪstfəɫ/	형용사	Distasteful language
prod	격려하다	/ˈpɹɑd/	동사	
cleave	집착하다 | 헤치고나아가다 | 분열하다	/ˈkɫiv/	동사	Cleave the bone
wessex		/ˈwɛsəks/	명사	
discourse	강연하다 | 논술하다 | 설교	/ˈdɪskɔɹs/	명사	
philanthropist	박애주의자	/fəˈɫænθɹəpəst/	명사	
expanse	넓음	/ɪkˈspæns/	명사	
typhus		/ˈtaɪfəs/	명사	
betel	구장	/ˈbɛtəɫ/	명사	
electra		/ɪˈɫɛktɹə/	명사	
buzzard	말똥가리 | 아메리카독수리	/ˈbəzɝd/	명사	
darrow		/ˈdɛɹoʊ/	명사	
expectancy		/ɪkˈspɛktənsi/	명사	An indicator of expectancy in development
dazzled	어리둥질하다	/ˈdæzəɫd/	형용사	Her arguments dazzled everyone
waller		/ˈwɔɫɝ/	명사	
citrus	감귤류의 | 감귤류의 식물	/ˈsɪtɹəs/	명사	
needlessly		/ˈnidɫəsɫi/	부사	It would needlessly bring badness into the world
unsettled	부정 | 동란의 | 결정되지 않은	/ənˈsɛtəɫd/	형용사	An unsettled issue
seared		/ˈsɪɹd/	형용사	The seared meat is then covered with hot liquid for braising
singularity	괴상 | 괴이 | 특이	/ˈsɪŋɡjəˈɫɛɹəti/	명사	That singularity distinguished him from all his companions
chartered	전세 낸	/ˈtʃɑɹtɝd/	형용사	A chartered plane
godson	대자		명사	
venting	화풀이	/ˈvɛntɪŋ/	명사	
contradictory	모순대당 | 반박론 | 반박적인	/ˌkɑntɹəˈdɪktɝi/	형용사	`perfect' and `imperfect' are contradictory terms
cahoot		/kəˈhut/	명사	In cahoots with
decidedly	단호히	/ˌdɪˈsaɪdədɫi/	부사	It was decidedly too expensive
lac	랙	/ˈɫæk/	명사	
artificially	부자연하게	/ˌɑɹtəˈfɪʃəɫi/	부사	Artificially induced conditions
athletics	운동경기	/æθˈɫɛtɪks/	명사	
schoolwork	학업성적	/ˈskuɫˌwɝk/	명사	
faux		/ˈfɔks/	형용사	
gecko	도마뱀 붙이	/ˈɡɛkoʊ/	명사	
barring		/ˈbɑɹɪŋ/	명사	
polk		/ˈpoʊk/	명사	
spanner	스패너	/ˈspænɝ/	명사	
dropout	탈락자 | 드롭아웃 | 중퇴생	/ˈdɹɑˌpaʊt/	명사	
couscous			명사	
mumps	이하선염 | 항아리 손님	/ˈməmps/	명사	
napa	의복용 | 나파양의 가죽	/ˈnæpə/	명사	
enchantment	매혹	/ɛnˈtʃæntmənt/	명사	
reprieve	잠시 경감하다 | 유예 | 패자 부활전	/ɹiˈpɹiv/	명사	
headstone	귀돌 | 묘석 | 초석	/ˈhɛdˌstoʊn/	명사	
icky	멋이없는 | 역겨운 | 너무 감상적인		형용사	
siberian	시베리아의	/saɪˈbɪɹiən/	명사	The Siberian tundra
audacious	대담한 | 뻔뻔스러운	/ɑˈdeɪʃəs/	형용사	Audacious explorers
pecan	피캔	/ˈpiˌkɑn/	명사	
skylight		/ˈskaɪˌɫaɪt/	명사	
juno		/ˈdʒunoʊ/	명사	
barmaid	술집의 여급		명사	
commendation		/ˌkɑmənˈdeɪʃən/	명사	
cartilage	연골 조직 | 연골	/ˈkɑɹtəɫədʒ/	명사	
suppression	발매 금지 | 억제 | 평정	/səˈpɹɛʃən/	명사	The suppression of heresy
plume	깃털로 장장식하다	/ˈpɫum/	동사	A plumed helmet
helix	나선	/ˈhiɫɪks/	명사	
sultana			명사	
twinkling	깜ㅃ가임 | 깜짝임 | 번드거임	/ˈtwɪŋkəɫɪŋ/	명사	Twinkling stars
zola		/ˈzoʊɫə/	명사	
prentice		/ˈpɹɛntɪs/	명사	
informative	정보를 제공하는 | 교육적인	/ˌɪnˈfɔɹmətɪv/	형용사	
suave		/ˈswɑv/	형용사	
badminton	배드민턴	/ˈbædˌmɪntən/	명사	
lander	착륙선	/ˈɫændɝ/	명사	
guevara	게바라	/ɡeɪˈvɑɹə/	명사	
unmanned		/ənˈmænd/	형용사	An unmanned satellite to Mars
stair	한 단	/ˈstɛɹ/	명사	
idealistic		/aɪˌdiəˈɫɪstɪk/	형용사	
disown	의절하다	/dɪˈsoʊn/	동사	
doormat	신흙 털개	/ˈdɔɹˌmæt/	명사	
pronunciation	발음 | 명료도	/pɹəˌnənsiˈeɪʃən/	명사	That is the correct pronunciation
discontent	불만을 품게하다 | 불만스럽다 | 시쁘다	/dɪskənˈtɛnt/	명사	Was discontented with his position
vaughan		/ˈvɔn/	명사	
perversion	곡해 | 악화	/pɝˈvɝʒən/	명사	It was a perversion of justice
disbelief	불신 | 의혹	/ˌdɪsbɪˈɫif/	명사	
racehorse	경주마	/ˈɹeɪsˌhɔɹs/	명사	
shadowy	그림자 있는	/ˈʃædoʊi/	형용사	Dim shadowy forms
hurdles		/ˈhɝdəɫz/	명사	
gulliver		/ˈɡəɫɪvɝ/	명사	
executor	집행인	/ɪɡˈzɛkjətɝ/	명사	
slashing		/ˈsɫæʃɪŋ/	형용사	His slashing demon-ridden cadenza
glider	활공기 | 미끄러지는 사람 | 글라이더	/ˈɡɫaɪdɝ/	명사	
hydrant	급수전	/ˈhaɪdɹənt/	명사	
adorn		/əˈdɔɹn/	동사	Flowers adorned the tables everywhere
aku			명사	
hoarding	매점매석 | 사재기 | 저장물	/ˈhɔɹdɪŋ/	명사	
inquisitor	조사관 | 종교재판관	/ˌɪnˈkwɪzətɝ/	명사	
differentiate	미분하다 | 분화하다 | 차별하다	/ˌdɪfɝˈɛnʃiˌeɪt/	동사	Cells differentiate
puffed	헐떡이고 | 숨이 차서 | 부푼	/ˈpəft/	형용사	Puffed out chests
pleasantly	흐뭇하다	/ˈpɫɛzəntɫi/	부사	We spent a pleasantly lazy afternoon
primates	영장류	/ˈpɹaɪˌmeɪts/	명사	
mogul	무갈 사람 | 무갈 황제 | 거물	/ˈmoʊɡəɫ/	명사	
deter	단념시키다	/dɪˈtɝ/	동사	
simeon	시므온	/ˈsɪmiən/	명사	
veranda	툇마루 | 베란다	/vɝˈændə/	명사	
merging		/ˈmɝdʒɪŋ/	명사	The merging of the two groups occurred quickly
breezy	미풍의 | 상쾌한	/ˈbɹizi/	형용사	Her breezy nature
capped		/ˈkæpt/	형용사	Snow-capped peaks
blue-eyed			형용사	
outback	오지의 | 미개척의 오지	/ˈaʊtˌbæk/	명사	
squaw			명사	
elude		/ɪˈɫud/	동사	The thief eluded the police
paella	파엘랴		명사	
avant-garde		/əˈvɑnˈɡɑɹd/	형용사	An avant-garde theater piece
upholstery	가구류 | 가구업	/əˈpoʊɫstɝi/	명사	
pbs			명사	
baseline	기선	/ˈbeɪˌsɫaɪn/	명사	The established a baseline for the budget
lioness	암사자		명사	
likeable	마음에 드는	/ˈɫaɪkəbəɫ/	형용사	
kibbutz	키부츠	/kɪˈbʊts/	명사	
bumpkin		/ˈbəmpkɪn/	명사	
scorsese		/ˌskɔɹˈseɪzi/	명사	
droning		/ˈdɹoʊnɪŋ/	명사	The harmonium was droning on
dawning	동녁	/ˈdɔnɪŋ/	명사	
bosnian	보스니아 | 보스니아의	/ˈbɑzniən/	형용사	
rancid		/ˈɹænsɪd/	형용사	
balthazar		/ˈbæɫθəzɝ/	명사	
velcro	벨크로	/ˈvɛɫkɹoʊ/	명사	Velcro the belt
emit	발행하다 | 발하다	/ɪˈmɪt/	동사	The ozone layer blocks some harmful rays which the sun emits
brahma	범천 | 창조의신		명사	
stockbroker	증권 중매인	/ˈstɑkˌbɹoʊkɝ/	명사	
insightful		/ˈɪnˌsaɪtfəɫ/	형용사	An insightful parent
prance	뻐기며 걷다 | 뒷다리로 뛰다 | 도약	/ˈpɹæns/	동사	
anglo-saxon			명사	Anglo-Saxon poetry
tatum		/ˈteɪtəm/	명사	
unconsciously	모르게	/ˌənˈkɑnʃəsɫi/	부사	She jumped up unconsciously when he entered the room
pt			명사	
updating		/ˈəpˌdeɪtɪŋ/	명사	Criminal records need regular updating
grotto	암굴 | 동굴	/ˈɡɹɑˌtoʊ/	명사	
hahn		/ˈhɑn/	명사	
unscrupulous	비양심적인	/ənsˈkɹupjəɫəs/	형용사	Unscrupulous politicos who would be happy to sell...their country in order to gain power
eleventh		/ˈiɫɛvənθ/	형용사	
electrode	전극	/ˌɪˈɫɛktɹoʊd/	명사	
payload		/ˈpeɪˌɫoʊd/	명사	
loathsome		/ˈɫoʊðsəm/	형용사	A loathsome disease
ruffian	흉악 | 무법자		명사	
goulash		/ˈɡuˌɫɑʃ/	명사	
tartar	달단사람 | 치석	/ˈtɑɹtɝ/	명사	
sunburn		/ˈsənˌbɝn/	명사	
littered		/ˈɫɪtɝd/	형용사	Cigar butts littered the ground
supplemental	부대사업	/ˌsəpɫəˈmɛnəɫ/	형용사	
drop-off		/ˈdɹɑˌpɔf/	명사	A drop-off in attendance
lawton		/ˈɫɔtən/	명사	
disruptive	분열적인	/dɪsˈɹəptɪv/	형용사	Effects of the struggle will be violent and disruptive
killjoy		/ˈkɪɫdʒɔɪ/	명사	
short-lived		/ˈʃɔɹtˈɫaɪvd/	형용사	
hourglass	각구 | 모래시계	/ˈaʊɝˌɡɫæs/	명사	
second-rate			형용사	
pasty	고기파이 | 누런		형용사	He looked pasty and red-eyed
turnaround		/ˈtɝnɝˌaʊnd/	명사	
carte	식단표 | 케뉴 | 트럼프	/ˈkɑɹt/	명사	
blackpool		/ˈbɫækˌpuɫ/	명사	
brainy	지적 | 머리가 좋은 | 총명한	/ˈbɹeɪni/	형용사	Some men dislike brainy women
grappling	맞잡고 싸우기 | 격투 | 드잡이	/ˈɡɹæpəɫɪŋ/	명사	We watched his grappling and wrestling with the bully
misfit		/ˈmɪsˌfɪt/	명사	
strum		/ˈstɹəm/	동사	The strum of a guitar
bung	마개 막다	/ˈbəŋ/	동사	
solitaire		/ˌsɑɫəˈtɛɹ/	명사	
barbados	바르바 도스	/bɑɹˈbeɪdoʊs/	명사	
hummus		/ˈhʊməs/	명사	
maniacal		/məˈnaɪəkəɫ/	형용사	A maniacal frenzy
drivel	횡설수설하다 | 군침 | 군침을흘리다	/ˈdɹɪvəɫ/	명사	
rodgers		/ˈɹɑdʒɝz/	명사	
microfilm	마이크로 필름	/ˈmaɪkɹəˌfɪɫm/	명사	
looney		/ˈɫuni/	명사	
squint	사팔눈 | 흑보기 | 흘낏 보기	/ˈskwɪnt/	동사	The children squinted so as to scare each other
honky		/ˈhɔŋki/	명사	
tyrannosaurus		/tɪɹænəˈsɔɹəs/	명사	
sediment	침전물 | 앙금	/ˈsɛdəmənt/	명사	
coincide	부합하다 | 동시에 일어나다	/ˌkoʊɪnˈsaɪd/	동사	The two events coincided
voltaire		/voʊɫˈtɛɹ/	명사	
apparel	제복의 장식수	/əˈpæɹəɫ/	명사	She was refined in her choice of apparel
mockingly	희롱하여		부사	
ordnance	군수품 | 병기	/ˈɔɹdnəns/	명사	
ponce	몰래 지내다 | 정부가 되다 | 정부 노릇하다	/ˈpɑns/	명사	
sapiens		/ˈseɪpiənz/	형용사	
old-time			형용사	A vaulted roof supporting old-time chimney pots
one-off		/ˌwəˈnɔf/	명사	
amputation	자름 | 절단	/ˌæmpjəˈteɪʃən/	명사	
bustle	야단법석 | 떠들게 하다 | 떠들다	/ˈbəsəɫ/	명사	The cheerleaders bustled about excitingly before their performance
golem		/ˈɡoʊɫəm/	명사	
sandstorm	모래 폭풍	/ˈsændˌstɔɹm/	명사	
cloaked		/ˈkɫoʊkt/	형용사	Fog-cloaked meadows
squander		/ˈskwɑndɝ/	동사	You squandered the opportunity to get and advanced degree
regimen	섭생 | 양생법 | 피지배어	/ˈɹɛdʒəmən/	명사	
after-school			형용사	A special after-school class
constituency		/kənˈstɪtʃuənsi/	명사	
hitchhike	히치하이크	/ˈhɪtʃˌhaɪk/	동사	
gouge	후벼 내다	/ˈɡaʊdʒ/	동사	Gouge out his eyes
stigma	숨구멍 | 암술머리 | 기공	/ˈstɪɡmə/	명사	
toasting		/ˈtoʊstɪŋ/	명사	Proper toasting should brown both sides of a piece of bread
purification	정화 | 정제 | 성모 취결례	/ˌpjʊɹəfəˈkeɪʃən/	명사	Purification through repentance
positioning		/pəˈzɪʃənɪŋ/	명사	
uniting		/juˈnaɪtɪŋ/	명사	
legislature	입법부	/ˈɫɛdʒəˌsɫeɪtʃɝ/	명사	
strenuous	분투적인	/ˈstɹɛnjuəs/	형용사	A strenuous task
squishy	질퍽한	/ˈskwɪʃi/	형용사	
afro	아프로형 두발의	/ˈæfɹoʊ/	명사	
liven	활기띠다	/ˈɫaɪvən/	동사	Let's liven up this room a bit
outdo	물리쳐 이기다	/ˌaʊtˈdu/	동사	She outdoes all other athletes
curiously		/ˈkjʊɹiəsɫi/	부사	Had a curiously husky voice
pantyhose		/ˈpæntiˌhoʊz/	명사	
biologically		/baɪəˈɫɑdʒɪkɫi/	부사	Biologically related
fresher		/ˈfɹɛʃɝ/	명사	
wasteful	낭비하는	/ˈweɪstfəɫ/	형용사	A clumsy and wasteful process
double-crossing			명사	I could no longer tolerate his impudent double-crossing
centipede	지네	/ˈsɛntɪˌpid/	명사	
banger		/ˈbæŋɝ/	명사	
stickler	난문제	/ˈstɪkəɫɝ/	명사	A stickler for promptness
perpetrate	범하다	/ˈpɝpəˌtɹeɪt/	동사	Perpetrate a crime
computerize	전산화하다 | 전산화	/kəmˈpjutɝˌaɪz/	동사	Computerized dictionary
caspar		/ˈkæsˌpɑɹ/	명사	
working-class			형용사	Working-class occupations include manual as well as industrial labor
two-year			형용사	
moronic			형용사	
humbug	시시하다	/ˈhəmˌbəɡ/	명사	
overbearing	위압적인 | 건방진 | 거만한	/ˈoʊvɝˈbɛɹɪŋ/	형용사	Insufferably overbearing behavior toward the waiter
cheapskate	깍쟁이 | 구두쇠 | 노랑이	/ˈtʃipˌskeɪt/	명사	
toupee	가발	/ˌtuˈpeɪ/	명사	
structured		/ˈstɹəktʃɝd/	형용사	A structured environment
ovation	대갈채 | 대환영	/oʊˈveɪʃən/	명사	
plunger		/ˈpɫəndʒɝ/	명사	
visor	복면 | 챙 | 얼굴 가리개	/ˈvaɪzɝ/	명사	
tongs	부젓가락 | 집게	/ˈtɑŋz/	명사	
rancher	목장 감독 | 농장주 | 목동	/ˈɹæntʃɝ/	명사	
sportsman	도박사 | 스포츠맨 | 운동가	/ˈspɔɹtsmən/	명사	
patriarch	가장 정치 | 족장 | 창설자	/ˈpeɪtɹiˌɑɹk/	명사	
null	영도 | 무표정의 | 영으로하다	/ˈnəɫ/	형용사	
daedalus	다이달로스	/ˈdɛdəɫəs/	명사	
feudal	영지의	/ˈfjudəɫ/	형용사	
paradigm	어형 변화표	/ˈpɛɹəˌdaɪm/	명사	He framed the problem within the psychoanalytic paradigm
edema	부종 | 관장 | 수종	/ɪˈdimə/	명사	
chutney	처트니	/ˈtʃətni/	명사	
recollect	냉정하게 하다 | 회상하다 | 다시 불러일으키다	/ˌɹɛkəˈɫɛkt/	동사	
proletariat	프롤레타리아트 | 최하층 사회	/ˌpɹoʊɫəˈtɛɹiət/	명사	
scuffle	격투하다=	/ˈskəfəɫ/	명사	The drunken men started to scuffle
yolk	양털기름	/ˈjoʊk/	명사	
explicitly		/ɪksˈpɫɪsətɫi/	부사	In his foreword Professor Clark puts it explicitly
arterial	동맥혈	/ɑɹˈtɪɹiəɫ/	형용사	Arterial disease
methodical	규율바르다 | 조직적인	/məˈθɑdəkəɫ/	형용사	A methodical scholar
saver	절약가 | 구조자	/ˈseɪvɝ/	명사	
launder	세탁하다 | 다림질하다	/ˈɫɔndɝ/	동사	
hummingbird	벌새	/ˈhəmɪŋˌbɝd/	명사	
intestinal	장의	/ɪnˈtɛstənəɫ/	형용사	Intestinal disease
douse	처박다 | 끼얹다	/ˈdaʊs/	동사	Douse the lights
ooze	새다 | 감탕흙 | 곤죽같은	/ˈuz/	명사	
beehive	꿀벌통	/ˈbiˌhaɪv/	명사	
chechnya		/ˈtʃɛtʃniə/	명사	
gazebo	전망대		명사	
angelus	도고기도		명사	
spotter	감시원 | 감찰원 | 정찰병	/ˈspɑtɝ/	명사	
nautilus	노틸러스호 | 배낙지무리 | 앵무조개속	/ˈnɔtəɫəs/	명사	
recluse	은둔자 | 운둔자 | 구석지다	/ɹɪˈkɫus/	명사	
covet	몹시 바라다 | 턱없이 탐내다 | 갈망하다	/ˈkəvət/	동사	She covets her sister's house
finite		/ˈfaɪˌnaɪt/	형용사	
angola		/æŋˈɡoʊɫə/	명사	
platypus		/ˈpɫætəˌpʊs/	명사	
skyline		/ˈskaɪˌɫaɪn/	명사	
copernicus		/kəˈpɝnəkəs/	명사	
bearable		/ˈbɛɹəbəɫ/	형용사	
travesty	익살화	/ˈtɹævəsti/	명사	
refuel	기름을 붓다	/ɹifˈjuəɫ/	동사	
monogamous	일자 일웅 | 일부 일처의	/məˈnɑɡəməs/	형용사	Monogamous marriage
lull	달래다 | 두절 | 잠잠함	/ˈɫəɫ/	명사	There was a lull in the storm
smirk	능글맞은 움음	/ˈsmɝk/	동사	
affiliated	가입한 | 지부의	/əˈfɪɫiˌeɪtɪd/	형용사	Affiliated clubs
tush		/ˈtʊʃ/	명사	
laughingstock	웃음거리	/ˈɫæfɪŋˌstɑk/	명사	
blockage	저해 | 봉쇄 | 방해물	/ˈbɫɑkɪdʒ/	명사	We had to call a plumber to clear out the blockage in the drainpipe
ventriloquist			명사	
seeming		/ˈsimɪŋ/	형용사	His seeming honesty
landscaping	조경 | 경관	/ˈɫænˌskeɪpɪŋ/	명사	They spent a great deal of money on the landscaping
pleasurable	기분좋은	/ˈpɫɛʒɝəbəɫ/	형용사	Full of happiness and pleasurable excitement
navajo		/ˈnævəˌhoʊ/	명사	
unknowingly	슬며시	/ənˈnoʊɪŋɫi/	부사	
quotation	싯가 | 인용어 | 인용	/kwoʊˈteɪʃən/	명사	Since he lacks originality he must rely on quotation
embalm		/ɛmˈbɑm/	동사	
politeness	예의	/pəˈɫaɪtnəs/	명사	
doings		/ˈduɪŋz/	명사	
unfounded	근거없는	/ənˈfaʊndɪd/	형용사	Unfounded suspicions
astor		/ˈæstɝ/	명사	
winking		/ˈwɪŋkɪŋ/	명사	
scylla	큰 소용돌이	/ˈsɪɫə/	명사	
screenwriter		/ˈskɹinˌɹaɪtɝ/	명사	
reimburse	변상하다 | 상환하다 | 변제하다	/ˌɹiɪmˈbɝs/	동사	Can the company reimburse me for my professional travel?
christen		/ˈkɹɪsən/	동사	
cannae			명사	
virile	남성적인 | 힘찬	/ˈvɪɹəɫ/	형용사	A new and virile leadership
motivational		/ˌmoʊtəˈveɪʃənəɫ/	형용사	
spotty	얼룩투성이의	/ˈspɑti/	형용사	The wall had a spotty speckled effect
patching		/ˈpætʃɪŋ/	명사	
extort	갈취하다 | 억지로 갖다붙이다	/ɛkˈstɔɹt/	동사	They extorted money from the executive by threatening to reveal his past to the company boss
celebratory		/səˈɫɛbɹəˌtɔɹi/	형용사	
crud	굳어진 침전물	/ˈkɹəd/	명사	He said he had the crud and needed a doctor
pate		/ˈpeɪt/	명사	
mercilessly		/ˈmɝsəɫəsɫi/	부사	He was mercilessly trounced by his opponent in the House
battering		/ˈbætɝɪŋ/	명사	
insignia	표장 | 휘장 | 훈장	/ˌɪnˈsɪɡˌniə/	명사	
demeaning		/dɪˈminɪŋ/	형용사	
jangling			형용사	Cowboys with jangling spurs
hipster	비트족 | 재즈팬	/ˈhɪpstɝ/	명사	
individuality	개체성 | 단일체 | 개체	/ˌɪnˌdɪvɪdʒuˈæɫɪti/	명사	So absorbed by the movement that she lost all sense of individuality
debauchery	방탕 | 도락 | 난봉	/dəˈbɔtʃɝi/	명사	
two-time	배신하다		동사	
loin	허리 고기	/ˈɫɔɪn/	명사	
macabre		/məˈkɑbɝ/	형용사	Macabre tortures conceived by madmen
varnish	겉꾸미다 | 니스 칠하다 | 겉치레하다	/ˈvɑɹnɪʃ/	명사	
cosmopolitan	세계주의의 | 전세계적인	/ˌkɑzməˈpɑɫətən/	형용사	A cosmopolitan herb
surly		/ˈsɝɫi/	형용사	
riffraff	천민	/ˈɹɪˌfɹæf/	명사	
compost	퇴비 | 혼합비료	/ˈkɑmpoʊst/	명사	Compost organic debris
gook		/ˈɡʊk/	명사	
cross-reference	전후참조	/ˈkɹɔsˌɹɛfɝəns/	명사	
halle		/ˈhæɫ/	명사	
anklet	발목장식 | 속스	/ˈæŋkɫɪt/	명사	
expressive	표현하는	/ɪksˈpɹɛsɪv/	형용사	A very expressive face
migrate	이동하다 | 이주하다	/ˈmaɪˌɡɹeɪt/	동사	Birds migrate in the Winter
sass		/ˈsæs/	명사	Don't give me any of your sass
validation		/ˌvæɫəˈdeɪʃən/	명사	
broaden		/ˈbɹɔdən/	동사	Broaden the road
gonorrhea	임질	/ˌɡɑnɝˈiə/	명사	
paprika	피망 | 고추의 일종	/pæˈpɹikə/	명사	
adjutant		/ˈædʒətənt/	명사	
furlough	말미	/ˈfɝɫoʊ/	동사	The prisoner was furloughed for the weekend to visit her children
nefarious	사악하다	/nəˈfɛɹiəs/	형용사	Nefarious schemes
overpower	깊이 감동시키다 | 압도하다	/ˌoʊvɝˈpaʊɝ/	동사	
flog	매질하다 | 채찍질하다	/ˈfɫɑɡ/	동사	
shakti			명사	
hibernation	동면 | 겨울잠	/ˌhaɪbɝˈneɪʃən/	명사	He emerged from his hibernation to make his first appearance in several years
piston	피스톤	/ˈpɪstən/	명사	
rioting		/ˈɹaɪətɪŋ/	명사	Students were rioting everywhere in 1968
demetrius		/dɪˈmitɹiəs/	명사	
cannibalism		/ˈkænəbəˌɫɪzəm/	명사	
reluctance	싫음 | 꺼림 | 본의아님	/ɹiˈɫəktəns/	명사	A reluctance to commit himself
embroider	자수하다 | 수놓다	/ɪmˈbɹɔɪdɝ/	동사	
nome		/ˈnoʊm/	명사	
gimp	절름발이 | 장식 끈 | 불구자		명사	
breeder	종축 | 장본인	/ˈbɹidɝ/	명사	
jafar			명사	
sizzle	지글지글하다	/ˈsɪzəɫ/	동사	The fat sizzled in the pan
reflective	반사적인 | 반성하는 | 상호 연관적인	/ɹɪˈfɫɛktɪv/	형용사	The reflective type
inger		/ˈɪŋɝ/	명사	
condemning		/kənˈdɛmɪŋ/	형용사	
endgame		/ˈɛndɡeɪm/	명사	The diplomatic endgame
boathouse	보트창고	/ˈboʊtˈhaʊs/	명사	
manageable		/ˈmænɪdʒəbəɫ/	형용사	
disintegrate	붕괴하다	/dɪˈsɪntəˌɡɹeɪt/	동사	The material disintegrated
ethereal	상공의 | 영기의 | 영묘한	/ɪˈθɪɹiəɫ/	형용사	Ethereal solution
brimstone		/ˈbɹɪmstoʊn/	명사	
phonograph	축음기	/ˈfoʊnəˌɡɹæf/	명사	
workload		/ˈwɝˌkɫoʊd/	명사	
credited		/ˈkɹɛdətəd/	형용사	An invention credited to Edison
mouthpiece	대변자 | 마우드피스 | 부는 구명	/ˈmaʊθˌpis/	명사	The mouthpiece of a respirator
farmland	농지	/ˈfɑɹmˌɫænd/	명사	
fouled		/ˈfaʊɫd/	형용사	Breathing air fouled and darkened with factory soot
carnation	카네이션	/kɑɹˈneɪʃən/	명사	
scissor	가위로 자르다	/ˈsɪzɝ/	동사	
hairless		/ˈhɛɹɫəs/	형용사	
defenceless			형용사	
narcissist	자기도취자	/ˈnɑɹsɪsɪst/	명사	
reappear	재현하다	/ˌɹiəˈpɪɹ/	동사	The sores reappeared on her body
undisturbed		/ˌəndɪˈstɝbd/	형용사	He could pursue his studies undisturbed
bittersweet	쓰고도 단 | 고생스럽고도 즐거운	/ˈbɪtɝˌswit/	형용사	A movie with a bittersweet ending
tusk	엄니	/ˈtəsk/	명사	Tusk an elephant
alaric		/ˈæɫɝɪk/	명사	
manta	외투 | 어깨걸이 | 쥐가오리	/ˈmæntə/	명사	
regulated		/ˈɹɛɡjəˌɫeɪtɪd/	형용사	Well regulated industries
arming	무장 | 접극자	/ˈɑɹmɪŋ/	명사	
sarin		/sɑɹɪn/	명사	
prowler	배회자 | 배회하는 사람 | 좀도둑	/ˈpɹaʊɫɝ/	명사	
antwerp		/ˈæntwɝp/	명사	
armadillo	아르마딜로	/ˌɑɹməˈdɪɫoʊ/	명사	
whisperer		/ˈwɪspəˌɹɝ/	명사	
magpie	까치 | 비둘기의 일종	/ˈmæɡˌpaɪ/	명사	
sedation	진정 작용 | 진정제 치료	/səˈdeɪʃən/	명사	
fabrication	위조 | 위조문서 | 조작	/ˌfæbɹɪˈkeɪʃən/	명사	The synthesis and fabrication of single crystals
mediocrity	범용	/ˌmidiˈɑkɹəti/	명사	
zapata		/zɑˈpɑtə/	명사	
nog	나무벽돌 | 노그 | 나무못		명사	
metric	미터법의	/ˈmɛtɹɪk/	명사	The metric system
scurvy	괴혈병		명사	
yukon		/ˈjuˌkɑn/	명사	
photocopy	사진 복사	/ˈfoʊtoʊˌkɑpi/	명사	
impromptu	즉흥적으로 | 임시변통으로 | 준비없이	/ˌɪmˈpɹɑmptu/	명사	An impromptu speech
fable	꾸며내다 | 거짓말하다 | 우화	/ˈfeɪbəɫ/	명사	
alteration	변경 | 변조	/ˌɔɫtɝˈeɪʃən/	명사	
striptease	스트립쇼	/ˈstɹɪpˌtiz/	명사	
coating	입힘 | 코팅 | 입힌 것	/ˈkoʊtɪŋ/	명사	The surface was ready for a coating of paint
salamander	도롱뇽 | 불도마뱀 | 불의 정	/ˌsæɫəˈmændɝ/	명사	
succubus	여자 마귀 | 악령		명사	
rotary	회전식의 | 환상교차로 | 회전기계=	/ˈɹoʊtɝi/	명사	The accident blocked all traffic at the rotary
huddled		/ˈhədəɫd/	형용사	Give me...your huddled masses
racking	몸을 괴롭히는	/ˈɹækɪŋ/	형용사	
solicit	교사하다	/səˈɫɪsɪt/	동사	She is too shy to solicit
repetitive		/ɹɪˈpɛtɪtɪv/	형용사	Repetitive movement
lighted	불이 켜진	/ˈɫaɪtəd/	형용사	The lighted candles
barracuda	창꼬지	/ˌbɛɹəˈkudə/	명사	
conga	콩가	/ˈkɔŋɡə/	명사	
bumble	엉망으로 하다 | 더듬거리며 말하다 | 윙윙거리다	/ˈbəmbəɫ/	동사	
liberator	해방자	/ˈɫɪˌbɝˌeɪtəɹ/	명사	
misbehave		/ˌmɪsbəˈheɪv/	동사	The children misbehaved all morning
incarnation	성육신 | 육아발생 | 화신	/ˌɪnˈkɑɹˈneɪʃən/	명사	The incarnation of evil
stupendous	굉장한 | 경이적	/stuˈpɛndəs/	형용사	Stupendous demand
virgo	처녀궁 | 처녀자리	/ˈvɝɡoʊ/	명사	
diddle	편취하다		동사	
scour	찾아 헤매다 | 물로 씻어내다	/ˈskaʊɝ/	동사	Scour the counter tops
lidocaine			명사	
pinning		/ˈpɪnɪŋ/	명사	
cobalt	암청색 | 코발트 | 코발트색	/ˈkoʊˌbɔɫt/	명사	
rudely	무례하게 | 격력하게 | 다짜고짜	/ˈɹudɫi/	부사	
jailhouse		/ˈdʒeɪɫˌhaʊs/	명사	
restrict	한하다 | 좁히다	/ɹiˈstɹɪkt/	동사	Restrict the use of this parking lot
ducat	다컷 금화		명사	
enthusiast	광식적인 | 팬 | 열성적인 사람	/ɛnˈθuziˌæst/	명사	
scorpius	전갈자리	/ˈskɔɹˌpiəs/	명사	
interactive	양방향 | 서로 작용하는	/ˌɪnɝˈæktɪv/	형용사	
kooky	기인의	/ˈkuki/	형용사	
devouring	게걸스레 먹는	/dɪˈvaʊɝɪŋ/	형용사	Fierce devouring affection
emancipation	해방	/ɪˌmænsəˈpeɪʃən/	명사	
alaskan	알래스카의	/əˈɫæskən/	명사	
headman	수령	/ˈhɛdmən/	명사	
harmonious	균형잡힌 | 의좋은 | 화목한	/hɑɹˈmoʊniəs/	형용사	Harmonious family relationships
infiltration	침입 | 침투 | 침윤	/ˌɪnfɪɫˈtɹeɪʃən/	명사	The infiltration of seawater through the lava
hothead			명사	
midas	미다스	/ˈmaɪdəs/	명사	
wholeheartedly		/ˈhoʊɫhɑɹtɪdɫi/	부사	He adopted wholeheartedly some of the policies that he had previously criticized
hepburn	헵번	/ˈhɛpbɝn/	명사	
bulging		/ˈbəɫdʒɪŋ/	형용사	
rousing	각성시키는 | 감동케하는 | 흥분시키는	/ˈɹaʊzɪŋ/	형용사	A rousing sermon
wherefore		/wɛɹˈfɔɹ/	명사	
pulpit	설교단	/ˈpʊɫpɪt/	명사	
monogamy	일부 일처제	/məˈnɑɡəmi/	명사	
ladybug	무당벌레	/ˈɫeɪdiˌbəɡ/	명사	
aimlessly		/ˈeɪmɫəsɫi/	부사	He wandered around aimlessly
kohl	화장먹	/ˈkoʊɫ/	명사	
grog		/ˈɡɹɑɡ/	명사	
lukewarm	마지근하다 | 시원스럽다 | 열의없는	/ˈɫuˈkwɔɹm/	형용사	He hates lukewarm coffee
dissection	절개 | 개석 | 해부체	/ˈdaɪsɛkʃən/	명사	
demeanor		/dɪˈminɝ/	명사	
archaic	예스럽다	/ɑɹˈkeɪɪk/	형용사	Archaic forms of life
sentient	력이있는		형용사	Sentient of the intolerable load
lazar		/ˈɫeɪzɝ/	명사	
uninhabited		/ˌənɪnˈhæbətɪd/	형용사	An uninhabited island
falter	더듬음 | 머뭇거림 | 우물우물 말하다	/ˈfɔɫtɝ/	동사	Their enthusiasm is faltering
realistically		/ˌɹiəˈɫɪstɪkɫi/	부사	The figure was realistically painted
windscreen	바람막이 유리		명사	
fremont		/ˈfɹimɑnt/	명사	
louisville		/ˈɫuiˌvɪɫ/	명사	
iceman	보석도둑 | 얼음장수	/ˈaɪsmæn/	명사	
thrift	절약 | 아르메리아 | 검약	/ˈθɹɪft/	명사	
fast-paced		/ˌfæstˈpeɪst/	형용사	Fast-paced fiction
creeper	놀이옷 | 탐해구 | 나무발바리		명사	
hush-hush			형용사	
posterior	위치가 뒤의	/ˌpɔˈstɪɹjɝ/	형용사	The mood posterior to
disbar		/ˌdɪsˈbɑɹ/	동사	
snapper		/ˈsnæpɝ/	명사	
unveil	털어놓다 | 정체를 드러내다	/ənˈveɪɫ/	동사	Unveil a painting
wheeze	씨근거리다 | 씩씩거리는 소리 | 씩씩거리며 말하다	/ˈhwiz/	명사	A clever wheeze probably succeeded in neutralizing the German espionage threat
tote	나르기 | 나른물건 | 짊어지기	/ˈtoʊt/	명사	
autonomy	자율권 | 자치권 | 자치제	/əˈtɑnəmi/	명사	
warring	서로 싸우는	/ˈwɔɹɪŋ/	형용사	Belligerent (or warring) nations
crony	벗	/ˈkɹoʊni/	명사	
dysentery	이질	/ˈdɪsənˌtɛɹi/	명사	
nous	지성	/ˈnus/	명사	She has great social nous
chekov			명사	
township	군구 | 분구 | 읍구	/ˈtaʊnʃɪp/	명사	
lunacy	어리석은 짓	/ˈɫunəsi/	명사	
insistence		/ˌɪnˈsɪstəns/	명사	The insistence of their hunger
handwritten		/ˈhænˌdɹɪtən/	형용사	
feline	고양이과의 | 고양이과의 동물	/ˈfiˌɫaɪn/	형용사	
westinghouse		/ˈwɛstɪŋˌhaʊs/	명사	
ramus		/ˈɹeɪməs/	명사	
mindful	마음에 두는	/ˈmaɪndfəɫ/	형용사	Ever mindful of her health
bacchus	바카스 | 술의 신	/ˈbækɪs/	명사	
footwear	신발 | 신는 것	/ˈfʊtˌwɛɹ/	명사	
overture	서곡	/ˈoʊvɝtʃɝ/	명사	Drinks were the overture to dinner
aussie	오스트레일리아	/ˈɔsi/	명사	
drowsy	졸음오게하는 | 졸리다	/ˈdɹaʊzi/	형용사	Made drowsy by the long ride
fluorescent	형광	/ˌfɫɔˈɹɛsənt/	형용사	Fluorescent colors
pretender		/pɹiˈtɛndɝ/	명사	
sawmill	제재소	/ˈsɔˌmɪɫ/	명사	
nutmeg	육두구 | 육두구의 씨	/ˈnətˌmɛɡ/	명사	
turquoise	터키옥 | 청록색	/ˈtɝkwɔɪz/	명사	Blue turquoise is valued as a gemstone
correlation	상관관계 | 상관시킴 | 상호관계	/ˌkɔɹəˈɫeɪʃən/	명사	What is the correlation between those two variables?
aversion	염증 | 반감	/əˈvɝʒən/	명사	
mongoose	몽구스	/ˈmɑŋɡus/	명사	
kaput	결딴난 | 두들겨 맞은		형용사	
powerhouse	발전소	/ˈpaʊɝˌhaʊs/	명사	
excavate	발굴하다 | 도려내다	/ˈɛkskəˌveɪt/	동사	Excavate a cavity
gripping	잡기 | 매력있는	/ˈɡɹɪpɪŋ/	형용사	
derelict	유기물 | 유기선	/ˈdɛɹəˌɫɪkt/	형용사	Derelict (or delinquent) in his duty
overturn	타도 | 타도하다 | 뒤엎다	/ˈoʊvɝˌtɝn/	동사	The big vase overturned
embodiment	구상 | 구체화 | 구현	/ɛmˈbɑdimənt/	명사	The embodiment of hope
hatching	선영 | 해칭 | 부화	/ˈhætʃɪŋ/	명사	
jamison		/ˈdʒeɪmɪsən/	명사	
bathhouse	목욕탕		명사	
circuitry	회로소자 | 회로	/ˈsɝkətɹi/	명사	
hideaway	오락장 | 은신처 | 아지트	/ˈhaɪdəˌweɪ/	명사	
eames		/ˈimz/	명사	
livingston		/ˈɫɪvɪŋstən/	명사	
confederacy	동맹 | 동맹국 | 공모	/kənˈfɛdɝəsi/	명사	
terrify	겁나게하다	/ˈtɛɹəˌfaɪ/	동사	
inaccessible	친해지기 어려운 | 난해하다	/ˌɪnəkˈsɛsəbəɫ/	형용사	A rare work, today almost inaccessible
catwalk		/ˈkætˌwɑk/	명사	Models displayed clothes on a catwalk at the fashion show
tater		/ˈteɪtɝ/	명사	
darkroom	암실	/ˈdɑɹˌkɹum/	명사	
depict		/dɪˈpɪkt/	동사	This scene depicts country life
spaceman	우주 비행사		명사	
nuremberg	뉘른베르크	/ˈnʊɹəmbɝɡ/	명사	
aquatic	수족	/əˈkwætɪk/	형용사	An aquatic environment
anvil	모루	/ˈænvəɫ/	명사	
mediation	사화 | 조정 | 매개	/ˌmidiˈeɪʃən/	명사	
baroque	바로크식 | 바로크식의 | 기괴한	/bɝˈoʊk/	명사	The building...frantically baroque
lahore		/ɫɑˈhɔɹ/	명사	
systolic	심장 수축의	/sɪˈstɔɫɪk/	형용사	
maximize		/ˈmæksəˌmaɪz/	동사	He maximized his role
jangle	시끄러운 소리 | 짤랑짤랑	/ˈdʒæŋɡəɫ/	동사	The jangle of spurs
tweedle	깽깽하는 소리 | 음악으로 꾀다	/ˈtwidəɫ/	동사	
mariachi		/ˌmɑɹiˈɑtʃi/	명사	
belize	벨리즈 | 항구 도시	/bɛˈɫiz/	명사	
saltwater	염수어 | 염수의 | 해산의	/ˌsɔɫtˈwɑtɝ/	명사	The water in the ocean is all saltwater
cesspool	오수구덩이	/ˈsɛsˌpuɫ/	명사	
salve	위안하다 | 연고 | 덜어주는 것	/ˈsɑv/	명사	He needed a salve for his conscience
nudist	누디스트 | 나체주의자	/ˈnudɪst/	명사	
melancholic		/ˌmɛɫənˈkɑɫɪk/	명사	Her melancholic smile
futon		/ˈfutɑn/	명사	
bestseller	베스트셀러	/ˈbɛˈsɛɫɝ/	명사	
hangout	소굴	/ˈhæˌŋaʊt/	명사	
arbor	정자	/ˈɑɹbɝ/	명사	The arbor provided a shady resting place in the park
thermostat	온도 조절기	/ˈθɝməˌstæt/	명사	
picturesque	그림같은 | 생생하다	/ˈpɪktʃɝəsk/	형용사	A picturesque village
castrated		/ˈkæsˌtɹeɪtɪd/	형용사	
ambience		/ˈæmbiəns/	명사	
entirety	전면 | 전액 | 온전함	/ɪnˈtaɪɝti/	명사	He read the article in its entirety
enabling		/ɛˈneɪbəɫɪŋ/	형용사	An enabling resolution
leisurely	여유있게	/ˈɫizɝɫi/	부사	He traveled leisurely
depose	증언하다 | 폐하다	/dɪˈpoʊz/	동사	
opt	선택적 거부권	/ˈɑpt/	동사	She opted for the job on the East coast
pickings	이삭	/ˈpɪkɪŋz/	명사	The pickings were easy
pivotal		/ˈpɪvətəɫ/	형용사	A pivotal event
genital	생식기	/ˈdʒɛnətəɫ/	형용사	
signaling	신호	/ˈsɪɡnəɫɪŋ/	명사	
so-and-so			명사	
als		/ˈæɫz/	명사	
surfboard	파도타기널	/ˈsɝfˌbɔɹd/	명사	
preserves		/pɹəˈzɝvz/	명사	
co-pilot			명사	
incubator	부화기 | 미숙아 보육기	/ˈɪŋkjəˌbeɪtɝ/	명사	
nigerian	나이지리아의	/naɪˈdʒɪɹiən/	형용사	The Nigerian capital used to be Lagos
arty	예술가연하는	/ˈɑɹti/	형용사	
houseboat	집배	/ˈhaʊsˌboʊt/	명사	
mohawk		/ˈmoʊˌhɔk/	명사	
caressing	애무하는 | 귀여워하는 | 애무	/kɝˈɛsɪŋ/	명사	
capricorn	마갈궁 | 염소자리	/ˈkæpɹəkɔɹn/	명사	
vaccinated		/ˈvæksəneɪtɪd/	형용사	The nurse vaccinated the children in the school
footwork	발놀림 | 발 기술 | 걸어다니는 취재	/ˈfʊtˌwɝk/	명사	She needs some fancy footwork to cover all those lies
promiscuous	난잡하다 | 잡스럽다	/ˈpɹoʊmɪskwəs/	형용사	Clinton was criticized for his promiscuous solicitation of campaign money
flagpole	깃대	/ˈfɫæɡˌpoʊɫ/	명사	
pave	깔다	/ˈpeɪv/	명사	Pave the roads in the village
grouse	뇌조	/ˈɡɹaʊs/	명사	
clipboard	클립보드	/ˈkɫɪpˌbɔɹd/	명사	
swahili	스와힐리 사람	/swɑˈhiɫi/	명사	
jot	대강 적어두다 | 소량	/ˈdʒɑt/	명사	
electrify	감전 시키다	/ɪˈɫɛktɹəˌfaɪ/	동사	Electrify an appliance
mugger		/ˈməɡɝ/	명사	
chiropractor		/ˈkaɪɹəˌpɹæktɝ/	명사	
nutcracker	잣까마귀 | 호두까는 연장	/ˈnətˌkɹækɝ/	명사	
shortened		/ˈʃɔɹtənd/	형용사	The manuscript must be shortened
confound	혼동하다 | 당황케하다	/ˈkɑnˌfaʊnd/	동사	
tundra	동토대 | 툰드라	/ˈtəndɹə/	명사	
megaphone	메가폰 | 확성기	/ˈmɛɡəˌfoʊn/	명사	
ramses	라메스 | 람제스	/ˈɹæmˌsiz/	명사	
blindside		/ˈbɫaɪndˌsaɪd/	동사	The economic downturn blindsided many investors
incite	일으키게하다 | 고무하다	/ˌɪnˈsaɪt/	동사	
unjustly		/ənˈdʒəstɫi/	부사	He was unjustly singled out for punishment
awkwardly	섣불리 | 서투르게	/ˈɔkwɝdɫi/	부사	He bent awkwardly
dispensary	양호실	/ˈdɪspɛnˌsɛɹi/	명사	
demonstrator	논증자 | 시위 운동자 | 증명자	/ˈdɛmənˌstɹeɪtɝ/	명사	
bod			명사	
extracurricular	과외의	/ˌɛkstɹəkɝˈɪkjəɫɝ/	형용사	Sports and drama are popular extracurricular activities
cyst	낭종 | 낭포 | 포낭	/ˈsɪst/	명사	
perchance		/pɝˈtʃæns/	부사	To sleep, perchance to dream..
abb			명사	
illustration	도해 | 예증 | 도판	/ˌɪɫəˈstɹeɪʃən/	명사	
dismember	분할하다	/dɪsˈmɛmbɝ/	동사	The tiger dismembered the tourist
laughable		/ˈɫæfəbəɫ/	형용사	A contribution so small as to be laughable
lemur	여우원숭이	/ˈɫimɝ/	명사	
unification	통일 | 단일화 | 통합	/ˌjunəfəˈkeɪʃən/	명사	He looked forward to the unification of his family for the holidays
porterhouse	고급 비프스테이크		명사	
cabana	오두막 집	/kəˈbænə/	명사	
leipzig	라이프치히	/ˈɫaɪpsɪɡ/	명사	
collarbone	쇄골	/ˈkɑɫɝˌboʊn/	명사	
lithuania	리투아니아	/ˌɫɪθəˈweɪniə/	명사	
somerset		/ˈsəmɝˌsɛt/	명사	
dynamo	발전기 | 다이너모 | 정력가	/ˈdaɪnəˌmoʊ/	명사	
sponsorship		/ˈspɑnsɝˌʃɪp/	명사	
familiarity	무간함 | 무엄한 | 임의로움	/fəˌmɪɫˈjɛɹəti/	명사	
hakim	현자 | 재판관	/ɑˈkim/	명사	
boudoir		/ˈbuˌdɔɪɹ/	명사	
housemaid	가정부		명사	
large-scale	대단적 | 대규모의	/ˈɫɑɹdʒˌskeɪɫ/	형용사	Large-scale maps
pom		/ˈpɔm/	명사	
motif	주선율	/moʊˈtif/	명사	
caligula			명사	
pullman	풀면식 차량	/ˈpʊɫmən/	명사	
extremity	비상수단 | 말단 | 변방	/ɛkˈstɹɛməti/	명사	The extremity of despair
deduce	추론하다	/dɪˈdus/	동사	
seaboard		/ˈsiˌbɔɹd/	명사	
self-help		/ˈsɛɫfˈhɛɫp/	명사	
pedicure	페디큐어 | 발 치료	/ˈpɛdɪkjɝ/	명사	
finalize		/ˈfaɪnəˌɫaɪz/	동사	Let's finalize the proposal
overdone	과로한 | 너무 익힌 | 과도하다	/ˈoʊvɝˈdən/	형용사	
assorted		/əˈsɔɹtɪd/	형용사	An arrangement of assorted spring flowers
immaterial	보잘것없는 | 정신상의 | 비물질적인	/ˌɪməˈtɪɹiəɫ/	형용사	Immaterial apparitions
stainless		/ˈsteɪnɫəs/	명사	
disinfectant	소독제	/dɪsɪnˈfɛktənt/	명사	
damning	꼼짝못할 | 지옥에 떨어질 | 파멸적인	/ˈdæmɪŋ/	형용사	
whitehead		/ˈhwaɪtˌhɛd/	명사	
anchorage	정박 | 은둔처 | 투묘	/ˈæŋkɝədʒ/	명사	The plant needs a firm anchorage
kinetic		/kəˈnɛtɪk/	형용사	Modern dance has been called kinetic pantomime
foothold	거점 | 발판	/ˈfʊtˌhoʊɫd/	명사	The only foothold left for British troops in Europe was Gibraltar
chlamydia		/kɫæˈmaɪdiə/	명사	
fifties		/ˈfɪftiz/	명사	
mormons		/ˈmɔɹmənz/	명사	
postage	우편요금	/ˈpoʊstədʒ/	명사	
rothschild		/ˈɹɔθsˌtʃaɪɫd/	명사	
doolittle		/ˈduˌɫɪtəɫ/	명사	
captivated	홀리다	/ˈkæptɪˌveɪtɪd/	형용사	
sadden	우중충하게 하다	/ˈsædən/	동사	The news of her death saddened me
trolling		/ˈtɹoʊɫɪŋ/	명사	
signify	의미하다	/ˈsɪɡnəˌfaɪ/	동사	What does his strange behavior signify?
alienated	서먹하다	/ˈeɪɫiəˌneɪtɪd/	형용사	The boring work alienated his employees
wop		/ˈwɑp/	명사	
debit	차변	/ˈdɛbɪt/	명사	
newsstand		/ˈnuzˌstænd/	명사	
molding	쇠시리 | 주조물	/ˈmoʊɫdɪŋ/	명사	
mays		/ˈmeɪz/	명사	
harlow		/ˈhɑɹɫoʊ/	명사	
monotonous	단조로운	/məˈnɑtənəs/	형용사	The owl's faint monotonous hooting
symposium	학술대회	/sɪmˈpoʊziəm/	명사	
displacement	배수량 | 변위 | 바꿔 놓음	/dɪsˈpɫeɪsmənt/	명사	
blackburn		/ˈbɫækbɝn/	명사	
competence	언어 능력	/ˈkɑmpətɪns/	명사	
zit	농포 | 여드름		명사	
advisable	바람직하다	/ədˈvaɪzəbəɫ/	형용사	Extreme caution is advisable
sienna	시에나색 | 시에나토 | 황갈색	/siˈɛnə/	명사	
scribble		/ˈskɹɪbəɫ/	동사	
skateboarding	스케이트보드 타기	/ˈskeɪtˌbɔɹdɪŋ/	명사	
madder	꼭두서니 | 빨간 인조물감 | 인조 꼭두서니	/ˈmædɝ/	명사	
cinematic	영화적인	/ˌsɪnəˈmætɪk/	형용사	
overpriced		/ˈoʊvɝˌpɹaɪst/	형용사	Overpriced items at resort shops
parishioner	교구민	/pɝˈɪʃənɝ/	명사	
self-destructive			형용사	
tapioca	타피오카		명사	
homely	가정의 | 가정적인 | 얼굴이 못생긴	/ˈhoʊmɫi/	형용사	Plain homely furniture
ec			명사	
well-dressed			형용사	
crapper			명사	
repellent	반발력 | 방충제 | 퉁기는	/ɹɪˈpɛɫənt/	명사	A water-repellent fabric
paraguay	파라과이 | 파라과이 사람	/ˈpɛɹəˌɡweɪ/	명사	
flabby	기력없는 | 흐늘흐늘하는	/ˈfɫæbi/	형용사	Flabby around the middle
defiled			형용사	The townspeople defiled the river by emptying raw sewage into it
dolce		/ˈdoʊɫˌtʃeɪ/	부사	
choosy		/ˈtʃuzi/	형용사	
motorcade	자동차 행렬	/ˈmoʊtɝˌkeɪd/	명사	
sleek	함함한 | 야드르르하고 부드러운 | 매끈하다	/ˈsɫik/	형용사	Sleek black fur
vividly	선명하게 | 발랄하게	/ˈvɪvədɫi/	부사	He described his adventures vividly
koch		/ˈkoʊk/	명사	
classification	종별 | 등급별 | 분류	/ˌkɫæsəfəˈkeɪʃən/	명사	
esquire	귀하	/ˈɛsˌkwaɪɹ/	명사	
nitrous		/ˈnɪtɹəs/	형용사	
cascade	인공폭포 | 작은 폭포 | 직렬	/kæˈskeɪd/	명사	A sudden cascade of sparks
mew	고양이가	/ˈmju/	동사	
regrettably	통탄할	/ɹɪˈɡɹɛtəbɫi/	부사	
unsuitable	부적절 | 어울리지 않은	/ənˈsutəbəɫ/	형용사	The movie is unsuitable for children
winger	윙 선수	/ˈwɪŋɝ/	명사	
injun			명사	
dented		/ˈdɛntɪd/	형용사	The bicycle dented my car
remodel	형을 고치다	/ɹiˈmɑdəɫ/	동사	We are remodeling these rooms
heroics		/hɪˈɹoʊɪks/	명사	Heroics are for those epic films they make in Hollywood
evaporate	증발하다 | 증발시키다	/ɪˈvæpɝˌeɪt/	동사	The chemist evaporated the water
economically		/ˌɛkəˈnɑmɪkɫi/	부사	Economically the country is worse off
dunkirk	됫케르크	/ˈdənkɝk/	명사	The Russians had to pull off a Dunkirk to get out of there
fib	거짓말을 하다	/ˈfɪb/	명사	He told a fib about eating his spinach
hoarse	쉰목소리의 | 목쉰	/ˈhɔɹs/	형용사	
recognizable	알아볼수 있는	/ˌɹɛkəɡˈnaɪzəbəɫ/	형용사	This situation produces recognizable stress symptoms
oldie		/ˈoʊɫdi/	명사	
seawater		/ˈsiˌwɑtɝ/	명사	
dweller	거주자	/ˈdwɛɫɝ/	명사	
pelham		/ˈpɛɫəm/	명사	
everglades		/ˈɛvɝˌɡɫeɪdz/	명사	
crowding		/ˈkɹaʊdɪŋ/	명사	He didn't like the crowding on the beach
wetting	습윤	/ˈhwɛtɪŋ/	명사	
fizz	부글부글하다	/ˈfɪz/	명사	
roomie			명사	
myriad	만의	/ˈmɪɹiəd/	형용사	He faced a myriad of details
confounded	경칠놈의 | 당황한	/kənˈfaʊndɪd/	형용사	A cloudy and confounded philosopher
subconsciously		/səbˈkɑnʃəsɫi/	부사	The image came to him subconsciously
catchphrase	캐치프레이즈 | 유행어 | 표어		명사	
agility	명민함 | 민첩	/əˈdʒɪɫəti/	명사	
panzer	장갑의	/ˈpænzɝ/	명사	
ir			명사	
supple	유연하다	/ˈsəpəɫ/	형용사	These boots are not yet suppled by frequent use
winery	포도주 양조장	/ˈwaɪnɝi/	명사	
inflate	팽창하다 | 부풀게하다 | 우쭐거리다	/ɪnˈfɫeɪt/	동사	Inflate a balloons
pane	창유리	/ˈpeɪn/	명사	
flamenco	플라멩코그 기악곡	/fɫəˈmɛŋˌkoʊ/	명사	
trachea	기관	/ˈtɹeɪkiə/	명사	
mph		/ˈɛmˈpiˈeɪtʃ/	명사	
domesticated		/dəˈmɛstəˌkeɪtəd/	형용사	Domesticated plants like maize
molded		/ˈmoʊɫdəd/	형용사	The molded steel plates
hardball	경식야구	/ˈhɑɹdˌbɔɫ/	명사	They play hardball in the Senate
consenting		/kənˈsɛnɪŋ/	형용사	Consenting adults
repugnant	증오하는 | 아주 싫은 | 반감을 가진	/ɹiˈpəɡnənt/	형용사	Morally repugnant customs
oates		/ˈoʊts/	명사	
corrupting		/kɝˈəptɪŋ/	형용사	Socrates was accused of corrupting young men
gunnery	포술	/ˈɡənɝi/	명사	
devotee	신도 | 열성가 | 귀의자	/ˌdɛvəˈti/	명사	
ail	괴로와하다	/ˈeɪɫ/	동사	
ester	에스테르	/ˈɛstɝ/	명사	
entrails	내장	/ˈɛntɹəɫz/	명사	
keepsake	유품	/ˈkipˌseɪk/	명사	
dahl		/ˈdɑɫ/	명사	
versed		/ˈvɝst/	명사	She versed herself in Roman archeology
foundry	주조공 | 주조소 | 주조법	/ˈfaʊndɹi/	명사	
wordy	장황한 | 말이 많은	/ˈwɝdi/	형용사	Proceedings were delayed by wordy disputes
formaldehyde	포름알데히드	/fɝˈmæɫdəˌhaɪd/	명사	
prepaid		/pɹiˈpeɪd/	형용사	
chit-chat			명사	
reassurance	재보증 | 재보험 | 안도	/ˌɹiəˈʃʊɹəns/	명사	
liquidate	일소하다 | 청산하다 | 전멸시키다	/ˈɫɪkwɪˌdeɪt/	동사	Liquidate a company
cheaply	싸게 | 천하게	/ˈtʃipɫi/	부사	I bought this car very cheaply
kilt	킬트 | 접어 올리다	/ˈkɪɫt/	명사	
judea	유대	/dʒuˈdiə/	명사	
bigot		/ˈbɪɡət/	명사	
autonomous	독립된 | 자치적인	/ɔˈtɑnəməs/	형용사	An autonomous judiciary
unbroken	꺽이지 않은 | 중단되지 않은 | 미개간의	/ənˈbɹoʊkən/	형용사	Unbroken promises
awry	뒤틀리어 | 일러진 | 잘못되어	/ɝˈaɪ/	형용사	With his necktie twisted awry
alternating		/ˈɔɫtɝˌneɪtɪŋ/	형용사	Alternating current
ontario		/ɑnˈtɛɹioʊ/	명사	
detach	분견하다	/ˈdɪˌtætʃ/	동사	Detach a regiment
coax	감언으로 얻어내다	/ˈkoʊks/	동사	
lorenz		/ɫɝˈɛnts/	명사	
cr			명사	
tilted		/ˈtɪɫtɪd/	형용사	The headstones were tilted
morph		/ˈmɔɹf/	동사	The computer programmer morphed the image
bedbug	빈대	/ˈbɛdbəɡ/	명사	
zillion		/ˈzɪɫjən/	명사	A zillion people were there
self-preservation	보신		명사	
goya		/ˈɡɔɪə/	명사	
lashing	밧줄 | 채찍질	/ˈɫæʃɪŋ/	명사	Looked at the lashing riders
veiled	가면을 쓴 | 숨겨진	/ˈveɪɫd/	형용사	A veiled threat
freshness	신선미 | 선명 | 새로움	/ˈfɹɛʃnəs/	명사	The freshness of the air revived him
commissary	병참부 | 경찰국장 | 주교대리	/ˈkɑməˌsɛɹi/	명사	
sorrowful	슬프다 | 가슴아픈 | 슬픈	/ˈsɑɹoʊfəɫ/	형용사	Sorrowful widows
drab	담갈색 | 담갈색의 | 허튼계집	/ˈdɹæb/	형용사	Drab faded curtains
accommodating	잘 돌봐주는	/əˈkɑməˌdeɪtɪŋ/	형용사	Made a special effort to be accommodating
tweezer		/ˈtwizɝ/	명사	
sternum	흉골		명사	
debacle	괴멸	/dəˈbɑkəɫ/	명사	
ariadne	왕의딸	/ˌɛɹiˈædni/	명사	
fastball		/ˈfæstˌbɔɫ/	명사	He swung late on the fastball
sown		/ˈsoʊn/	형용사	
impractical	비실용적인 | 비현실적인	/ˌɪmˈpɹæktəkəɫ/	형용사	An impractical solution
morsel	한입	/ˈmɔɹsəɫ/	명사	A morsel of paper was all he needed
nymph		/ˈnɪmf/	명사	The ancient Greeks believed that nymphs inhabited forests and bodies of water
god-fearing			형용사	A god-fearing and law-abiding people
subatomic		/ˌsəbəˈtɑmɪk/	형용사	Subatomic particles
exonerated		/ɪɡˈzɑnɝˌeɪtɪd/	형용사	
nawab			명사	
letterman		/ˈɫɛtɝmən/	명사	
sima	시마	/ˈsimə/	명사	
musically		/ˈmjuzɪkɫi/	부사	She sang very musically
ethiopian	에티오피아의 | 에티오피아 사람 | 에티오피아 사람의	/ˌiθiˈoʊpiən/	명사	Ethiopian immigrants
self-sufficient		/ˌsɛɫfsəˈfɪʃənt/	형용사	
monterey		/ˌmɑnɝˈeɪ/	명사	
disillusioned		/ˌdɪsɪˈɫuʒənd/	형용사	
enticing	유인 | 유혹적인	/ɛnˈtaɪsɪŋ/	형용사	Difficult to say no to an enticing advertisement
gloating		/ˈɡɫoʊtɪŋ/	명사	
gust	일진의 바람	/ˈɡəst/	명사	The tree was bent almost double by the gust
lubricant	윤활액 | 윤활제 | 매끄럽게 하는	/ˈɫubɹəkənt/	명사	
hymie		/ˈhaɪmi/	명사	
pivot	사북 | 선회축 | 축상회전하다	/ˈpɪvət/	명사	The golfer went to the driving range to practice his pivot
martyrdom	순교 | 순사 | 고뇌	/ˈmɑɹtɝdəm/	명사	
bequeath	유증하다	/bɪˈkwiθ/	동사	My aunt bequeathed me all her jewelry
irritation	짜증나는것 | 성화 | 짜증나게 함	/ˌɪɹɪˈteɪʃən/	명사	Any food produced irritation of the stomach
som		/ˈsɑm/	명사	
incantation	주문 | 요술	/ˌɪnˈkænˈteɪʃən/	명사	
alphabetical		/ˌæɫfəˈbɛtɪkəɫ/	형용사	Alphabetical writing system
bavarian		/bəˈvɛɹiən/	명사	
ascending	상승적인	/əˈsɛndɪŋ/	형용사	The ascending plane
habitable	살기에 알맞은	/ˈhæbətəbəɫ/	형용사	The habitable world
blackened		/ˈbɫækənd/	형용사	Blackened rafters
tome	큰책	/ˈtoʊm/	명사	
uruguay		/ˈjɝəˌɡwaɪ/	명사	
leniency		/ˈɫinjənsi/	명사	
crepe	크레이프 | 크레프 | 크레이프고무	/ˈkɹeɪp/	명사	
rendition		/ɹɛnˈdɪʃən/	명사	They heard a live rendition of three pieces by Schubert
archimedes	아르키메데스	/ˌɑɹkəˈmidiz/	명사	
fingered	손가락이인 | 손때가 묻은	/ˈfɪŋɡɝd/	형용사	The customer fingered the sweater
coffer	소란 반자 | 귀중품 상자 | 금고에 얹다	/ˈkɔfɝ/	명사	
offset	차감계산 | 벌충 | 이격	/ˈɔfˌsɛt/	동사	Offset deposits and withdrawals
slugger	강타자	/ˈsɫəɡɝ/	명사	
gpa			명사	
viscount	자작	/ˈvɪskaʊnt/	명사	
forty-eight			형용사	
unanimously		/juˈnænəməsɫi/	부사	We voted unanimously
gentleness	안은 | 정다움 | 과격하지 않음	/ˈdʒɛnəɫnəs/	명사	His fingers have learned gentleness
drizzle	이슬비	/ˈdɹɪzəɫ/	명사	Drizzle the meat with melted butter
pontiac	폰티액	/ˈpɑniˌæk/	명사	
runner-up	입상자 | 차점자 | 입선자	/ˈɹənɝˌəp/	명사	
impacted	꽉 채워진 | 매복해 있는	/ˈɪmˌpæktɪd/	형용사	An impacted tooth
meager		/ˈmiɡɝ/	형용사	Meager resources
insurrection	반란 | 폭동 | 봉기	/ˌɪnsɝˈɛkʃən/	명사	
gargoyle	낙수홈 | 홈통주둥이	/ˈɡɑɹˌɡɔɪɫ/	명사	
seclusion	격리 | 은퇴	/sɪˈkɫuʒən/	명사	
cyclist		/ˈsaɪkəɫɪst/	명사	
incarnate	화신이 되다 | 구체화하다 | 구현시키다	/ˌɪnˈkɑɹˌneɪt/	동사	An incarnate spirit
besieged		/bɪˈsidʒd/	형용사	The besieged town
wicket	개찰구 | 삼주문 | 위켓	/ˈhwɪkət/	명사	
incinerator	소각로 | 화장로	/ˌɪnˈsɪnɝˌeɪtɝ/	명사	
epitome	대요 | 대표적인 것	/ɪˈpɪtəmi/	명사	
cutthroat	살인의 | 서양면도칼 | 셋이 하는	/ˈkətˌθɹoʊt/	명사	Cutthroat competition
esp	초감각적감지		명사	
moonlit	달빛 어린 | 달빛에 비친	/ˈmunˌɫɪt/	형용사	The moonlit landscape
impudence	몰염치 | 건방짐		명사	
precedence	상석 | 상위	/ˈpɹɛsədəns/	명사	...its precedence as the world's leading manufacturer of pharmaceuticals
heaving	올림 | 끌어올림 | 들어올림	/ˈhivɪŋ/	명사	He was not good at heaving passes
cadence	소리 | 억양 | 운율	/ˈkeɪdəns/	명사	
ied			명사	
estrogen	발정호르몬	/ˈɛstɹədʒən/	명사	
guilder		/ˈɡɪɫdɝ/	명사	
vermouth		/vɝˈmuθ/	명사	
dissolving	용해	/dɪˈzɔɫvɪŋ/	명사	The dissolving of salt in water
presumption	가망 | 추정 | 뻔뻔스러움	/pɹiˈzəmpʃən/	명사	His presumption was intolerable
goosebump			명사	
inhalation	흡입 | 흡입제	/ˌɪnhəˈɫeɪʃən/	명사	
gnaw	애먹이다	/ˈnɔ/	동사	Gnaw an old cracker
economist	경제학자	/iˈkɑnəmɪst/	명사	
ohm	옴	/ˈoʊm/	명사	
arduous	험악하다	/ˈɑɹdʒuəs/	형용사	The arduous work of preparing a dictionary
consortium	배우자권 | 차관단 | 협회	/kənˈsɔɹʃiəm/	명사	
starred		/ˈstɑɹd/	형용사	The starred items
althea		/æɫˈθiə/	명사	
dandelion	민들레	/ˈdændəˌɫaɪən/	명사	
goalkeeper	골잡이	/ˈɡoʊɫˌkipɝ/	명사	
validity	수출인증액	/vəˈɫɪdəti/	명사	
realist	실재론자 | 사실주의자 | 실념론자	/ˈɹiəɫɪst/	명사	
iga			명사	
masculinity		/ˌmæskjəˈɫɪnəti/	명사	
quiver	화살통 | 떨게 하다 | 떨다	/ˈkwɪvɝ/	동사	
envisioned		/ɛnˈvɪʒənd/	형용사	The glory of his envisioned future
acrobat	곡예사	/ˈækɹəˌbæt/	명사	
peripheral	주변적인 | 말초적 | 주변 장치의	/pɝˈɪfɝəɫ/	형용사	Peripheral issues
dabble	물을 튀기다	/ˈdæbəɫ/	동사	She dabbles in astronomy
sweatpants		/ˈswɛtˌpænts/	명사	
twine	감기 | 꼬다 | 감김	/ˈtwaɪn/	동사	Twine the threads into a rope
misinform	오보하다	/mɪˌsɪnˈfɔɹm/	동사	
flemish	플라드르의 | 플랑드르인	/ˈfɫɛmɪʃ/	명사	Flemish painters
allure	유치하다 | 꾀다 | 부추기다	/əˈɫʊɹ/	명사	
impediment	신체장애 | 말더듬이 | 언어 장애	/ˌɪmˈpɛdəmənt/	명사	
malory			명사	
hone	면도날 숫돌 | 숫돌로 갈다	/ˈhoʊn/	동사	
psychoanalysis	정신 분석	/ˌsaɪkoʊəˈnæɫəsəs/	명사	His physician recommended psychoanalysis
reminisce	추억하다 | 추억에 잠기다	/ˌɹɛməˈnɪs/	동사	
cajun		/ˈkeɪdʒən/	명사	
merlot		/ˈmɝɫət/	명사	
televise	텔레비전으로 보내다	/ˈtɛɫəˌvaɪz/	동사	The Royal wedding was televised
milano		/miˈɫɑnoʊ/	명사	
best-selling			형용사	A best-selling novel
scorch	초토화하다 | 질주하다 | 눌음	/ˈskɔɹtʃ/	동사	The invaders scorched the land
on-site			형용사	On-site inspection
pinhead	핀 대가리		명사	
hoard	사모으다 | 저장하다 | 매점하다	/ˈhɔɹd/	동사	
squandered		/ˈskwɑndɝd/	형용사	Squandered money cannot be replaced
seward		/ˈsuɝd/	명사	
telemetry		/təˈɫɛmətɹi/	명사	
primordial	원시의	/pɹaɪˈmɔɹdiəɫ/	형용사	Primordial matter
botany	식물학	/ˈbɑtəni/	명사	The botany of China
strategist	전략가 | 모사 | 책사	/ˈstɹætɪdʒɪst/	명사	
fluctuation	파동 | 흥망 | 동요	/ˌfɫəktʃuˈeɪʃən/	명사	The fluctuations of the sea
prat			명사	
apprehensive		/ˌæpɹiˈhɛnsɪv/	형용사	Apprehensive of danger
highlander		/ˈhaɪˌɫændɝ/	명사	
camaraderie	동료의식 | 우애	/ˌkɑmɝˈɑdɝi/	명사	
precipice	절벽 | 벼랑	/ˈpɹɛsəpəs/	명사	
caliph	칼리프	/ˈkæɫəf/	명사	
sodding			형용사	What a sodding mess
misuse	유용 | 오용하다 | 학대하다	/mɪsˈjus/	동사	The director of the factory misused the funds intended for the health care of his workers
inherently		/ɪnˈhɛɹəntɫi/	부사	
inexpensive	헐한 | 비싸지 않은	/ˌɪnɪkˈspɛnsɪv/	형용사	Inexpensive family restaurants
cushy		/ˈkʊʃi/	형용사	What a cushy job!
prozac		/ˈpɹoʊˌzæk/	명사	
vandal		/ˈvændəɫ/	명사	
collectively	집단적	/kəˈɫɛktɪvɫi/	부사	
frolic	들떠떠듦 | 장난치며 놀다 | 까붊	/ˈfɹɑɫɪk/	명사	Their frolic in the surf threatened to become ugly
disorganized	해소하다 | 어지럽다	/dɪˈsɔɹɡəˌnaɪzd/	형용사	A disorganized enterprise
dispenser	조제사 | 시여하는 사람 | 분배자	/dɪˈspɛnsɝ/	명사	
fillet	등심살 | 리본 | 저민고기	/fəˈɫeɪ/	명사	
redecorate	다시 장식하다 | 개장하다	/ɹiˈdɛkɝˌeɪt/	동사	
optimal	최상의	/ˈɑptəməɫ/	형용사	Optimal concentration of a drug
lasso	올가미 | 던지는 올가미	/ˈɫæsoʊ/	명사	
recourse	상환 청구	/ˈɹikɔɹs/	명사	Have recourse to the courts
mediator	조정자	/ˈmidiˌeɪtɝ/	명사	
tunic	종피 | 윗옷의 일종	/ˈtunɪk/	명사	
memorabilia	기록	/ˌmɛmɝəˈbiɫjə/	명사	
sodomy	남색 | 비역 | 수간	/ˈsɑdəmi/	명사	
photogenic	촬영에 알맞은	/ˌfoʊtəˈdʒɛnɪk/	형용사	
referral	보내기	/ɹɪˈfɝəɫ/	명사	The patient is a referral from Dr. Bones
invulnerable	죽지 않는 | 이겨낼수 없는	/ˌɪnˈvəɫnɝəbəɫ/	형용사	Gunners raked the beach from invulnerable positions on the cliffs
closeness	답답함 | 올의 배기 | 올이 고움	/ˈkɫoʊsnɪs/	명사	Their closeness grew as the night wore on
bleu		/ˈbɫu/	명사	
unwittingly		/ənˈwɪtɪŋɫi/	부사	He unwittingly deleted the references
twentieth	스무번째	/ˈtwɛniəθ/	형용사	
go-ahead	야심		명사	
turn-on			명사	
sanctum	서재 | 성소	/ˈsæŋktəm/	명사	He withdrew to his sanctum sanctorum, where the children could never go
mouthwash	양치질 약	/ˈmaʊθˌwɑʃ/	명사	
copilot	부조종사	/ˈkoʊpaɪɫət/	명사	
picker		/ˈpɪkɝ/	명사	
xian		/ˈzjɑn/	명사	
whirlpool	와중 | 소용돌이	/ˈhwɝɫˌpuɫ/	명사	
bombard	포격하다	/bɑmˈbɑɹd/	동사	The governor was bombarded with requests to grant a pardon to the convicted killer
stillness	정지하다 | 고요 | 평온	/ˈstɪɫnəs/	명사	
perfectionist	완전론자	/pɝˈfɛkʃənəst/	명사	
thwarted		/ˈθwɔɹtɪd/	형용사	His best efforts were thwarted
blight	병균 | 암영 | 말라죽는 병	/ˈbɫaɪt/	명사	Too much rain may blight the garden with mold
pitchfork	쇠스랑	/ˈpɪtʃˌfɔɹk/	명사	
glutton	악착꾸러기 | 끈덕진 사람 | 족제비과의 동물		명사	
trimming	균형 잡기 | 도련	/ˈtɹɪmɪŋ/	명사	The trimming on a hat
columnist	특약기고가	/ˈkɑɫəmnəst/	명사	
priory	소수도원	/ˈpɹaɪɝi/	명사	
overdrive	혹사하다 | 오버드라이브 | 증속 구동	/ˈoʊvɝˌdɹaɪv/	동사	Melissa's brain was in overdrive
innuendo	풍자 | 빈정거리다 | 빈정대는말	/ˌɪnjuˈɛndoʊ/	명사	
retina	망막	/ˈɹɛtənə/	명사	
molotov		/ˈmɔɫəˌtɑf/	명사	
wheeled		/ˈhwiɫd/	형용사	They wheeled their horses around and left
tireless	타이어가 없는 | 정력적인	/ˈtaɪɝɫəs/	형용사	A tireless worker
feminism	여성 신장론 | 남녀 동권주의	/ˈfɛmɪˌnɪzəm/	명사	
tandem	세로 늘어서서 | 세로 늘어세운	/ˈtændəm/	명사	Riding horses down the path in tandem
angst		/ˈɑŋkst/	명사	
suntan		/ˈsənˌtæn/	명사	
attest	맹세시키다 | 증언하다 | 선서시키다	/əˈtɛst/	동사	I attest this signature
sluice	봇물 | 분류	/ˈsɫus/	동사	Sluice the earth
barrymore		/ˈbæɹiˌmɔɹ/	명사	
unresponsive	반응이 늦은 | 동정심이 없는	/ˌənɹiˈspɑnsɪv/	형용사	Was unresponsive to her passionate advances
inhumane		/ˌɪnhjuˈmeɪn/	형용사	Biological weapons are considered too inhumane to be used
teleportation			명사	
geographical	지라적인 | 지리학의	/ˌdʒiəˈɡɹæfɪkəɫ/	형용사	
three-year-old			형용사	
schoolyard	교정	/ˈskuɫˌjɑɹd/	명사	
gaff	갈고리대 | 개프	/ˈɡæf/	명사	
misinterpret	그릇 해석하다	/mɪsɪnˈtɝpɹət/	동사	Don't misinterpret my comments as criticism
siam	샴	/ˈsaɪæm/	명사	Thailand is the official name of the former Siam
sutherland		/ˈsəðɝɫənd/	명사	
hemorrhoid		/ˈhɛmɝˌɔɪd/	명사	
comer	온사람 | 올사람	/ˈkəmɝ/	명사	
infamy	오명 | 불명예 | 추행	/ˈɪnfəmi/	명사	A date which will live in infamy
infuriating		/ˌɪnˈfjʊɹiˌeɪtɪŋ/	형용사	Her infuriating indifference
swelled		/ˈswɛɫd/	형용사	Had a swelled head
rejoicing	기뻐하여 | 축하하여 | 환호	/ɹɪˈdʒɔɪsɪŋ/	명사	Rejoicing crowds filled the streets on VJ Day
groomed		/ˈɡɹumd/	형용사	He is always well-groomed
res		/ˈɹeɪz/	명사	
uzi		/ˈuzi/	명사	The Uzi is used throughout the world as a police and special forces firearm
suspender	양말 대님	/səˈspɛndɝ/	명사	
counterpart	상대 | 대 | 계인	/ˈkaʊntɝˌpɑɹt/	명사	
boozing		/ˈbuzɪŋ/	명사	
zu			명사	
tiptoe	살그머니	/ˈtɪpˌtoʊ/	동사	Standing tiptoe
solvent	용제 | 용매 | 약화시키는 것	/ˈsɑɫvənt/	명사	The solvent does not change its state in forming a solution
soapy	비누의 | 비누 투성이의	/ˈsoʊpi/	형용사	Soapy compliments
gutsy		/ˈɡətˈsi/	형용사	A gutsy red wine
nordic	북유럽인 | 스칸디나비아 사람	/ˈnɔɹdɪk/	형용사	Nordic languages have a gender system
instinctive	본능적	/ˌɪnˈstɪŋktɪv/	형용사	Offering to help was as instinctive as breathing
dishonesty		/dɪˈsɑnəsti/	명사	
kipling	키플링	/ˈkɪpɫɪŋ/	명사	
misconception	오인 | 망성	/mɪskənˈsɛpʃən/	명사	
corday		/ˈkɔɹˌdeɪ/	명사	
croatian	크로아티아의 | 크로아티아 말 | 크로아티아 사람	/kɹoʊˈeɪʃən/	명사	Croatian villages
accountability		/əˈkaʊnəbɪɫɪti/	명사	
sleepyhead	잠꾸러기		명사	
spoonful	술 | 한 술	/ˈspunˌfʊɫ/	명사	
saree			명사	
impersonal	비개인적인 | 비인칭동사 | 객관적인	/ˌɪmˈpɝsənəɫ/	형용사	An impersonal remark
haji			명사	
figuratively	비유적 | 상징적으로	/fɪɡˈjʊɹətɪvɫi/	부사	Figuratively speaking,...
biceps	이두근	/ˈbaɪˌsɛps/	명사	
trickle	뚝뚝 떨어짐 | 똑똑 떨어지다 | 조금씩 누설되다	/ˈtɹɪkəɫ/	동사	Water trickled onto the lawn from the broken hose
belittle	작게하다 | 작아 보이게하다 | 얕보다	/bɪˈɫɪtəɫ/	동사	Don't belittle his influence
chromosome	염색체	/ˈkɹoʊməˌsoʊm/	명사	Humans have 22 chromosome pairs plus two sex chromosomes
classify	기밀 취급하다 | 등급으로 나누다 | 분류하다	/ˈkɫæsəˌfaɪ/	동사	Classify these documents
cog	장부 | 장부로 잇다	/ˈkɔɡ/	명사	He was a small cog in a large machine
ambrosia		/æmˈbɹoʊʒə/	명사	
sieve	체 | 거르다	/ˈsɪv/	동사	
leda	레다	/ˈɫidə/	명사	
horne		/ˈhɔɹn/	명사	
oedipus		/ˈɛdɪpəs/	명사	
smithy	대장간		명사	
tibia	경골 | 플루트	/ˈtɪbiə/	명사	
hoyle		/ˈhɔɪɫ/	명사	
wooing	구애	/ˈwuɪŋ/	명사	China is wooing Russia
stone-cold			형용사	By the time he got back to his coffee it was stone-cold
rockers		/ˈɹɑkɝz/	명사	
candlestick		/ˈkændəɫˌstɪk/	명사	
lodger	세든 사람 | 숙박인		명사	
unrequited		/ˌənɹiˈkwaɪtɪd/	형용사	Unrequited (unanswered) love
flogging	태형 | 매질 | 물매	/ˈfɫɑɡɪŋ/	명사	
zimmer		/ˈzɪmɝ/	명사	
capricious	분침 | 변덕스러운 | 요사스럽다	/kəˈpɹɪʃəs/	형용사	A capricious refusal
earpiece		/ˈiɹpis/	명사	
impale	꿰뚫다	/ˌɪmˈpeɪɫ/	동사	Impale a shrimp on a skewer
largo	완서곡 | 매우 느린	/ˈɫɑɹɡoʊ/	명사	
bankroll	자금 | 돈다발 | 자본	/ˈbæŋˌkɹoʊɫ/	명사	Who will bankroll the restoration of the former East German economy?
beowulf	베어울프	/ˈbeɪəˌwʊɫf/	명사	
nissan		/ˈnisɑn/	명사	
nothings		/ˈnəθɪŋz/	명사	They traded a few nothings as they parted
glade	습지	/ˈɡɫeɪd/	명사	
biryani			명사	
patrolman	순시인 | 순찰 경관	/pəˈtɹoʊɫˌmæn/	명사	
newsroom	편집실 | 뉴스 편집실 | 신문잡지 판매장	/ˈnuzˌɹum/	명사	Every newspaper editor is criticized by the newsroom
chemically		/ˈkɛməkɫi/	부사	Chemically related
nara		/ˈnɑɹə/	명사	
fanatical	열광적 | 열성적	/fəˈnætɪkəɫ/	형용사	
judiciary	사법부 | 재판관	/dʒuˈdɪʃiˌɛɹi/	명사	
imago	면모 | 성충		명사	
masa		/ˈmɑsɑ/	명사	
pulsate	고동하다 | 오싹오싹하다 | 진동하다		동사	The city pulsated with music and excitement
richness	귀중 | 윤택 | 맛좋고 실속있음	/ˈɹɪtʃnəs/	명사	The idiomatic richness of English
sideburn			명사	
guerilla	게릴라병	/ɡɝˈɪɫə/	명사	
noggin	노긴소량머리 | 작은 맥주잔		명사	
smut	깜부기병에 걸리다 | 검댕 | 그을음	/ˈsmət/	명사	This line in the play smuts the entire act
illuminating	조명하는	/ˌɪˈɫuməˌneɪtɪŋ/	형용사	An illuminating lecture
dulcinea		/ˌdəɫsɪˈniə/	명사	
vagrant	노숙자 | 부랑자 | 방랑성의	/ˈveɪɡɹənt/	명사	Vagrant hippies of the sixties
grouchy		/ˈɡɹaʊtʃi/	형용사	
conn		/ˈkɑn/	동사	
maimed		/ˈmeɪmd/	명사	People were maimed by the explosion
incur	사다 | 입다	/ˌɪnˈkɝ/	동사	People who smoke incur a great danger to their health
rotterdam	로테르담	/ˈɹɑtɝˌdæm/	명사	
invariably	변화없이	/ˌɪnˈvɛɹiəbɫi/	부사	
laos		/ˈɫaʊs/	명사	
pomegranate	석류	/ˌpɑməˈɡɹænət/	명사	
flourishing	무성하는 | 융성하는 | 번영	/ˈfɫɝɪʃɪŋ/	형용사	Flourishing businesses
idiocy	백치짓	/ˈɪdiəsi/	명사	
quince	마르멜로	/ˈkwɪns/	명사	
compatriot	동포	/kəmˈpeɪtɹiət/	명사	
surrey		/ˈsɝi/	명사	
galore		/ɡəˈɫɔɹ/	형용사	Daffodils galore
maltese	몰타말 | 몰타의 | 몰타 사람	/mɔɫˈtiz/	명사	Maltese customs officers
unguarded		/ənˈɡɑɹdɪd/	형용사	An unguarded gate
superfluous	여분의	/ˈsupɝfɫˌwəs/	형용사	Delete superfluous (or unnecessary) words
impoverished	메마른	/ˌɪmˈpɑvɹɪʃt/	형용사	
inter	매장하다	/ˌɪnˈtɝ/	동사	
appraisal	감정 | 평가	/əˈpɹeɪzəɫ/	명사	
attica		/ˈætɪkə/	명사	
drunkenness	술취함	/ˈdɹəŋkənnəs/	명사	
enigmatic	알기 어려운	/ˌɛnɪɡˈmætɪk/	형용사	An enigmatic smile
toulouse		/tuˈɫuz/	명사	
estimation	추계 | 개산 | 존중	/ˌɛstəˈmeɪʃən/	명사	In my estimation the boy is innocent
eon		/ˈiɑn/	명사	Oh, that happened eons ago
depravity	타락	/dɪˈpɹævəti/	명사	Its brothels, its opium parlors, its depravity
withers		/ˈwɪðɝz/	명사	
adept	숙련자	/əˈdɛpt/	형용사	An adept juggler
drafting	기안 | 제도 | 선발	/ˈdɹæftɪŋ/	명사	
equinox	주야평분시	/ˈikwəˌnɑks/	명사	
schoolmaster	도미의 일종	/ˈskuɫˌmæstɝ/	명사	
maul	치다 | 쳐서 부수다 | 큰 나무망치	/ˈmɔɫ/	동사	
satire	빗대다 | 비꼬다 | 풍자	/ˈsæˌtaɪɝ/	명사	Satire is a sort of glass, wherein beholders do generally discover everybody's face but their own
bountiful	풍부한	/ˈbaʊnɪfəɫ/	형용사	The bountiful earth
splendidly		/ˈspɫɛndədɫi/	부사	He did splendidly in the exam
undue	과하다	/ənˈdu/	형용사	Undue influence
rhyming	운이 맞는	/ˈɹaɪmɪŋ/	형용사	
unmistakable		/ˌənmɪˈsteɪkəbəɫ/	형용사	His opposition to slavery was unmistakable
fresco	프레스코화	/ˈfɹɛskoʊ/	명사	
strudel			명사	
estonia	에스토니아	/ɛˈstoʊniə/	명사	
stewed		/ˈstud/	형용사	
absinthe	압생트	/ˈæbsɪnθ/	명사	
psychopathic		/ˌsaɪkəˈpæθɪk/	형용사	
discrepancy	어긋남 | 모순	/dɪsˈkɹɛpənsi/	명사	
half-sister			명사	
gendarme	헌병	/ˈʒɑnˌdɑɹm/	명사	
unpleasantness	몰취미 | 사건다툼 | 살풍경	/ənˈpɫɛzəntnəs/	명사	The recent unpleasantness of the weather
summarize		/ˈsəmɝˌaɪz/	동사	I will now summarize
query	질문 | 질문부호	/ˈkwiɹi/	동사	
undesirable		/ˌəndɪˈzaɪɹəbəɫ/	형용사	Undesirable impurities in steel
originality	독창성 | 신기 | 창의	/ɝˌɪdʒəˈnæɫɪti/	명사	
lobotomy	뇌엽 절재	/ˈɫoʊˌboʊˌtoʊmi/	명사	
gritty		/ˈɡɹɪti/	형용사	
makeshift	임시로	/ˈmeɪkˌʃɪft/	형용사	The rock served as a makeshift hammer
riveting		/ˈɹɪvətɪŋ/	형용사	
indignation	의분 | 분개	/ˌɪndɪɡˈneɪʃən/	명사	
clergyman	성직자	/ˈkɫɝdʒiˌmæn/	명사	
irregularity	비행 | 불규칙적인일반칙 | 불규칙	/ˌɪˌɹɛɡjəˈɫɛɹəti/	명사	
bandaged		/ˈbændədʒd/	형용사	The nurse bandaged a sprained ankle
pollack	대구 무리	/ˈpɑɫək/	명사	
culmination	남중 | 전성 | 극치	/ˌkəɫməˈneɪʃən/	명사	Their achievements stand as a culmination of centuries of development
bullpen	불독의 새끼	/ˈbʊɫˌpɛn/	명사	
plaything		/ˈpɫeɪˌθɪŋ/	명사	
ashram	하패의 집 | 은둔자의 암자	/ˈæʃɹɑm/	명사	
floozy	매춘부		명사	
low-key			형용사	A little masterpiece of low-keyed eloquence
hell-bent			형용사	Hell-bent on winning
rockies		/ˈɹɑkiz/	명사	
inefficient	비능률적인 | 낭비가 많은 | 무능한	/ˌɪnɪˈfɪʃənt/	형용사	Inefficient workers
sheath	엽초 | 시초 | 씌우개	/ˈʃiθ/	명사	
splattered		/ˈspɫætɝd/	형용사	Kitchen walls splattered with grease
wristwatch	팔목시계	/ˈɹɪstˌwɑtʃ/	명사	
reformation	종교개혁 | 교정 | 개심	/ˌɹɛfɝˈmeɪʃən/	명사	
durable	오래견디는 | 지속하는	/ˈdʊɹəbəɫ/	형용사	Durable denim jeans
spatula	암설자 | 주걱 | 주걱 모양의	/ˈspæˌtʃʊɫə/	명사	
rallying		/ˈɹæɫiɪŋ/	명사	He feared the rallying of their troops for a counterattack
oncologist		/ɑŋˈkɑɫədʒɪst/	명사	
well-behaved	예의바르다		형용사	A well-behaved child
post-it			명사	
subtract	감산 | 공제하다	/səbˈtɹækt/	동사	Subtract this amount from my paycheck
brisket		/ˈbɹɪskət/	명사	
sluggish		/ˈsɫəɡɪʃ/	형용사	A sluggish stream
obscurity	미천 | 어두컴컴함 | 불명료	/əbˈskjʊɹəti/	명사	He worked in obscurity for many years
focal	초점의	/ˈfoʊkəɫ/	형용사	Focal infection
unsaid	말하지않는	/ənˈsɛd/	형용사	Things left unsaid
poltergeist	소리의 요정	/ˈpoʊɫtɝˌɡaɪst/	명사	
doubtless		/ˈdaʊtɫəs/	부사	
zilch	모씨 | 제로	/ˈzɪɫtʃ/	명사	I didn't hear zilch about it
evaporated		/iˈvæpɝˌeɪtəd/	형용사	Evaporated molecules boil off
dandruff	비듬	/ˈdændɹəf/	명사	I could see the dandruff on her shoulders
silvery	은빛의	/ˈsɪɫvɝi/	형용사	Singing in her silvery tones
affront	모욕 | 모욕하다 | 반항하다	/əˈfɹənt/	명사	
tardy	늦은 | 느리다 | 더딘	/ˈtɑɹdi/	형용사	Tardy children are sent to the principal
slinging		/ˈsɫɪŋɪŋ/	명사	
tint	색채 | 백색바림 | 선음영	/ˈtɪnt/	명사	
lactose	락토오스	/ˈɫæktoʊs/	명사	Cow's milk contains about 4.7% lactose
dishonorable	부끄러운	/dɪˈsɑnɝəbəɫ/	형용사	Dishonorable in thought and deed
roundup	몰이 | 총괄	/ˈɹaʊnˌdəp/	명사	A mass roundup of suspects
discrete	개별적인 | 구별된 | 불연속의	/dɪsˈkɹit/	형용사	A government with three discrete divisions
apprenticeship		/əˈpɹɛntəsˌʃɪp/	명사	
arno	아르노 강	/ˈɑɹnoʊ/	명사	
muddled		/ˈmədəɫd/	형용사	He muddled the issues
walkman		/ˈwɔkˌmæn/	명사	
adonis	미소년	/əˈdɑnəs/	명사	
kyushu		/ˈkjəʃu/	명사	
jezebel	독부 | 이세벨 | 요부		명사	
harrow	써레질하다 | 써레	/ˈhæɹoʊ/	동사	
hanoi		/ˈhænɔɪ/	명사	
bogeyman		/ˈboʊɡiˌmæn/	명사	
workaholic		/ˌwɝkəˈhɑɫɪk/	명사	
up-to-date	첨단		형용사	An up-to-date issue of the magazine
tailored		/ˈteɪɫɝd/	형용사	Tailored curtains
pda			명사	
flowering		/ˈfɫaʊɝɪŋ/	명사	A flowering plant
enrich	풍부하게하다 | 농축하다	/ɛnˈɹɪtʃ/	동사	The experience enriched her understanding
foal	망아지 | 망아지를 낳다	/ˈfoʊɫ/	명사	The mare foaled
legitimacy	적출 | 정당 | 합법	/ɫəˈdʒɪtəməsi/	명사	
arrhythmia	부정맥	/ɝˈɪðmiə/	명사	
restitution	복직 | 복위	/ˌɹɛstɪˈtuʃən/	명사	Upon the restitution of the book to its rightful owner the child was given a tongue lashing
reconvene	다시 소집하다	/ɹikənˈvin/	동사	The bill will be considered when the Legislature reconvenes next Fall
unconfirmed	확증이 없는 | 확인되지 않은	/ˌənkənˈfɝmd/	형용사	Unconfirmed rumors
pondering		/ˈpɑndɝɪŋ/	형용사	
rewriting		/ɹiˈɹaɪtɪŋ/	명사	
ode	송시	/ˈoʊd/	명사	
poise	가짐새 | 미결단 | 균형잡히다	/ˈpɔɪz/	동사	The bird poised for a few moments before it attacked
mcpherson		/məkˈfɝsən/	명사	
composure	침착하다 | 침착 | 평정	/kəmˈpoʊʒɝ/	명사	He accepted their problems with composure and she with equanimity
swastika	만자	/ˈswɑstɪkə/	명사	
chickenshit			명사	
gearbox		/ˈɡɪɹˌbɑks/	명사	
overheated		/ˈoʊvɝˌhitɪd/	형용사	Overheated metal
beech	너도밤나무	/ˈbitʃ/	명사	
plop	첨벙하고	/ˈpɫɑp/	동사	Plop came the ball down to the corner of the green
livid	격노하여 | 퍼렇게 멍든	/ˈɫɪvɪd/	형용사	A face livid with shock
cayenne		/ˌkaɪˈɛn/	명사	
impossibility	불가능성	/ˌɪmˌpɔsɪˈbɪɫɪti/	명사	
vigorously		/ˈvɪɡɝəsɫi/	부사	He defended his ideas vigorously
tomboy	말괄량이	/ˈtɑmˌbɔɪ/	명사	
persevere	인내하다	/pɝsəˈvɪɹ/	동사	
cuppa			명사	
lentil	렌즈콩	/ˈɫɛntəɫ/	명사	
odour		/ˈoʊdɝ/	명사	
continuance	존속 | 지속 | 체류	/kənˈtɪnjuəns/	명사	
incompatible		/ˌɪnkəmˈpætəbəɫ/	형용사	Incompatible colors
bootleg	밀매하다 | 밀매주 | 밀수하다	/ˈbutˌɫɛɡ/	명사	Bootleg tapes of the diva's singing
arrivederci			명사	
spinner	거미	/ˈspɪnɝ/	명사	
pesto			명사	
expressly	명백히	/ɛksˈpɹɛsɫi/	부사	She needs the money expressly for her patients
broken-down			형용사	A broken-down fence
transcend	초월하다	/tɹænˈsɛnd/	동사	
infestation	횡행만연	/ˌɪnˈfɛsˈteɪʃən/	명사	
leach	걸러내다 | 잿물	/ˈɫitʃ/	동사	The fertilizer leached into the ground
circumcision	할례 | 그리스도할례제 | 포피 절제	/ˌsɝkəmˈsɪʒən/	명사	
broomstick		/ˈbɹumˌstɪk/	명사	
diffuse	유포한 | 산만한 | 유포시키다	/dɪfˈjus/	동사	A diffuse historical novel
eyeliner		/ˈaɪˌɫaɪnɝ/	명사	
danton		/ˈdæntən/	명사	
ballgame		/bɔɫˈɡeɪm/	명사	HDTV looks the same but it's really a whole new ballgame
inept	적성이 없는	/ˌɪˈnɛpt/	형용사	An inept remark
parody	서투른 모방	/ˈpɛɹədi/	명사	
amino		/əˈminoʊ/	명사	
hostilities		/hɑˈstɪɫətiz/	명사	The outbreak of hostilities
hobart		/ˈhoʊˌbɑɹt/	명사	
futuristic	전위적인 | 초현대적인 | 미래파의	/ˌfjutʃɝˈɪstɪk/	형용사	
falsify	거짓임을 증명하다 | 저버리다 | 위조하다	/ˈfɔɫsəˌfaɪ/	동사	Falsify a claim
shangri-la			명사	
cristal		/ˈkɹɪstəɫ/	명사	
guam	괌섬	/ˈɡwɑm/	명사	
duckling	집오리 새끼	/ˈdəkɫɪŋ/	명사	
israelites		/ˈɪzɹəˌɫaɪts/	명사	
souffle	수플레	/suˈfɫeɪ/	명사	
gorbachev		/ˈɡɔɹbəˌtʃɔf/	명사	
dissent	이의 | 국교 반대	/dɪˈsɛnt/	명사	Several Republicans dissented
adoring	숭배하는	/əˈdɔɹɪŋ/	형용사	Adoring grandparents
contracting	계약의 | 약혼의	/ˈkɑntɹæktɪŋ/	명사	The contracting of a serious illness can be financially catastrophic
baffling	저해하는 | 당황하게 하는	/ˈbæfəɫɪŋ/	형용사	A baffling problem
dressmaker	양장점 | 여성복다운 | 양재사	/ˈdɹɛsˌmeɪkɝ/	명사	
annul	무효로하다	/ˈænəɫ/	동사	
rudimentary	미발달의 | 기본의	/ˌɹudəˈmɛntɝi/	형용사	Rudimentary plans
go-between	매개인		명사	
shakedown	동침 | 수회 | 강취	/ˈʃeɪkˌdaʊn/	명사	A shakedown cruise
sevens		/ˈsɛvənz/	명사	
farsi		/ˈfɑɹsi/	명사	Many Farsi emigrated to India near Bombay
infusion	불어넣음 | 우려낸물 | 주입물	/ˌɪnˈfjuʒən/	명사	The team's continued success is attributable to a steady infusion of new talent
securely	안전히 하다 | 안전하게 되다 | 가두다	/sɪkˈjʊɹɫi/	부사	She held the child securely
croquet	크로케	/kɹoʊˈkeɪ/	동사	Croquet the opponent's ball
fattening		/ˈfætənɪŋ/	형용사	A fattening hog
bleeder	혈우병자		명사	
upriver	상류로 | 상류지역 | 상류에 있는	/ˌəˈpɹɪvɝ/	부사	
marti		/ˈmɑɹti/	명사	
incendiary	방화범 | 불붙기 | 소이탄	/ˌɪnˈsɛndiɛɹi/	명사	Incendiary bombs
groggy	그로기가 된	/ˈɡɹɑɡi/	형용사	
gliding	활공 | 활공하는 | 미끄러지는	/ˈɡɫaɪdɪŋ/	명사	
stardom	스타들 | 스타의 지위	/ˈstɑɹdəm/	명사	Stardom meant nothing to her
consecrated		/ˈkɑnsəˌkɹeɪtɪd/	형용사	A consecrated church
half-breed			명사	
advent	강림	/ˈædˌvɛnt/	명사	The advent of the computer
duvet			명사	
siesta	낮잠		명사	
beanie	빵모자		명사	
childless	아이가 없는	/ˈtʃaɪɫdɫəs/	형용사	In some societies a childless woman is rejected by her tribesmen
narrow-minded			형용사	A brilliant but narrow-minded judge
corsica	코르시카	/ˈkɔɹsɪkə/	명사	
culturally	경작상 | 재배상	/ˈkəɫtʃɝəˌɫi/	부사	Culturally integrated
bookcase	책꽃이 | 책장	/ˈbʊkˌkeɪs/	명사	
akin	동족의	/ˈeɪkɪn/	형용사	A feeling akin to terror
sussex		/ˈsəsɪks/	명사	
motionless	움직이 않는 | 정지한 | 뭄짓으로 신호하다	/ˈmoʊʃənɫəs/	형용사	
placebo		/pɫəˈsiboʊ/	명사	
deviation	편차 | 벗어남 | 일탈	/ˌdiviˈeɪʃən/	명사	The deviation from the mean
kidd		/ˈkɪd/	명사	
gaddafi			명사	
self-absorbed	여념이 없다		형용사	
grope	암중모색 하다 | 더듬거리다	/ˈɡɹoʊp/	동사	His mind groped to make the connection
caprice	변덕 | 공상적 작품	/kəˈpɹis/	명사	
parnell		/ˈpɑɹnəɫ/	명사	
womanhood	여자임	/ˈwʊmənˌhʊd/	명사	It's an insult to American womanhood
draco	날도마뱀 | 드라콘 | 용자리	/ˈdɹækoʊ/	명사	
wimbledon		/ˈwɪmbəɫdən/	명사	
undivided	연속되다	/ˌəndəˈvaɪdɪd/	형용사	Undivided affection
deterioration	열화 | 악화 | 저하	/dɪˈtɪɹiɝˌeɪʃən/	명사	
webcam			명사	
cypress	사이프러스	/ˈsaɪpɹəs/	명사	
lb		/ˈpaʊnd/	명사	
diligently	부지런히 | 애써	/ˈdɪɫədʒəntɫi/	부사	
lovesick			형용사	Strong men behaving like lovesick boys
likable		/ˈɫaɪkəbəɫ/	형용사	An attractive and likable young man
metabolic		/ˌmɛtəˈbɑɫɪk/	형용사	
droplet	작은물방울	/ˈdɹɑpɫət/	명사	
vigor	활기 | 원기 | 정력	/ˈvɪɡɝ/	명사	
no-go		/ˈnoʊˌɡoʊ/	형용사	The space launch was no-go
sirius	시리우스 | 천랑성	/ˈsɪˌɹɪəs/	명사	
automotive	자동적인 | 자동차의	/ˌɔtəˈmoʊtɪv/	형용사	Automotive supplies
fema		/ˈfimə/	명사	
stabilizing		/ˈsteɪbəˌɫaɪzɪŋ/	형용사	The family is one of the great stabilizing elements in society
nanna		/ˈnænə/	명사	
hindenburg	힌덴부르크		명사	
undiscovered	발견되지 않은 | 미지의	/ˌəndɪˈskəvɝd/	형용사	Undiscovered islands
hydraulics	수력공학 | 수력학	/haɪˈdɹɔɫɪks/	명사	
prelude	준비 행위 | 서막 | 서막이 되다)	/ˈpɹeɪˌɫud/	명사	
oppenheimer		/ˈɑpənˌhaɪmɝ/	명사	
slacker		/ˈsɫækɝ/	명사	
resolute	의연한 | 할 결의인 | 단호하다	/ˈɹɛzəˌɫut/	형용사	Stood resolute against the enemy
avid		/ˈævəd/	형용사	Avid for adventure
miro		/ˈmɪɹoʊ/	명사	
florentine	능견의 일종 | 피렌체 사람	/ˈfɫɔɹənˌtin/	형용사	
zimbabwe	짐바브웨	/zɪmˈbɑbweɪ/	명사	
respirator	방독마스크 | 마스크 | 인공 호흡장치	/ˈɹɛspɝˌeɪtɝ/	명사	
frantically	극도로 흥분하여	/ˈfɹænəkəɫi/	부사	
lansing	랜싱	/ˈɫænsɪŋ/	명사	
feasting		/ˈfistɪŋ/	명사	
plowing		/ˈpɫaʊɪŋ/	명사	He hired someone to do the plowing for him
moro	모로족의 토인	/ˈmɔˌɹoʊ/	명사	
aluminium		/ˌæɫˈjumɪnəm/	명사	
eastman	이스트먼	/ˈistmən/	명사	
wilton		/ˈwɪɫtən/	명사	
bask	몸을 녹이다 | 쬐다	/ˈbæsk/	동사	The seals were basking in the sun
frick		/ˈfɹɪk/	명사	
toughen		/ˈtəfən/	동사	This experience will toughen her
gilded	부자의 귀공자	/ˈɡɪɫdɪd/	형용사	Gilded dining rooms
johannesburg	요하네스버그	/ˌdʒoʊˈhænɪsbɝɡ/	명사	
chasm	단절 | 빈 틈 | 균열	/ˈkæzəm/	명사	
mulberry	도디 | 뽕나무	/ˈməɫˌbɛɹi/	명사	
better-looking			형용사	Better-looking than her sister
respite	집행유예 | 휴식기간 | 유예	/ˈɹɛspɪt/	명사	
shoreline	해안선	/ˈʃɔɹˌɫaɪn/	명사	
lumbar	요추	/ˈɫəmˌbɑɹ/	형용사	Lumbar vertebrae
influenza	독감 | 인플루엔자	/ˌɪnfɫuˈɛnzə/	명사	
wok		/ˈwɑk/	명사	
whirr			동사	The motor whirred
mahatma	대성 | 초인	/məˈhɑtmə/	명사	
sizable		/ˈsaɪzəbəɫ/	형용사	A sizable fortune
colossus	거상 | 거인 | 큰 인물	/kəˈɫɑsəs/	명사	
macgregor		/məˈɡɹɛɡɝ/	명사	
hacienda	광업소 | 큰목장	/ˌhæsiˈɛndə/	명사	
heifer	암소	/ˈhaɪfɝ/	명사	
wiretap	도청기 | 도청하다	/ˈwaɪɝˌtæp/	명사	
squatter		/ˈskwɑtɝ/	명사	
fumble	더듬질 | 펌블 | 손으로 더듬다	/ˈfəmbəɫ/	동사	Fumble a grounder
cirque	카프 | 권곡	/ˈsɝk/	명사	
goering		/ˈɡoʊɝɪŋ/	명사	
aline		/əˈɫaɪn/	동사	
genitalia	성기	/dʒɛnəˈtɑɫjə/	명사	
mollie		/ˈmɑɫi/	명사	
peacekeeper		/ˈpiˌskipɝ/	명사	She's the peacekeeper in that family
plundered		/ˈpɫəndɝd/	형용사	People returned to the plundered village
cur	망종 | 쌍놈	/ˈkɝ/	명사	
odysseus		/oʊˈdɪsiəs/	명사	
aloft	높이 | 위쪽에	/əˈɫɔft/	부사	Dust is whirled aloft
nourish		/ˈnɝɪʃ/	동사	This kind of food is not nourishing for young children
stagger	현기 | 시차방식 | 어지러움	/ˈstæɡɝ/	동사	He staggered along in the heavy snow
handout	공식 성명 | 유인물	/ˈhænˌdaʊt/	명사	
moll		/ˈmɑɫ/	명사	
aortic		/eɪˈɔɹtɪk/	형용사	
filial	자식으로서의	/ˈfɪɫiəɫ/	형용사	
pagoda		/pəˈɡoʊdə/	명사	
stalemate	수가 막힘 | 막다름	/ˈsteɪɫˌmeɪt/	명사	
gleam	번적임 | 번득이다	/ˈɡɫim/	동사	A terrible thought gleamed in her mind
fundamentals	펀더멘털	/ˌfəndəˈmɛnəɫz/	명사	First you must learn the fundamentals
pokey		/ˈpoʊki/	형용사	
swig		/ˈswɪɡ/	명사	
coercion	강압 | 강압정치론자	/koʊˈɝʃən/	명사	They didn't have to use coercion
exec	간부	/ˌɛɡˈzɛk/	명사	
indra			명사	
unhook		/ənˈhʊk/	동사	
volga		/ˈvɑɫɡə/	명사	
epidural		/ˌɛpəˈdɝəɫ/	명사	
balzac		/bɑɫˈzæk/	명사	
soledad		/ˈsoʊɫˌdæd/	명사	
rectal		/ˈɹɛktəɫ/	형용사	
prologue	개막사 | 서막적 행동 | 서막	/ˈpɹoʊɫɑɡ/	명사	
obliterate	말살하다	/əˈbɫɪtɝˌeɪt/	동사	
harnessed		/ˈhɑɹnəst/	형용사	The harnessed power of the atom
solicitation	교사 | 증회 유치 | 유혹	/səˌɫɪsɪˈteɪʃən/	명사	A solicitation to the king for relief
bullion	금덩어리	/ˈbʊɫjən/	명사	
reactive	반응적인 | 반작용적인 | 반응이 빠른	/ɹiˈæktɪv/	형용사	Sodium is a reactive metal
gasket	개스킷 | 괄범삭 | 패킹	/ˈɡæskət/	명사	
deviate	빗나가게하다 | 어긋나다 | 벗어나다	/ˈdiviˌeɪt/	동사	The river was deviated to prevent flooding
bide	멀물다	/ˈbaɪd/	동사	
eckhart		/ˈɛkˌhɑɹt/	명사	
speakerphone	스피커폰	/ˈspikɝˌfoʊn/	명사	
philharmonic		/ˌfɪɫˌhɑɹˈmɑnɪk/	형용사	Philharmonic players
jittery	초조해하다	/ˈdʒɪtɝi/	형용사	
percussion	타악기부 | 타악기의 연주	/pɝˈkəʃən/	명사	
unwrap	포장이 풀리다	/ənˈɹæp/	동사	Let's unwrap the gifts!
clovis		/ˈkɫoʊvɪs/	명사	
rwanda	르완다	/ˌɹuˈɑndə/	명사	
jilted		/ˈdʒɪɫtɪd/	형용사	Jilted at the altar
deterrent	방해하는 | 제지하는	/dɪˈtɝɹənt/	명사	The deterrent effects of high prices
valkyrie		/ˌvæɫˈkiˌɹiə/	명사	
haughty	오만한 | 거만한	/ˈhɔti/	형용사	Haughty aristocrats
iwo		/ˈaɪwoʊ/	명사	
briar		/ˈbɹaɪɝ/	명사	
oakley		/ˈoʊkɫi/	명사	
overhaul		/ˈoʊvɝˌhɔɫ/	동사	Overhaul the health care system
searing		/ˈsɪɹɪŋ/	형용사	
inactive	현역이 아닌	/ˌɪˈnæktɪv/	형용사	An inactive mine
qualifying		/ˈkwɑɫəˌfaɪɪŋ/	명사	
pizzeria		/ˌpitsɝˈiə/	명사	
expressway		/ɪksˈpɹɛsˌweɪ/	명사	
laxative	하제	/ˈɫæksətɪv/	명사	
convene	회합하다 | 소집하다	/kənˈvin/	동사	The council convened last week
thebes	테베	/ˈθibz/	명사	
hairbrush	머리솔		명사	
castrate	삭제정정하다 | 난소를 제거하다 | 거세하다	/ˈkæsˌtɹeɪt/	동사	
shortness	낮음 | 무름 | 부서지기 쉬움	/ˈʃɔɹtnəs/	명사	Can cause shortness of breath
watchtower	감시탑 | 망루		명사	
planetarium	천문관 | 플라네타륨	/ˌpɫænəˈtɛɹiəm/	명사	
back-to-back			형용사	Back-to-back home runs
idealism	관념론 | 관념주의 | 이상론	/aɪˈdiɫɪzəm/	명사	
nexus	넥서스 | 연계	/ˈnɛksəs/	명사	
artistry	예술품 | 예술적기교	/ˈɑɹtɪstɹi/	명사	
spew		/ˈspju/	동사	The volcano spews out molten rocks every day
aviator	비행사	/ˈeɪviˌeɪtɝ/	명사	
stopwatch	스톱 워치	/ˈstɑpˌwɑtʃ/	명사	
thyme	백리향	/ˈθaɪm/	명사	
boatman	뱃사공	/ˈboʊtmən/	명사	
blubber	엉엉욺 | 울며 말하다 | 엉엉울다	/ˈbɫəbɝ/	동사	
effectiveness	효과 | 유효	/ˈifɛktɪvnəs/	명사	
boise		/ˈbɔɪsi/	명사	
humvee		/ˈhəmˌvi/	명사	
pocahontas		/ˌpoʊkəˈhɑnəs/	명사	
blistering	통렬하다 | 신랄한	/ˈbɫɪstɝɪŋ/	형용사	A blistering pace
churn	교유기 | 일게 하다 | 거세게 돌다	/ˈtʃɝn/	동사	The sea was churning in the storm
tobey		/ˈtoʊbi/	명사	
motown		/ˈmoʊˌtaʊn/	명사	
medicate	약으로 치료하다	/ˈmɛdɪˌkeɪt/	동사	
fritter	잘게 자르다 | 짤끔짤끔 낭비하다	/ˈfɹɪtɝ/	명사	Fritter away one's inheritance
counteract	중화하다 | 훼방하다	/ˈkaʊntɝˌækt/	동사	This will counteract the foolish actions of my colleagues
conundrum	수수께끼	/kəˈnəndɹəm/	명사	
nervousness	소심성 | 신경과민	/ˈnɝvəsnəs/	명사	
nuthouse	정신병원		명사	
egotistical		/ˌiɡəˈtɪstɪkəɫ/	형용사	An egotistical disregard of others
mathematically		/ˌmæθəˈmætɪkəɫi/	부사	Mathematically impossible
exceeding	상회	/ɪkˈsidɪŋ/	형용사	A night of exceeding darkness
glistening		/ˈɡɫɪsənɪŋ/	형용사	His eyes were glistening
swoon	기절 | 까무러치게 | 까무러치다	/ˈswun/	동사	
proactive		/ˌpɹoʊˈæktɪv/	형용사	Proactive inhibition
blogger		/ˈbɫɔɡɝ/	명사	
clique	파벌 | 도당을 이루다 | 패	/ˈkɫik/	명사	
synonymous		/səˈnɑnəməs/	형용사	
uncut	자르지 않은	/ˌənˈkət/	형용사	An uncut diamond
left-wing			형용사	
affectionately	애정어린 | 자애로운	/əˈfɛkʃənətɫi/	부사	He treats her affectionately
pisa	피사	/ˈpisə/	명사	
jargon	변말 | 횡설수설 | 전문어	/ˈdʒɑɹɡən/	명사	
montmartre	몽마르트르	/ˌmɑnˈmæɹtɹə/	명사	
nominal	계획대로 | 이름의 | 공칭의	/ˈnɑmənəɫ/	형용사	The nominal GDP
decreasing	감소하는 | 점점 주는	/ˈdiˌkɹisɪŋ/	형용사	
extensively	활짝 | 광범하다	/ɪkˈstɛnsɪvɫi/	부사	Oxidation ponds are extensively used for sewage treatment in the Midwest
forlorn	절망적인 | 비참하다	/fɝˈɫɔɹn/	형용사	A forlorn cause
ember		/ˈɛmbɝ/	명사	
juncture	이음매	/ˈdʒəŋktʃɝ/	명사	At that juncture he had no idea what to do
maquis	악한 | 마키		명사	
meticulously		/məˈtɪkjəɫəsɫi/	부사	The set was meticulously authentic
bluntly	무디게	/ˈbɫəntɫi/	부사	He spoke bluntly
eeg	뇌파도	/ˈiɡ/	명사	
joachim		/ˌjoʊˈɑkɪm/	명사	
pigtail	돼지꼬리 | 변발 | 꼰 담배		명사	
apocalyptic	천계의 | 계시의	/əˌpɑkəˈɫɪptɪk/	형용사	
barbecued		/ˈbɑɹbɪkˌjud/	형용사	
conglomerate	복합기업 | 집성체 | 역암	/kənˈɡɫɑmɝət/	명사	The conglomerate peoples of New England
doppelganger	생령		명사	
willies			명사	That guy gave me the willies
shiloh		/ˈʃaɪɫoʊ/	명사	
embargo	항내출입금지 | 몰수하다 | 통상금지	/ɛmˈbɑɹɡoʊ/	명사	Embargoed publications
badgering		/ˈbædʒɝɪŋ/	명사	
affirm	확언하다	/əˈfɝm/	동사	
backgammon	서양 쌍륙	/ˈbækˌɡæmən/	명사	
blab	지절거림 | 지절거리다 | 비밀을 누설하다	/ˈbɫæb/	동사	
slant	물매	/ˈsɫænt/	동사	The ceiling is slanting
saboteur		/ˌsæbəˈtɝ/	명사	
exponentially		/ˌɛkspoʊˈnɛnʃəɫi/	부사	Inflation is growing exponentially
chieftain	추장지도자 | 두목	/ˈtʃiftən/	명사	
takedown	창피 치욕 | 굴욕		명사	A takedown counts two points
waco		/ˈweɪkoʊ/	명사	
loudmouth			명사	
dicey		/ˈdaɪsi/	형용사	An extremely dicey future on a brave new world of liquid nitrogen, tar, and smog
metaphysical	공론의	/ˌmɛtəˈfɪzɪkəɫ/	형용사	Metaphysical forces
softened		/ˈsɔfənd/	형용사	
aqueduct	수도교 | 도수관	/ˈækwəˌdəkt/	명사	
forty-two			형용사	
deathly		/ˈdɛθɫi/	형용사	A deathly pallor
clothe	입히다 | 싸다	/ˈkɫoʊð/	동사	The mountain was clothed in tropical trees
downwards	쇠잔하여	/ˈdaʊnwɝdz/	부사	
zephyr	서풍 | 연풍 | 산들바람	/ˈzɛfɝ/	명사	
actin	악틴	/ˈæktən/	명사	
moloch			명사	The great Moloch of war
codex			명사	
scribe	필기자 | 저술가	/ˈskɹaɪb/	명사	
dishonored		/dɪˈsɑnɝd/	형용사	He dishonored his family by committing a serious crime
asunder	파라광이의 수도	/əˈsəndɝ/	형용사	As wide asunder as pole from pole
specialised			형용사	
sag	표류 | 표류하다 | 하락하다	/ˈsæɡ/	동사	There was a sag in the chair seat
sl			명사	
lambda		/ˈɫæmdə/	명사	
paedophile			명사	
clavicle	쇄골	/ˈkɫævəkəɫ/	명사	
foliage	잎장식	/ˈfoʊɫiɪdʒ/	명사	
favourable			형용사	
huckleberry	월귤나무	/ˈhəkəɫˌbɛɹi/	명사	
nee	구성은	/ˈni/	형용사	Hillary Clinton nee Rodham
entrapment		/ɪnˈtɹæpmənt/	명사	
defamation	중상 | 비방	/ˌdɛfəˈmeɪʃən/	명사	
scoreboard	득점판	/ˈskɔɹˌbɔɹd/	명사	
perth		/ˈpɝθ/	명사	
emcee		/ˈɛmˈsi/	명사	
laziness	나타	/ˈɫeɪzinəs/	명사	The laziness of the day helped her to relax
westside		/ˈwɛstˈsaɪd/	형용사	He lives in upper westside Manhattan
tortilla		/tɔɹˈtiə/	명사	
modeled		/ˈmɑdəɫd/	형용사	Her finely modeled features
macintosh		/ˈmækənˌtɔʃ/	명사	
spelt			명사	
tress	곱슬털	/ˈtɹɛs/	명사	
coulter		/ˈkoʊɫtɝ/	명사	
revel	빠지다 | 매우 기뻐하다 | 마시고 흥청거리다	/ˈɹɛvəɫ/	동사	
argus		/ˈɑɹɡəs/	명사	
bering		/ˈbɛɹɪŋ/	명사	
electronically		/ˌɪˌɫɛkˈtɹɑnɪkəˌɫi/	부사	The door opens electronically
terrestrial	육지의 | 육지에 사는 | 지상에 사는것	/tɝˈɛstɹiəɫ/	형용사	This terrestrial ball
headband	머리띠	/ˈhɛdˌbænd/	명사	The earphones were held in place by a headband
cumberland	컴벌랜드	/ˈkəmbɝɫənd/	명사	
practitioner	개업의 | 개업자	/pɹækˈtɪʃənɝ/	명사	
hitchhiker		/ˈhɪtʃˌhaɪkɝ/	명사	
siva	시바 | 대자재천		명사	
wiper		/ˈwaɪpɝ/	명사	
flip-flop			명사	
punitive		/ˈpjunətɪv/	형용사	Punitive justice
sniveling			명사	
victimized		/ˈvɪktəmaɪzd/	형용사	I was victimized by this con-man
blooded	혈의	/ˈbɫədɪd/	형용사	Blooded Jersies
congenital		/kənˈdʒɛnətəɫ/	형용사	
amok	광열병	/əˈmək/	부사	
playhouse	놀잇간	/ˈpɫeɪˌhaʊs/	명사	
peat	토탄	/ˈpit/	명사	
riverbank	강둑 | 하안	/ˈɹɪvɝˌbæŋk/	명사	
spitfire	화포 | 스피트파이어기 | 불뚱이		명사	
ig			명사	
mcgraw		/məˈɡɹɔ/	명사	
cochise			명사	
torrent	분류 | 억수같이 쏟아짐	/ˈtɔɹənt/	명사	A torrent of abuse
replenish	보급하다 | 보충하다	/ɹiˈpɫɛnɪʃ/	동사	
buckshot		/ˈbəkˌʃɑt/	명사	
scouring	문지르기	/ˈskaʊɝɪŋ/	명사	Scouring the entire area revealed nothing
lilo			명사	
doped		/ˈdoʊpt/	형용사	Knocked out by doped wine
nairobi	나이로비공화국의 수도	/ˌnaɪˈɹoʊbi/	명사	
fellini		/fəˈɫini/	명사	
nuptial	혼인의	/ˈnəptʃəɫ/	형용사	
padlock		/ˈpædˌɫɑk/	명사	
redwood	적색 목재 | 아메리카 삼나무	/ˈɹɛdˌwʊd/	명사	
ghb			명사	
zagreb		/ˈzɑˌɡɹɛb/	명사	
unregistered	등록되지 않은	/ənˈɹɛdʒɪstɝd/	형용사	An unregistered citizen
sade			명사	
uniformed		/ˈjunəˌfɔɹmd/	형용사	The guards were uniformed
deplorable	슬퍼할 | 가엾은 | 애처로운	/dɪˈpɫɔɹəbəɫ/	형용사	A deplorable act of violence
grossly	심히 | 상스럽게 | 조잡하게	/ˈɡɹoʊsɫi/	부사	
fascinate	눈독들이다 | 움츠러지게 하다 | 매혹하다	/ˈfæsəˌneɪt/	동사	The snake charmer fascinates the cobra
triangulate			동사	Triangulate the angle
upstart		/ˈəpˌstɑɹt/	명사	
age-old			형용사	Age-old customs
spaniel	스패니엘개	/ˈspænjəɫ/	명사	
tannoy	태노이		명사	
pathogen	병원체 | 병원균	/ˈpæθədʒən/	명사	
ani			명사	
fatherly	자비깊은	/ˈfɑðɝɫi/	형용사	
barricaded		/ˈbæɹəˌkeɪdɪd/	형용사	A barricaded street
foreclosure	저당물 | 환수권 상실	/fɔɹˈkɫoʊʒɝ/	명사	
origami		/ˌɔɹiˈɡɑˌmi/	명사	
muddle		/ˈmədəɫ/	명사	He muddled the issues
parenthood	어버이님 | 친자 관계	/ˈpɛɹəntˌhʊd/	명사	To everyone's surprise, parenthood reformed the man
seb			명사	
onslaught	맹공격	/ˈɔnˌsɫɔt/	명사	
importing		/ˌɪmˈpɔɹtɪŋ/	명사	
footman		/ˈfʊtmən/	명사	
grueling	혼냄 | 엄한	/ˈɡɹuɪɫɪŋ/	형용사	A grueling campaign
self-made			형용사	A self-made millionaire
tripoli	트리폴리	/ˈtɹɪpəɫi/	명사	
archduke		/ˈɑɹtʃˌduk/	명사	
inaugural		/ˌɪˈnɔɡɝəɫ/	명사	An inaugural ball
roving	조방사 | 먼과녁쏘기 | 유랑하다	/ˈɹoʊvɪŋ/	명사	Roving vagabonds
lucknow			명사	
amazement	소스라침	/əˈmeɪzmənt/	명사	
gerbil	게르빌루스쥐	/ˈdʒɝbɪɫ/	명사	
cautiously		/ˈkɔʃəsɫi/	부사	She ventured cautiously downstairs
buttoned		/ˈbətənd/	형용사	
heron	왜가리	/ˈhɛɹən/	명사	
reconstructed		/ˌɹikənˈstɹəktɪd/	형용사	A reconstructed feminist
smite	괴롭히다 | 강타하다 | 덮치다		동사	
nerve-racking		/ˌnɝvˈɹækɪŋ/	형용사	Nerve-racking noise
tomcat	수코양이	/ˈtɑmˌkæt/	명사	
tourette		/tɝˈɛt/	명사	
anime	아니메	/ˌænɪˈmeɪ/	명사	
landowner	지주	/ˈɫænˌdoʊnɝ/	명사	
bloodhound	탐정 | 경찰견	/ˈbɫədhaʊnd/	명사	
shitter			명사	
outlined		/ˈaʊtˌɫaɪnd/	형용사	The setting sun showed the outlined figure of a man standing on the hill
vaporized		/ˈveɪpɝˌaɪzd/	형용사	All my stock assets have vaporized
sprite	요정	/ˈspɹaɪt/	명사	
delphi	델포이	/ˈdɛɫfaɪ/	명사	
cranium	두개골 | 두개 | 대가리	/ˈkɹeɪˌniəm/	명사	
gomorrah		/ɡəˈmɔɹə/	명사	
pcp			명사	
totaled		/ˈtoʊtəɫd/	형용사	My son totaled our new car
impart	첨가하다 | 나눠 주다덧붙이다	/ˌɪmˈpɑɹt/	동사	Impart a new skill to the students
jinxed			형용사	This project is jinxed!
hotdog		/ˈhɑtˌdɔɡ/	명사	
pseudonym	아호	/ˈsudəˌnɪm/	명사	
wallop	타격력 | 강타하다	/ˈwɑɫəp/	동사	We'll wallop them!
splendour			명사	
zig		/ˈzɪɡ/	명사	
typist	타이피스트	/ˈtaɪpɪst/	명사	
overcrowd	초만원의	/ˌoʊvɝˈkɹaʊd/	동사	The students overcrowded the cafeteria
inferiority	손색 | 열세 | 하급	/ˌɪnfɪɹiˈɔɹɪˌti/	명사	
trigger-happy			형용사	
senna	그잎 | 센나	/ˈsɛnə/	명사	
hand-to-hand	접전		형용사	Hand-to-hand fighting
manchu	만주말의 | 만주의 | 만주사람의	/ˈmæntʃu/	명사	
lapping		/ˈɫæpɪŋ/	명사	
geum	뱀무속의 식물		명사	
jackhammer	소형의 착암기	/ˈdʒækˌhæmɝ/	명사	
worn-out	헌 | 고달프다		형용사	Only worn-out horses and cattle
crumpled	주름살 투성이의	/ˈkɹəmpəɫd/	형용사	A car with a crumpled front end
prevailing	일반의 | 우세한 | 유력하다	/pɹiˈveɪɫɪŋ/	형용사	Prevailing winds
teahouse	찻잡 | 찻집		명사	
rationing	배급	/ˈɹæʃənɪŋ/	명사	During the war the government imposed rationing of food and gasoline
degrade	타락시키다	/dɪˈɡɹeɪd/	동사	
pally			형용사	
hyperventilate			동사	The nurses had to hyperventilate the patient
diverting		/daɪˈvɝtɪŋ/	형용사	A diverting story
sashimi			명사	
innermost	가장깊은 부분	/ˈɪnɝˌmoʊst/	형용사	The innermost chamber
lego		/ˈɫɛɡoʊ/	명사	
bunting	멧새의무리 | 기	/ˈbəntɪŋ/	명사	
minstrel	음유시인	/ˈmɪnstɹəɫ/	명사	
shale	이판암 | 혈암	/ˈʃeɪɫ/	명사	
larynx	후두	/ˈɫɛɹɪŋks/	명사	
decedent	고인	/dɛˈsidənt/	명사	
journalistic	저널리스트의	/ˌdʒɝnəˈɫɪstɪk/	형용사	Journalistic writing
impala	임팔라아프리카산 영양	/ˌɪmˈpɑɫə/	명사	
dauphin	황태자	/ˈdaʊfɪn/	명사	
sliver	세로 짜개다	/ˈsɫɪvɝ/	동사	It broke into slivers
knitted	뜨개것의 | 메리야스의 | 뜬	/ˈnɪtəd/	형용사	Knitted garments
forklift	지게차 | 포크리프트	/ˈfɔɹˌkɫɪft/	명사	
butterscotch	버터스코치	/ˈbətɝˌskɑtʃ/	명사	
burping		/ˈbɝpɪŋ/	명사	
soiree	야회	/swɑˈɹeɪ/	명사	
unturned	돌리지 않은 | 뒤집지 않은	/ənˈtɝnd/	형용사	Left no stone unturned
putrid	부패한	/ˈpjutɹɪd/	형용사	Putrid decomposition
urdu		/ɝˈdu/	명사	
deflector	편침의 | 변류기	/dɪˈfɫɛktɝ/	명사	
sappy	수액이 많은		형용사	Sappy maple trees
nightie			명사	
telecast		/ˈtɛɫəˌkæst/	명사	
peddle	소매하다 | 행상하다	/ˈpɛdəɫ/	동사	
envision	마음에 그리다	/ɛnˈvɪʒən/	동사	I cannot envision him as President
backwater	역수	/ˈbæˌkwɔtɝ/	명사	The country is an economic backwater
catholicism	천주료 | 카톨릭교	/kəˈθɔɫəˌsɪzəm/	명사	
copier	모방자 | 복사하는 사람 | 필생	/ˈkɑpiɝ/	명사	
intertwine	얽어짜다 | 서로 엮다 | 서로 뒤엉키다	/ˌɪntɝtˈwaɪn/	동사	Intertwined hearts
improvisation	즉석화 | 즉석에서 하기 | 즉흥	/ˌɪmpɹɑvɪˈzeɪʃən/	명사	
standish		/ˈstændɪʃ/	명사	
ravenous	게걸든 | 굶주린 | 게걸스럽게 먹는	/ˈɹævənəs/	형용사	Ravenous as wolves
suez		/ˈsuɛz/	명사	
surging		/ˈsɝdʒɪŋ/	형용사	
callisto	칼리스토		명사	
trembles			명사	
mythological		/ˌmɪθəˈɫɑdʒɪkəɫ/	형용사	
undecided	미결의 | 미정의	/ˌəndɪˈsaɪdɪd/	형용사	Undecided voters
outage	정전	/ˈaʊtədʒ/	명사	There will be a network outage from 8 to 10 a.m.
pigment	그림물감 | 색소	/ˈpɪɡmənt/	명사	Pigment a photograph
thumbprint	지장 | 엄지손가락의 지문		명사	
collage	콜라주 | 콜라주의 작품	/kəˈɫɑʒ/	명사	A collage of memories
boogeyman			명사	
outspoken	노골적	/ˈaʊtˈspoʊkən/	형용사	Outspoken in their opposition to segregation
creole	크리올말 | 크리올의 | 서인도제도	/ˈkɹioʊɫ/	명사	Creole grammars
haired		/ˈhɛɹd/	형용사	
ninety-nine			형용사	
afresh	새로이 | 새삼	/əˈfɹɛʃ/	부사	
transpire	증발하다	/tɹænˈspaɪɝ/	동사	Plants transpire
shackled		/ˈʃækəɫd/	형용사	
chivalrous	의협적		형용사	
fen	펜	/ˈfɛn/	명사	The fens of eastern England
semifinal		/ˌsɛmaɪˈfaɪnəɫ/	명사	
two-year-old			형용사	
fatally		/ˈfeɪtəɫi/	부사	He was fatally ill equipped for the climb
munro		/mənˈɹoʊ/	명사	
turret	조종석 | 포탑 | 망루	/ˈtɝət/	명사	
profess	라고 자칭하다 | 공언하다	/pɹəˈfɛs/	동사	He professes to be a Communist
benevolence	덕행 | 자비심 | 자선	/bəˈnɛvəɫəns/	명사	
belvedere		/ˌbɛɫvəˈdɪɹ/	명사	
panicky	전전긍긍하는	/ˈpænɪki/	형용사	Became panicky as the snow deepened
fillmore	필모어	/ˈfɪɫmɔɹ/	명사	
trinidad		/ˈtɹɪnɪˌdæd/	명사	
stumpy	몽똑한		형용사	A stumpy ungainly figure
deliberation	심의 | 숙고	/dɪˌɫɪbɝˈeɪʃən/	명사	The deliberations of the jury
impregnate	스며든 | 수정시키다 | 임신시키다	/ˌɪmˈpɹɛɡˌneɪt/	동사	The egg was impregnated
toga	직복 | 토가	/ˈtoʊɡə/	명사	
reasoned		/ˈɹizənd/	형용사	We reasoned that it was cheaper to rent than to buy a house
indescribable		/ˌɪndɪsˈkɹaɪbəbəɫ/	형용사	Indescribable beauty
usefulness	소용 | 효용 | 효용성	/ˈjusfəɫnəs/	명사	
bloodstain	핏자국	/ˈbɫədˌsteɪn/	명사	
crabby		/ˈkɹæbi/	형용사	
shamelessly		/ˈʃeɪmɫəsɫi/	부사	
upheaval	밀어 | 솟아르다 | 밀어 올림	/əpˈhivəɫ/	명사	
constraint	어색함 | 거북스러움 | 속박	/kənˈstɹeɪnt/	명사	
earplug	귀마개	/ˈiɹˌpɫəɡ/	명사	
childlike	천진한	/ˈtʃaɪɫdˌɫaɪk/	형용사	Childlike charm
colbert		/ˈkoʊɫbɝt/	명사	
bastion	능보	/ˈbæstʃən/	명사	A bastion against corruption
lifelike		/ˈɫaɪˌfɫaɪk/	형용사	A lifelike pose
hijacker		/ˈhaɪˌdʒækɝ/	명사	
unselfish	욕심이없는 | 이기적이아닌		형용사	
artefact			명사	
hud		/ˈhəd/	명사	
braised		/ˈbɹeɪzd/	형용사	
adequately		/ˈædəkwətɫi/	부사	He was adequately prepared
dishonour			동사	
uncovering		/ənˈkəvɝɪŋ/	명사	
fraught		/ˈfɹɔt/	형용사	Words fraught with meaning
skedaddle	도주 | 궤주하다 | 내빼다		동사	
irreparable		/ˌɪˈɹɛpɝəbəɫ/	형용사	Irreparable harm
lustful		/ˈɫəstfəɫ/	형용사	Her sensuous grace roused his lustful nature
portsmouth		/ˈpɔɹtsməθ/	명사	
barkeep			명사	
maitland		/ˈmeɪtɫənd/	명사	
hardwood		/ˈhɑɹdˌwʊd/	명사	
follies		/ˈfɑɫiz/	명사	
perfumed		/pɝfˈjumd/	형용사	Perfumed boudoir
ecology	생태 | 사회형태학 | 생태학	/iˈkɑɫədʒi/	명사	It changed the ecology of the island
unbecoming	민망하다 | 어울리지 않는	/ˌənbiˈkəmɪŋ/	형용사	Language unbecoming to a lady
enhancement	등귀 | 선양	/ɛnˈhænsmənt/	명사	
discern	감별 | 분간하다 | 지각하다	/dɪˈsɝn/	동사	
servitude	복역 | 노예 상태 | 고역	/ˈsɝvəˌtud/	명사	Penal servitude
xerox	제록스 | 전자복사장치	/ˈzɪɹɑks/	명사	
poach	밀렵자 | 밀렵하다	/ˈpoʊtʃ/	동사	Poached apricots
pop-up			명사	
receptor	감각기관 | 수용기 | 수용체	/ɹiˈsɛptɝ/	명사	
constipation	변비	/ˌkɑnstəˈpeɪʃən/	명사	
shadowing	미행	/ˈʃædoʊɪŋ/	명사	The police are shadowing her
flamboyant	불길 모양의	/fɫæmˈbɔɪənt/	형용사	Flamboyant handwriting
punter		/ˈpəntɝ/	명사	
clawed		/ˈkɫɔd/	형용사	She clawed the doorknob
merton		/ˈmɝtən/	명사	
rafter	서까래	/ˈɹæftɝ/	명사	
kama	카마	/ˈkɑmə/	명사	
has-been		/ˈhæzˌbɪn/	명사	
amphetamine	암페타인	/æmˈfɛtəˌmin/	명사	
tadpole	올챙이	/ˈtædˌpoʊɫ/	명사	
masterful	명인다운	/ˈmæstɝfəɫ/	형용사	A masterful speaker
regulator	단속자 | 정리자 | 정시기	/ˈɹɛɡjəˌɫeɪtɝ/	명사	
hajji			명사	To American soldiers, the hajji are the alien people from whom the enemy emerges
freebie	공짜의 것	/ˈfɹibi/	명사	The road map was a freebie
clenched		/ˈkɫɛntʃt/	형용사	A clenched fist
limiting		/ˈɫɪmətɪŋ/	형용사	
get-go			명사	She knew from the get-go that he was the man for her
punt	너벅선 | 펀트 | 펀트하다	/ˈpənt/	동사	The punt traveled 50 yards
deafening	방음 장지	/ˈdɛfənɪŋ/	형용사	A deafening noise
byzantium	의옛이름	/bəˈzæntiəm/	명사	
zenith	천정	/ˈzinəθ/	명사	
knoll	작은 둔덕	/ˈnoʊɫ/	명사	
fess		/ˈfɛs/	명사	
fantastically		/fænˈtæstɪkɫi/	부사	
ukulele	우쿨렐레	/ˌjukəˈɫeɪɫi/	명사	
westerner	서양인	/ˈwɛstɝnɝ/	명사	
abalone	전복	/ˌæbəˈɫoʊni/	명사	
impertinence	무례하게도 | 무관계 | 무례		명사	
raspy		/ˈɹæspi/	형용사	
rectory		/ˈɹɛktɝi/	명사	
ithaca	이타카	/ˈɪθəkə/	명사	
emulate		/ˈɛmjəˌɫeɪt/	동사	This artist's drawings cannot emulate his water colors
dugout	움막 | 토굴 | 땅굴집	/ˈdəˌɡaʊt/	명사	
ranging		/ˈɹeɪndʒɪŋ/	형용사	At night in bed...his slowly ranging thoughts...encountered her
porto		/ˈpɔɹtoʊ/	명사	
routinely		/ɹuˈtinɫi/	부사	He routinely parked in a no-parking zone
granola	그라놀라	/ɡɹəˈnoʊɫə/	명사	
racketeering		/ˌɹækɪˈtɪɹɪŋ/	명사	
jaded	닳아빠지다	/ˈdʒeɪdəd/	형용사	The amoral, jaded, bored upper classes
seltzer	셀쳐탄산수	/ˈsɛɫtsɝ/	명사	
rehabilitate	수복하다 | 복구하다 | 복구시키다	/ˌɹiəˈbɪɫəˌteɪt/	동사	The prisoner was successfully rehabilitated
wimpy		/ˈwɪmpi/	형용사	
haggle	입씨름하다 | 값을 깍기 | 흥정하다	/ˈhæɡəɫ/	동사	Let's not haggle over a few dollars
smothering	숨막히는	/ˈsməðɝɪŋ/	형용사	Smothering heat
memorandum	매매각서 | 각서 | 비망록	/ˌmɛmɝˈændəm/	명사	
refinement	정련 | 순화 | 고상	/ɹəˈfaɪnmənt/	명사	A man of intellectual refinement
grading	채점	/ˈɡɹeɪdɪŋ/	명사	What he disliked about teaching was all the grading he had to do
thirties		/ˈθɝtiz/	명사	
cinematographer	카메라멘	/ˌsɪnɪməˈtɑɡɹəfɝ/	명사	
profane	모독의 | 사교의 | 이교적인	/pɹoʊˈfeɪn/	형용사	Profane the name of God
bride-to-be			명사	
cutback	축소 | 장면전환 | 컷백	/ˈkətˌbæk/	명사	
qualm	메스꺼움		명사	
fornication	사통 | 상간		명사	
beater	몰이꾼 | 두들기는기구 | 때리는 사람	/ˈbitɝ/	명사	
twenty-nine			명사	
geometric	기하적인	/ˌdʒiəˈmɛtɹɪk/	형용사	A buffalo hide painted with red and black geometric designs
cornbread		/ˈkɔɹnˌbɹɛd/	명사	
sorbonne	소르보스	/sɔɹˈbɑn/	명사	
suggestive	암시적인 | 유혹적인	/səˈdʒɛstɪv/	형용사	A suggestive nod
trimester		/tɹaɪˈmɛstɝ/	명사	
unseemly	꼴사납게 | 꼴사나운	/ənˈsimɫi/	형용사	Unseemly to use profanity
turing		/ˈtʊɹɪŋ/	명사	
doer	실행가 | 행위자	/ˈduɹ/	명사	When you want something done get a doer
objectivity	객관성	/ˌɑbdʒɛkˈtɪvɪti/	명사	
resuscitate	소생하다 | 부활하다 | 부흥하다	/ɹiˈsəsɪˌteɪt/	동사	
indicative	표시하는	/ˌɪnˈdɪkətɪv/	명사	Indicative mood
keyed	건이 있는	/ˈkid/	형용사	A keyed instrument
wavy	파도치는 | 파장의 | 파도 많은	/ˈweɪvi/	형용사	She had long wavy hair
coot	검둥오리 | 물닭	/ˈkut/	명사	
unexplored		/ˌənɪksˈpɫɔɹd/	형용사	
aides		/ˈeɪdz/	명사	
stately		/ˈsteɪtɫi/	형용사	Stately columns
cornfield	곡물밭 | 보리밭 | 옥수수밭	/ˈkɔɹnˌfiɫd/	명사	
tolerable		/ˈtɑɫɝəbəɫ/	형용사	The climate is at least tolerable
bionic	초인적인	/ˌbaɪˈɔnɪk/	형용사	
peroxide	과산화물 | 과산화수소로 표백하다	/pɝˈɑkˌsaɪd/	명사	She must peroxide her hair-it looks unnaturally blond
imposition	안수 | 과함 | 놓음	/ˌɪmpəˈzɪʃən/	명사	He listened but resented the imposition
exorcise	액막이하다 | 내쫓다		동사	Exorcise evil spirits
southbound	남행의	/ˈsaʊθˌbaʊnd/	형용사	A southbound train
beaker	비커	/ˈbikɝ/	명사	
gillespie		/ɡəˈɫɛspi/	명사	
uplink		/ˈəˌpɫɪŋk/	명사	
clobber	차려입게하다 | 옷을 입히다 | 덮치다	/ˈkɫɑbɝ/	동사	Did you take all your clobber?
theseus	아테네의 영웅	/ˈθiˌziəs/	명사	
aditi			명사	
betrothal	약혼		명사	
goldsmith	금 세공인	/ˈɡoʊɫdsˌmɪθ/	명사	
wolff		/ˈwʊɫf/	명사	
abstain	금주가 | 자제하다	/æbˈsteɪn/	동사	I abstain from alcohol
lymphoma		/ɫɪmˈfoʊmə/	명사	
elated		/ɪˈɫeɪtəd/	형용사	The elated winner
grassy	풀의	/ˈɡɹæsi/	형용사	
pessimist	비관론자	/ˈpɛsəməst/	명사	
joffrey		/ˈdʒɔfɹi/	명사	
untoward	운이 나쁜	/əntəˈwɔɹd/	형용사	Moved to curb their untoward ribaldry
cagney		/ˈkæɡni/	명사	
squabble		/ˈskwɑbəɫ/	명사	
engraving	판화	/ɪnˈɡɹeɪvɪŋ/	명사	
floored		/ˈfɫɔɹd/	형용사	I was floored when I heard that I was promoted
isi			명사	
statistic		/stəˈtɪstɪk/	명사	
byzantine	비잔틴 | 비잔틴식의	/ˈbɪzənˌtaɪn/	형용사	Byzantine monks
wylie		/ˈwaɪɫi/	명사	
thoroughbred	출신이 좋은 | 순종 | 순종의	/ˈθɝoʊˈbɹɛd/	명사	
chechen		/ˈtʃɛtʃɪn/	명사	
gratification		/ˌɡɹætəfəˈkeɪʃən/	명사	Dull repetitious work gives no gratification
recruiter		/ɹɪˈkɹutɝ/	명사	
sky-high			부사	Prices have gone sky-high
complacent		/kəmˈpɫeɪsənt/	형용사	He had become complacent after years of success
undetectable		/əndɪˈtɛktəbəɫ/	형용사	
forbidding	험학한	/fɝˈbɪdɪŋ/	형용사	A forbidding scowl
ingrate	은혜를 모르는		명사	
cheerfully	기꺼이 | 기분좋게 | 명랑하게	/ˈtʃɪɹfəɫi/	부사	He cheerfully agreed to do it
gruff	쉰 목소리의	/ˈɡɹəf/	형용사	The dog's gruff barking
impersonation	분장 | 의인 | 맡아함	/ˌɪmpɝsəˈneɪʃən/	명사	
remover	제거제 | 박리제 | 사건 이송	/ɹɪˈmuvɝ/	명사	
corinth	코린트	/ˈkɔɹənθ/	명사	
infancy	초기에 | 요람기 | 유년시대	/ˈɪnfənsi/	명사	
ungodly	죄많은 | 신앙심 없는	/ənˈɡɔdɫi/	형용사	
tarantula	독거미의 일종	/təˈɹæntʃəɫə/	명사	
uneventful		/ˌəniˈvɛntfəɫ/	형용사	An uneventful life
somali	소말리족 | 소말리 말	/səˈmɑɫi/	명사	Somali coffee is excellent
cordoba	코르도바 | 코르도바 지폐	/ˌkɔɹˈdoʊbə/	명사	
emporium	큰 상점 | 상업 중심지	/ˌɛmˈpɔɹiəm/	명사	
stay-at-home			명사	A stay-at-home friend
phosphorus		/ˈfɑsfɝəs/	명사	
vii			명사	
authorisation			명사	
medea	메디아	/məˈdiə/	명사	
smithereens	산산조각	/ˌsmɪðɝˈinz/	명사	Berlin was bombed to smithereens
bookkeeping	부기	/ˈbʊkˌkipɪŋ/	명사	
ashe		/ˈæʃ/	명사	
coventry	코번트리	/ˈkəvəntɹi/	명사	The association should get rid of its elderly members--not by euthanasia, of course, but by Coventry
quadruple		/kwɑˈdɹupəɫ/	명사	His stock earning quadrupled
wasabi			명사	
legitimately		/ɫəˈdʒɪtəmətɫi/	부사	You cannot do this legitimately!
freudian	프로이드설의 | 프로이드파의 학도	/ˈfɹudiən/	형용사	Freudian theories
overpass	구름다리 | 고가 도로 | 못보고 넘기다	/ˈoʊvɝˌpæs/	명사	
honduras		/hɑnˈdʊɹəs/	명사	
schumann		/ˈʃumən/	명사	
flay	홀랑 빼앗다	/ˈfɫeɪ/	동사	
lido	해수욕장	/ˈɫidoʊ/	명사	
radium	라듐	/ˈɹeɪdiəm/	명사	
swill	씻가시기 | 씻가시다	/ˈswɪɫ/	동사	
interplanetary	행성간	/ˌɪntɝˈpɫænəˌtɛɹi/	형용사	Interplanetary travel
unhinged		/ənˈhɪndʒd/	형용사	
substantially	요점은 | 든든히 | 실질상	/səbˈstænʃəɫi/	부사	The price went up substantially
hickory	호두과의 나무	/ˈhɪkɝi/	명사	
pancreatic		/ˌpænkɹiˈætɪk/	형용사	Pancreatic cancer
iou	차용 증서	/ˌaɪˌoʊˈju/	명사	
baal			명사	
cease-fire	구령 | 휴전	/ˈsisˈfaɪɝ/	명사	
shrug	으쓱하다 | 어깨를 으쓱하다	/ˈʃɹəɡ/	동사	
reptilian	파충류의 | 파행동물 | 파충류동물	/ɹɛpˈtɪɫjən/	명사	
hard-boiled			형용사	
half-wit			명사	
allotted		/əˈɫɑtɪd/	형용사	Her allotted chores
impregnable	지지않는 | 끄떡 않는 | 난공 불락의	/ˌɪmˈpɹɛɡnəbəɫ/	형용사	An impregnable fortress
strew	흩뿌려 뒤덮다	/ˈstɹu/	동사	Strew toys all over the carpet
swerve	빗나감 | 벗어남 | 빗나가다	/ˈswɝv/	동사	
descartes	데카르트	/deɪˈkɑɹt/	명사	
wordsworth		/ˈwɝdzwɝθ/	명사	
auditor	감사 | 방청자 | 청강생	/ˈɔdɪtɝ/	명사	
checkered	바둑판 무늬의	/ˈtʃɛkɝd/	형용사	A checkered business career
dorado	만새기 | 황새치자리	/dɔˈɹɑdoʊ/	명사	
puffing	추어올림 | 훅불기 | 숨찬	/ˈpəfɪŋ/	명사	A puffing kind of man
abject	비열한 | 비참하다	/ˈæbdʒɛkt/	형용사	Abject cowardice
medevac			명사	
trampling		/ˈtɹæmpɫɪŋ/	명사	
straitjacket	속박 | 엄중한	/ˈstɹeɪtˌdʒækət/	명사	The government is operating in an economic straitjacket
derail	탈선하다	/dɪˈɹeɪɫ/	동사	The train derailed because a cow was standing on the tracks
intolerance	아량이 없음 | 옹졸 | 편협	/ˌɪnˈtɑɫɝəns/	명사	His intolerance of interruptions
haddock		/ˈhædək/	명사	
bleached	표백한	/ˈbɫitʃt/	형용사	A bleached blonde
vanderbilt		/ˈvændɝbɪɫt/	명사	
unintentionally		/ˌənɪnˈtɛnʃənəɫi/	부사	She hit him unintentionally
clump	나무숲 | 더어리 | 밑창	/ˈkɫəmp/	명사	
poon	야라보	/ˈpun/	명사	
knut		/ˈknət/	명사	
stockade	영창 | 울타리로 둘러치다 | 방책	/ˈstɑˌkeɪd/	명사	
proust		/ˈpɹaʊst/	명사	
convulsion	포복 절도 | 격동 | 웃음의 발작	/kənˈvəɫʃən/	명사	Convulsions of laughter
sunbathe	일광욕하다	/ˈsənˌbeɪð/	동사	
fixture	공작물 | 정착물	/ˈfɪkstʃɝ/	명사	A bum who is a Central Park fixture
quartermaster	조타수	/ˈkwɔɹtɝˌmæstɝ/	명사	
stand-in			명사	The star had a stand-in for dangerous scenes
khaki	카키색	/ˈkæki/	형용사	
apathy	낸담 | 무감동	/ˈæpəθi/	명사	
embolism	색전증	/ˈɛmboʊˌɫɪzəm/	명사	
dignitary	고승 | 고관 | 귀인	/ˈdɪɡnəˌtɛɹi/	명사	
panorama	파노라마 | 전경	/ˌpænɝˈæmə/	명사	
regimental		/ˌɹɛdʒəˈmɛntəɫ/	형용사	Regimental units
oceanic	대양산의 | 해양공학 | 대양에사는	/ˌoʊʃiˈænɪk/	형용사	Oceanic currents
magnate	거물	/ˈmæɡˌneɪt/	명사	
mongo			명사	
labrador		/ˈɫæbɹəˌdɔɹ/	명사	
seashore	해안	/ˈsiˌʃɔɹ/	명사	
collusion	결탁 | 야합 | 통모	/kəˈɫuʒən/	명사	
detainee	억류자	/ˌditeɪˈni/	명사	
pollute	불결하게 하다 | 더럽히다	/pəˈɫut/	동사	The industrial wastes polluted the lake
thirdly	세번째로	/ˈθɝdɫi/	부사	
horowitz		/ˈhɔɹoʊɪts/	명사	
god-awful			형용사	Stop that god-awful racket
overstep		/ˈoʊvɝˌstɛp/	동사	
snipe	저격 | 저격하다 | 도요새	/ˈsnaɪp/	동사	
retriever	리트리버 | 회복자 | 되찾는 사람	/ɹiˈtɹivɝ/	명사	
cleanly	개끗하게 | 말끔히 | 정통으로	/ˈkɫinɫi/	부사	The motor burns cleanly
vizier			명사	
fizzy	부글부글하는 | 거품 이는		형용사	
unafraid		/ˌənəˈfɹeɪd/	형용사	
jinni			명사	
prenatal	출생 전의	/pɹiˈneɪtəɫ/	형용사	The prenatal period
waver	반짝이다 | 어물거리다 | 비틀거리다	/ˈweɪvɝ/	동사	
untrained	훈련되지 않은	/ənˈtɹeɪnd/	형용사	Untrained troops
eighties		/ˈeɪtiz/	명사	
entail	수반하다 | 필요로하다	/ɛnˈteɪɫ/	동사	What does this move entail?
wildebeest			명사	
teaspoon	찻숟가락	/ˈtiˌspun/	명사	
splutter			명사	
statesman	정치가	/ˈsteɪtsmən/	명사	
incorrectly		/ˌɪnkɝˈɛktɫi/	부사	He decided to reveal the details only after other sources had reported them incorrectly
woodpecker	딱따구리	/ˈwʊdˌpɛkɝ/	명사	
groundwork		/ˈɡɹaʊndˌwɝk/	명사	We are prepared today because of groundwork that was done ten years ago
cufflink			명사	
amenities		/əˈmɛnətiz/	명사	He discovered the amenities of reading at an early age
snooty	우쭐거리는	/ˈsnuti/	형용사	
hilly	언덕이 많은	/ˈhɪɫi/	형용사	
foiled		/ˈfɔɪɫd/	형용사	Their foiled attempt to capture Calais
slowest		/ˈsɫoʊəst/	부사	
debatable		/dəˈbeɪtəbəɫ/	형용사	
unopened	열려있지않은	/əˈnoʊpənd/	형용사	Unopened Christmas presents
decompression	감압	/ˌdikəmˈpɹɛʃən/	명사	
hydrated		/ˈhaɪˌdɹeɪtəd/	형용사	The bicyclists must be hydrated frequently
garb	복장 | 외관	/ˈɡɑɹb/	명사	
versace		/vɝˈsɑtʃeɪ/	명사	
triton		/ˈtɹaɪtən/	명사	
vichy		/ˈviʃi/	명사	
infuse	부어넣다 | 우러나다 | 우리다	/ˌɪnˈfjuz/	동사	Some physiologists infuses sugar solutions into the veins of animals
tendon	힘줄 | 건	/ˈtɛndən/	명사	
hashish		/ˈhæʃɪʃ/	명사	
tutorial	지도의 | 가정교사의 | 지도 시간	/tuˈtɔɹiəɫ/	명사	Tutorial sessions
ringside	링사이드 | 링사이드의	/ˈɹɪŋˌsaɪd/	명사	
macon	프랑스산 포도주	/ˈmeɪkən/	명사	
inequality	불평등하다 | 고저 | 불평등	/ˈɪniˈkwɑɫəti/	명사	The growing inequality between rich and poor
browse		/ˈbɹaʊz/	동사	Browse a computer directory
acclaim	갈채하다	/əˈkɫeɪm/	동사	The book met with modest acclaim
humongous	터무니없이 큰	/hjuˈmɔŋɡəs/	형용사	
skanky			형용사	
vassal	예속하는 | 노예 | 가신	/ˈvæsəɫ/	명사	
haitian	아이티섬 | 아이티섬 사람	/ˈheɪʃən/	명사	Haitian shantytowns
indirect	방계의 | 간접화법의 | 빙둘러대는	/ˌɪndɝˈɛkt/	형용사	Indirect evidence
socializing		/ˈsoʊʃəˌɫaɪzɪŋ/	명사	
scranton		/ˈskɹæntən/	명사	
stifle	숨겨두다 | 숨막히게하다 | 진압하다	/ˈstaɪfəɫ/	동사	Stifle your curiosity
provost	주임 사제 | 학장	/ˈpɹoʊvoʊst/	명사	
underprivileged		/ˈəndɝˈpɹɪvɫədʒd/	형용사	
spurt	역주 | 분출 | 뿜다	/ˈspɝt/	동사	
mayflower	암당자	/ˈmeɪˌfɫaʊɝ/	명사	
embezzle		/ɪmˈbɛzəɫ/	동사	The accountant embezzled thousands of dollars while working for the wealthy family
factual		/ˈfæktʃuəɫ/	형용사	Factual considerations
dieting		/ˈdaɪətɪŋ/	명사	
girard		/dʒɝˈɑɹd/	명사	
gruel	엄벌	/ˈɡɹuɪɫ/	명사	
kayak	카약	/ˈkaɪæk/	명사	We kayaked down the river
giza		/ˈɡizə/	명사	
quahog		/ˈkwɑˌhɔɡ/	명사	
tricycle	세발자전거 | 삼륜오토바이	/ˈtɹɪsɪkəɫ/	명사	
nomadic		/noʊˈmædɪk/	형용사	The nomadic habits of the Bedouins
ottawa	캐나다의 수도	/ˈɑtəˌwɑ/	명사	
rotor	회전자 | 축차 | 풍통	/ˈɹoʊtɝ/	명사	There are horizontal rotors on a helicopter or compressor rotors in a jet engine
skulking		/ˈskəɫkɪŋ/	명사	
syrinx	구씨관 | 울대		명사	
marquee	텐트 | 큰천막 | 큰 차양	/mɑɹˈki/	명사	
candor	솔직 | 허심탄회	/ˈkændɝ/	명사	
anti-semitic			형용사	
argyle	마름모색무늬	/ˈɑɹˌɡaɪɫ/	명사	
repute	명성 | 이라고 평하다 | 고명	/ɹipˈjut/	동사	He is reputed to be intelligent
odious	밉살스럽다	/ˈoʊdiəs/	형용사	Consequences odious to those you govern
cartier		/ˈkɑɹtiɝ/	명사	
heartbreaker			명사	
exclusion	몰아냄 | 제거하다 | 배제	/ɪkˈskɫuʒən/	명사	
bunter			명사	
centigrade	백분도의 | 섭씨의	/ˈsɛntəˌɡɹeɪd/	형용사	
scandinavia	북유럽 | 스칸디나비아 | 스칸디나비아의	/ˌskændɪˈneɪviə/	명사	
loveless		/ˈɫəvɫəs/	형용사	A loveless marriage
radiance	발광 | 광채 | 광휘	/ˈɹeɪˌdiəns/	명사	The radiance of her countenance
jabbering			명사	
joplin		/ˈdʒɑpɫɪn/	명사	
rummage	수색하다 | 검색 | 뒤적거리다	/ˈɹəmɪdʒ/	동사	We rummaged through the drawers
banishment	추방 | 방축 | 배척	/ˈbænɪʃmənt/	명사	
abscess	농양 | 헌데 | 종기	/ˈæbˌsɛs/	명사	
malaysian	말레이의 | 말레이 사람	/məˈɫeɪʒən/	명사	Malaysian police crack down hard on drug smugglers
playlist		/ˈpɫeɪɫɪst/	명사	
scoured		/ˈskaʊɝd/	형용사	The police scoured the country for the fugitive
lino		/ˈɫinoʊ/	명사	
gawk		/ˈɡɔk/	동사	
rebuttal	항변하다 | 반증	/ɹiˈbətəɫ/	명사	
terminally		/ˈtɝmənəɫi/	부사	
wily	책략이 있는	/ˈwaɪɫi/	형용사	A wily old attorney
draped		/ˈdɹeɪpt/	형용사	Velvet-draped windows
outset		/ˈaʊtˌsɛt/	명사	
inoperable		/ˌɪˈnɑpɝəbəɫ/	형용사	Metastasis has rendered the tumor inoperable
subtly		/ˈsətəɫi/	부사	
digitally		/ˈdɪdʒətəɫi/	부사	The time was digitally displayed
anecdote	일화 | 기담	/ˈænəkˌdoʊt/	명사	
arroyo		/ɝˈɔɪoʊ/	명사	
overseer	감독자 | 조장	/ˈoʊvɝˈsiɝ/	명사	
emigrate	이주하다	/ˈɛməˌɡɹeɪt/	동사	Many people had to emigrate during the Nazi period
steadfast	부동의 | 견실한	/ˈstɛdˌfæst/	형용사	A steadfast ally
intermittent	단속적인	/ˌɪntɝˈmɪtənt/	형용사	Intermittent rain showers
whopper		/ˈhwɑpɝ/	명사	
tchaikovsky		/ˌtʃaɪˈkɑfski/	명사	
malaya	말라야 | 말레이 반도		명사	
wheelhouse			명사	
kc			명사	
unaffected	있는 그대로의 | 꾸밈 없는	/ˌənəˈfɛktɪd/	형용사	An unaffected grace
clarification	해명 | 맑게 함	/ˌkɫɛɹəfəˈkeɪʃən/	명사	The professor's clarification helped her to understand the textbook
impunity		/ˌɪmˈpjunɪti/	명사	
opportunist	편의주의자 | 기회주의자	/ˌɑpɝˈtunɪst/	명사	
marxist	마르크스주의자	/ˈmɑɹksəst/	형용사	
aerospace	항공우주 | 대기권과 우주	/ˈɛɹoʊˌspeɪs/	명사	
fabricate	꾸며내다 | 가공하다 | 제품으로 가공하다	/ˈfæbɹəˌkeɪt/	동사	The company fabricates plastic chairs
disinfect	살균하다 | 소독하다	/dɪsɪnˈfɛkt/	동사	Disinfect a wound
refute	논박하다	/ɹɪfˈjut/	동사	The speaker refuted his opponent's arguments
paving		/ˈpeɪvɪŋ/	명사	
tabby	암코양이	/ˈtæbi/	명사	
orwell		/ˈɔɹˌwɛɫ/	명사	
parkway		/ˈpɑɹˌkweɪ/	명사	
guangzhou		/ˈɡwæŋˌzu/	명사	
ricochet	도탄 | 튀며 날기 | 튀며 날다	/ˈɹɪkəˌʃeɪ/	동사	
responder		/ɹɪˈspɑndɝ/	명사	
lifespan		/ˈɫaɪfˌspæn/	명사	
incoherent	점착력이없는	/ˌɪnkoʊˈhɪɹənt/	형용사	Incoherent with grief
wriggle	꿈틀거림 | 꿈틀거리게 하다 | 꾸물거리다	/ˈɹɪɡəɫ/	동사	The child tried to wriggle free from his aunt's embrace
theorem		/ˈθɪɹəm/	명사	
circumference	주변 | 주위 | 주변에	/ˌsɝˈkəmfɹəns/	명사	He had walked the full circumference of his land
pacify	가라앉히다	/ˈpæsəˌfaɪ/	동사	The U.N. troops are working to pacify Bosnia
dunce	열등생 | 저능아		명사	
kind-hearted			형용사	
blasphemous	모독적인 | 불경스러운	/ˈbɫæsfəməs/	형용사	Foul-mouthed and blasphemous
bolivian	볼리비아의	/bəˈɫɪviən/	명사	
excessively	하도	/ɪkˈsɛsɪvɫi/	부사	
cha-cha			명사	
unzip		/ənˈzɪp/	동사	
drier	말리는사람 | 건조기	/ˈdɹaɪɝ/	명사	
oriented		/ˈɔɹiˌɛntəd/	형용사	The book is value-oriented throughout
prohibit	방해하다 | 불가능하게하다	/pɹoʊˈhɪbət/	동사	
retraction	수축력 | 움츠림 | 철회	/ɹiˈtɹækʃən/	명사	Retraction of the foreskin
sceptical			형용사	
turtleneck	자라목깃 | 자라목 스웨터	/ˈtɝtəɫˌnɛk/	명사	
payable		/ˈpeɪəbəɫ/	형용사	A note payable on demand
defile	더럽히다		동사	The townspeople defiled the river by emptying raw sewage into it
unbutton	단추를 끄르다	/ənˈbətən/	동사	Unbutton the shirt
chimera	괴물 | 키메라 | 망상	/tʃɪˈmɛɹə/	명사	
depress	내리 누르다 | 약화시키다 | 저하시키다	/dɪˈpɹɛs/	동사	Depress the space key
breech	뒷부분 | 총미 | 포미	/ˈbɹitʃ/	명사	
paralyze	마비시키다	/ˈpɛɹəˌɫaɪz/	동사	Fear paralyzed her
isolating		/ˈaɪsəˌɫeɪtɪŋ/	형용사	
abiding		/əˈbaɪdɪŋ/	형용사	An abiding belief
cowgirl	여자 카우보이	/ˈkaʊˌɡɝɫ/	명사	
ornery		/ˈɔɹnɝi/	형용사	
lithuanian	리투아니아의 | 리투아니아 말 | 리투아니아 사람	/ˌɫɪθəˈweɪniən/	명사	
sterilize	단종하다 | 살균하다 | 불모로 하다	/ˈstɛɹəˌɫaɪz/	동사	In some countries, people with genetically transmissible disabilites are sterilized
fatten	살찌다 | 살찌우다 | 기름지게 하다	/ˈfætən/	동사	
arid		/ˈæɹəd/	형용사	An arid climate
gaffer	전기주임		명사	
decimal	소수의 | 십진법의	/ˈdɛsəməɫ/	명사	The decimal system
greco		/ˈɡɹɛkoʊ/	명사	
kinship	혈족 관계 | 유사	/ˈkɪnˌʃɪp/	명사	Anthropology's kinship with the humanities
desolation	황량 | 서글픔 | 쓸쓸함	/ˌdɛsəˈɫeɪʃən/	명사	
beckon	신호하다 | 유인하다 | 유혹하다	/ˈbɛkən/	동사	The shop window decorations beckoned
haggard	여윈 | 바싹 마른	/ˈhæɡɝd/	형용사	Eyes were haggard and cavernous
esophagus	식도	/ɪˈsɑfəɡəs/	명사	
pythagoras	피타고라스	/ˌpɪθəˈɡɔɹɑs/	명사	
epinephrine		/ˌɛpɪˈnɛfɹɪn/	명사	
antiseptic	방부의	/ˌæntəˈsɛptɪk/	형용사	Antiseptic financial practices
tapeworm	촌충		명사	
redford		/ˈɹɛdfɝd/	명사	
scythe	큰 낫 | 낫	/ˈsaɪθ/	명사	Scythe grass or grain
escalation	에스칼레이터식수정	/ˌɛskəˈɫeɪʃən/	명사	Higher wages caused an escalation of prices
educator	교육자	/ˈɛdʒəˌkeɪtɝ/	명사	
mantel	벽로 선반 | 벽로의 장식	/ˈmæntəɫ/	명사	In Britain they call a mantel a chimneypiece
revue	레뷔	/ɹɪvˈju/	명사	
rerun	재방송 | 재상연 | 재연	/ˈɹiˈɹən/	동사	Bush wants to rerun in 1996
royally	왕으로서 | 왕답게	/ˈɹɔɪəɫi/	부사	They were royally treated
northbound	북행의	/ˈnɔɹθbaʊnd/	형용사	The northbound lane
ramadan	라마단 | 라마단의 단식	/ˈɹæmədən/	명사	
paddock		/ˈpædək/	명사	
anaconda	아나콘다 뱀	/ˌænəˈkɑndə/	명사	
discontinued		/dɪskənˈtɪnjud/	형용사	Discontinued models
argumentative	의론의	/ˌɑɹɡjəˈmɛntətɪv/	형용사	An argumentative discourse
mauser	모제르 총	/ˈmaʊsɝ/	명사	
carpentry	목공품 | 목수일 | 목수직	/ˈkɑɹpəntɹi/	명사	
vaccination	종두	/væksəˈneɪʃən/	명사	
fsb			명사	
wedgie			명사	
disarray	난잡	/ˌdɪsəˈɹeɪ/	명사	
bullhorn	전기메가폰	/ˈbʊɫˌhɔɹn/	명사	
robespierre			명사	
dissuade	단념시키다	/dɪˈsweɪd/	동사	Negative campaigning will only dissuade people
imp	보강하다 | 왈패아이 | 꼬마도깨비장난꾸러기	/ˈɪmp/	명사	
kendal		/ˈkɛndəɫ/	명사	
coolant	냉각제	/ˈkuɫənt/	명사	The atomic reactor used a gas coolant
fauna	동물상 | 동물군 | 동물지	/ˈfɔnə/	명사	The fauna of China
artichoke	힌꽃엉겅퀴	/ˈɑɹtəˌtʃoʊk/	명사	
kipper	건물로 하다	/ˈkɪpɝ/	명사	
overlord	대군주	/ˈoʊvɝˌɫɔɹd/	명사	
mesmerized		/ˈmɛzmɝˌaɪzd/	형용사	
semantics	의미론 | 의의학 | 어의 발달론	/sɪˈmæntɪks/	명사	A petty argument about semantics
slosh		/ˈsɫɑʃ/	동사	Slosh paint all over the walls
texan	텍사스의	/ˈtɛksən/	명사	
negatively	소극적으로	/ˈnɛɡətɪvɫi/	부사	He was negatively affected
camouflaged		/ˈkæməˌfɫɑʒd/	형용사	The troops camouflaged themselves before they went into enemy territory
fulcrum	받침점 | 지렛목 | 지레 받침	/ˈfʊɫkɹəm/	명사	
booklet	팸플렛 | 작은 책자	/ˈbʊkɫɪt/	명사	
splint	비골 | 부목	/ˈspɫɪnt/	명사	Splint a broken finger
aberration	수차 | 정신 이상	/ˌæbɝˈeɪʃən/	명사	
abundantly		/əˈbəndəntɫi/	부사	They were abundantly supplied with food
vexed	마음 아픈 | 안절부절 못하는	/ˈvɛkst/	형용사	The vexed issue of priorities
slink	살금살금 걷다		동사	I saw a cougar slinking toward its prey
sensuality		/ˌsɛnˌʃuˈæɫəˌti/	명사	
distantly	에둘러 | 간접적으로 | 떨어져서		부사	Dimly, distantly, voices sounded in the stillness
oncology	종양학	/ɑŋˈkɑɫədʒi/	명사	
roan		/ˈɹoʊn/	명사	
boned		/ˈboʊnd/	형용사	A boned (or deboned) fish
frayed		/ˈfɹeɪd/	형용사	The friction frayed the sleeve
mott		/ˈmɑt/	명사	
softness	유연 | 매끈하다 | 부드러움	/ˈsɔfnəs/	명사	The softness of the morning sky
aries	백양궁 | 수양자리	/ˈɛɹiz/	명사	
mummify	바짝 말리다 | 미라로 만들다	/ˈməməˌfaɪ/	동사	
bustling	붐비는 | 부산스러운 | 떠들썩하다	/ˈbəsəɫɪŋ/	형용사	A bustling city
putter	경타자 | 경타용 채 | 놓는 사람	/ˈpətɝ/	동사	
canaan	낙원 | 가나안 땅	/ˈkeɪnən/	명사	
calgary		/ˈkæɫɡɝi/	명사	
pocketbook	포켓북 | 수첩	/ˈpɑkətˌbʊk/	명사	That car is too expensive for my pocketbook
reefer	리퍼 | 냉장선 | 냉장트럭	/ˈɹifɝ/	명사	
uppity		/ˈəpəti/	형용사	Getting a little uppity and needed to be slapped down
send-off			명사	
innocently		/ˈɪnəsəntɫi/	부사	She smiled at him innocently
distil		/dɪˈstɪɫ/	동사	
cicada	매미	/səˈkeɪdə/	명사	
technicolor		/ˈtɛknɪˌkəɫɝ/	명사	
tsa			명사	
anemic		/əˈnimɪk/	형용사	An anemic attempt to hit the baseball
kubrick		/ˈkjuˌbɹɪk/	명사	
four-year-old			형용사	
clammy	찐득한	/ˈkɫæmi/	형용사	A clammy handshake
modem	변복조 장치	/ˈmoʊdəm/	명사	
dismay	경악 | 근심시키다	/dɪsˈmeɪ/	명사	
frosted		/ˈfɹɔstəd/	형용사	Ice crystals frosted the glass
jacksonville		/ˈdʒæksənˌvɪɫ/	명사	
winnipeg	위니펙	/ˈwɪnɪpəɡ/	명사	
varying	바뀌는	/ˈvɛɹiɪŋ/	형용사	The varying angles of roof slope
thwart	가로질러 | 카누의 창막이 | 가로지른	/ˈθwɔɹt/	동사	
congee			명사	He has congeed with the King
newspaperman		/ˈnuzˌpeɪpɝˌmæn/	명사	
carjacking		/ˈkɑɹˌdʒækɪŋ/	명사	
availability	쓸모 | 유익 | 유효	/əˌveɪɫəˈbɪɫəti/	명사	
two-timing			형용사	A two-timing boyfriend
indecisive	결정적이 아닌	/ˌɪndɪˈsaɪsɪv/	형용사	A long and indecisive war
instigate	충동하다 | 추기다 | 유발시키다	/ˈɪnstəˌɡeɪt/	동사	
thoracic	가슴의	/θɔˈɹæsɪk/	형용사	
sr		/ˈsinjɝ/	명사	
categorically	명확히 | 단언적으로	/ˌkætəˈɡɑɹɪkɫi/	부사	
chevron		/ˈʃɛvɹɑn/	명사	
windpipe	기관		명사	
run-of-the-mill			형용사	Run-of-the-mill boxing
kurdish		/ˈkɝdɪʃ/	명사	Kurdish Moslems
plowed		/ˈpɫaʊd/	형용사	The ship plowed through the water
overpowering	압도적	/ˈoʊvɝˈpaʊɹɪŋ/	형용사	An overpowering need for solitude
wheeling		/ˈhwiɫɪŋ/	명사	
grandmaster		/ˈɡɹænˈmæstɝ/	명사	
interpreting	통역	/ˈɪntɝˌpɹɛtɪŋ/	명사	He annoyed us with his interpreting of parables
aga		/ˈɑɡə/	명사	
ladle	구기 | 국자	/ˈɫeɪdəɫ/	동사	Ladle soup into the bowl
savory	맛 좋은 | 입가심 요리 | 풍미 있는	/ˈseɪvɝi/	명사	A past that was scarcely savory
disprove	논박하다 | 반증하다	/dɪsˈpɹuv/	동사	The physicist disproved his colleagues' theories
pleasantry		/ˈpɫɛzəntɹi/	명사	
sentimentality		/ˌsɛnəmɛnˈtæɫɪti/	명사	
cs			명사	
shamrock		/ˈʃæmˌɹɑk/	명사	
tubing	배관 | 관재료 | 파이프	/ˈtubɪŋ/	명사	
allocate	배분하다 | 배치하다 | 할당하다	/ˈæɫəˌkeɪt/	동사	
clegg		/ˈkɫɛɡ/	명사	
pollard	뿔없는 소	/ˈpɑɫɝd/	명사	
overheating		/ˈoʊvɝˌhitɪŋ/	명사	
steppe	스텝지대 | 대초원	/ˈstɛp/	명사	
neighborly	사귐성있는 | 이웃 사람다운	/ˈneɪbɝɫi/	형용사	
half-baked	설익다 | 날것	/ˈhæfˌbeɪkt/	형용사	Half-baked ideas
vaseline	바셀린	/ˈvæsəˌɫin/	명사	
deluge	대홍수 | 쇄도하다 | 범람시키다	/ˈdɛɫjudʒ/	명사	
disconcerting	당황케하는	/ˌdɪskənˈsɝtɪŋ/	형용사	His disconcerting habit of greeting friends ferociously and strangers charmingly
incumbent	기대는 | 수록 | 현직자	/ˌɪnˈkəmbənt/	형용사	The incumbent governor
morel	그물버섯 | 까마종이	/mɝˈɛɫ/	명사	
pucker	주르잡히다 | 주름살 짓다	/ˈpəkɝ/	동사	Her lips puckered
pothole	돌개 구멍	/ˈpɑtˌhoʊɫ/	명사	
denominator	분모	/dɪˈnɑməˌneɪtɝ/	명사	
succulent	다육의	/ˈsəkjəɫɪnt/	명사	Succulent roast beef
expenditure	지출 | 출비	/ɪkˈspɛndətʃɝ/	명사	
speedboat	쾌속정	/ˈspidˌboʊt/	명사	
hygienic			형용사	Hygienic habits like using disposable tissues
galloway	복마	/ˈɡæɫoʊˌweɪ/	명사	
dartmouth	다트머스	/ˈdɑɹtməθ/	명사	
unscheduled		/ənˈskɛdʒuɫd/	형용사	An unscheduled meeting
clench	맞붙잡기 | 부르쥐다 | 이갈기	/ˈkɫɛntʃ/	동사	Clench one's jaw
confidant		/ˈkɑnfəˌdɑnt/	명사	
ratting			명사	
bravado	허세	/bɹəˈvɑdoʊ/	명사	
inbred	동종번식의	/ˈɪnˌbɹɛd/	형용사	
astaire		/əˈstɛɹ/	명사	
paralegal	법률가 보조원	/ˌpɛɹəˈɫiɡəɫ/	명사	
irrefutable		/ˌɪɹəfˈjutəbəɫ/	형용사	An irrefutable argument
lymph	두묘액 | 임파액	/ˈɫɪmf/	명사	
scrumptious			형용사	
acquit	석방번 | 영주증 | 면제하다	/əˈkwɪt/	동사	
crimea	크림반도	/kɹaɪˈmiə/	명사	
sanctimonious		/ˌsæŋktəˈmoʊniəs/	형용사	A sickening sanctimonious smile
antiquated	기고하다	/ˈæntəˌkweɪtɪd/	형용사	
captor	체포자 | 획득자	/ˈkæptɝ/	명사	
falafel	팔라펠	/fəˈɫɑfəɫ/	명사	
wince	움츠림 | 주춤 | 주춤하다	/ˈwɪns/	동사	She winced when she heard his pompous speech
excelsior	오직향상!	/ɪkˈsɛɫsiɝ/	명사	
emergence	출현	/ˈimɝdʒəns/	명사	Figurines presage the emergence of sculpture in Greece
catalan	카탈로니아의 | 카탈로니아 사람 | 카탈로니아 사람의	/ˈkætəɫən/	명사	Catalan independence movement
clotting		/ˈkɫɑtɪŋ/	명사	
lillie		/ˈɫɪɫi/	명사	
skinhead	스킨헤드족	/ˈskɪnˌhɛd/	명사	
warpath	출정의 길	/ˈwɔɹˌpæθ/	명사	The chief is on the warpath today
pterodactyl	익수룡		명사	
subsidiary	보조물 | 보조금의 | 보충적인	/səbˈsɪdiˌɛɹi/	명사	
outgrow		/ˌaʊtˈɡɹoʊ/	동사	
provence	프로방스 지방	/ˈpɹoʊvəns/	명사	
clunk		/ˈkɫəŋk/	명사	
terminology	용법 | 술어	/ˌtɝmɪˈnɑɫədʒi/	명사	Legal terminology
surveying		/ˈsɝˌveɪɪŋ/	명사	He studied surveying at college
upscale	중류이상의 | 고소득층에 속하는	/ˈəpˌskeɪɫ/	형용사	An upscale motel
foaming		/ˈfoʊmɪŋ/	형용사	The river was foaming
keystone	마루돌 | 중추	/ˈkiˌstoʊn/	명사	The keystone of campaign reform was the ban on soft money
confidently	확신하여	/ˈkɑnfədəntɫi/	부사	We have to do what is right confidently
piloting		/ˈpaɪɫətɪŋ/	명사	
outwit	손수치다	/ˈaʊtˌwɪt/	동사	
strengthening		/ˈstɹɛŋθənɪŋ/	명사	
discouraging	신이 안나는	/dɪˈskɝədʒɪŋ/	형용사	Where never is heard a discouraging word
mvp			명사	
custom-made			명사	
cinder	뜬숯 | 쇠찌끼 | 탄 재	/ˈsɪndɝ/	명사	
comparative	비교급 | 상대적인	/kəmˈpɛɹətɪv/	형용사	Comparative linguistics
stepbrother	의붓형제		명사	
gyro	지로 | 이로 | 회전의 뜻	/ˈdʒaɪˌɹoʊ/	명사	
dribbling	질질	/ˈdɹɪbəɫɪŋ/	명사	
karachi		/kɑˈɹɑtʃi/	명사	
kandahar		/ˈkændəhɑɹ/	명사	
goblet		/ˈɡɑbɫət/	명사	
servicing		/ˈsɝvɪsɪŋ/	명사	The bull was worth good money in servicing fees
streisand		/ˈstɹaɪˌsænd/	명사	
life-support			형용사	
marginal	언저리의	/ˈmɑɹdʒənəɫ/	형용사	A marginal victory
run-down	멈춘 | 건강을 해친	/ˈɹənˈdaʊn/	형용사	A run-down watch
minibar			명사	
trove		/ˈtɹoʊv/	명사	
consolidate	튼튼해지다 | 합병정리하다 | 통일하다	/kənˈsɑɫɪˌdeɪt/	동사	Consolidate one's gains
gearing	맞물림 | 전동장치	/ˈɡɪɹɪŋ/	명사	
breastfeed		/ˈbɹɛstfid/	동사	
sargent		/ˈsɑɹdʒənt/	명사	
jakarta	자카르타	/dʒəˈkɑɹtə/	명사	
populace	하층 계급	/ˈpɑpjəɫəs/	명사	
kota			명사	
wavering		/ˈweɪvɝɪŋ/	명사	
grating	서로 갈리는 | 격자 | 귀에 거슬리는	/ˈɡɹeɪtɪŋ/	명사	
fey		/ˈfeɪ/	형용사	The fey quality was there, the ability to see the moon at midday
re-create	개조하다 | 재현하다		동사	Re-create a picture by Rembrandt
haemorrhage			명사	
billed		/ˈbɪɫd/	형용사	A long-billed cap
criticise			동사	
minibus	마이크로 버스	/ˈmɪniˌbəs/	명사	
faithless	신심없는		형용사	The faithless Benedict Arnold
easing		/ˈizɪŋ/	명사	
blackbeard			명사	
amplifier	증폭기 | 확대하는 물건	/ˈæmpɫəˌfaɪɝ/	명사	
plywood	합판 | 베니어 합판	/ˈpɫaɪˌwʊd/	명사	
caboose	승무원차	/kəˈbus/	명사	
grandiose	성대하다 | 장대하다	/ˈɡɹændiˌoʊs/	형용사	
gravestone	묘석	/ˈɡɹeɪvˌstoʊn/	명사	
absurdity	엉터리없는 일	/əbˈsɝdəti/	명사	The crowd laughed at the absurdity of the clown's behavior
strychnine	스트리키닌	/ˈstɹɪkˌnaɪn/	명사	
carrion		/ˈkɛɹiən/	명사	
blameless		/ˈbɫeɪmɫəs/	형용사	Has lived a blameless life
intrusive	끼어든 | 감입적인 | 관입의	/ˌɪnˈtɹusɪv/	형용사	An intrusive arm of the sea
extenuating		/ɪkˈstɛnjuˌeɪtɪŋ/	형용사	Extenuating circumstances
blatantly		/ˈbɫeɪtəntɫi/	부사	They blatantly violated the laws
lividity	납빛	/ɫɪˈvɪdɪti/	명사	
nyssa		/ˈnɪsə/	명사	
pragmatic	쓸데없이 참견하는 | 실제적인	/pɹæɡˈmætɪk/	형용사	Not ideology but pragmatic politics
leeway	풍압	/ˈɫiˌweɪ/	명사	
abnormality	병신 | 변칙 | 불구 不具	/ˌæbnɔɹˈmæɫəti/	명사	
condense	응축하다 | 압축되다 | 집광하다	/kənˈdɛns/	동사	Water condenses
falsetto	가성 | 가성으로 | 가성의	/fɔɫˈsɛˌtoʊ/	명사	A falsetto voice
foothill		/ˈfʊtˌhɪɫ/	명사	
tirelessly		/ˈtaɪɹɫəsɫi/	부사	
foreskin	포피	/ˈfoʊɹˌskɪn/	명사	
presbyterian	장로 | 장로제의 | 장로파	/ˌpɹɛsbɪˈtɪɹiən/	명사	
viennese	빈식의 | 빈의 | 빈 사람	/viˈɛˌnis/	형용사	
quirk	둔사 | 멋부려 쓰기 | 기벽	/ˈkwɝk/	명사	She quirked her head in a peculiar way
hubris	오만 | 자기 과신	/ˈhjubɹəs/	명사	
thirty-three			형용사	
imperfection	부전 | 결함 | 결점	/ˌɪmpɝˈfɛkʃən/	명사	
sill	문지방	/ˈsɪɫ/	명사	
niner		/ˈnaɪnɝ/	명사	
pretence	거짓 꾸밈 | 허세 | 구실		명사	
philistine	속물	/ˈfɪɫəˌstin/	명사	
bootie		/ˈbuti/	명사	
unnamed	지명되지않은	/ənˈneɪmd/	형용사	An unnamed donor
sidle	다가들다 | 옆걸음질하다	/ˈsaɪdəɫ/	동사	The young man began to sidle near the pretty girl sitting on the log
cred			명사	
diagnostics	진단학	/ˌdaɪəɡˈnɑstɪks/	명사	
musty	곰팡내 나는 | 케케묵은	/ˈməsti/	형용사	A moldy (or musty) odor
eased		/ˈizd/	형용사	The news eased my conscience
mandrake	흰 독말풀	/ˈmænˌdɹeɪk/	명사	
compressor	압축기 | 컴프레서 | 압축 펌프	/kəmˈpɹɛsɝ/	명사	
spontaneity		/ˌspɑntəˈniəti/	명사	The spontaneity of his laughter
neapolitan	나폴리탄 | 나폴리탄의 | 나폴리 사람	/ˌniəˈpɑɫətən/	명사	
ramble	만담 | 덩굴지다 | 굽이쳐 가다	/ˈɹæmbəɫ/	동사	This novel rambles on and jogs
mire	진창 | 궁지 | 수렁	/ˈmaɪɝ/	명사	The mud mired our cart
sniffer	탐지기	/ˈsnɪfɝ/	명사	
cfo		/ˈsiˌɛˈfoʊ/	명사	
subcommittee	분과위원회	/ˈsəbkəˈmɪti/	명사	
dutiful	효성스러운 | 충실한	/ˈdutifəɫ/	형용사	A dutiful child
debutante		/ˈdɛbjəˈtɑnt/	명사	
say-so			명사	
contentment	흡족해함	/kənˈtɛntmənt/	명사	
ventricle	심실	/ˈvɛnˌtɹɪkəɫ/	명사	
kurosawa		/ˌkʊɹoʊˈsɑwə/	명사	
dyer	염색하는 사람	/ˈdaɪɝ/	명사	
jumble	범벅	/ˈdʒəmbəɫ/	명사	His words jumbled
exonerate		/ɪɡˈzɑnɝˌeɪt/	동사	
swivel	선회포 | 회전대 | 회전 고리	/ˈswɪvəɫ/	동사	
lamppost		/ˈɫæmˌpoʊst/	명사	
jetty	잔교	/ˈdʒɛti/	명사	
psalm	시편 | 찬송가 | 성가	/ˈsɑɫm/	명사	He psalms the works of God
marat			명사	
bereaved	유족	/bɝˈivd/	명사	The bereaved do not always need to be taken care of
plucky	기력이 좋은	/ˈpɫəki/	형용사	
homeowner		/ˈhoʊˌmoʊnɝ/	명사	
untidy		/ənˈtaɪdi/	형용사	An untidy living room
northumberland			명사	
wading		/ˈweɪdɪŋ/	명사	
dali		/ˈdɑɫi/	명사	
openness	개방성 | 개방상태 | 무사	/ˈoʊpənəs/	명사	The openness of the prairies
godly		/ˈɡɑdɫi/	형용사	Leading a godly life
polymer	중합체 | 폴리머	/ˈpɑɫəmɝ/	명사	
cervix	경부 | 목후부 | 자궁경	/ˈsɝvɪks/	명사	
realty		/ˈɹiəɫˌti/	명사	
fentanyl	펜타닐		명사	
garbo		/ˈɡɑɹboʊ/	명사	
pariah	최하층민	/pɝˈaɪə/	명사	
cameo	카메오 | 카메오 세공 | 카메오 세공하다	/ˈkæmiˌoʊ/	명사	
pyongyang		/ˈpjɔŋˈjæŋ/	명사	Pyongyang is Korea's oldest city but little of its history has been preserved
bilge	중배 | 북룩해지다 | 만곡부		명사	The tanker bilged
ruskin		/ˈɹəskɪn/	명사	
embezzled		/ɪmˈbɛzəɫd/	형용사	The banker absconded with embezzled funds
tempura			명사	
babel		/ˈbæbəɫ/	명사	
emancipated	자유인의 | 해방된 | 자주적인	/ɪˈmænsəˌpeɪtɪd/	형용사	An emancipated young woman pursuing her career
laguna		/ɫəˈɡunə/	명사	
bellboy	보이	/ˈbɛɫˌbɔɪ/	명사	
concoct	엮어내다 | 날조하다 | 섞어서 만들다	/kənˈkɑkt/	동사	Concoct a strange mixture
shockingly		/ˈʃɑkɪŋɫi/	부사	Teachers were shockingly underpaid
unsupervised		/ənˈsupɝˌvaɪzd/	형용사	Reliable workers are generally unsupervised
fuego			명사	
stipend	녹 | 녹봉	/ˈstaɪpənd/	명사	
habitual	상투적 | 습관적 | 습관상의	/həˈbɪtʃuəɫ/	형용사	His habitual comment
synchronize	동기화	/ˈsɪŋkɹəˌnaɪz/	동사	Synchronize this film
aboriginal	토인 | 원주민 | 원주의	/ˌæbɝˈɪdʒənəɫ/	명사	An Aboriginal rite
methodology	방법론	/ˌmɛθəˈdɑɫədʒi/	명사	
watertight	빈틈없는	/ˈwɔtɝˌtaɪt/	형용사	A watertight alibi
seance		/ˈseɪɑns/	명사	The seance was held in the medium's parlor
playfully		/ˈpɫeɪfəɫi/	부사	
tester	시험기 | 시험자	/ˈtɛstɝ/	명사	
obelisk	단검표 | 방첨탑		명사	
loopy		/ˈɫupi/	형용사	
mahler		/ˈmɑɫɝ/	명사	
pappa		/ˈpæpə/	명사	
dogma	교조 | 독단론 | 교의	/ˈdɑɡmə/	명사	He believed all the Marxist dogma
underside	밑면 | 아랫면	/ˈəndɝˌsaɪd/	명사	
eyesore	눈에거슬리는것	/ˈaɪˌsɔɹ/	명사	
sidetrack	측선	/ˈsaɪdˌtɹæk/	명사	
tactful	지치 있는 | 감각이 세련된	/ˈtæktfəɫ/	형용사	A tactful way of correcting someone
entreat	탄원하다		동사	
dialog	문답	/ˈdaɪəɫɔɡ/	명사	
degas	가스를 제거하다	/ˈdeɪɡə/	동사	
pantheon	만신전 | 판테온	/ˈpænθiˌɑn/	명사	
numbness		/ˈnəmnəs/	명사	
annoyance	짜증 | 두통거리 | 약오름	/əˈnɔɪəns/	명사	
lob		/ˈɫɑb/	명사	Lob the tennis ball
ply	겹 | 가닥 | 두께	/ˈpɫaɪ/	동사	Ply one's trade
moderately	중간정도로	/ˈmɑdɝətɫi/	부사	He drinks moderately
airy	공허한 | 경쾌한 | 우미한	/ˈɛɹi/	형용사	An airy apparition
swanky	화사한	/ˈswɑŋki/	형용사	
coupling	교미 | 커플링 | 결합	/ˈkəpɫɪŋ/	명사	The casual couplings of adolescents
barnum		/ˈbɑɹnəm/	명사	
antsy	초조한	/ˈæntsi/	형용사	
seventies		/ˈsɛvəniz/	명사	
primer	입문서 | 독본 | 프리머 활자	/ˈpɹaɪmɝ/	명사	
institutionalized		/ˌɪnstɪˈtuʃənəˌɫaɪzd/	형용사	Institutionalized graft
paragon		/ˈpɛɹəˌɡɑn/	명사	
hadrian		/ˈhædɹiən/	명사	
displeasure	불쾌	/dɪsˈpɫɛʒɝ/	명사	
lynching		/ˈɫɪntʃɪŋ/	명사	
snowboarding			명사	
linebacker	라인배커	/ˈɫaɪnˌbækɝ/	명사	
inanimate		/ˌɪˈnænəmət/	형용사	Inanimate objects
assertive	고집하는 | 단정적	/əˈsɝtɪv/	형용사	Pointing directly at a listener is an assertive act
jiao			명사	
peppy		/ˈpɛpi/	형용사	The peppy and interesting talk
blackwood		/ˈbɫæˌkwʊd/	명사	
assortment	종별 | 구색 | 유별	/əˈsɔɹtmənt/	명사	A great assortment of cars was on display
minty			형용사	
meir		/ˈmaɪɹ/	명사	
fonda		/ˈfɑndə/	명사	
chekhov	체호프	/ˈtʃɛkɑv/	명사	
chambermaid	가정부 | 시녀		명사	
kernel	핵심 | 인 | 골수	/ˈkɝnəɫ/	명사	A kernel of corn
creatively	창조적 | 독창적으로	/kɹiˈeɪtɪvɫi/	부사	She solved the problem creatively
gillette		/dʒɪˈɫɛt/	명사	
directorate	간부회	/daɪˈɹɛktɝət/	명사	
clockwise		/ˈkɫɑˌkwaɪz/	형용사	Please move clockwise in a circle
hoy	어어이	/ˈhɔɪ/	명사	
mingling		/ˈmɪŋɡəɫɪŋ/	명사	All the random mingling and idle talk made him hate literary parties
southerner	남쪽사람	/ˈsəðɝnɝ/	명사	
triangular		/tɹaɪˈæŋɡjəɫɝ/	형용사	A triangular figure
evoke	환기하다 | 환난상휼	/iˈvoʊk/	동사	This remark evoked sadness
joyride		/ˈdʒɔɪˌɹaɪd/	명사	They took their girlfriends for joyrides in stolen cars
ethanol	에탄올	/ˈɛθəˌnɔɫ/	명사	
contemplation	사고 | 관상 | 기도	/ˌkɑntəmˈpɫeɪʃən/	명사	
foursome	넷으로 된	/ˈfɔɹsəm/	명사	The foursome teed off before 9 a.m.
eventual		/əˈvɛntʃuəɫ/	형용사	Hope of eventual (or ultimate) rescue
femininity		/ˌfɛməˈnɪnəti/	명사	
toke	빵		명사	The boys took a few tokes on a joint
apartheid	민족격리 | 인종차별정책	/əˈpɑɹˌtaɪd/	명사	
leakage	누출 | 드러남 | 누설	/ˈɫikədʒ/	명사	
welder		/ˈwɛɫdɝ/	명사	
self-interest	사심	/ˈsɛɫˈfɪntɹəst/	명사	
imf			명사	
pushkin	푸시킨	/ˈpʊʃkɪn/	명사	
heady	머리에 오르는 | 무모한	/ˈhɛdi/	형용사	
coleslaw	양배추 샐러드	/ˈkoʊɫˌsɫɑ/	명사	
tay		/ˈteɪ/	명사	
tropic	회귀선	/ˈtɹɑpɪk/	형용사	
diarrhoea		/ˌdaɪɝˈiə/	명사	
aggravation	결발 | 도발	/ˌæɡɹəˈveɪʃən/	명사	The aggravation of her condition resulted from lack of care
unsavory	맛이나쁜	/ənˈseɪvɝi/	형용사	An unsavory scandal
clinch	죄기 | 꼬부리다 | 꼬부린못	/ˈkɫɪntʃ/	동사	The nails were clinched
radial		/ˈɹeɪdiəɫ/	형용사	Radial velocity
congestion	정체 | 혼잡 | 울혈	/kənˈdʒɛstʃən/	명사	Traffic congestion
inconsistency	주견없은 | 모순 | 불일치	/ˌɪnkənˈsɪstənsi/	명사	
plush	플러시천 | 견면 벨벳	/ˈpɫəʃ/	형용사	
ruthlessly		/ˈɹuθɫəsɫi/	부사	The government has been urged to take immediate action to deal ruthlessly with the strikers
three-legged			형용사	A three-legged race
labourer			명사	
sift	새어들다 | 체질하다	/ˈsɪft/	동사	Sift the information
valour			명사	
kinsey		/ˈkɪnzi/	명사	
enact	법률화하다 | 제정하다	/ɪˈnækt/	동사	The legislature enacted this law in 1985
knee-deep			형용사	We were standing knee-deep in the water
murderess			명사	
four-wheel			형용사	A four-wheel drive
euthanasia	안락사	/ˌjuθəˈneɪʒə/	명사	
fondle		/ˈfɔndəɫ/	동사	They fondled in the back seat of the taxi
dispel	쫓아 버리다 | 흩뜨리다	/dɪˈspɛɫ/	동사	
belay			동사	
motorboat	발동기선	/ˈmoʊtɝˌboʊt/	명사	
sullen	뚱하다 | 음산한	/ˈsəɫən/	형용사	
dior	디오르	/ˌdiˈɔɹ/	명사	
curie	퀴리	/ˈkjʊɹi/	명사	
testy		/ˈtɛsti/	형용사	
throes		/ˈθɹoʊz/	명사	The throes of dying
unnerving		/əˈnɝvɪŋ/	형용사	Something unnerving and prisonlike about high grey wall
badlands	황무지 | 황야	/ˈbædˌɫændz/	명사	
uncouth	불미 | 기분나뿐 | 무무한	/ˈənˈkuθ/	형용사	An untutored and uncouth human being
destruct		/dɪˈstɹəkt/	동사	The engineers had to destruct the rocket for safety reasons
evers		/ˈɛvɝz/	명사	
intubation	삽관법		명사	
idyllic	목가적인	/aɪˈdɪɫɪk/	형용사	His idyllic life in Tahiti
meaty	고기가 많은	/ˈmiti/	형용사	A meaty discussion
typo		/ˈtaɪpoʊ/	명사	
hereto	이에 관하여		부사	The charts hereto attached
slider	활동부 | 미끄러지는 것	/ˈsɫaɪdɝ/	명사	
affluent	부유하다	/ˈæfɫuənt/	명사	An affluent banker
medicare		/ˈmɛdəˌkɛɹ/	명사	
teething		/ˈtiðɪŋ/	명사	The little one is teething now
swordfish	황새치 | 황새치자리	/ˈsɔɹdˌfɪʃ/	명사	
christmastime		/ˈkɹɪstməˌstaɪm/	명사	
dumas		/ˈduməz/	명사	
whiting	대구의 일종	/ˈhwaɪtɪŋ/	명사	
reiterate	반복하여 말하다	/ɹiˈɪtɝˌeɪt/	동사	
dulles		/ˈdəɫəs/	명사	
dawdle		/ˈdɔdəɫ/	동사	
reliability	믿음직함 | 신뢰도 | 확실성	/ɹiˌɫaɪəˈbɪɫəti/	명사	
tapa			명사	
witherspoon		/ˈwɪðɝˌspun/	명사	
template	보받이 | 형판 | 도리 받이	/ˈtɛmpɫeɪt/	명사	
prissy		/ˈpɹɪsi/	형용사	
adaptable	순응성 있는	/əˈdæptəbəɫ/	형용사	To succeed one must be adaptable
advertiser	광고자	/ˈædvɝˌtaɪzɝ/	명사	
see-through			형용사	
treble	소프라노 | 최고음부 | 세 겹	/ˈtɹɛbəɫ/	형용사	The treble clef
boldness	대담함 | 파렴치	/ˈboʊɫdnəs/	명사	I couldn't believe her boldness
nettle	쐐기풀 | 약오르게 하다 | 쐐기털	/ˈnɛtəɫ/	동사	
grouch	토라지다	/ˈɡɹaʊtʃ/	명사	
malnutrition	영양 불량	/ˌmæɫnuˈtɹɪʃən/	명사	
groundhog		/ˈɡɹaʊndˌhɑɡ/	명사	
nutritional		/nuˈtɹɪʃənəɫ/	형용사	Nutritional information
contemptible	한심한 | 타기할 | 비열한	/kənˈtɛmptəbəɫ/	형용사	
resuscitation	소생 | 부흥	/ɹɪˌsəsɪˈteɪʃən/	명사	Although he was apparently drowned, resuscitation was accomplished by artificial respiration
calderon		/ˈkɔɫdɝɑn/	명사	
mews	아파트 | 마구간		명사	She lives in a Chelsea mews
hollander		/ˈhɑɫəndɝ/	명사	
awkwardness	미련	/ˈɔkwɝdnəs/	명사	He sensed the awkwardness of his proposal
redeemer	속바치는사람 | 되사는 사람		명사	
full-grown			형용사	
veda		/ˈveɪdə/	명사	
nightlife		/ˈnaɪtˌɫaɪf/	명사	A futile search for intelligent nightlife
gnocchi	뇨키	/ˈnoʊki/	명사	
tipper	덤프차 | 쓰레기치는 인부	/ˈtɪpɝ/	명사	A generous tipper
balkan	발칸 반도의	/ˈbɔɫkən/	명사	
knighthood	기사도	/ˈnaɪtˌhʊd/	명사	
dominus		/doʊˈminəs/	명사	
octavian			명사	
namesake		/ˈneɪmˌseɪk/	명사	
weepy		/ˈwipi/	형용사	
shiner		/ˈʃaɪnɝ/	명사	
grifter	야바위꾼		명사	
sagittarius	인마궁 | 사수좌 | 사수자리		명사	
censored		/ˈsɛnsɝd/	형용사	The censored press in some countries
seabed	해저 | 해저면	/ˈsiˌbɛd/	명사	
councilwoman		/ˈkaʊnsəɫˌwʊmən/	명사	
nationalism	국가론 | 국가주의 | 민족주의	/ˈnæʃənəˌɫɪzəm/	명사	British nationalism was in the air and patriotic sentiments ran high
handball	핸드볼 | 송구	/ˈhændˌbɔɫ/	명사	
pacifier	달래는 사람	/ˈpæsəˌfaɪɝ/	명사	
magnificence	호화 | 장려 | 으리으리함		명사	For magnificence and personal service there is the Queen's hotel
paine		/ˈpeɪn/	명사	
embankment	제방 | 둑	/ɛmˈbæŋkmənt/	명사	
siphon	사이펀	/ˈsaɪfən/	명사	Siphon gas into the tank
shoal	어군 | 앝은 | 여울목		명사	
neutrality	불편부당 | 국외중립 정책 | 중립	/nuˈtɹæɫəti/	명사	
sequin	옛 이탈리아	/ˈsikwən/	명사	
baudelaire	보들레르		명사	
impersonator	분장자 | 의인자	/ˌɪmˈpɝsəneɪtɝ/	명사	
concoction	조제물 | 책모 | 혼합음료	/kənˈkɑkʃən/	명사	His testimony was a concoction
hi-tech			형용사	
incessant	잦다 | 그칠새 없는	/ˌɪnˈsɛsənt/	형용사	Night and day we live with the incessant noise of the city
whirling		/ˈhwɝɫɪŋ/	명사	
menstrual	다달의 | 월경의	/ˈmɛnstɹəɫ/	형용사	Menstrual period
light-headed			형용사	Light-headed with wine
ogle		/ˈoʊɡəɫ/	동사	
trig		/ˈtɹɪɡ/	명사	The trig corporal in his jaunty cap
tylenol		/ˈtaɪɫəˌnɔɫ/	명사	
hectare	헥타르	/ˈhɛkˌtɑɹ/	명사	
glorify	찬미하다	/ˈɡɫɔɹəˌfaɪ/	동사	Glorify one's spouse's cooking
masking	마스킹 | 차폐	/ˈmæskɪŋ/	명사	He studied auditory masking by pure tones
prolific	다산의	/pɹoʊˈɫɪfɪk/	형용사	A prolific writer
thirteenth	열세번째의	/ˈθɝˈtinθ/	형용사	
protege	피보호자	/ˈpɹoʊtəˌʒeɪ/	명사	
lobbyist	로비스트 | 진정자	/ˈɫɑbiəst/	명사	
plantagenet			명사	
jakes		/ˈdʒeɪks/	명사	
flatmate			명사	
recuperate	건강해지다 | 만회하다	/ɹɪˈkupɝˌeɪt/	동사	Recuperate one's losses
crossover	전철선로 | 크로스오버 | 육교	/ˈkɹɔˌsoʊvɝ/	명사	A jazz-classical crossover album
lyrical	서정시조의	/ˈɫɪɹɪkəɫ/	형용사	The dancer's lyrical performance
self-serving	사리적 | 이기적인		형용사	
shunt	전철분로 | 전철하다 | 측선에 넣다	/ˈʃənt/	명사	An arteriovenus shunt
jesuit	예수회의 수사	/ˈdʒɛʒuɪt/	명사	
concord	우호협정 | 콩코드 | 화현	/ˈkɑnˌkɔɹd/	명사	Their ideas concorded
blacklist		/ˈbɫæˌkɫɪst/	명사	Many books were blacklisted by the Nazis
unsatisfied	만족하지않는 | 시쁘다 | 불만스럽다	/ənˈsætɪsˌfaɪd/	형용사	
infantile	소아의 | 유아의 | 유치	/ˈɪnfəntɪɫ/	형용사	Infantile games
decadence	퇴미 | 쇠미	/ˈdɛkədəns/	명사	
motherless		/ˈməðɝɫɪs/	형용사	
unbridled	방일한 | 구속이 없는	/ənˈbɹaɪdəɫd/	형용사	
backlash	반발 | 덜거덕 거림	/ˈbæˌkɫæʃ/	명사	There was a backlash of intolerance
leftist	좌파	/ˈɫɛftɪst/	명사	
acronym	두문자어	/ˈækɹənɪm/	명사	
barometer	청우계 | 지표 | 기압계	/bɝˈɑmɪtɝ/	명사	
raucous	쉰 목소리의 | 귀에 거슬리는	/ˈɹɔkəs/	형용사	A raucous party
mournful	슬픈 | 애처로운 | 슬픔에 잠긴	/ˈmɔɹnfəɫ/	형용사	Stared with mournful eyes
redheaded	머리가 붉은	/ˈɹɛdˌhɛdɪd/	형용사	
ovulate	배란하다		동사	Women ovulate about once every month
dermatologist		/ˌdɝməˈtɑɫədʒɪst/	명사	
mahdi		/ˈmɑdi/	명사	
naga			명사	
stilt	죽마	/ˈstɪɫt/	명사	He was so tall I thought he was on stilts
assimilate	비슷해지다 | 동화된 물건 | 동화하다	/əˈsɪməˌɫeɪt/	동사	Immigrants often want to assimilate quickly
ferment	발효시키다 | 발효 | 대소동을 벌이다	/ˈfɝmɛnt/	명사	Her mind ferments
ala		/ˈæɫə/	명사	
spectacularly		/spɛkˈtækjəɫɝɫi/	부사	The area was spectacularly scenic
reenactment		/ɹiɪˈnæktmənt/	명사	The reenactment of the battle of Princeton
krakow		/ˈkɹækaʊ/	명사	
machiavelli		/ˌmɑkiəˈvɛɫi/	명사	
laney		/ˈɫeɪni/	명사	
swordsmanship			명사	
pennant	우승기 | 페넌트	/ˈpɛnənt/	명사	
marooned		/mɝˈund/	형용사	The travellers were marooned
storehouse	창고	/ˈstɔɹˌhaʊs/	명사	Storehouses were built close to the docks
storybook	얘기 책	/ˈstɔɹiˌbʊk/	명사	
mailer	우송자	/ˈmeɪɫɝ/	명사	
dl			명사	
sandstone	사암	/ˈsænˌstoʊn/	명사	
emanate	발산하다	/ˈɛməˌneɪt/	동사	Water emanates from this hole in the ground
godard		/ɡəˈdɑɹd/	명사	
breadth		/ˈbɹɛdθ/	명사	A teacher must have a breadth of knowledge of the subject
synergy	공동작용	/ˈsɪnɝdʒi/	명사	
labelled		/ˈɫeɪbəɫd/	형용사	These students were labelled `learning disabled'
coexist	공존하다 | 평화 공존하다 | 동시에 존재하다	/ˌkoʊəɡˈzɪst/	동사	
rasta			명사	
coldness	냉담	/ˈkoʊɫdnəs/	명사	The coldness made our breath visible
orthopedic	정형외과 | 정형외과의 | 정형외과의사	/ˌɔɹθəˈpidɪk/	형용사	Orthopedic shoes
workhouse	취역소		명사	
brainwash	세뇌하다	/ˈbɹeɪnˌwɑʃ/	동사	The propaganda brainwashed many people
perplexed	난처하다 | 얼떨떨하다	/pɝˈpɫɛkst/	형용사	Perplexed language
tiller		/ˈtɪɫɝ/	명사	
newfoundland	뉴펀들랜드	/ˈnufəndɫənd/	명사	
medellin		/mɪˈdɛɫɪn/	명사	
causeway	둑길	/ˈkɑzˌweɪ/	동사	A causewayed swamp
midland	내지 | 육지로 둘러싸인	/ˈmɪdˌɫænd/	명사	
extraordinaire		/ˌɛkstɹəˈɔɹdɪˌnɛɹ/	형용사	A woodworker extraordinaire
scarab	투구벌레의 일종		명사	
illumination	조명 | 조도 | 채색	/ˌɪˌɫuməˈneɪʃən/	명사	
argo	아르고선 | 아르고자리	/ˈɑɹɡoʊ/	명사	
oddball	괴벽스런 사람 | 괴짜 | 별난	/ˈɑdˌbɔɫ/	명사	
reprehensible	괘씸한	/ˌɹɛpɹɪˈhɛnsəbəɫ/	형용사	Adultery is as reprehensible for a husband as for a wife
dijon		/ˈdiˌʒɑn/	명사	
diocese	주교 관구	/ˈdaɪəˌsiz/	명사	
restful	편안한 | 고요한 | 한적한	/ˈɹɛstfəɫ/	형용사	She spent a restful night at home
scotsman		/ˈskɑtsmən/	명사	
sycamore	큰단풍나무 | 플라타너스 | 무화과 나무	/ˈsɪkəˌmɔɹ/	명사	
malay		/ˈmeɪɫeɪ/	명사	
popper		/ˈpɑpɝ/	명사	
beat-up			형용사	
backhand	역타	/ˈbækˌhænd/	명사	
cleric	성직자	/ˈkɫɛɹɪk/	명사	
kickoff	킥오프	/ˈkɪˌkɔf/	명사	I was there with my parents at the kickoff
numerical	수적인	/nuˈmɛɹəkəɫ/	형용사	Numerical value
carnivorous	식충성의 | 식충식물의 | 육식	/kɑɹˈnɪvɝəs/	형용사	The lion and other carnivorous animals
guadalcanal	과달카날	/ˌɡwɑdəɫkəˈnæɫ/	명사	
governmental	관영의 | 통치의 | 공적	/ˈɡəvɝˌmɛntəɫ/	형용사	Governmental policy
wellness		/ˈwɛɫnəs/	명사	
tamer		/ˈteɪmɝ/	명사	
certification	검정 | 증명서교부 | 증명서	/ˌsɝtəfəˈkeɪʃən/	명사	
sunder	따로 따로 | 때다 | 갈라지다	/ˈsəndɝ/	동사	
shire	주	/ˈʃaɪɹ/	명사	
bludgeon	곤봉	/ˈbɫədʒən/	명사	The teacher bludgeoned the students into learning the math formulas
futility		/fjuˈtɪɫəti/	명사	
impervious	손상되지 않는	/ˌɪmˈpɝviəs/	형용사	A material impervious to water
one-horse			형용사	Passed a series of poky little one-horse towns
yukawa			명사	
paltry		/ˈpɔɫtɹi/	형용사	He considered the prize too paltry for the lives it must cost
skeet		/ˈskit/	명사	
unreachable		/ənˈɹitʃəbəɫ/	형용사	An unreachable canyon
analytical		/ˌænəˈɫɪtɪkəɫ/	형용사	An analytical mind
fruitless	결실하지 않는 | 무산 | 보람없다	/ˈfɹutɫəs/	형용사	A fruitless search
corsage	보디스 | 상반신부 | 작은 꽃다발	/kɔɹˈsɑʒ/	명사	
rife	수없이 많은 | 유행하는	/ˈɹaɪf/	형용사	
kt			명사	
bullfighter		/ˈbʊɫˌfaɪtɝ/	명사	
bookshelf	책선반 | 서가	/ˈbʊkˌʃɛɫf/	명사	
toxicity	독성	/tɑkˈsɪsəti/	명사	
taxation	과세 | 전조세 | 징세	/tækˈseɪʃən/	명사	
subsidy	조성금 | 보조금	/ˈsəbsɪdi/	명사	A subsidy for research in artificial intelligence
camcorder		/ˈkæmˌkɔɹdɝ/	명사	
kneecap	무릎받이 | 슬개골 | 종지뼈	/ˈniˌkæp/	명사	
perforated	숭숭	/ˈpɝfɝˌeɪtɪd/	형용사	Perforated stamp
wrinkly			형용사	
gaudy	교우대회	/ˈɡɔdi/	형용사	A gaudy costume
macao		/məˈkaʊ/	명사	
amicable	평화적인 | 우호적인 | 타협적인	/ˈæmɪkəbəɫ/	형용사	
claustrophobia	밀실 공포증	/ˌkɫɔstɹəˈfoʊbiə/	명사	
periodically		/ˌpiɹiˈɑdɪkəɫi/	부사	
dark-haired			형용사	A dark-haired beauty
carat	캐럿	/ˈkɛɹət/	명사	
notoriety	평판 | 악명 | 지명도	/ˌnoʊtɝˈaɪəti/	명사	
fungi		/ˈfəndʒaɪ/	명사	
landau	자동차의 일종	/ˈɫænˌdaʊ/	명사	
aggravating	더욱 악화하는	/ˈæɡɹəˌveɪtɪŋ/	형용사	
immersion	골몰 | 잠입 | 몰입되다	/ˌɪˈmɝʒən/	명사	
skeletal		/ˈskɛɫətəɫ/	형용사	Skeletal muscles
endowment	기부	/ɛnˈdaʊmənt/	명사	His generous endowment of the laboratory came just in the nick of time
bookworm	독서광	/ˈbʊˌkwɝm/	명사	
vertically		/ˈvɝtɪkɫi/	부사	A gallery quite often is added to make use of space vertically as well as horizontally
prioritize		/pɹaɪˈɔɹəˌtaɪz/	동사	We have too many things to do and must prioritize
intermediary	중간단계 | 중개의 | 매개자중재인	/ˌɪnɝˈmidiɛɹi/	명사	
firestorm	불기둥	/ˈfaɪɹˌstɔɹm/	명사	The incident triggered a political firestorm
centerpiece		/ˈsɛntɝˌpis/	명사	Education was the centerpiece of the Democratic Party's political platform
proprietary	독점의 | 소유자들	/pɹəˈpɹaɪəˌtɛɹi/	명사	`Tylenol' is a proprietary drug of which `acetaminophen' is the generic form
hindrance	방해 | 장애 | 거침	/ˈhɪndɹəns/	명사	
obscenity	음담 | 외설 행위 | 외설	/əbˈsɛnɪti/	명사	
meridian	자오선	/mɝˈɪdiən/	명사	All points on the same meridian have the same longitude
oboe	오보에	/ˈoʊboʊ/	명사	
blurt	무심결에말하다	/ˈbɫɝt/	동사	He blurted out the secret
tallahassee		/ˌtæɫəˈhæsi/	명사	
inflammatory	격앙시키는	/ɪnˈfɫæməˌtɔɹi/	형용사	An inflammatory process
hubbub	왁자지껄 | 소란	/ˈhəbəb/	명사	
narrowing		/ˈnɛɹoʊɪŋ/	명사	
festering		/ˈfɛstɝɪŋ/	명사	Her wounds are festering
wetter	적시는 사람	/ˈwɛtɝ/	명사	
battleground	전쟁터	/ˈbætəɫˌɡɹaʊnd/	명사	
pantomime	무언극 | 동화극	/ˈpæntəˌmaɪm/	명사	
voracious	게걸스럽다 | 게걸스레먹는 | 물릴줄 모르는	/vɔˈɹeɪʃəs/	형용사	Voracious sharks
fleshy	다육질의 | 육질의 | 비대하다	/ˈfɫɛʃi/	형용사	
traverse	횡단해서 | 지그재그 항로 | 지그재그 등산	/ˈtɹævɝs/	동사	Rivers traverse the valley floor
repose	안온 | 안정감 | 입각하다	/ɹiˈpoʊz/	동사	Mao reposes in his mausoleum
decontamination		/dikənˌtæməˈneɪʃən/	명사	
first-year			형용사	
remiss	태만한	/ɹiˈmɪs/	형용사	Remiss of you not to pay your bills
nauseating	욕지기나는 | 역겹다 | 몹시 싫은	/ˈnɔʒiˌeɪtɪŋ/	형용사	A nauseating smell
underfoot	발밑에 | 짓밟아	/ˌəndɝˈfʊt/	부사	Trampled the beans underfoot
discredited		/dɪsˈkɹɛdɪtɪd/	형용사	A discredited politician
magnanimous	아량 있는	/mæɡˈnænəməs/	형용사	A magnanimous conqueror
slovak	슬로바키아 사람 | 슬로바키아 사람의	/ˈsɫoʊvæk/	명사	
tenement	차가 | 보유물 | 가옥	/ˈtɛnəmənt/	명사	
derive	유래하다	/dɝˈaɪv/	동사	Derive pleasure from one's garden
hilltop	언덕의	/ˈhɪɫˌtɑp/	명사	
cotillion	코티용 | 정식무도회		명사	
poplar	사시나무 | 포플라	/ˈpɑpɫɝ/	명사	
depressive	울병환자	/dɪˈpɹɛsɪv/	명사	
underline		/ˈəndɝˌɫaɪn/	동사	
bib	가슴부분 | 턱받기	/ˈbɪb/	명사	
separatist	분리주의자 | 이탈자부리파	/ˈsɛpɝətɪst/	명사	
lynx	살쾡이	/ˈɫɪŋks/	명사	
tectonic		/tɛkˈtɑnɪk/	형용사	Tectonic plates
empirical	경험상의 | 실험식 | 경험적으로	/ˌɛmˈpɪɹɪkəɫ/	형용사	An empirical basis for an ethical theory
oregano	오레가노	/ˌɔˈɹɛɡəˌnoʊ/	명사	
inhospitable	야박하다	/ˌɪnhɑˈspɪtəbəɫ/	형용사	Inhospitable mountain areas
discerning	분별력이 있는 | 명민한	/dɪˈsɝnɪŋ/	형용사	Discerning taste
acoustics	음향효과 | 음향 상태 | 음향학	/əˈkustɪks/	명사	
pecs			명사	
ziegfeld		/ˈzɪɡfɛɫd/	명사	
lasagne			명사	
elective	선택의 | 선거하는 | 선임의	/ɪˈɫɛktɪv/	명사	Elective surgery
vulgarity	이어 | 속악 | 야비함	/vəɫˈɡɛɹɪti/	명사	
mortician	장의사	/mɔɹˈtɪʃən/	명사	
voluptuous	일락에 빠지는 | 관능에 호소하는 | 농염하다	/vəˈɫəptʃəwəs/	형용사	A voluptuous woman
masochist		/ˈmæsəkɪst/	명사	
trilogy		/ˈtɹɪɫədʒi/	명사	
evergreen	상록수 | 상록의 | 영겹	/ˈɛvɝˌɡɹin/	명사	
transcribed		/tɹænsˈkɹaɪbd/	형용사	A transcribed announcement
porta		/ˈpɔɹtə/	명사	
proletarian	프롤레타리아	/ˌpɹoʊɫəˈtɛɹiən/	명사	
pygmy	왜소 족속	/ˈpɪɡmi/	명사	
hovel	헛간 | 오두막집에 넣다 | 오두막집	/ˈhəvəɫ/	명사	
forester	삼림관 | 숲의 동물 | 대형 캥거루	/ˈfɔɹəstɝ/	명사	
bracken	고사리	/ˈbɹækən/	명사	
yuma		/ˈjumə/	명사	
indefinite		/ˌɪnˈdɛfənət/	형용사	Plans are indefinite
matrimonial		/ˌmætɹəˈmoʊniəɫ/	형용사	
fullness	차 있음 | 충만 | 풍족	/ˈfʊɫnəs/	명사	The music had a fullness that echoed through the hall
frey	프로이 | 프로이르	/ˈfɹeɪ/	명사	
airwave		/ˈɛɹˌweɪv/	명사	The president used the airwaves to take his message to the people
damper		/ˈdæmpɝ/	명사	Rain put a damper on our picnic plans
bushy	덤불같은	/ˈbʊʃi/	형용사	
revolutionize		/ˌɹɛvəˈɫuʃəˌnaɪz/	동사	E-mail revolutionized communication in academe
plummet	수직으로 떨어지다 | 추	/ˈpɫəmət/	동사	The stock market plummeted
exemption	면제	/ɪɡˈzɛmpʃən/	명사	Additional exemptions are allowed for each dependent
poser		/ˈpoʊzɝ/	명사	
impasse	궁경 | 난국 | 막다름	/ˈɪmˌpæs/	명사	Reached an impasse on the negotiations
angling	낚시질	/ˈæŋɡɫɪŋ/	명사	
mousetrap	쥐덫	/ˈmaʊˌstɹæp/	명사	
echelon		/ˈɛʃəˌɫɑn/	명사	
inconspicuous		/ˌɪŋˈkɑnspɪkwəs/	형용사	He pushed the string through an inconspicuous hole
skepticism	회의 | 회의주의	/ˈskɛptɪˌsɪzəm/	명사	
smoldering		/ˈsmoʊɫdɝɪŋ/	형용사	A smoldering fire
undisputed		/ˌəndɪˈspjutɪd/	형용사	The undisputed fact
penchant		/ˈpɛntʃənt/	명사	The Irish have a penchant for blarney
long-haired			형용사	Long-haired hippies
dependence	의지 | 의존 | 종속	/dɪˈpɛndəns/	명사	
livery	상복 | 정식량 | 제복	/ˈɫɪvɝi/	명사	
huffing		/ˈhəfɪŋ/	명사	The kids were huffing glue
viciously		/ˈvɪʃəsɫi/	부사	He was viciously attacked
browne		/ˈbɹaʊn/	명사	
schnitzel			명사	
racine	라신	/ɹəˈsin/	명사	
spic		/ˈspɪk/	형용사	Their spic red-visored caps
fatherhood	아버지임	/ˈfɑðɝˌhʊd/	명사	
silks		/ˈsɪɫks/	명사	
rudd	잉어과의 민물고기	/ˈɹəd/	명사	
balding		/ˈbɔɫdɪŋ/	형용사	He is balding already
catty		/ˈkæti/	명사	
burgle	밤도둑질하다		동사	
saintly	성인같은 | 거룩한	/ˈseɪntɫi/	형용사	A saintly concern for his fellow men
pei		/ˈpeɪ/	명사	
able-bodied		/ˈeɪbəɫˈbɑdid/	형용사	Every able-bodied young man served in the army
traitorous	반역죄의 | 배반적인 | 반역의	/ˈtɹeɪtɝəs/	형용사	A lying traitorous insurrectionist
industrious	근면하다	/ˌɪnˈdəstɹiəs/	형용사	
shari		/ˈʃɑɹi/	명사	
renegotiate	재조정하다 | 재교섭하다	/ˌɹinɪˈɡoʊʃiˌeɪt/	동사	
epicenter	진앙	/ˈɛpəˌsɛntɝ/	명사	
cantaloupe	멜론의 일종	/ˈkæntəˌɫoʊp/	명사	
dapper		/ˈdæpɝ/	형용사	A dapper young man
perseus	페르세우스자리	/ˈpɝsiəs/	명사	
millionth		/ˈmɪɫjənθ/	명사	
one-year		/ˈwənˌjɪɹ/	형용사	
well-done	잘 한 | 잘 구워진		형용사	
dosed			형용사	The ray dosed the paint
lightbulb		/ˈɫaɪtˌbəɫb/	명사	
mourner	애도자 | 회장자 | 상중의 사람	/ˈmɔɹnɝ/	명사	
pick-me-up	각성제		명사	
desktop		/ˈdɛskˌtɑp/	명사	
togetherness	연대성 | 일체감 | 동류 의식	/təˈɡɛðɝnəs/	명사	Togetherness is the new wonder ingredient in marriage
disobedient	따르지 않는 | 순종치 않는 | 불효하다	/ˌdɪsəˈbidiənt/	형용사	Disobedient children
packaged		/ˈpækɪdʒd/	형용사	Packaged cereals
enterprising	모험적인	/ˈɛnɝˌpɹaɪzɪŋ/	형용사	An enterprising foreign policy
gentlemanly	신사다운 | 신사적인 | 예의바다	/ˈdʒɛnəɫmənɫi/	형용사	Gentlemanly behavior
wry	일그러지다	/ˈɹaɪ/	형용사	With a wry Scottish wit
hippopotamus	하마	/ˌhɪpəˈpɑtəməs/	명사	
margarine	마아가린 | 마가린	/ˈmɑɹdʒɝən/	명사	
router		/ˈɹaʊtɝ/	명사	
applesauce	사과소스	/ˈæpəɫˌsɔs/	명사	
agra		/ˈæɡɹə/	명사	
confidentially		/ˌkɑnfəˈdɛnʃəɫi/	부사	Spoke to him intimately and confidentially
nunnery	수녀원수녀사회	/ˈnənɝi/	명사	
regaining		/ɹɪˈɡeɪnɪŋ/	명사	
aground	지상에 | 좌초되어	/əˈɡɹaʊnd/	형용사	A ship aground offshore
abducting		/æbˈdəktɪŋ/	형용사	
insulate	절연하다 | 고립시키다 | 격리시키다	/ˈɪnsəˌɫeɪt/	동사	We had his bedroom insulated before winter came
unwritten	써있지 않은	/ənˈɹɪtən/	형용사	An unwritten law
respectability	체통 | 명사들 | 점잖은분	/ɹiˌspɛktəˈbɪɫɪti/	명사	
mirrored		/ˈmɪɹɝd/	형용사	The plane crash in Milan mirrored the attack in the World Trade Center
quay	안벽 | 부두	/ˈkeɪ/	명사	
recoil	진저리침 | 공무니빼다 | 뒷걸음질	/ɹiˈkɔɪɫ/	동사	
brash	경솔한	/ˈbɹæʃ/	형용사	A brash newcomer disputed the age-old rules for admission to the club
dweeb		/ˈdwib/	명사	
palpable		/ˈpæɫpəbəɫ/	형용사	A palpable tumor
shanty		/ˈʃænti/	명사	
gatekeeper	문지기 | 수위	/ˈɡeɪtˌkipɝ/	명사	There are too many gatekeepers between the field officers and the chief
insemination	씨뿌림 | 정액주입 | 수정	/ˌɪnˌsɛməˈneɪʃən/	명사	
mojave		/moʊˈhɑvi/	명사	
schoolhouse		/ˈskuɫˌhaʊs/	명사	
figurine	주상	/ˌfɪɡjɝˈin/	명사	
elongated		/ɪˈɫɔŋɡeɪtəd/	형용사	Picasso's elongated Don Quixote
adoration	애모 | 숭배 | 경모	/ˌædɝˈeɪʃən/	명사	
oiled		/ˈɔɪɫd/	형용사	Oiled country roads
continual	빈번한	/kənˈtɪnjuəɫ/	형용사	The continual banging of the shutters
teacup	찻잔	/ˈtiˌkəp/	명사	
fertilize	수정시키다	/ˈfɝtəˌɫaɪz/	동사	The course fertilized her imagination
hertz	헤르츠	/ˈhɛɹts/	명사	
manet		/mæˈneɪ/	명사	
matte		/ˈmæt/	명사	A photograph with a matte finish
mendel	오스트리아의 유전학자	/ˈmɛndəɫ/	명사	
baiting		/ˈbeɪtɪŋ/	명사	
mobilization	동원 | 유통시킴 | 기동	/ˌmoʊbəɫəˈzeɪʃən/	명사	Mobilization of the troops
beady		/ˈbidi/	형용사	Bright beady eyes
screamer		/ˈskɹimɝ/	명사	
faker		/ˈfeɪkɝ/	명사	
weighted	부담이 무거운	/ˈweɪtɪd/	형용사	Weighted eyelids
adjective	형용사	/ˈædʒɪktɪv/	명사	An adjective clause
thirty-eight			형용사	
stupor	혼수 | 무감각	/ˈstupɝ/	명사	Someone stole his wallet while he was in a drunken stupor
intensified		/ɪnˈtɛnsəˌfaɪd/	형용사	The debate intensified
sleaze	천박 | 값쌈 | 저속	/ˈsɫiz/	명사	
stimulant		/ˈstɪmjəɫənt/	명사	Stimulant phenomena
cl			명사	
mitigate	삭이다 | 완화하다 | 누그러뜨리다	/ˈmɪtəˌɡeɪt/	동사	
pillage	약탈	/ˈpɪɫɪdʒ/	명사	
financier	자산가 | 금융업자 | 재정가	/ˌfaɪnænˈsɪɹ/	명사	
headquarter		/ˈhɛdˌkɔɹtɝ/	동사	The compnay is headquartered in New Jersey
geared		/ˈɡɪɹd/	형용사	
sunup		/ˈsənəp/	명사	
parr		/ˈpɑɹ/	명사	
pulley	도르래	/ˈpʊɫi/	명사	
unending		/əˈnɛndɪŋ/	형용사	The unending bliss of heaven
morpheus	잠의 신	/ˈmɔɹˌfiəs/	명사	
hondo		/ˈhɑndoʊ/	명사	
comprise		/kəmˈpɹaɪz/	동사	These few men comprise his entire army
cohesive	일체적 | 결합력이 있는	/koʊˈhisɪv/	형용사	A cohesive agent
infer	추단하다 | 짐작하다 | 추론하다	/ˌɪnˈfɝ/	동사	
trifling	사소한 | 시시한 | 쥐뿔	/ˈtɹaɪfɫɪŋ/	명사	A trifling matter
nursemaid	애보는 여자		명사	
magenta		/məˈdʒɛntə/	명사	
justly	바르게	/ˈdʒəstɫi/	부사	
stuttgart		/ˈstətɡɝt/	명사	
armoury			명사	
onlooker	방관자	/ˈɔnˌɫʊkɝ/	명사	
sizeable		/ˈsaɪzəbəɫ/	형용사	
taxing	귀찬은 | 부담스러운 | 고생스러운	/ˈtæksɪŋ/	형용사	A taxing schedule
somersault	재주넘기 | 공중제비	/ˈsəmɝˌsɔɫt/	명사	
sumptuous		/ˈsəmptʃuəs/	형용사	
unlicensed	면허없는 | 방종한	/ənˈɫaɪsənst/	형용사	
high-rise			명사	Avenues lined with high-rise apartment buildings
volley	연발하다 | 발리로 되치다 | 빗발치듯하는 탄환	/ˈvɑɫi/	명사	Volley the tennis ball
grounding	좌초 | 비행금지 | 기초 공사	/ˈɡɹaʊndɪŋ/	명사	A good grounding in mathematics
reclaimed	간척지	/ɹiˈkɫeɪmd/	형용사	The people reclaimed the marshes
macedonia	마케도니아 | 마케도니아 지방의	/ˌmækəˈdoʊniə/	명사	
ajar	조금열려	/əˈdʒɑɹ/	형용사	The door was ajar
drawbridge	도개교	/ˈdɹɔˌbɹɪdʒ/	명사	
brahmin		/ˈbɹɑmɪn/	명사	
writhing		/ˈɹaɪðɪŋ/	형용사	
pisces	쌍어궁 | 물고기자리	/ˈpaɪsiz/	명사	
refueling		/ɹifˈjuəɫɪŋ/	명사	
nonviolent	비폭력의	/nɑnˈvaɪəɫənt/	형용사	
saratoga		/ˌsɛɹəˈtoʊɡə/	명사	
hieroglyphic	비밀문자	/ˌhaɪɹoʊˈɡɫɪfɪk/	명사	
magi	마기 승족	/ˈmeɪdʒaɪ/	명사	
tentative	시험삼아 하는	/ˈtɛnətɪv/	형용사	Just a tentative schedule
ml			명사	
reprisal	앙 갚음 | 보복적 포획 | 보복	/ɹiˈpɹaɪzəɫ/	명사	
dividend	피제수 | 배당금	/ˈdɪvɪˌdɛnd/	명사	
he-man			명사	
subliminal	잠재의식	/səˈbɫɪmɪnəɫ/	형용사	
disapproval	난색 | 불찬성	/dɪsəˈpɹuvəɫ/	명사	
oahu		/ˌoʊˈɑhu/	명사	
ebb	부침 | 성쇠 | 쇠퇴	/ˈɛb/	동사	The tides ebbed at noon
sidebar	보조적인 | 부차적인 | 시간제의	/ˈsaɪdˌbɑɹ/	명사	
eclair	에클레어		명사	
iffy		/ˈɪfi/	형용사	An iffy proposition
reminiscent	추억에 잠기는 | 회고의	/ˌɹɛməˈnɪsənt/	형용사	
unveiled		/ənˈveɪɫd/	형용사	A new generation of unveiled women in Iran
choral	합창곡	/ˈkɔɹəɫ/	명사	Choral ensemble
patter	재게 재잘거림	/ˈpætɝ/	명사	The patter of mice
gallivant	건들건들 놀러다니다		동사	
bosh		/ˈbɑʃ/	명사	
matchbox	성냥갑	/ˈmætʃˌbɑks/	명사	
probate	검인하다	/ˈpɹoʊˌbeɪt/	명사	
low-down			명사	A low-down sneak
dissected		/daɪˈsɛktəd/	형용사	
scaled	껍질이 벗겨진	/ˈskeɪɫd/	형용사	We scaled the Mont Blanc
gallbladder	담낭 | 쓸개	/ˈɡɔɫˌbɫædɝ/	명사	
vapour			명사	
dismantling		/ˌdɪsˈmæntɫɪŋ/	명사	Russia and the United States discussed the dismantling of their nuclear weapons
fuckhead			명사	
snide	가짜의	/ˈsnaɪd/	형용사	Makes many a sharp comparison but never a mean or snide one
cropped		/ˈkɹɑpt/	형용사	She wanted her hair cropped short
het			형용사	He was all het up and sweaty
sikh	시크교도의	/ˈsik/	명사	
roadkill			명사	Vultures usually feed on carrion or roadkill
kant		/ˈkænt/	명사	
restlessness		/ˈɹɛstɫəsnəs/	명사	The restlessness of the wind
telecom	전기 통신	/ˈtɛɫəkɑm/	명사	
conch	소라 | 소라류 | 반원형 지붕	/ˈkɑntʃ/	명사	
inescapable	면할수 없는 | 피할수 없는	/ˌɪnɪˈskeɪpəbəɫ/	형용사	Inescapable conclusion
diluted		/daɪˈɫutəd/	형용사	Diluted alcohol
orangutan	성성이 | 오랑우탄	/ɔˈɹæŋətæn/	명사	
single-handed		/ˈsɪŋɡəɫˈhændɪd/	형용사	A single-handed accomplishment
progeny	자손	/ˈpɹɑdʒəni/	명사	
busybody			명사	
dreyfus		/ˈdɹaɪfəs/	명사	
beheading	참수	/bɪˈhɛdɪŋ/	명사	
annapolis		/əˈnæpəɫɪs/	명사	
chatterbox	수다스런 아이 | 수다쟁이		명사	
annually		/ˈænjuəɫi/	부사	They travel to China annually
heart-to-heart			명사	A heart-to-heart talk
glossy	광택이 나는 | 반드러운	/ˈɡɫɔsi/	형용사	A glossy TV series
jeweller	보석상 | 보석 세공인		명사	
medley	잡색천	/ˈmɛdɫi/	명사	
paraphernalia		/ˌpɛɹəfəˈneɪɫjə/	명사	
departmental	부분적 | 과의 | 국의	/dɪˌpɑɹtˈmɛnəɫ/	형용사	Departmental policy
belligerent	교전자 | 호전적 | 호전적인	/bəˈɫɪdʒɝənt/	형용사	A belligerent tone
fissure	금	/ˈfɪʃɝ/	명사	
puppeteer		/pəpəˈtiɹ/	명사	
orestes	오레스테스	/ɔˈɹɛstiz/	명사	
allotment	분배 | 할당 | 배정	/əˈɫɑtmənt/	명사	
gagarin		/ɡəˈɡæɹən/	명사	
djinn			명사	
cancun		/ˈkæŋkən/	명사	
fuselage	기체 | 동체	/ˈfjusəˌɫɑdʒ/	명사	
wembley		/ˈwɛmbɫi/	명사	
abuser		/əbˈjuzɝ/	명사	
propel	추진하다	/pɹəˈpɛɫ/	동사	Steam propels this ship
shortstop	유격수	/ˈʃɔɹtˌstɑp/	명사	
showman	흥행사	/ˈʃoʊmən/	명사	
transgression	범 | 침범	/tɹænzˈɡɹɛʃən/	명사	The boy was punished for the transgressions of his father
pensioner	연금수령자	/ˈpɛnʃənɝ/	명사	
brimming	넘쳐흐르는	/ˈbɹɪmɪŋ/	형용사	Eyes brimming with tears
soya	간장	/ˈsɔɪə/	명사	
windowsill	창턱 | 창빈침		명사	
methamphetamine	메담페타민	/ˌmɛθæmˈfɛtəmaɪn/	명사	
noun	명사 | 상당어구	/ˈnaʊn/	명사	
baguette		/ˌbæˈɡɛt/	명사	
mediate	중개의	/ˈmidiˌeɪt/	동사	In a mediate position
ponderosa		/ˌpɑndɝˈoʊsə/	명사	
bedridden	누워만 있는	/ˈbɛˌdɹɪdən/	형용사	
imperialist	제국주의자 | 황제지지자 | 대영 제국주의자	/ˌɪmˈpɪɹiəɫɪst/	명사	
behest		/bɪˈhɛst/	명사	
squalor	너더분함	/ˈskwɑɫɝ/	명사	
canaries		/kəˈnɛɹiz/	명사	
arraign	문책하다 | 소환하다	/ɝˈeɪn/	동사	
endangerment		/ɛnˈdeɪndʒɝmənt/	명사	
messaging		/ˈmɛsɪdʒɪŋ/	명사	There is no messaging service at this company
tethered		/ˈtɛðɝd/	형용사	
thrifty	무성하는 | 알뜰하다 | 알뜰한	/ˈθɹɪfti/	형용사	
third-rate			형용사	
backwoods	오지	/ˈbæˈkwʊdz/	명사	
formulate	공식화하다 | 공식으로 나타내다	/ˈfɔɹmjəˌɫeɪt/	동사	He formulated his concerns to the board of trustees
lovell		/ˈɫəvəɫ/	명사	
uncooperative		/ənkoʊˈɑpɝətɪv/	형용사	An uncooperative witness
craved		/ˈkɹeɪvd/	형용사	The child could no longer resist taking one of the craved cookies
thankless	은혜를 모르는	/ˈθæŋkɫəs/	형용사	Grading papers is a thankless task
snazzy		/ˈsnæzi/	형용사	A snazzy outfit
refrigeration	냉동 | 냉장 | 냉각	/ɹɪˌfɹɪdʒɝˈeɪʃən/	명사	Refrigeration by immersing the patient's body in a cold bath
inert	원만하다 | 자동력이 없는	/ˌɪˈnɝt/	형용사	She was fat and inert
gamekeeper		/ˈɡeɪmˌkipɝ/	명사	
skirmish	작은 충돌	/ˈskɝmɪʃ/	명사	
deep-fried			형용사	
ela		/ˈɛɫə/	명사	
ganesha			명사	
manservant	하인		명사	
verdun		/ˈvɝdən/	명사	
intermediate	중개하다 | 중형차 | 중간에 일어나는	/ˌɪnɝˈmidiɪt/	형용사	Intermediate capacity
palpitation	가슴이 두근거림 | 동계	/ˌpæɫpəˈteɪʃən/	명사	
vivaldi		/vɪˈvɑɫdi/	명사	
polarity	극성 | 양극성	/poʊˈɫɛɹəti/	명사	He got the polarity of the battery reversed
fine-looking			형용사	A fine-looking woman
smokescreen		/ˈsmoʊksˌkɹin/	명사	Requesting new powers of surveillance is just a smokescreen to hide their failures
skimmed		/ˈskɪmd/	형용사	She can drink skimmed milk but should avoid butter
unrecognizable		/ənˌɹɛkəɡˈnaɪzəbəɫ/	형용사	
overzealous		/ˌoʊvɝˈzɛɫəs/	형용사	
shekels		/ˈʃɛkəɫz/	명사	
biotech		/ˈbaɪoʊˌtɛk/	명사	
sterilized	살균한	/ˈstɛɹəˌɫaɪzd/	형용사	In some countries, people with genetically transmissible disabilites are sterilized
pressurize		/ˈpɹɛʃɝˌaɪz/	동사	Pressurize a space suit
scattering	분산	/ˈskætɝɪŋ/	명사	The first scatterings of green
ziegler		/ˈziɡɫɝ/	명사	
consoling		/kənˈsoʊɫɪŋ/	형용사	
petticoat	페티코트 | 여자어린이의 속치마	/ˈpɛtiˌkoʊt/	명사	
harrowing	마음 아픈	/ˈhɛɹoʊɪŋ/	형용사	
tearful	눈물 어린	/ˈtɪɹfəɫ/	형용사	Tearful entreaties
cleft	쪼개진 | 쪼개진 조각	/ˈkɫɛft/	명사	
bream	잉어과의담수어	/ˈbɹim/	명사	
justifiable		/ˈdʒəstəˌfaɪəbəɫ/	형용사	
frowning		/ˈfɹaʊnɪŋ/	형용사	
potomac		/pəˈtoʊmək/	명사	
fiendish	마성의 | 공력이 드는 | 매우 어려운	/ˈfindɪʃ/	형용사	A fiendish despot
notwithstanding	할지라도 | 그런데도 불구하고 | 에도 불구하고	/ˌnɑtwɪθˈstændɪŋ/	부사	
redskin		/ˈɹɛdˌskɪn/	명사	
voyeur	관음자	/ˌvɔɪˈjuɹ/	명사	
abilene		/ˈæbɪˌɫin/	명사	
mincemeat		/ˈmɪnsˌmit/	명사	
out-of-town			형용사	An out-of-town tryout
prosthetics	보철술	/pɹɑsˈθɛtɪks/	명사	
second-class			형용사	A second-class citizen
hershey		/ˈhɝʃi/	명사	
decrepit	노쇠한	/dəˈkɹɛpɪt/	형용사	A decrepit bus...its seats held together with friction tape
eventful	다사한 | 사건많은 | 다사다난	/iˈvɛntfəɫ/	형용사	An eventful decision
skinheads		/ˈskɪnˌhɛdz/	명사	
oomph		/ˈumf/	명사	
multiplication	상승 | 곱절	/ˌməɫtəpɫəˈkeɪʃən/	명사	The multiplication of four by three gives twelve
phlox	플록스		명사	
thirty-seven			형용사	
horned	뿔이 있는	/ˈhɔɹnd/	형용사	Great horned owl
matchmaking	결혼 중매 | 대진표 짜기	/ˈmætʃˌmeɪkɪŋ/	명사	
soma		/ˈsoʊmɑ/	명사	
barmy	누룩든 | 발효하는		형용사	
stockpile	비축 | 비축하다 | 사재기	/ˈstɑkˌpaɪɫ/	명사	
meme		/ˈmim/	명사	Memes are the cultural counterpart of genes
hazelnut	개암	/ˈheɪzəɫˌnət/	명사	
saturation	침윤	/ˌsætʃɝˈeɪʃən/	명사	The saturation of cotton with ether
ley		/ˈɫeɪ/	명사	
sinkhole	팬 땅	/ˈsɪŋkˌhoʊɫ/	명사	
greenwood		/ˈɡɹinˌwʊd/	명사	The greenwood was Robin Hood's home
inertia	관성 | 완만 | 타성	/ˌɪˈnɝʃə/	명사	He had to overcome his inertia and get back to work
impossibly	어처구니 없이	/ˌɪmˈpɑsəbɫi/	부사	Impossibly far from sources of supply
westward	서방에	/ˈwɛstwɝd/	부사	They traveled westward toward the setting sun
geriatric	고연령의 | 노인병의	/ˌdʒɛɹiˈætɹɪk/	형용사	Geriatric disorder
honorably	명예롭게	/ˈɑnɝəbɫi/	부사	He acted honorably
lope		/ˈɫoʊp/	명사	
hypertension	고혈압	/ˌhaɪpɝˈtɛnʃən/	명사	
puritan	청교도	/ˈpjʊɹətən/	명사	
entropy	엔트로피	/ˈɛntɹəpi/	명사	
baring		/ˈbɛɹɪŋ/	명사	
petter		/ˈpɛtɝ/	명사	They are heavy petters
conditional	조건부의	/kənˈdɪʃənəɫ/	형용사	Lent conditional support
foreseeable		/fɔɹˈsiəbəɫ/	형용사	Foreseeable costs were well within the budget
vandalize		/ˈvændəˌɫaɪz/	동사	Vandalize the park
flatulence	고창		명사	
rusk		/ˈɹəsk/	명사	
designation	명시 | 임명 | 지정	/ˌdɛzəɡˈneɪʃən/	명사	
captivating	매혹적인	/ˈkæptɪˌveɪtɪŋ/	형용사	Roosevelt was a captivating speaker
extravagance	호사 | 터무니 없음	/ɛkˈstɹævəɡəns/	명사	We were surprised by the extravagance of his description
sphincter	괄약근	/ˈsfɪŋktɝ/	명사	
gsr			명사	
pastoral	목회	/ˈpæstɝəɫ/	명사	A pastoral letter
proverbs		/ˈpɹɑvɝbz/	명사	
bade		/ˈbeɪd/	명사	
shoebox		/ˈʃoʊbɑks/	명사	
responsibly	확실하게 | 책임지고	/ɹɪˈspɑnsəbɫi/	부사	We must act responsibly
sigurd	시구르트	/ˈsɪɡɝd/	명사	
oncoming		/ˈɔnˌkəmɪŋ/	형용사	
trafalgar		/tɹəˈfæɫɡɝ/	명사	
proficient	능수	/pɹɑˈfɪʃənt/	형용사	A proficient engineer
klondike	클론다이크	/ˈkɫɑnˌdaɪk/	명사	
sty	다래끼	/ˈstaɪ/	명사	
gallantry	연애관계 | 여성에게 친천함 | 용감	/ˈɡæɫəntɹi/	명사	
forfeited		/ˈfɔɹfɪtɪd/	형용사	Forfeited property
absolved		/æbˈzɑɫvd/	형용사	Is absolved from all blame
advantageous		/ˌædvənˈteɪdʒəs/	형용사	A contract advantageous to our country
biochemical	생화학적	/ˌbaɪoʊˈkɛməkəɫ/	형용사	
contraception	피임	/ˌkɑntɹəˈsɛpʃən/	명사	
winkle	뽑아 내다	/ˈwɪŋkəɫ/	동사	
crayfish	대하 | 가재살 | 왕새우	/ˈkɹeɪfɪʃ/	명사	
accumulation	누적 | 산적 | 집적	/əkˌjumjəˈɫeɪʃən/	명사	
converter	변환로 | 전로 | 컨버터	/kənˈvɝtɝ/	명사	
swinger		/ˈswɪŋɝ/	명사	
ivanov		/ˈɪvənɑv/	명사	
institutional	시설의 | 제도적인 | 성직 수임의	/ˌɪnstɪˈtuʃənəɫ/	형용사	Institutional policy
changeling			명사	
sd			명사	
romulus	로물루스	/ˈɹɑmjəɫəs/	명사	
malayalam			명사	
peacemaker	중재인 | 조정자	/ˈpisˌmeɪkɝ/	명사	
universally	전칭적으로 | 도처에 | 도처	/ˌjunəˈvɝsəɫi/	부사	People universally agree on this
ladylike	우아한	/ˈɫeɪdiˌɫaɪk/	형용사	Ladylike manners
loveable			형용사	
ea	교육 연령		명사	
pentagram			명사	
familial	가족성의 | 가족 특유의	/fəˈmɪɫjəɫ/	형용사	Familial traits
transistor	트랜지스터	/tɹænˈzɪstɝ/	명사	
sensibly	분별 있게 | 지각 있게 | 느끼기 쉽게	/ˈsɛnsəbɫi/	부사	He acted sensibly in the crisis
spandex	스판덱스	/ˈspændəks/	명사	
sinker	추 | 조각하는사람 | 가라앉는 것	/ˈsɪŋkɝ/	명사	
decompose		/ˌdikəmˈpoʊz/	동사	The bodies decomposed in the heat
informally	비공식으로	/ˌɪnˈfɔɹməɫi/	부사	He visited us informally
trollop			명사	
pandemonium	복마전 | 수라장 | 만마당	/ˌpændɪˈmoʊniəm/	명사	
marconi		/mɑɹˈkoʊni/	명사	
telltale	고자질하는 | 경렴 | 지수기	/ˈtɛɫˌteɪɫ/	형용사	A telltale panel of lights
guggenheim		/ˈɡuɡənˌhaɪm/	명사	
detrimental	유해하다	/ˌdɛtɹəˈmɛnəɫ/	형용사	
jogger	조깅하는 사람	/ˈdʒɑɡɝ/	명사	
overdressed			형용사	
heavy-duty			형용사	Heavy-duty gloves
tanzania		/ˌtænˈzeɪnjə/	명사	
paratrooper	낙하산병	/ˈpɛɹəˌtɹupɝ/	명사	
escalade		/ˌɛskəˈɫɑd/	명사	They had to escalade canyons to reach their destination
manipulator	조종하는 사람	/məˈnɪpjəˌɫeɪtɝ/	명사	
dustbin		/ˈdəstbɪn/	명사	
kindling	불쏘기개	/ˈkɪndɫɪŋ/	명사	
toulon			명사	
undocumented		/ənˈdɑkjəmɛnɪd/	형용사	Undocumented aliens
hypnotist		/ˈhɪpnətɪst/	명사	
inappropriately		/ˌɪnəˈpɹɑpɹiətɫi/	부사	He was inappropriately dressed
certify	인증하다	/ˈsɝtəˌfaɪ/	동사	
thorny		/ˈθɔɹni/	형용사	The thorny question of states' rights
colosseum	콜롯세움	/ˌkɑɫəˈsiəm/	명사	
electrocution	감전사 | 전기 상형	/ˌɪˌɫɛktɹəkˈjuʃən/	명사	
compatibility	호환성 | 양립성 | 적합성	/kəmˌpætəˈbɪɫəˌti/	명사	
seething	들끓는 | 용솟음치는 | 비등하는소용돌이치는	/ˈsiðɪŋ/	형용사	A seething liquid
herschel	허셜	/ˈhɝʃəɫ/	명사	
infertile	메마른	/ˌɪnˈfɝtəɫ/	형용사	An infertile couple
hundredth	백번째의 | 제 백의 | 백분의 일	/ˈhəndɹədθ/	명사	
crone	쪼그랑 할멈	/ˈkɹoʊn/	명사	
nantucket		/nænˈtəkɪt/	명사	
profanity	모독 | 불경	/pɹoʊˈfænəti/	명사	
flan		/ˈfɫæn/	명사	
pickett		/ˈpɪkɪt/	명사	
narrowly	좁게 | 편협하게 | 엄밀히	/ˈnɛɹoʊɫi/	부사	He interprets the law narrowly
harpy	탐욕스러운 사람		명사	
refine	정제하다 | 순수해지다 | 보다 뛰어나다	/ɹəˈfaɪn/	동사	Refine pig iron
rushmore	러시모어산	/ˈɹəʃmɔɹ/	명사	
boyhood	소년기 | 소년사회	/ˈbɔɪˌhʊd/	명사	
implosion	내파 | 진공관의 내파	/ˌɪmˈpɫoʊʒən/	명사	The implosion of a light bulb
ethically		/ˈɛθɪkəɫi/	부사	He behaved ethically
oni			명사	
bylaw		/ˈbaɪˌɫɔ/	명사	
corinthian	고린도서 | 코린트의 | 코린트사람	/kɝˈɪnθiən/	명사	
parakeet		/ˈpɛɹəˌkit/	명사	
guppy		/ˈɡəpi/	명사	
pandemic		/pænˈdɛmɪk/	형용사	Pandemic fear of nuclear war
keynote	으뜸음 | 주조음 | 기조	/ˈkiˌnoʊt/	명사	Comfort keynotes this designer's Fall collection
characterize	특색이 되다	/ˈkɛɹəktɝˌaɪz/	동사	What characterizes a Venetian painting?
requiem	안식 | 평안 | 레퀴엠	/ˈɹɛkwiəm/	명사	
ragtime	래그타임	/ˈɹæɡˌtaɪm/	명사	
biddy	암탉	/ˈbɪdi/	명사	
terminus	흉상주 | 종착역 | 기점	/ˈtɝmɪnəs/	명사	
barrio		/ˈbɑɹioʊ/	명사	
boleyn		/boʊˈɫɪn/	명사	
placid		/ˈpɫæsəd/	형용사	Not everyone shared his placid temperament
clio	클레이오	/ˈkɫioʊ/	명사	
nymphomaniac	색정증 환자 | 색정증의 여자	/ˌnɪmfoʊˈmeɪniˌæk/	명사	
excommunicate	제명하다 | 파문하다	/ˌɛkskəmˈjunəˌkeɪt/	동사	The gay priest was excommunicated when he married his partner
lyra	리라 | 거문고 자리	/ˈɫaɪɹə/	명사	
hysterics		/ˌhɪsˈtɛɹɪks/	명사	
girlish	소녀의 | 소녀같은 | 소녀다운	/ˈɡɝɫɪʃ/	형용사	
misdeed	못된 짓	/ˈmɪsˈdid/	명사	
racquetball	라켓볼	/ˈɹækətˌbɔɫ/	명사	
amass	저축하다 | 거두어들다	/əˈmæs/	동사	She is amassing a lot of data for her thesis
motherly		/ˈməðɝɫi/	형용사	
vicarage	성직급		명사	
unchecked	억제되지 않는	/ənˈtʃɛkt/	형용사	An unchecked temper
turnpike	유료 도로	/ˈtɝnˌpaɪk/	명사	
eroded		/ɪˈɹoʊdəd/	형용사	Her confidence eroded
effeminate	여자같은 | 연약하다	/iˈfɛmɪnət/	형용사	
extravaganza	광태 | 광상적작품	/ɛkˌstɹævəˈɡænzə/	명사	
optimum	최적조건	/ˈɑptəməm/	형용사	An optimum return on capital
gad	나다니다 | 창끝 | 당치도 않다	/ˈɡæd/	명사	
tet		/ˈtɛt/	명사	
substation	지서 | 출장소	/ˈsəbˌsteɪʃən/	명사	
topaz	황옥	/ˈtoʊˌpæz/	명사	
depiction		/dɪˈpɪkʃən/	명사	
agrippina			명사	
dimaggio		/dɪˈmædʒiˌoʊ/	명사	
pediatrics	소아과	/ˌpidiˈætɹɪks/	명사	
colic	산통 | 결장의 | 산통의		명사	
implementation	실행 | 이행	/ˌɪmpɫəmɛnˈteɪʃən/	명사	The agency was created for the implementation of the policy
gobi		/ˈɡoʊbi/	명사	
dwindling		/ˈdwɪndəɫɪŋ/	형용사	There is no greater sadness that the dwindling away of a family
ptolemy	지리학자	/ˈtɑɫəmi/	명사	
omnipotent	전능의 | 전능의 신 | 무소불위	/ɑmˈnɪpətənt/	형용사	
gelatin	강풀 | 젤라틴	/ˈdʒɛɫətən/	명사	
nought	조금도 않다		명사	
localized	지방적인	/ˈɫoʊkəˌɫaɪzd/	형용사	We localized the source of the infection
leery	의심이 많은	/ˈɫɪɹi/	형용사	
skittish	변덕스러운 | 수줍어 하다	/ˈskɪtɪʃ/	형용사	
collie	콜리	/ˈkɑɫi/	명사	
xiv			명사	
sulfuric		/səɫˈfjʊɹɪk/	형용사	
marten	담비	/ˈmɑɹtən/	명사	
trawler	트롤 어부	/ˈtɹɔɫɝ/	명사	
apprise		/əˈpɹaɪz/	동사	Have the students been apprised of the tuition hike?
christendom	기독교계 | 기독교국 | 전기독교도	/ˈkɹɪsəndəm/	명사	For a thousand years the Roman Catholic Church was the principal church of Christendom
guidebook	길잡이 | 편람 | 안내서	/ˈɡaɪdˌbʊk/	명사	
prophetic	경고의 | 예언의	/pɹəˈfɛtɪk/	형용사	Prophetic powers
offhand	아무렇게나 | 즉석에서 | 되는 대로	/ˈɔfˈhænd/	형용사	Offhand excuses
jeffers		/ˈdʒɛfɝz/	명사	
weathered		/ˈwɛðɝd/	형용사	A weathered old hut
forties		/ˈfɔɹtiz/	명사	
cohn		/ˈkoʊn/	명사	
hydrate	수화물	/ˈhaɪˌdɹeɪt/	동사	Hydrate your skin
ativan			명사	
uncontrolled	자유로운 | 억제되지 않은	/ˌənkənˈtɹoʊɫd/	형용사	Uncontrolled growth
ceres	케레스	/ˈsɪɹiz/	명사	
boozer	술꾼	/ˈbuzɝ/	명사	
flounder	갈팡대다 | 넙치류 | 버둥거림	/ˈfɫaʊndɝ/	동사	She is floundering in college
real-time	실시간의	/ˈɹiɫˌtaɪm/	형용사	
breton	브르타뉴	/ˈbɹɛtən/	명사	
menial		/ˈminiəɫ/	형용사	
grassland	목초지	/ˈɡɹæsˌɫænd/	명사	
bode	조짐이되다	/ˈboʊd/	동사	These signs bode bad news
crucible	도가니	/ˈkɹusəbəɫ/	명사	
mixed-up			형용사	Just a mixed-up kid
pruning	전정 | 가지치기	/ˈpɹunɪŋ/	명사	
full-fledged			형용사	A full-fledged lawyer
overestimate	과대평가 | 과대 평가하다	/ˌoʊvɝˈɛstəˌmeɪt/	동사	He overestimated his own powers
drywall		/ˈdɹaɪˌwɑɫ/	명사	
foolhardy	무모한 | 소견머리 없는.	/ˈfuɫˌhɑɹdi/	형용사	Foolhardy enough to try to seize the gun from the hijacker
brownstone		/ˈbɹaʊnˌstoʊn/	명사	
basra		/ˈbɑsɹɑ/	명사	
bilateral	쌍무적인 | 양자간 | 양측이 있는	/baɪˈɫætɝəɫ/	형용사	A bilateral agreement between the United States and Japan
aggressor	침략자 | 가해자	/əˈɡɹɛsɝ/	명사	
uppercut	어퍼켓		명사	
anorexic	식욕 부진의	/ˌænɝˈɛksɪk/	명사	
slouch	수그리다 | 구부정하게 서다	/ˈsɫaʊtʃ/	명사	He's no slouch when it comes to baseball
lunge	차다 | 불쑥 내밀다	/ˈɫəndʒ/	동사	
callback	제품회수	/ˈkɔɫˌbæk/	명사	
sifting		/ˈsɪftɪŋ/	명사	
squarely	네모지게 | 직각으로 | 거리낌없이	/ˈskwɛɹɫi/	부사	Hit the ball squarely
fragmented		/ˈfɹæɡmənɪd/	형용사	The plate fragmented
parley	상의	/ˈpɑɹɫi/	명사	
catatonic		/ˌkætəˈtɑnɪk/	형용사	
yuppie		/ˈjəpi/	명사	
unprovoked		/ˌənpɹəˈvoʊkt/	형용사	Unprovoked and dastardly attack
effortless	힘들지 않는 | 노력하지 않는	/ˈɛfɝtɫəs/	형용사	The swallows glided in an effortless way through the busy air
resounding	메아리치는 | 널리 알려진 | 울려퍼지는	/ɹiˈsaʊndɪŋ/	형용사	
cymbal	심벌즈 | 심벌즈 연주자	/ˈsɪmbəɫ/	명사	
narcissism	자기애 | 자기도취 | 자애	/ˈnɑɹsɪˌsɪzəm/	명사	
reciprocate	답례하다 | 주고 받다 | 보복하다	/ɹɪˈsɪpɹəˌkeɪt/	동사	The engine reciprocates the propeller
seminal	배자의 | 발전성이 있는	/ˈsɛmənəɫ/	형용사	Seminal ideas of one discipline can influence the growth of another
knotted	귀찮아! | 꺼져! | 듣기 싫다!	/ˈnɑtɪd/	형용사	She knotted her fingers
yucky	몹시 싫은	/ˈjəki/	형용사	
carpeting	마루깔개감 | 양탄자재료	/ˈkɑɹpətɪŋ/	명사	
styrofoam	스티로폼	/ˈstaɪɹəˌfoʊm/	명사	
precautionary		/pɹɪˈkɔʃənɛɹi/	형용사	Gave precautionary advice
coursing		/ˈkɔɹsɪŋ/	명사	Ships coursing the Atlantic
neurosis	신경증 | 노이로제	/nʊˈɹoʊsəs/	명사	
skint			형용사	`skint' is a British slang term
dolt			명사	
fervent	열성적 | 열렬한	/ˈfɝvənt/	형용사	A fervent admirer
wonky			형용사	The bridge still stands though one of the arches is wonky
variance	틀려 | 이간하다 | 상위	/ˈvɛɹiəns/	명사	A zoning variance
jeffersonian		/ˌdʒɛfɝˈsoʊniən/	형용사	Jeffersonian democracy
skittles	구주회	/ˈskɪtəɫz/	명사	
alienate	이간하다 | 멀리 하다 | 소원하게 하다	/ˈeɪɫjəˌneɪt/	동사	The boring work alienated his employees
yielding	하라는대로 | 구부러지기 쉬운 | 순종하는	/ˈjiɫdɪŋ/	형용사	A timid yielding person
empower		/ɪmˈpaʊɝ/	동사	
borscht		/ˈbɔɹʃt/	명사	
cha-cha-cha			명사	
limber	유연하다	/ˈɫɪmbɝ/	형용사	Limber a cannon
alerting		/əˈɫɝtɪŋ/	명사	Alerting was indicated by the desynchronization of the EEG
smooching	애무		명사	
teensy		/ˈtinsi/	형용사	
snowmobile	설상차	/ˈsnoʊmoʊˌbiɫ/	명사	
sonnet	소네트	/ˈsɑnɪt/	명사	
bicker	반짝거림 | 후드득거림-말다툼하다 | 후드득 떨어지다	/ˈbɪkɝ/	동사	
quaker	퀘이커교도 | 여자 퀘이커교도 | 퀘이커교도의 교의	/ˈkweɪkɝ/	명사	
celt	돌도끼 | 켈트사람	/ˈkɛɫt/	명사	
beeswax	밀랍		명사	Chris beeswaxed the kitchen table
wile	간계	/ˈwaɪɫ/	명사	
overview	개관	/ˈoʊvɝvˌju/	명사	The treasurer gave a brief overview of the financial consequences
topeka	토피카	/təˈpikɑ/	명사	
schooner	스쿠너 | 큰 맥주잔	/ˈskunɝ/	명사	
gluttony	대식	/ˈɡɫətəni/	명사	
shetland		/ˈʃɛtɫənd/	명사	
timbuktu	팀북투 | 원격지	/ˌtɪmbəkˈtu/	명사	
igloo		/ˈɪɡɫu/	명사	
brine	소금물	/ˈbɹaɪn/	명사	
hallucinate		/həˈɫusəneɪt/	동사	
quinine	키니네 | 금계랍	/ˈkwaɪˌnaɪn/	명사	
avoidance	도피 | 회피	/əˈvɔɪdəns/	명사	
mica	운모 | 돌비늘	/ˈmaɪkə/	명사	
sombre			형용사	
spacing	간격을 두기 | 행간	/ˈspeɪsɪŋ/	명사	Some women do not control the spacing of their children
sturgeon	철갑 상어	/ˈstɝdʒən/	명사	
peony	작약	/ˈpiəni/	명사	
augur	복점관 | 예언자 | 점치다	/ˈɔɡɝ/	동사	
redeeming		/ɹɪˈdimɪŋ/	형용사	Redemptive (or redeeming) love
dastardly	겁약한 | 못난	/ˈdæstɝdɫi/	형용사	The unprovoked and dastardly attack by Japan on...December 7th
ejaculation		/iˌdʒækjuˈɫeɪʃən/	명사	
untamed	길들이지 않은 | 억제되지 않은		형용사	
streep		/ˈstɹip/	명사	
lind		/ˈɫɪnd/	명사	
inhibitor	반응억제제 | 억제자	/ˌɪnˈhɪbətɝ/	명사	
tiramisu		/ˌtɪɹəˈmɪˌsu/	명사	
bough	큰가지	/ˈbaʊ/	명사	
dank	습기찬 | 축축하다	/ˈdæŋk/	형용사	Dank rain forests
underhanded	손이 모자라는	/ˈəndɝˈhændɪd/	형용사	
archeology		/ˌɑɹkiˈɑɫədʒi/	명사	
potency	유효성 | 잠재력 | 효능	/ˈpoʊtənsi/	명사	The toxin's potency
racy	난잡스런 | 도발적 | 팔팔하다	/ˈɹeɪsi/	형용사	A racy literary style
bedlam	큰소동 | 혼란	/ˈbɛdɫəm/	명사	
quell	진압하다	/ˈkwɛɫ/	동사	Quell my hunger
commuter	통근자의	/kəmˈjutɝ/	명사	
workmanship		/ˈwɝkmənˌʃɪp/	명사	
middleweight	미들급의 | 미들급 선수	/ˈmɪdəɫˌweɪt/	명사	
libra		/ˈɫibɹɑ/	명사	
lat	라트	/ˈɫæt/	명사	
dominick		/ˈdɑmənɪk/	명사	
minsk		/ˈmɪnsk/	명사	
horus		/ˈhɔɹəs/	명사	
evermore	영구히	/ˈɛvɝˌmɔɹ/	부사	Lead a blameless life evermore
literacy		/ˈɫɪtɝəsi/	명사	
decoding	복호화 | 디코딩	/dɪˈkoʊdɪŋ/	명사	
reelection	재선	/ɹiɪˈɫɛkʃən/	명사	He did not run for reelection
rowboat		/ˈɹoʊˌboʊt/	명사	
ritalin		/ˈɹɪtəɫɪn/	명사	
softie			명사	
obligatory		/əˈbɫɪɡəˌtɔɹi/	형용사	Attendance is obligatory
snatcher	유괴범인 | 시체 도둑	/ˈsnætʃɝ/	명사	A purse snatcher
fingering	운지법 | 운지기호	/ˈfɪŋɡɝɪŋ/	명사	
cirrhosis	경화	/sɝˈoʊsəs/	명사	
floater	찌 | 부척 | 뜨는 사람	/ˈfɫoʊtɝ/	명사	Floaters seem to drift through the field of vision
petunia	피튜니아	/pəˈtuniə/	명사	
prodigious		/pɹəˈdɪdʒəs/	형용사	A prodigious storm
libyan		/ˈɫɪˌbiən/	명사	The Libyan desert
tawdry		/ˈtɔdɹi/	형용사	Tawdry ornaments
boyish	소년의	/ˈbɔɪɪʃ/	형용사	
laurels	월계관	/ˈɫɔɹəɫz/	명사	
sugary	아첨의	/ˈʃʊɡɝi/	형용사	He eats too much sugary food
non-negotiable		/ˌnɑnəˈɡoʊʃəbəɫ/	형용사	
gardiner		/ˈɡɑɹdnɝ/	명사	
virility	사내다움 | 생식력 | 힘참	/vɝˈɪɫəti/	명사	
sclerosis	경화	/skɫɝˈoʊsəs/	명사	
crosshairs			명사	The war on terrorism has put Saddam Hussein in the crosshairs
omission	탈락 | 생략	/oʊˈmɪʃən/	명사	She searched the table for omissions
substitution	대용 | 대입 | 바꿔침	/ˌsəbstɪˈtuʃən/	명사	He sent Smith in for Jones but the substitution came too late to help
twinkie		/ˈtwɪŋki/	명사	
saba		/ˈsɑbə/	명사	
desecrated		/dɛsəˈkɹeɪtɪd/	형용사	Many desecrated shrines and cemeteries
merman		/ˈmɝˌmæn/	명사	
restructure	개조하다 | 재구성하다	/ɹiˈstɹəktʃɝ/	동사	After his accident, he had to restructure his life
outpatient	외 환자	/ˈaʊtˌpeɪʃənt/	명사	
fundamentalist		/ˌfəndəˈmɛnəɫɪst/	형용사	
blemish	점 | 손상하다 | 흠	/ˈbɫɛmɪʃ/	동사	A facial blemish
custodial	보관의 | 성보용기	/kəˈstoʊdiəɫ/	형용사	Daycare that is educational and not just custodial
thawed		/ˈθɔd/	형용사	The thawed ground was muddy
amiable	온화한 | 귀염성 있는 | 상냥한	/ˈeɪmiəbəɫ/	형용사	An amiable gathering
elitist	엘리트주의의 | 엘리트주의자 | 엘리트	/eɪˈɫitɪst/	명사	
baptised			형용사	
stagnant		/ˈstæɡnənt/	형용사	
simplistic		/sɪmˈpɫɪstɪk/	형용사	A simplistic theory of the universe
parasol	파라솔 | 양산		명사	
quibble	둔사 | 견강 부회 | 강변	/ˈkwɪbəɫ/	동사	Let's not quibble over pennies
dissolution	사멸 | 해약 | 해소	/ˌdɪsəˈɫuʃən/	명사	
princely	왕자같은 | 왕자답게 | 기품 높은	/ˈpɹɪnsɫi/	형용사	Princely manner
stonewall	돌담 | 신중히 타구하다	/ˈstoʊnˌwɔɫ/	동사	Nixon stonewalled the Watergate investigation
manifold	여러가지의	/ˈmænəˌfoʊɫd/	명사	Manifold reasons
bothersome	귀찮은 | 까다롭다 | 성가시다	/ˈbɑðɝsəm/	형용사	Aircraft noise is particularly bothersome near the airport
joust	마상 창시합	/ˈdʒaʊst/	명사	
yama			명사	
hume		/ˈhjum/	명사	
kinsman	남자 친척	/ˈkɪnzˌmæn/	명사	
looter	강탈자 | 약탈자	/ˈɫutɝ/	명사	
itty-bitty		/ˌɪtiˈbɪti/	형용사	
rafts		/ˈɹæfts/	명사	
athenian	아테네의	/əˈθiniən/	명사	
uninterrupted	끊임없는	/ˌənɪnɝˈəptɪd/	형용사	A convalescent needs uninterrupted sleep
delve		/ˈdɛɫv/	동사	
rouble		/ˈɹubəɫ/	명사	
miscalculate	오산하다	/mɪˈskæɫkjəˌɫeɪt/	동사	I miscalculated the number of guests at the wedding
sublet	하청 시키다 | 다시 빌려주다	/ˈsəˌbɫɛt/	명사	We sublet our apartment over the summer
good-natured	수더분		형용사	The sounds of good-natured play
drugging		/ˈdɹəɡɪŋ/	명사	
furiously		/ˈfjʊɹiəsɫi/	부사	The boys fought furiously
feeler	타진 | 떠보기 | 촉모	/ˈfiɫɝ/	명사	
sherbet	셔벗	/ˈʃɝbət/	명사	
taut	팽팽하게 친 | 탱탱하다	/ˈtɔt/	형용사	Her nerves were taut as the strings of a bow
gentile	이방인	/ˈdʒɛnˌtaɪɫ/	명사	Christians refer to themselves as gentiles
frenzied		/ˈfɹɛnzid/	형용사	A frenzied attack
pungent	마음을 찌르는 | 맵싸	/ˈpəndʒənt/	형용사	The pungent taste of radishes
pensive		/ˈpɛnsɪv/	형용사	
skeptic	회의론자	/ˈskɛptɪk/	명사	
distort	일그러뜨리다 | 비틀다 | 왜곡하다	/dɪˈstɔɹt/	동사	
veneration	숭상 | 숭배	/ˌvɛnɝˈeɪʃən/	명사	His respect for the law bordered on veneration
stingray	홍어		명사	
marzipan			명사	
frugal	알뜰한	/ˈfɹuɡəɫ/	형용사	A frugal farmer
claret	클라레 | 자홍색		명사	They were clareting until well past midnight
potted	병조림의 | 화분에 심은	/ˈpɑtɪd/	형용사	Potted geraniums
laid-back			형용사	
workroom	작업실	/ˈwɝˌkɹum/	명사	
flail	도리깨 | 도리깨질하다	/ˈfɫeɪɫ/	동사	Her arms were flailing
dais	상좌 | 은접실	/ˈdeɪz/	명사	
nincompoop	바보 멍청이	/ˈnɪŋkəmˌpup/	명사	
falsehood	허구	/ˈfæɫsˌhʊd/	명사	
cookery	취사장 | 조리실		명사	People are needed who have experience in cookery
rename	개명하다	/ɹiˈneɪm/	동사	He was renamed Minister of the Interior
merriment	즐거움 | 환락 | 웃고 즐기기		명사	
siddhartha	실달다	/sɪˈdɑɹˌtə/	명사	
oppressor	압제자 | 박해자	/əˈpɹɛsɝ/	명사	
valuation	사정가격	/væɫjuˈeɪʃən/	명사	He set a high valuation on friendship
bidet	비데		명사	
peekaboo	비치는 | 비치는 옷		명사	
ambiguity		/ˌæmbɪɡˈjuəti/	명사	
auburn	적갈색 | 적갈색의	/ˈɑbɝn/	형용사	
taillight	테일라이트 | 미등		명사	
incheon		/ˈɪntʃɔn/	명사	
guarantor	보증인	/ˌɡɛɹənˈtɔɹ/	명사	
sneer	비웃어 말하다	/ˈsnɪɹ/	동사	She sneered her contempt
misspell		/mɪˈspɛɫ/	동사	
rpm		/ˈɑɹˈpiˈɛm/	명사	
stratosphere	성층권	/ˈstɹætəsˌfɪɹ/	명사	
doj			명사	
vowel	모음	/ˈvaʊəɫ/	명사	
psychosomatic	심신의	/saɪˌkoʊsəˈmætɪk/	형용사	
aruba		/ɝˈubə/	명사	
mull	그르침 | 그르치다	/ˈməɫ/	동사	The Mull of Kintyre
entwine	휘감기다	/ɛntˈwaɪn/	동사	
primrose	앵초 | 앵초색 | 연노랑	/ˈpɹɪmˌɹoʊz/	명사	
grainger		/ˈɡɹeɪŋdʒɝ/	명사	
syllabus	대요 요목	/ˈsɪɫəbəs/	명사	
cultivation	수련 | 양성 | 양식	/ˌkəɫtɪˈveɪʃən/	명사	Her cultivation was remarkable
sartre		/ˈsɑɹtɹə/	명사	
apothecary	약종상	/əˈpɑθəˌkɛɹi/	명사	
astounded	몹시 놀라	/əˈstaʊndɪd/	형용사	Astounded viewers wept at the pictures from the Oklahoma City bombing
rainstorm	폭풍우	/ˈɹeɪnˌstɔɹm/	명사	
nuptials		/ˈnəptʃəɫz/	명사	
lyre	서정시 | 리라	/ˈɫaɪɹ/	명사	
dregs	앙금 | 지스러기	/ˈdɹɛɡz/	명사	
ejaculate		/ɪˈdʒækjuˌɫeɪt/	동사	
masonic	석공의 | 프리메이슨의 | 돌 세공의	/məˈsɑnɪk/	형용사	
anthill	개미집 | 개밋둑	/ˈæntˌhɪɫ/	명사	
embody	일체화하다 | 구체화하다 | 통합하다	/ɪmˈbɑdi/	동사	
retailer	말전주꾼 | 소매상인	/ˈɹiˌteɪɫɝ/	명사	
uncivilized	미개한 | 야만의	/ənˈsɪvəɫaɪzd/	형용사	Fighting is crude and uncivilized especially if the weapons are efficient
segregated	격리된	/ˈsɛɡɹəˌɡeɪtɪd/	형용사	A segregated neighborhood
bijou			명사	
funnily	우습고 재미있게 | 우스꽝스럽게		부사	
liposuction		/ˈɫaɪpoʊˌsəkʃən/	명사	
jaunty	유쾌한 | 젠체하는 | 뽐내는	/ˈdʒɔnti/	형용사	A jaunty red hat
quran			명사	
ano		/ˈænjoʊ/	명사	
skit	희문 | 익살극 | 풍자문	/ˈskɪt/	명사	
seneca	세니커족	/ˈsɛnəkə/	명사	
malevolent	악의 있는	/məˈɫɛvəɫənt/	형용사	Malevolent stars
hesse		/ˈhɛs/	명사	
backroom		/ˈbæˌkɹum/	명사	
husk	쓸데없는 외피	/ˈhəsk/	명사	
wormwood	다북쑥속의 식물	/ˈwɝmˌwʊd/	명사	
talcum	곱돌 | 활석	/ˈtæɫkəm/	명사	
patagonia	파타고니아	/ˌpætəˈɡoʊniə/	명사	
waning		/ˈweɪnɪŋ/	명사	The moon is waning
methodist	감리교도	/ˈmɛθədəst/	형용사	Methodist theology
sombrero	챙넓은 중절모	/sɑmˈbɹɛɹoʊ/	명사	
scampi	참새우		명사	
drawback	핸디캡 | 불이익 | 결점	/ˈdɹɔˌbæk/	명사	He pointed out all the drawbacks to my plan
windfall	횡재	/ˈwɪndˌfɔɫ/	명사	
befitting		/bɪˈfɪtɪŋ/	형용사	Behavior befitting a father
fistful		/ˈfɪstfəɫ/	명사	
auditory	귀의 | 청각의	/ˈɔdɪˌtɔɹi/	형용사	Auditory processing
magneto	자석 발전기		명사	
neurosurgery	신경외과학	/ˌnʊɹoʊˈsɝdʒɝi/	명사	
weightless	무중력의 | 무게가없는	/ˈweɪtɫəs/	형용사	Floating freely in a weightless condition
skillet	프라이팬	/ˈskɪɫət/	명사	
fjord	협만	/ˈfjɔɹd/	명사	
playroom		/ˈpɫeɪˌɹum/	명사	
materialistic	유물론적 | 유물론의	/məˌtɪɹiəˈɫɪstɪk/	형용사	
second-guess			동사	
flirtation	희롱 | 연애 유희 | 일시적 흥미	/fɫɝˈteɪʃən/	명사	
lecherous	음탕하다	/ˈɫɛtʃɝəs/	형용사	A lecherous gleam in his eye
epitaph		/ˈɛpəˌtæf/	명사	
filler	깔때기 | 단편영화 | 충전재	/ˈfɪɫɝ/	명사	
dogged		/ˈdɔɡd/	형용사	Dogged persistence
dietary		/ˈdaɪəˌtɛɹi/	형용사	Dietary restrictions
steeple	뾰족탑	/ˈstipəɫ/	명사	
logbook	여정기록 | 항해일지 | 항공 일지	/ˈɫɔɡˌbʊk/	명사	
madeira	마데이라 흰포도주	/məˈdɪɹə/	명사	
loader	로더 | 장전자 | 적하기	/ˈɫoʊdɝ/	명사	
affiliation	제휴 | 가맹	/əˌfɪɫiˈeɪʃən/	명사	A valuable financial affiliation
atrium	심방 | 고실 | 심이	/ˈeɪtɹiəm/	명사	
aforementioned	전재 | 전술한 | 상기	/əˈfɔɹˌmɛnʃənd/	형용사	Works of all the aforementioned authors
sousa		/ˈsuzə/	명사	
rubens		/ˈɹubənz/	명사	
singe	눌음 | 태워 그스르다 | 명성을 손상하다	/ˈsɪndʒ/	동사	I singed my eyebrows
ceramics	요업 | 도예 | 도자기류	/sɝˈæmɪks/	명사	
contrived	꾸며낸 | 부자연스러운	/kənˈtɹaɪvd/	형용사	Contrived coyness
richly	값지게 | 자양분있게	/ˈɹɪtʃɫi/	부사	We benefited richly
inclusive	포함하여 | 함께 넣어 | 함께 계산하여	/ˌɪnˈkɫusɪv/	형용사	An inclusive fee
ruffle	성냄 | 안달나다 | 주름깃	/ˈɹəfəɫ/	동사	Ruffle the curtain fabric
convergence	수렴현상 | 집중성 | 집폭	/kənˈvɝdʒəns/	명사	
pfc			명사	
comparatively	비교적 | 대비적	/kəmˈpɛɹətɪvɫi/	부사	
tattered	해진 옷	/ˈtætɝd/	형용사	The tattered flag
renewing		/ɹɪˈnuɪŋ/	형용사	The renewing warmth of the sunshine
lapel	접어젖힌 옷깃	/ɫəˈpɛɫ/	명사	
magellan	마젤란	/məˈdʒɛɫən/	명사	
mettle		/ˈmɛtəɫ/	명사	
brokerage	중개 | 중개 수수료 | 거간	/ˈbɹoʊkɝɪdʒ/	명사	
deep-sea			형용사	Deep-sea fishing
fifteenth		/fɪfˈtinθ/	형용사	
leek	부추	/ˈɫik/	명사	
intercede	중재하다	/ˌɪntɝˈsid/	동사	He interceded in the family dispute
oka		/ˈoʊkə/	명사	
begrudge	아까워하다 | 시기하다	/bɪˈɡɹədʒ/	동사	
cootie			명사	
conceptual	개념론 | 개념론자 | 개념의	/kənˈsɛptʃuəɫ/	형용사	Conceptual discussions
knocker	두들기는 사람		명사	Open the door and see who the knocker is
seeping		/ˈsipɪŋ/	형용사	
annals	연대기 | 연보 | 연감	/ˈænəɫz/	명사	
drumstick	북채	/ˈdɹəmstɪk/	명사	
dingy	그을은	/ˈdɪndʒi/	형용사	A dirty (or dingy) white
wrecker	건물 철거업자 | 레커차	/ˈɹɛkɝ/	명사	
conjuring		/ˈkɑndʒɝɪŋ/	명사	
germanic	게르만어 | 게르만족의	/dʒɝˈmænɪk/	형용사	Germanic mythology
deco		/ˈdɛkoʊ/	명사	
semblance	외관 | 겉꾸밈	/ˈsɛmbɫəns/	명사	He hoped his claims would have a semblance of authenticity
retinal		/ˈɹɛtənəɫ/	형용사	
metaphorical	은유적 | 은유의 | 은유적인	/ˌmɛtəˈfɔɹɪkəɫ/	형용사	A metaphorical expression
doppler		/ˈdɑpɫɝ/	명사	
underpay		/ˌəndɝˈpeɪ/	동사	
stealthy		/ˈstɛɫθi/	형용사	Stealthy footsteps
barnacle	따개비 | 조개삿갓 | 코집게	/ˈbɑɹnəkəɫ/	명사	
mirth	환락 | 명랑 | 유쾌	/ˈmɝθ/	명사	
sweatshop		/ˈswɛtˌʃɑp/	명사	
meanie	악역 | 독설가		명사	
squirting		/ˈskwɝtɪŋ/	형용사	
lather	비누거품 | 땀투성이가 되다	/ˈɫæðɝ/	명사	The shaving cream lathered
dreamland	꿈나라	/ˈdɹimˌɫænd/	명사	
agua		/ˈɑɡwə/	명사	
diminishing		/dɪˈmɪnɪʃɪŋ/	형용사	Diminishing returns
repress	억압하다 | 억합하다 | 억누르 다	/ɹiˈpɹɛs/	동사	
leafy	잎이 많은	/ˈɫifi/	형용사	Leafy vegetables
caricature	만화화 | 풍자만화 | 풍자하다	/ˈkɛɹəkətʃɝ/	동사	The drawing caricatured the President
calypso	칼립소	/kəˈɫɪpˌsoʊ/	명사	
shifter	장물아비 | 옮기는 사람	/ˈʃɪftɝ/	명사	
butterfield		/ˈbətɝfiɫd/	명사	
cocker	코커 | 투계사 | 투계 사육사	/ˈkɑkɝ/	명사	
fidget	마음졸이다	/ˈfɪdʒɪt/	동사	He's got the fidgets
unloved		/ənˈɫəvd/	형용사	
satsuma			명사	
steakhouse		/ˈsteɪkˌhaʊs/	명사	
groucho		/ˈɡɹaʊtʃoʊ/	명사	
agamemnon	미케네의 왕	/ˌæɡəˈmɛmˌnɑn/	명사	
lifeblood	활력소	/ˈɫaɪfˌbɫəd/	명사	Water is the lifeblood of India
strep		/ˈstɹɛp/	명사	
montez		/moʊnˈtɛz/	명사	
graded		/ˈɡɹeɪdəd/	형용사	
bonk	퉁 | 일격	/ˈbɑŋk/	동사	
elliptical		/ɪˈɫɪptɪkəɫ/	형용사	The explanation was concise, even elliptical to the verge of obscurity
gaunt	수척한 | 여윈	/ˈɡɔnt/	형용사	A nightmare population of gaunt men and skeletal boys
austerity	내핍 생활 | 엄격 | 엄숙	/ˌɔˈstɛɹɪti/	명사	
starlet		/ˈstɑɹɫət/	명사	
directional	지향적	/daɪˈɹɛkʃɪnəɫ/	형용사	A directional microphone
downpour	억수 | 호우	/ˈdaʊnpɔɹ/	명사	
subterfuge	속임수	/ˈsəbtɝfˌjudʒ/	명사	He wasn't sick--it was just a subterfuge
calibrated		/ˈkæɫəˌbɹeɪtəd/	형용사	A calibrated thermometer
distillery	증류소 | 증류수 제조장	/dɪˈstɪɫɝi/	명사	
recant	철회하다	/ɹiˈkænt/	동사	
portrayal		/pɔɹˈtɹeɪəɫ/	명사	
self-destruction	자멸	/ˈsɛɫfdɪˈstɹəkts/	명사	His insistence was pure self-destruction
xxx			명사	
printout	출력정보	/ˈpɹɪnˌtaʊt/	명사	
nationally	국가로서 | 국민으로서 | 거국 일치하여	/ˈnæʃənəɫi/	부사	Nationally advertised
brunswick	브라운 슈바이크	/ˈbɹənzwɪk/	명사	
prim	새침떠는 | 서양쥐똥나무 | 꼼꼼하게 하다	/ˈpɹɪm/	동사	They mince and prim
embodied		/ɪmˈbɑdid/	형용사	
endorphin		/ɛnˈdɔɹfɪn/	명사	
fugue	둔주곡 | 푸가 | 푸가로 작곡하다	/ˈfjuɡ/	명사	
beelzebub			명사	
fifty-five			형용사	
archipelago	군도 | 열도	/ˌɑɹkəˈpɛɫəˌɡoʊ/	명사	
sc			명사	
anon	얼마안있어	/ˌæˈnɔn/	부사	
trespasser	위법자 | 불법 침입자		명사	
galveston	갤버스턴	/ˈɡæɫvəstən/	명사	
thirty-one			형용사	
yangtze		/ˈjæŋktˈsi/	명사	
baritone	바리톤의 | 바리톤가수	/ˈbɛɹəˌtoʊn/	명사	A baritone voice
bronchitis	기관지염	/bɹɑŋˈkaɪtəs/	명사	
trappings	말 장식 | 장신구	/ˈtɹæpɪŋz/	명사	
high-pressure			형용사	A high-pressure salesman
nilsson		/ˈnɪɫsən/	명사	
fatherless	아버지가 없는	/ˈfɑðɝɫəs/	형용사	
transsexual	성불명자 | 성전환 | 성전환자	/tɹænˈsɛkʃjuəɫ/	명사	
mountainside	산허리	/ˈmaʊntənˌsaɪd/	명사	
gawain	왕의 조카	/ˈɡɑwən/	명사	
trite		/ˈtɹaɪt/	형용사	The trite metaphor `hard as nails'
crystalline	결정체 | 수정체 | 수정같은	/ˈkɹɪstəˌɫaɪn/	형용사	Granite is crystalline
browser		/ˈbɹaʊzɝ/	명사	
helplessly		/ˈhɛɫpɫəsɫi/	부사	The crowd watched him helplessly
precocious		/pɹiˈkoʊʃəs/	형용사	A precocious child
withering		/ˈwɪðɝɪŋ/	형용사	The guns opened a withering fire
palsy	마비 | 중풍 | 마비된	/ˈpɔɫzi/	명사	
trotsky		/ˈtɹɑtˌski/	명사	
acidity	산성 | 산도 | 신맛	/əˈsɪdəti/	명사	
coolness	참착 | 무뚝뚝함 | 냉담	/ˈkuɫnəs/	명사	He performed with all the coolness of a veteran
misgiving		/mɪsˈɡɪvɪŋ/	명사	
poppycock	어처구니 없는	/ˈpɑpiˌkɔk/	명사	
neel		/ˈniɫ/	명사	
greenery		/ˈɡɹinɝi/	명사	
biter	무는 사람 | 물어뜯는 짐승	/ˈbaɪtɝ/	명사	
fete	환대하다	/ˈfeɪt/	동사	
hypodermic	피하의 | 피하주사액	/ˌhaɪpəˈdɝmɪk/	명사	Hypodermic needle
broadcaster	방송자	/ˈbɹɔdˌkæstɝ/	명사	
winded		/ˈwaɪndɪd/	형용사	
unqualified	자격이 업는 | 적임이 아닌	/ənˈkwɑɫɪˌfaɪd/	형용사	An unqualified denial
bereft		/bɝˈɛft/	형용사	
skinny-dip			명사	
exertion	진력 | 발위 | 분발	/ɪɡˈzɝʃən/	명사	They managed only with great exertion
freshener		/ˈfɹɛʃənɝ/	명사	
waistcoat	조끼		명사	
mv			명사	
dependency	종속물 | 속령	/dɪˈpɛndənsi/	명사	
colonoscopy			명사	
phlegm	객담 | 가래 | 점액	/ˈfɫɛm/	명사	
visceral	비이성적인 | 도리를 모르는 | 감정적인	/ˈvɪsɝəɫ/	형용사	Visceral bleeding
washed-up	기진한 | 퇴짜맞은		형용사	
up-and-coming	신흥		형용사	
pauli		/ˈpɔˌɫi/	명사	
bigotry	고집불통 | 괴팍 | 완미	/ˈbɪɡətɹi/	명사	
snowfall	강설	/ˈsnoʊfɑɫ/	명사	
encased		/ɛnˈkeɪst/	형용사	My feet were encased in mud
